-- ASOIAF TV-only dataset — generated from audited datasets/*.json
PRAGMA foreign_keys = ON;
PRAGMA journal_mode = DELETE;
PRAGMA synchronous = FULL;
PRAGMA page_size = 4096;
PRAGMA auto_vacuum = NONE;
BEGIN IMMEDIATE;

CREATE TABLE metadata (
  key TEXT PRIMARY KEY,
  value TEXT NOT NULL
);

CREATE TABLE entities (
  entity_key TEXT PRIMARY KEY,
  id TEXT NOT NULL,
  type TEXT NOT NULL CHECK (type IN ('character', 'dragon', 'house')),
  name TEXT NOT NULL CHECK (length(trim(name)) > 0),
  description TEXT,
  status TEXT,
  verification TEXT,
  raw_json TEXT NOT NULL CHECK (json_valid(raw_json)),
  UNIQUE (type, id)
);
CREATE INDEX entities_type_name_idx ON entities(type, name COLLATE NOCASE);

CREATE TABLE characters (
  entity_key TEXT PRIMARY KEY REFERENCES entities(entity_key) ON DELETE CASCADE,
  gender TEXT,
  culture TEXT,
  born TEXT,
  died TEXT,
  actor_json TEXT NOT NULL CHECK (json_valid(actor_json)),
  titles_json TEXT NOT NULL CHECK (json_valid(titles_json)),
  era INTEGER
);

CREATE TABLE dragons (
  entity_key TEXT PRIMARY KEY REFERENCES entities(entity_key) ON DELETE CASCADE,
  color TEXT,
  era INTEGER
);

CREATE TABLE houses (
  entity_key TEXT PRIMARY KEY REFERENCES entities(entity_key) ON DELETE CASCADE,
  region TEXT,
  words TEXT,
  coat_of_arms TEXT,
  seats_json TEXT NOT NULL CHECK (json_valid(seats_json)),
  color TEXT
);

CREATE TABLE aliases (
  entity_key TEXT NOT NULL REFERENCES entities(entity_key) ON DELETE CASCADE,
  alias TEXT NOT NULL CHECK (length(trim(alias)) > 0),
  PRIMARY KEY (entity_key, alias)
);
CREATE INDEX aliases_name_idx ON aliases(alias COLLATE NOCASE);

CREATE TABLE appearances (
  id INTEGER PRIMARY KEY,
  entity_key TEXT NOT NULL REFERENCES entities(entity_key) ON DELETE CASCADE,
  show_id TEXT NOT NULL CHECK (show_id IN ('game-of-thrones', 'house-of-the-dragon', 'a-knight-of-the-seven-kingdoms')),
  presence_kind TEXT NOT NULL CHECK (length(trim(presence_kind)) > 0),
  first_reference TEXT,
  details_json TEXT NOT NULL CHECK (json_valid(details_json)),
  UNIQUE (entity_key, show_id)
);
CREATE INDEX appearances_entity_idx ON appearances(entity_key);
CREATE INDEX appearances_show_idx ON appearances(show_id);

CREATE TABLE relationships (
  source_key TEXT NOT NULL REFERENCES entities(entity_key) ON DELETE CASCADE,
  target_key TEXT NOT NULL REFERENCES entities(entity_key) ON DELETE CASCADE,
  relationship_type TEXT NOT NULL CHECK (relationship_type IN (
    'parent', 'child', 'spouse', 'father', 'mother', 'dragon_rider', 'allegiance',
    'rider', 'current_lord', 'heir', 'overlord', 'founder', 'cadet_branch', 'sworn_member'
  )),
  details_json TEXT NOT NULL CHECK (json_valid(details_json)),
  PRIMARY KEY (source_key, target_key, relationship_type)
);
CREATE INDEX relationships_target_idx ON relationships(target_key);

CREATE TABLE sources (
  id INTEGER PRIMARY KEY,
  entity_key TEXT NOT NULL REFERENCES entities(entity_key) ON DELETE CASCADE,
  label TEXT,
  url TEXT,
  provider TEXT,
  source_kind TEXT,
  accessed TEXT
);
CREATE INDEX sources_entity_idx ON sources(entity_key);

CREATE TABLE media (
  entity_key TEXT PRIMARY KEY REFERENCES entities(entity_key) ON DELETE CASCADE,
  local_path TEXT NOT NULL CHECK (length(trim(local_path)) > 0),
  provider TEXT,
  source_page TEXT,
  asset_url TEXT,
  media_kind TEXT,
  uncertain INTEGER NOT NULL CHECK (uncertain IN (0, 1)),
  metadata_json TEXT NOT NULL CHECK (json_valid(metadata_json))
);

CREATE VIRTUAL TABLE entities_fts USING fts5(
  entity_key UNINDEXED,
  name,
  aliases,
  type UNINDEXED,
  tokenize = 'unicode61 remove_diacritics 2'
);

INSERT INTO metadata (key, value) VALUES ('schema_version', '2');
INSERT INTO metadata (key, value) VALUES ('dataset_version', '1.0.0');
INSERT INTO metadata (key, value) VALUES ('generated_at', '2026-07-10T00:00:00.000Z');
INSERT INTO metadata (key, value) VALUES ('audit_version', '1');
INSERT INTO metadata (key, value) VALUES ('source_row_count', '2583');
INSERT INTO metadata (key, value) VALUES ('selected_shows', '["game-of-thrones","house-of-the-dragon","a-knight-of-the-seven-kingdoms"]');
INSERT INTO metadata (key, value) VALUES ('character_count', '274');
INSERT INTO metadata (key, value) VALUES ('dragon_count', '23');
INSERT INTO metadata (key, value) VALUES ('house_count', '45');
INSERT INTO entities (entity_key, id, type, name, description, status, verification, raw_json) VALUES ('character:aegon-i', 'aegon-i', 'character', 'Aegon I Targaryen', 'The Targaryen conqueror whose dream and conquest shape the dynasty remembered by the three series.', 'dead', 'single_source_curated', '{"id":"aegon-i","apiId":38,"name":"Aegon I Targaryen","canonicalName":"Aegon I","aliases":["Aegon the Conqueror","Aegon the Dragon","Aegon the Dragonlord"],"actor":[],"gender":"male","culture":null,"born":"27 BC, at Dragonstone","died":"37 AC, at Dragonstone","status":"dead","houses":["house-targaryen"],"titles":["King of All Westeros","Shield of His People","King of the Andals, the Rhoynar and the First Men","Lord of the Seven Kingdoms","Protector of the Realm","Lord of Dragonstone","King of the Andals and the First Men"],"father":"aerion-targaryen","mother":null,"spouse":"visenya","books":[1,2,3,4,5,6,7,8,9,11],"povBooks":[],"show":["house-of-the-dragon","game-of-thrones"],"presence":[{"show":"house-of-the-dragon","kind":"historical_reference","first":"S1E1"},{"show":"game-of-thrones","kind":"historical_reference"}],"playedBy":[],"sources":[{"label":"An API of Ice and Fire — character 38","url":"https://anapioficeandfire.com/api/characters/38","provider":"An API of Ice and Fire","kind":"structured_database","accessed":"2026-07-10"},{"label":"Wiki of Westeros — Aegon I","url":"https://gameofthrones.fandom.com/wiki/Aegon_I_Targaryen","provider":"Wiki of Westeros","kind":"reference_page","accessed":"2026-07-10"},{"label":"A Wiki of Ice and Fire — Aegon I Targaryen","url":"https://awoiaf.westeros.org/index.php/Aegon_I_Targaryen","provider":"A Wiki of Ice and Fire","kind":"reference_page","accessed":"2026-07-10"}],"verification":"single_source_curated","image":"/images/characters/aegon-i.webp","imageSource":{"provider":"A Wiki of Ice and Fire","kind":"wiki_lead_image","match":"exact_page_title","uncertain":false,"url":"https://awoiaf.westeros.org/index.php/Aegon_I_Targaryen","assetUrl":"https://awoiaf.westeros.org/images/7/73/AEGON_I.jpg","accessed":"2026-07-10","originalSha256":"9dab4643865206bd6b099d6be8bb010eed8f9e599d636b8522426ab858c566fa","derivativeSha256":"8357e0afdb1489f0add7827c62ad84a73f581b208560142dd3c8a78bbd43d0f9","width":1200,"height":900,"presentation":"proportional_resize_with_padding"},"house":"house-targaryen","parents":[],"children":["aenys-i","maegor-i"],"spouses":["visenya","rhaenys-i"],"dragon":"balerion","era":0,"biography":"The Targaryen conqueror whose dream and conquest shape the dynasty remembered by the three series.","legacyIds":["api-character-38"]}');
INSERT INTO aliases (entity_key, alias) VALUES ('character:aegon-i', 'Aegon the Conqueror');
INSERT INTO aliases (entity_key, alias) VALUES ('character:aegon-i', 'Aegon the Dragon');
INSERT INTO aliases (entity_key, alias) VALUES ('character:aegon-i', 'Aegon the Dragonlord');
INSERT INTO appearances (entity_key, show_id, presence_kind, first_reference, details_json) VALUES ('character:aegon-i', 'house-of-the-dragon', 'historical_reference', 'S1E1', '{"show":"house-of-the-dragon","kind":"historical_reference","first":"S1E1"}');
INSERT INTO appearances (entity_key, show_id, presence_kind, first_reference, details_json) VALUES ('character:aegon-i', 'game-of-thrones', 'historical_reference', NULL, '{"show":"game-of-thrones","kind":"historical_reference"}');
INSERT INTO sources (entity_key, label, url, provider, source_kind, accessed) VALUES ('character:aegon-i', 'An API of Ice and Fire — character 38', 'https://anapioficeandfire.com/api/characters/38', 'An API of Ice and Fire', 'structured_database', '2026-07-10');
INSERT INTO sources (entity_key, label, url, provider, source_kind, accessed) VALUES ('character:aegon-i', 'Wiki of Westeros — Aegon I', 'https://gameofthrones.fandom.com/wiki/Aegon_I_Targaryen', 'Wiki of Westeros', 'reference_page', '2026-07-10');
INSERT INTO sources (entity_key, label, url, provider, source_kind, accessed) VALUES ('character:aegon-i', 'A Wiki of Ice and Fire — Aegon I Targaryen', 'https://awoiaf.westeros.org/index.php/Aegon_I_Targaryen', 'A Wiki of Ice and Fire', 'reference_page', '2026-07-10');
INSERT INTO media (entity_key, local_path, provider, source_page, asset_url, media_kind, uncertain, metadata_json) VALUES ('character:aegon-i', '/images/characters/aegon-i.webp', 'A Wiki of Ice and Fire', 'https://awoiaf.westeros.org/index.php/Aegon_I_Targaryen', 'https://awoiaf.westeros.org/images/7/73/AEGON_I.jpg', 'wiki_lead_image', 0, '{"provider":"A Wiki of Ice and Fire","kind":"wiki_lead_image","match":"exact_page_title","uncertain":false,"url":"https://awoiaf.westeros.org/index.php/Aegon_I_Targaryen","assetUrl":"https://awoiaf.westeros.org/images/7/73/AEGON_I.jpg","accessed":"2026-07-10","originalSha256":"9dab4643865206bd6b099d6be8bb010eed8f9e599d636b8522426ab858c566fa","derivativeSha256":"8357e0afdb1489f0add7827c62ad84a73f581b208560142dd3c8a78bbd43d0f9","width":1200,"height":900,"presentation":"proportional_resize_with_padding"}');
INSERT INTO entities_fts (entity_key, name, aliases, type) VALUES ('character:aegon-i', 'Aegon I Targaryen', 'Aegon the Conqueror Aegon the Dragon Aegon the Dragonlord', 'character');
INSERT INTO characters (entity_key, gender, culture, born, died, actor_json, titles_json, era) VALUES ('character:aegon-i', 'male', NULL, '27 BC, at Dragonstone', '37 AC, at Dragonstone', '[]', '["King of All Westeros","Shield of His People","King of the Andals, the Rhoynar and the First Men","Lord of the Seven Kingdoms","Protector of the Realm","Lord of Dragonstone","King of the Andals and the First Men"]', 0);
INSERT INTO entities (entity_key, id, type, name, description, status, verification, raw_json) VALUES ('character:visenya', 'visenya', 'character', 'Visenya Targaryen', 'Aegon''s elder sister-wife and one of the three Targaryen conquerors.', 'dead', 'single_source_curated', '{"id":"visenya","apiId":2071,"name":"Visenya Targaryen","canonicalName":"Visenya Targaryen","aliases":[],"actor":[],"gender":"female","culture":"Valyrian","born":"In 28 BC or 29 BC, at Dragonstone","died":"In 44 AC","status":"dead","houses":["house-targaryen"],"titles":["Queen"],"father":null,"mother":null,"spouse":"aegon-i","books":[1,2,3,5,8,11],"povBooks":[],"show":["house-of-the-dragon"],"presence":[{"show":"house-of-the-dragon","kind":"historical_reference"}],"playedBy":[],"sources":[{"label":"Wiki of Westeros — Visenya","url":"https://gameofthrones.fandom.com/wiki/Visenya_Targaryen","provider":"Wiki of Westeros","kind":"reference_page","accessed":"2026-07-10"},{"label":"An API of Ice and Fire — character 2071","url":"https://anapioficeandfire.com/api/characters/2071","provider":"An API of Ice and Fire","kind":"structured_database","accessed":"2026-07-10"},{"label":"A Wiki of Ice and Fire — Visenya Targaryen","url":"https://awoiaf.westeros.org/index.php/Visenya_Targaryen","provider":"A Wiki of Ice and Fire","kind":"reference_page","accessed":"2026-07-10"}],"verification":"single_source_curated","image":"/images/characters/visenya.webp","imageSource":{"provider":"A Wiki of Ice and Fire","kind":"wiki_lead_image","match":"exact_page_title","uncertain":false,"url":"https://awoiaf.westeros.org/index.php/Visenya_Targaryen","assetUrl":"https://awoiaf.westeros.org/images/d/de/Visenya.jpg","accessed":"2026-07-10","originalSha256":"ab36bcc2b1b44758c20b215c9cc57dc2c82d7978dad93db333522c060b20bf8a","derivativeSha256":"b237125f3d3b62ca17e13d4d6f3fd4beaa2e82cce8ee773ec8895ba72f169369","width":1200,"height":900,"presentation":"proportional_resize_with_padding"},"house":"house-targaryen","parents":[],"children":["maegor-i"],"spouses":["aegon-i"],"dragon":"vhagar","era":0,"biography":"Aegon''s elder sister-wife and one of the three Targaryen conquerors.","legacyIds":["api-character-2071"]}');
INSERT INTO appearances (entity_key, show_id, presence_kind, first_reference, details_json) VALUES ('character:visenya', 'house-of-the-dragon', 'historical_reference', NULL, '{"show":"house-of-the-dragon","kind":"historical_reference"}');
INSERT INTO sources (entity_key, label, url, provider, source_kind, accessed) VALUES ('character:visenya', 'Wiki of Westeros — Visenya', 'https://gameofthrones.fandom.com/wiki/Visenya_Targaryen', 'Wiki of Westeros', 'reference_page', '2026-07-10');
INSERT INTO sources (entity_key, label, url, provider, source_kind, accessed) VALUES ('character:visenya', 'An API of Ice and Fire — character 2071', 'https://anapioficeandfire.com/api/characters/2071', 'An API of Ice and Fire', 'structured_database', '2026-07-10');
INSERT INTO sources (entity_key, label, url, provider, source_kind, accessed) VALUES ('character:visenya', 'A Wiki of Ice and Fire — Visenya Targaryen', 'https://awoiaf.westeros.org/index.php/Visenya_Targaryen', 'A Wiki of Ice and Fire', 'reference_page', '2026-07-10');
INSERT INTO media (entity_key, local_path, provider, source_page, asset_url, media_kind, uncertain, metadata_json) VALUES ('character:visenya', '/images/characters/visenya.webp', 'A Wiki of Ice and Fire', 'https://awoiaf.westeros.org/index.php/Visenya_Targaryen', 'https://awoiaf.westeros.org/images/d/de/Visenya.jpg', 'wiki_lead_image', 0, '{"provider":"A Wiki of Ice and Fire","kind":"wiki_lead_image","match":"exact_page_title","uncertain":false,"url":"https://awoiaf.westeros.org/index.php/Visenya_Targaryen","assetUrl":"https://awoiaf.westeros.org/images/d/de/Visenya.jpg","accessed":"2026-07-10","originalSha256":"ab36bcc2b1b44758c20b215c9cc57dc2c82d7978dad93db333522c060b20bf8a","derivativeSha256":"b237125f3d3b62ca17e13d4d6f3fd4beaa2e82cce8ee773ec8895ba72f169369","width":1200,"height":900,"presentation":"proportional_resize_with_padding"}');
INSERT INTO entities_fts (entity_key, name, aliases, type) VALUES ('character:visenya', 'Visenya Targaryen', '', 'character');
INSERT INTO characters (entity_key, gender, culture, born, died, actor_json, titles_json, era) VALUES ('character:visenya', 'female', 'Valyrian', 'In 28 BC or 29 BC, at Dragonstone', 'In 44 AC', '[]', '["Queen"]', 0);
INSERT INTO entities (entity_key, id, type, name, description, status, verification, raw_json) VALUES ('character:rhaenys-i', 'rhaenys-i', 'character', 'Rhaenys Targaryen (rider of Meraxes)', 'Aegon''s younger sister-wife and rider of Meraxes during the Conquest.', 'dead', 'single_source_curated', '{"id":"rhaenys-i","name":"Rhaenys Targaryen (rider of Meraxes)","aliases":["Rhaenys Targaryen"],"actor":[],"gender":"female","status":"dead","house":"house-targaryen","titles":["Queen"],"parents":[],"children":["aenys-i"],"spouses":["aegon-i"],"dragon":"meraxes","show":["house-of-the-dragon"],"presence":[{"show":"house-of-the-dragon","kind":"historical_reference"}],"era":0,"biography":"Aegon''s younger sister-wife and rider of Meraxes during the Conquest.","sources":[{"label":"Wiki of Westeros — Rhaenys","url":"https://gameofthrones.fandom.com/wiki/Rhaenys_Targaryen_(wife_of_Aegon_I)","provider":"Wiki of Westeros","kind":"reference_page","accessed":"2026-07-10"},{"label":"A Wiki of Ice and Fire — Rhaenys Targaryen","url":"https://awoiaf.westeros.org/index.php/Rhaenys_Targaryen","provider":"A Wiki of Ice and Fire","kind":"reference_page","accessed":"2026-07-10"}],"verification":"single_source_curated","image":"/images/characters/rhaenys-i.webp","imageSource":{"provider":"A Wiki of Ice and Fire","kind":"wiki_lead_image","match":"exact_page_title","uncertain":false,"url":"https://awoiaf.westeros.org/index.php/Rhaenys_Targaryen","assetUrl":"https://awoiaf.westeros.org/images/8/82/Rhaenys.jpg","accessed":"2026-07-10","originalSha256":"6fac389a61a96d0c89fcab23eafd738d9852bf6e73bd46f69c1ba5e32b1fb557","derivativeSha256":"e1bd60de49ada0a57f09791b2a55912b18d94b57a24d956b32d352394d0eb365","width":1200,"height":900,"presentation":"proportional_resize_with_padding"},"apiId":null,"houses":["house-targaryen"],"legacyIds":[],"canonicalName":"Rhaenys Targaryen (rider of Meraxes)","father":null,"mother":null,"spouse":null}');
INSERT INTO aliases (entity_key, alias) VALUES ('character:rhaenys-i', 'Rhaenys Targaryen');
INSERT INTO appearances (entity_key, show_id, presence_kind, first_reference, details_json) VALUES ('character:rhaenys-i', 'house-of-the-dragon', 'historical_reference', NULL, '{"show":"house-of-the-dragon","kind":"historical_reference"}');
INSERT INTO sources (entity_key, label, url, provider, source_kind, accessed) VALUES ('character:rhaenys-i', 'Wiki of Westeros — Rhaenys', 'https://gameofthrones.fandom.com/wiki/Rhaenys_Targaryen_(wife_of_Aegon_I)', 'Wiki of Westeros', 'reference_page', '2026-07-10');
INSERT INTO sources (entity_key, label, url, provider, source_kind, accessed) VALUES ('character:rhaenys-i', 'A Wiki of Ice and Fire — Rhaenys Targaryen', 'https://awoiaf.westeros.org/index.php/Rhaenys_Targaryen', 'A Wiki of Ice and Fire', 'reference_page', '2026-07-10');
INSERT INTO media (entity_key, local_path, provider, source_page, asset_url, media_kind, uncertain, metadata_json) VALUES ('character:rhaenys-i', '/images/characters/rhaenys-i.webp', 'A Wiki of Ice and Fire', 'https://awoiaf.westeros.org/index.php/Rhaenys_Targaryen', 'https://awoiaf.westeros.org/images/8/82/Rhaenys.jpg', 'wiki_lead_image', 0, '{"provider":"A Wiki of Ice and Fire","kind":"wiki_lead_image","match":"exact_page_title","uncertain":false,"url":"https://awoiaf.westeros.org/index.php/Rhaenys_Targaryen","assetUrl":"https://awoiaf.westeros.org/images/8/82/Rhaenys.jpg","accessed":"2026-07-10","originalSha256":"6fac389a61a96d0c89fcab23eafd738d9852bf6e73bd46f69c1ba5e32b1fb557","derivativeSha256":"e1bd60de49ada0a57f09791b2a55912b18d94b57a24d956b32d352394d0eb365","width":1200,"height":900,"presentation":"proportional_resize_with_padding"}');
INSERT INTO entities_fts (entity_key, name, aliases, type) VALUES ('character:rhaenys-i', 'Rhaenys Targaryen (rider of Meraxes)', 'Rhaenys Targaryen', 'character');
INSERT INTO characters (entity_key, gender, culture, born, died, actor_json, titles_json, era) VALUES ('character:rhaenys-i', 'female', NULL, NULL, NULL, '[]', '["Queen"]', 0);
INSERT INTO entities (entity_key, id, type, name, description, status, verification, raw_json) VALUES ('character:aenys-i', 'aenys-i', 'character', 'Aenys I Targaryen', 'Son and successor of Aegon the Conqueror in the dynasty''s remembered history.', 'dead', 'single_source_curated', '{"id":"aenys-i","name":"Aenys I Targaryen","aliases":[],"actor":[],"gender":"male","status":"dead","house":"house-targaryen","titles":["King"],"parents":["aegon-i","rhaenys-i"],"children":["jaehaerys-i","alysanne-targaryen"],"spouses":[],"dragon":null,"show":["house-of-the-dragon"],"presence":[{"show":"house-of-the-dragon","kind":"historical_reference"}],"era":1,"biography":"Son and successor of Aegon the Conqueror in the dynasty''s remembered history.","sources":[{"label":"Wiki of Westeros — Aenys I","url":"https://gameofthrones.fandom.com/wiki/Aenys_I_Targaryen","provider":"Wiki of Westeros","kind":"reference_page","accessed":"2026-07-10"},{"label":"A Wiki of Ice and Fire — Aenys I Targaryen","url":"https://awoiaf.westeros.org/index.php/Aenys_I_Targaryen","provider":"A Wiki of Ice and Fire","kind":"reference_page","accessed":"2026-07-10"}],"verification":"single_source_curated","image":"/images/characters/aenys-i.webp","imageSource":{"provider":"A Wiki of Ice and Fire","kind":"wiki_lead_image","match":"exact_page_title","uncertain":false,"url":"https://awoiaf.westeros.org/index.php/Aenys_I_Targaryen","assetUrl":"https://awoiaf.westeros.org/images/d/d3/AENYS_I.jpg","accessed":"2026-07-10","originalSha256":"4e9786e3855ccc782c61bca731645ac584011cd997db609588d9338f922cf322","derivativeSha256":"e95f1ea28bf1989d879a3d6b6e8fcf3985874119dce421ed0c7e3630f2fff451","width":1200,"height":900,"presentation":"proportional_resize_with_padding"},"apiId":null,"houses":["house-targaryen"],"legacyIds":[],"father":null,"mother":null,"spouse":null}');
INSERT INTO appearances (entity_key, show_id, presence_kind, first_reference, details_json) VALUES ('character:aenys-i', 'house-of-the-dragon', 'historical_reference', NULL, '{"show":"house-of-the-dragon","kind":"historical_reference"}');
INSERT INTO sources (entity_key, label, url, provider, source_kind, accessed) VALUES ('character:aenys-i', 'Wiki of Westeros — Aenys I', 'https://gameofthrones.fandom.com/wiki/Aenys_I_Targaryen', 'Wiki of Westeros', 'reference_page', '2026-07-10');
INSERT INTO sources (entity_key, label, url, provider, source_kind, accessed) VALUES ('character:aenys-i', 'A Wiki of Ice and Fire — Aenys I Targaryen', 'https://awoiaf.westeros.org/index.php/Aenys_I_Targaryen', 'A Wiki of Ice and Fire', 'reference_page', '2026-07-10');
INSERT INTO media (entity_key, local_path, provider, source_page, asset_url, media_kind, uncertain, metadata_json) VALUES ('character:aenys-i', '/images/characters/aenys-i.webp', 'A Wiki of Ice and Fire', 'https://awoiaf.westeros.org/index.php/Aenys_I_Targaryen', 'https://awoiaf.westeros.org/images/d/d3/AENYS_I.jpg', 'wiki_lead_image', 0, '{"provider":"A Wiki of Ice and Fire","kind":"wiki_lead_image","match":"exact_page_title","uncertain":false,"url":"https://awoiaf.westeros.org/index.php/Aenys_I_Targaryen","assetUrl":"https://awoiaf.westeros.org/images/d/d3/AENYS_I.jpg","accessed":"2026-07-10","originalSha256":"4e9786e3855ccc782c61bca731645ac584011cd997db609588d9338f922cf322","derivativeSha256":"e95f1ea28bf1989d879a3d6b6e8fcf3985874119dce421ed0c7e3630f2fff451","width":1200,"height":900,"presentation":"proportional_resize_with_padding"}');
INSERT INTO entities_fts (entity_key, name, aliases, type) VALUES ('character:aenys-i', 'Aenys I Targaryen', '', 'character');
INSERT INTO characters (entity_key, gender, culture, born, died, actor_json, titles_json, era) VALUES ('character:aenys-i', 'male', NULL, NULL, NULL, '[]', '["King"]', 1);
INSERT INTO entities (entity_key, id, type, name, description, status, verification, raw_json) VALUES ('character:maegor-i', 'maegor-i', 'character', 'Maegor I Targaryen', 'The feared Targaryen king remembered for cruelty and for building the Red Keep.', 'dead', 'single_source_curated', '{"id":"maegor-i","apiId":694,"name":"Maegor I Targaryen","canonicalName":"Maegor I","aliases":["Maegor the Cruel"],"actor":[],"gender":"male","culture":null,"born":"12 AC","died":"48 AC, at King''s Landing","status":"dead","houses":["house-targaryen"],"titles":["King of the Andals, the Rhoynar and the First Men","Lord of the Seven Kingdoms","Protector of the Realm","Hand of the King","Ser","King"],"father":"aegon-i","mother":"visenya","spouse":null,"books":[1,3,9,10,11],"povBooks":[],"show":["house-of-the-dragon","game-of-thrones"],"presence":[{"show":"house-of-the-dragon","kind":"historical_reference"},{"show":"game-of-thrones","kind":"historical_reference"}],"playedBy":[],"sources":[{"label":"An API of Ice and Fire — character 694","url":"https://anapioficeandfire.com/api/characters/694","provider":"An API of Ice and Fire","kind":"structured_database","accessed":"2026-07-10"},{"label":"Wiki of Westeros — Maegor I","url":"https://gameofthrones.fandom.com/wiki/Maegor_I_Targaryen","provider":"Wiki of Westeros","kind":"reference_page","accessed":"2026-07-10"},{"label":"A Wiki of Ice and Fire — Maegor I Targaryen","url":"https://awoiaf.westeros.org/index.php/Maegor_I_Targaryen","provider":"A Wiki of Ice and Fire","kind":"reference_page","accessed":"2026-07-10"}],"verification":"single_source_curated","image":"/images/characters/maegor-i.webp","imageSource":{"provider":"A Wiki of Ice and Fire","kind":"wiki_lead_image","match":"exact_page_title","uncertain":false,"url":"https://awoiaf.westeros.org/index.php/Maegor_I_Targaryen","assetUrl":"https://awoiaf.westeros.org/images/e/e3/MAEGOR_I.jpg","accessed":"2026-07-10","originalSha256":"47ad6e16a2d12d86abdf1b3aeb671be4d50ccb77624db98f6805525bca042d36","derivativeSha256":"5e87f4635966c3f56e635f0c521fb95e807dbc727b726cbaca25129f7f3be0be","width":1200,"height":900,"presentation":"proportional_resize_with_padding"},"house":"house-targaryen","parents":["aegon-i","visenya"],"children":[],"spouses":[],"dragon":"balerion","era":1,"biography":"The feared Targaryen king remembered for cruelty and for building the Red Keep.","legacyIds":["api-character-694"]}');
INSERT INTO aliases (entity_key, alias) VALUES ('character:maegor-i', 'Maegor the Cruel');
INSERT INTO appearances (entity_key, show_id, presence_kind, first_reference, details_json) VALUES ('character:maegor-i', 'house-of-the-dragon', 'historical_reference', NULL, '{"show":"house-of-the-dragon","kind":"historical_reference"}');
INSERT INTO appearances (entity_key, show_id, presence_kind, first_reference, details_json) VALUES ('character:maegor-i', 'game-of-thrones', 'historical_reference', NULL, '{"show":"game-of-thrones","kind":"historical_reference"}');
INSERT INTO sources (entity_key, label, url, provider, source_kind, accessed) VALUES ('character:maegor-i', 'An API of Ice and Fire — character 694', 'https://anapioficeandfire.com/api/characters/694', 'An API of Ice and Fire', 'structured_database', '2026-07-10');
INSERT INTO sources (entity_key, label, url, provider, source_kind, accessed) VALUES ('character:maegor-i', 'Wiki of Westeros — Maegor I', 'https://gameofthrones.fandom.com/wiki/Maegor_I_Targaryen', 'Wiki of Westeros', 'reference_page', '2026-07-10');
INSERT INTO sources (entity_key, label, url, provider, source_kind, accessed) VALUES ('character:maegor-i', 'A Wiki of Ice and Fire — Maegor I Targaryen', 'https://awoiaf.westeros.org/index.php/Maegor_I_Targaryen', 'A Wiki of Ice and Fire', 'reference_page', '2026-07-10');
INSERT INTO media (entity_key, local_path, provider, source_page, asset_url, media_kind, uncertain, metadata_json) VALUES ('character:maegor-i', '/images/characters/maegor-i.webp', 'A Wiki of Ice and Fire', 'https://awoiaf.westeros.org/index.php/Maegor_I_Targaryen', 'https://awoiaf.westeros.org/images/e/e3/MAEGOR_I.jpg', 'wiki_lead_image', 0, '{"provider":"A Wiki of Ice and Fire","kind":"wiki_lead_image","match":"exact_page_title","uncertain":false,"url":"https://awoiaf.westeros.org/index.php/Maegor_I_Targaryen","assetUrl":"https://awoiaf.westeros.org/images/e/e3/MAEGOR_I.jpg","accessed":"2026-07-10","originalSha256":"47ad6e16a2d12d86abdf1b3aeb671be4d50ccb77624db98f6805525bca042d36","derivativeSha256":"5e87f4635966c3f56e635f0c521fb95e807dbc727b726cbaca25129f7f3be0be","width":1200,"height":900,"presentation":"proportional_resize_with_padding"}');
INSERT INTO entities_fts (entity_key, name, aliases, type) VALUES ('character:maegor-i', 'Maegor I Targaryen', 'Maegor the Cruel', 'character');
INSERT INTO characters (entity_key, gender, culture, born, died, actor_json, titles_json, era) VALUES ('character:maegor-i', 'male', NULL, '12 AC', '48 AC, at King''s Landing', '[]', '["King of the Andals, the Rhoynar and the First Men","Lord of the Seven Kingdoms","Protector of the Realm","Hand of the King","Ser","King"]', 1);
INSERT INTO entities (entity_key, id, type, name, description, status, verification, raw_json) VALUES ('character:jaehaerys-i', 'jaehaerys-i', 'character', 'Jaehaerys I Targaryen', 'The long-reigning king who called the Great Council at Harrenhal.', 'dead', 'single_source_curated', '{"id":"jaehaerys-i","apiId":526,"name":"Jaehaerys I Targaryen","canonicalName":"Jaehaerys I","aliases":["The Conciliator","The Wise","The Old King"],"actor":["Michael Carter"],"gender":"male","culture":null,"born":"34 AC, at King''s Landing","died":"103 AC, at King''s Landing","status":"dead","houses":["house-targaryen"],"titles":["King of the Andals, the Rhoynar and the First Men","Lord of the Seven Kingdoms","Protector of the Realm","King"],"father":null,"mother":null,"spouse":"alysanne-targaryen","books":[1,3,5,8,9,10,11],"povBooks":[],"show":["house-of-the-dragon"],"presence":[{"show":"house-of-the-dragon","kind":"depicted","first":"S1E1"}],"playedBy":[],"sources":[{"label":"An API of Ice and Fire — character 526","url":"https://anapioficeandfire.com/api/characters/526","provider":"An API of Ice and Fire","kind":"structured_database","accessed":"2026-07-10"},{"label":"Wiki of Westeros — Jaehaerys I Targaryen","url":"https://gameofthrones.fandom.com/wiki/Jaehaerys_I_Targaryen","provider":"Wiki of Westeros","kind":"reference_page","accessed":"2026-07-10"}],"verification":"single_source_curated","image":"/images/characters/jaehaerys-i.webp","imageSource":{"provider":"Wiki of Westeros","kind":"wiki_lead_image","match":"exact_page_title","uncertain":false,"url":"https://gameofthrones.fandom.com/wiki/Jaehaerys_I_Targaryen","assetUrl":"https://static.wikia.nocookie.net/gameofthrones/images/2/22/Jaehaerys_I_Targaryen_Official_Guide.jpg/revision/latest?cb=20220823075450","accessed":"2026-07-10","originalSha256":"307f502cfc025d942b880cfa7de3d23e56c2a95dca925004faa1508b149e0fb5","derivativeSha256":"c984842d94b455423101d34939b625cd7ffb8db53da1d953a4ac4ce6d8e055b2","width":1200,"height":900,"presentation":"proportional_resize_with_padding"},"house":"house-targaryen","parents":["aenys-i"],"children":["baelon-targaryen","alyssa-targaryen"],"spouses":["alysanne-targaryen"],"dragon":"vermithor","era":1,"biography":"The long-reigning king who called the Great Council at Harrenhal.","legacyIds":["api-character-526"]}');
INSERT INTO aliases (entity_key, alias) VALUES ('character:jaehaerys-i', 'The Conciliator');
INSERT INTO aliases (entity_key, alias) VALUES ('character:jaehaerys-i', 'The Wise');
INSERT INTO aliases (entity_key, alias) VALUES ('character:jaehaerys-i', 'The Old King');
INSERT INTO appearances (entity_key, show_id, presence_kind, first_reference, details_json) VALUES ('character:jaehaerys-i', 'house-of-the-dragon', 'depicted', 'S1E1', '{"show":"house-of-the-dragon","kind":"depicted","first":"S1E1"}');
INSERT INTO sources (entity_key, label, url, provider, source_kind, accessed) VALUES ('character:jaehaerys-i', 'An API of Ice and Fire — character 526', 'https://anapioficeandfire.com/api/characters/526', 'An API of Ice and Fire', 'structured_database', '2026-07-10');
INSERT INTO sources (entity_key, label, url, provider, source_kind, accessed) VALUES ('character:jaehaerys-i', 'Wiki of Westeros — Jaehaerys I Targaryen', 'https://gameofthrones.fandom.com/wiki/Jaehaerys_I_Targaryen', 'Wiki of Westeros', 'reference_page', '2026-07-10');
INSERT INTO media (entity_key, local_path, provider, source_page, asset_url, media_kind, uncertain, metadata_json) VALUES ('character:jaehaerys-i', '/images/characters/jaehaerys-i.webp', 'Wiki of Westeros', 'https://gameofthrones.fandom.com/wiki/Jaehaerys_I_Targaryen', 'https://static.wikia.nocookie.net/gameofthrones/images/2/22/Jaehaerys_I_Targaryen_Official_Guide.jpg/revision/latest?cb=20220823075450', 'wiki_lead_image', 0, '{"provider":"Wiki of Westeros","kind":"wiki_lead_image","match":"exact_page_title","uncertain":false,"url":"https://gameofthrones.fandom.com/wiki/Jaehaerys_I_Targaryen","assetUrl":"https://static.wikia.nocookie.net/gameofthrones/images/2/22/Jaehaerys_I_Targaryen_Official_Guide.jpg/revision/latest?cb=20220823075450","accessed":"2026-07-10","originalSha256":"307f502cfc025d942b880cfa7de3d23e56c2a95dca925004faa1508b149e0fb5","derivativeSha256":"c984842d94b455423101d34939b625cd7ffb8db53da1d953a4ac4ce6d8e055b2","width":1200,"height":900,"presentation":"proportional_resize_with_padding"}');
INSERT INTO entities_fts (entity_key, name, aliases, type) VALUES ('character:jaehaerys-i', 'Jaehaerys I Targaryen', 'The Conciliator The Wise The Old King', 'character');
INSERT INTO characters (entity_key, gender, culture, born, died, actor_json, titles_json, era) VALUES ('character:jaehaerys-i', 'male', NULL, '34 AC, at King''s Landing', '103 AC, at King''s Landing', '["Michael Carter"]', '["King of the Andals, the Rhoynar and the First Men","Lord of the Seven Kingdoms","Protector of the Realm","King"]', 1);
INSERT INTO entities (entity_key, id, type, name, description, status, verification, raw_json) VALUES ('character:alysanne-targaryen', 'alysanne-targaryen', 'character', 'Alysanne Targaryen', 'Jaehaerys''s sister-wife and the former rider of Silverwing.', 'dead', 'single_source_curated', '{"id":"alysanne-targaryen","apiId":105,"name":"Alysanne Targaryen","canonicalName":"Alysanne Targaryen","aliases":["The Good Queen"],"actor":[],"gender":"female","culture":null,"born":"36 AC","died":"99 AC or 100 AC","status":"dead","houses":["house-targaryen"],"titles":["Queen"],"father":null,"mother":null,"spouse":"jaehaerys-i","books":[3,10,11],"povBooks":[],"show":["house-of-the-dragon"],"presence":[{"show":"house-of-the-dragon","kind":"historical_reference"}],"playedBy":[],"sources":[{"label":"Wiki of Westeros — Alysanne","url":"https://gameofthrones.fandom.com/wiki/Alysanne_Targaryen","provider":"Wiki of Westeros","kind":"reference_page","accessed":"2026-07-10"},{"label":"An API of Ice and Fire — character 105","url":"https://anapioficeandfire.com/api/characters/105","provider":"An API of Ice and Fire","kind":"structured_database","accessed":"2026-07-10"},{"label":"A Wiki of Ice and Fire — Alysanne Targaryen","url":"https://awoiaf.westeros.org/index.php/Alysanne_Targaryen","provider":"A Wiki of Ice and Fire","kind":"reference_page","accessed":"2026-07-10"}],"verification":"single_source_curated","image":"/images/characters/alysanne-targaryen.webp","imageSource":{"provider":"A Wiki of Ice and Fire","kind":"wiki_lead_image","match":"exact_page_title","uncertain":false,"url":"https://awoiaf.westeros.org/index.php/Alysanne_Targaryen","assetUrl":"https://awoiaf.westeros.org/images/5/55/Alysanne.jpg","accessed":"2026-07-10","originalSha256":"e1c7f4bc5dd3bffaafd40f3a9cc2248f2c805a17675c25b31c96decaf872ba49","derivativeSha256":"3853596d3be910498f4a31c122aa63330f87ae2f7fa4954b32a22e1a203f8423","width":1200,"height":900,"presentation":"proportional_resize_with_padding"},"house":"house-targaryen","parents":["aenys-i"],"children":["baelon-targaryen","alyssa-targaryen"],"spouses":["jaehaerys-i"],"dragon":"silverwing","era":1,"biography":"Jaehaerys''s sister-wife and the former rider of Silverwing.","legacyIds":["api-character-105"]}');
INSERT INTO aliases (entity_key, alias) VALUES ('character:alysanne-targaryen', 'The Good Queen');
INSERT INTO appearances (entity_key, show_id, presence_kind, first_reference, details_json) VALUES ('character:alysanne-targaryen', 'house-of-the-dragon', 'historical_reference', NULL, '{"show":"house-of-the-dragon","kind":"historical_reference"}');
INSERT INTO sources (entity_key, label, url, provider, source_kind, accessed) VALUES ('character:alysanne-targaryen', 'Wiki of Westeros — Alysanne', 'https://gameofthrones.fandom.com/wiki/Alysanne_Targaryen', 'Wiki of Westeros', 'reference_page', '2026-07-10');
INSERT INTO sources (entity_key, label, url, provider, source_kind, accessed) VALUES ('character:alysanne-targaryen', 'An API of Ice and Fire — character 105', 'https://anapioficeandfire.com/api/characters/105', 'An API of Ice and Fire', 'structured_database', '2026-07-10');
INSERT INTO sources (entity_key, label, url, provider, source_kind, accessed) VALUES ('character:alysanne-targaryen', 'A Wiki of Ice and Fire — Alysanne Targaryen', 'https://awoiaf.westeros.org/index.php/Alysanne_Targaryen', 'A Wiki of Ice and Fire', 'reference_page', '2026-07-10');
INSERT INTO media (entity_key, local_path, provider, source_page, asset_url, media_kind, uncertain, metadata_json) VALUES ('character:alysanne-targaryen', '/images/characters/alysanne-targaryen.webp', 'A Wiki of Ice and Fire', 'https://awoiaf.westeros.org/index.php/Alysanne_Targaryen', 'https://awoiaf.westeros.org/images/5/55/Alysanne.jpg', 'wiki_lead_image', 0, '{"provider":"A Wiki of Ice and Fire","kind":"wiki_lead_image","match":"exact_page_title","uncertain":false,"url":"https://awoiaf.westeros.org/index.php/Alysanne_Targaryen","assetUrl":"https://awoiaf.westeros.org/images/5/55/Alysanne.jpg","accessed":"2026-07-10","originalSha256":"e1c7f4bc5dd3bffaafd40f3a9cc2248f2c805a17675c25b31c96decaf872ba49","derivativeSha256":"3853596d3be910498f4a31c122aa63330f87ae2f7fa4954b32a22e1a203f8423","width":1200,"height":900,"presentation":"proportional_resize_with_padding"}');
INSERT INTO entities_fts (entity_key, name, aliases, type) VALUES ('character:alysanne-targaryen', 'Alysanne Targaryen', 'The Good Queen', 'character');
INSERT INTO characters (entity_key, gender, culture, born, died, actor_json, titles_json, era) VALUES ('character:alysanne-targaryen', 'female', NULL, '36 AC', '99 AC or 100 AC', '[]', '["Queen"]', 1);
INSERT INTO entities (entity_key, id, type, name, description, status, verification, raw_json) VALUES ('character:baelon-targaryen', 'baelon-targaryen', 'character', 'Baelon Targaryen', 'Father of Viserys and Daemon and an important link in the royal succession.', 'dead', 'single_source_curated', '{"id":"baelon-targaryen","apiId":157,"name":"Baelon Targaryen","canonicalName":"Baelon Targaryen","aliases":["Baelon the Brave","The Spring Prince"],"actor":[],"gender":"male","culture":"Valyrian","born":"In or between 53 AC and 64 AC","died":"In 101 AC","status":"dead","houses":["house-targaryen"],"titles":["Prince of Dragonstone","Hand of the King","Prince"],"father":null,"mother":null,"spouse":"alyssa-targaryen","books":[9,10,11],"povBooks":[],"show":["house-of-the-dragon"],"presence":[{"show":"house-of-the-dragon","kind":"historical_reference"}],"playedBy":[],"sources":[{"label":"An API of Ice and Fire — character 157","url":"https://anapioficeandfire.com/api/characters/157","provider":"An API of Ice and Fire","kind":"structured_database","accessed":"2026-07-10"},{"label":"Wiki of Westeros — Baelon","url":"https://gameofthrones.fandom.com/wiki/Baelon_Targaryen_(son_of_Jaehaerys_I)","provider":"Wiki of Westeros","kind":"reference_page","accessed":"2026-07-10"},{"label":"A Wiki of Ice and Fire — Baelon Targaryen (son of Jaehaerys I)","url":"https://awoiaf.westeros.org/index.php/Baelon_Targaryen_(son_of_Jaehaerys_I)","provider":"A Wiki of Ice and Fire","kind":"reference_page","accessed":"2026-07-10"}],"verification":"single_source_curated","image":"/images/characters/baelon-targaryen.webp","imageSource":{"provider":"A Wiki of Ice and Fire","kind":"wiki_lead_image","match":"exact_page_title","uncertain":false,"url":"https://awoiaf.westeros.org/index.php/Baelon_Targaryen_(son_of_Jaehaerys_I)","assetUrl":"https://awoiaf.westeros.org/images/b/b4/Baelon_Targaryen_by_Riotarttherite.png","accessed":"2026-07-10","originalSha256":"c092f53cbf78ddba6173c48db25655ea3f9cd9842130811ec9f5cf585fa39833","derivativeSha256":"44ca74eb944c2b4f77b1f0ba8146eb02cf41b38c4263c92ef72b2c4826894e4f","width":1200,"height":900,"presentation":"proportional_resize_with_padding"},"house":"house-targaryen","parents":["jaehaerys-i","alysanne-targaryen"],"children":["viserys-i","daemon-targaryen"],"spouses":["alyssa-targaryen"],"dragon":null,"era":1,"biography":"Father of Viserys and Daemon and an important link in the royal succession.","legacyIds":["api-character-157"]}');
INSERT INTO aliases (entity_key, alias) VALUES ('character:baelon-targaryen', 'Baelon the Brave');
INSERT INTO aliases (entity_key, alias) VALUES ('character:baelon-targaryen', 'The Spring Prince');
INSERT INTO appearances (entity_key, show_id, presence_kind, first_reference, details_json) VALUES ('character:baelon-targaryen', 'house-of-the-dragon', 'historical_reference', NULL, '{"show":"house-of-the-dragon","kind":"historical_reference"}');
INSERT INTO sources (entity_key, label, url, provider, source_kind, accessed) VALUES ('character:baelon-targaryen', 'An API of Ice and Fire — character 157', 'https://anapioficeandfire.com/api/characters/157', 'An API of Ice and Fire', 'structured_database', '2026-07-10');
INSERT INTO sources (entity_key, label, url, provider, source_kind, accessed) VALUES ('character:baelon-targaryen', 'Wiki of Westeros — Baelon', 'https://gameofthrones.fandom.com/wiki/Baelon_Targaryen_(son_of_Jaehaerys_I)', 'Wiki of Westeros', 'reference_page', '2026-07-10');
INSERT INTO sources (entity_key, label, url, provider, source_kind, accessed) VALUES ('character:baelon-targaryen', 'A Wiki of Ice and Fire — Baelon Targaryen (son of Jaehaerys I)', 'https://awoiaf.westeros.org/index.php/Baelon_Targaryen_(son_of_Jaehaerys_I)', 'A Wiki of Ice and Fire', 'reference_page', '2026-07-10');
INSERT INTO media (entity_key, local_path, provider, source_page, asset_url, media_kind, uncertain, metadata_json) VALUES ('character:baelon-targaryen', '/images/characters/baelon-targaryen.webp', 'A Wiki of Ice and Fire', 'https://awoiaf.westeros.org/index.php/Baelon_Targaryen_(son_of_Jaehaerys_I)', 'https://awoiaf.westeros.org/images/b/b4/Baelon_Targaryen_by_Riotarttherite.png', 'wiki_lead_image', 0, '{"provider":"A Wiki of Ice and Fire","kind":"wiki_lead_image","match":"exact_page_title","uncertain":false,"url":"https://awoiaf.westeros.org/index.php/Baelon_Targaryen_(son_of_Jaehaerys_I)","assetUrl":"https://awoiaf.westeros.org/images/b/b4/Baelon_Targaryen_by_Riotarttherite.png","accessed":"2026-07-10","originalSha256":"c092f53cbf78ddba6173c48db25655ea3f9cd9842130811ec9f5cf585fa39833","derivativeSha256":"44ca74eb944c2b4f77b1f0ba8146eb02cf41b38c4263c92ef72b2c4826894e4f","width":1200,"height":900,"presentation":"proportional_resize_with_padding"}');
INSERT INTO entities_fts (entity_key, name, aliases, type) VALUES ('character:baelon-targaryen', 'Baelon Targaryen', 'Baelon the Brave The Spring Prince', 'character');
INSERT INTO characters (entity_key, gender, culture, born, died, actor_json, titles_json, era) VALUES ('character:baelon-targaryen', 'male', 'Valyrian', 'In or between 53 AC and 64 AC', 'In 101 AC', '[]', '["Prince of Dragonstone","Hand of the King","Prince"]', 1);
INSERT INTO entities (entity_key, id, type, name, description, status, verification, raw_json) VALUES ('character:alyssa-targaryen', 'alyssa-targaryen', 'character', 'Alyssa Targaryen', 'Mother of Viserys and Daemon, seen in Daemon''s Harrenhal vision.', 'dead', 'single_source_curated', '{"id":"alyssa-targaryen","apiId":109,"name":"Alyssa Targaryen","canonicalName":"Alyssa Targaryen","aliases":[],"actor":["Emeline Lambert"],"gender":"female","culture":"Valyrian","born":"In or between 51 AC and 60 AC","died":null,"status":"dead","houses":["house-targaryen"],"titles":["Princess"],"father":null,"mother":null,"spouse":"baelon-targaryen","books":[11],"povBooks":[],"show":["house-of-the-dragon"],"presence":[{"show":"house-of-the-dragon","kind":"depicted","first":"S2E5"}],"playedBy":[],"sources":[{"label":"Wiki of Westeros — Alyssa Targaryen","url":"https://gameofthrones.fandom.com/wiki/Alyssa_Targaryen","provider":"Wiki of Westeros","kind":"reference_page","accessed":"2026-07-10"},{"label":"An API of Ice and Fire — character 109","url":"https://anapioficeandfire.com/api/characters/109","provider":"An API of Ice and Fire","kind":"structured_database","accessed":"2026-07-10"}],"verification":"single_source_curated","image":"/images/characters/alyssa-targaryen.webp","imageSource":{"provider":"Wiki of Westeros","kind":"wiki_lead_image","match":"exact_page_title","uncertain":false,"url":"https://gameofthrones.fandom.com/wiki/Alyssa_Targaryen","assetUrl":"https://static.wikia.nocookie.net/gameofthrones/images/3/39/AlyssaTargaryen2.jpeg/revision/latest?cb=20240717093158","accessed":"2026-07-10","originalSha256":"2c1097ef97fc88640f3b75216e204f860c9fc5d33c2f215ea8fffff6d3b2ef0c","derivativeSha256":"0cc9e828369769990921a8eb09c91aa2a9938fec0e33d204230aae5347f33012","width":1200,"height":900,"presentation":"proportional_resize_with_padding"},"house":"house-targaryen","parents":["jaehaerys-i","alysanne-targaryen"],"children":["viserys-i","daemon-targaryen"],"spouses":["baelon-targaryen"],"dragon":"meleys","era":1,"biography":"Mother of Viserys and Daemon, seen in Daemon''s Harrenhal vision.","legacyIds":["api-character-109"]}');
INSERT INTO appearances (entity_key, show_id, presence_kind, first_reference, details_json) VALUES ('character:alyssa-targaryen', 'house-of-the-dragon', 'depicted', 'S2E5', '{"show":"house-of-the-dragon","kind":"depicted","first":"S2E5"}');
INSERT INTO sources (entity_key, label, url, provider, source_kind, accessed) VALUES ('character:alyssa-targaryen', 'Wiki of Westeros — Alyssa Targaryen', 'https://gameofthrones.fandom.com/wiki/Alyssa_Targaryen', 'Wiki of Westeros', 'reference_page', '2026-07-10');
INSERT INTO sources (entity_key, label, url, provider, source_kind, accessed) VALUES ('character:alyssa-targaryen', 'An API of Ice and Fire — character 109', 'https://anapioficeandfire.com/api/characters/109', 'An API of Ice and Fire', 'structured_database', '2026-07-10');
INSERT INTO media (entity_key, local_path, provider, source_page, asset_url, media_kind, uncertain, metadata_json) VALUES ('character:alyssa-targaryen', '/images/characters/alyssa-targaryen.webp', 'Wiki of Westeros', 'https://gameofthrones.fandom.com/wiki/Alyssa_Targaryen', 'https://static.wikia.nocookie.net/gameofthrones/images/3/39/AlyssaTargaryen2.jpeg/revision/latest?cb=20240717093158', 'wiki_lead_image', 0, '{"provider":"Wiki of Westeros","kind":"wiki_lead_image","match":"exact_page_title","uncertain":false,"url":"https://gameofthrones.fandom.com/wiki/Alyssa_Targaryen","assetUrl":"https://static.wikia.nocookie.net/gameofthrones/images/3/39/AlyssaTargaryen2.jpeg/revision/latest?cb=20240717093158","accessed":"2026-07-10","originalSha256":"2c1097ef97fc88640f3b75216e204f860c9fc5d33c2f215ea8fffff6d3b2ef0c","derivativeSha256":"0cc9e828369769990921a8eb09c91aa2a9938fec0e33d204230aae5347f33012","width":1200,"height":900,"presentation":"proportional_resize_with_padding"}');
INSERT INTO entities_fts (entity_key, name, aliases, type) VALUES ('character:alyssa-targaryen', 'Alyssa Targaryen', '', 'character');
INSERT INTO characters (entity_key, gender, culture, born, died, actor_json, titles_json, era) VALUES ('character:alyssa-targaryen', 'female', 'Valyrian', 'In or between 51 AC and 60 AC', NULL, '["Emeline Lambert"]', '["Princess"]', 1);
INSERT INTO entities (entity_key, id, type, name, description, status, verification, raw_json) VALUES ('character:viserys-i', 'viserys-i', 'character', 'Viserys I Targaryen', 'The fifth Targaryen king, whose disputed succession begins the civil war.', 'dead', 'single_source_curated', '{"id":"viserys-i","name":"Viserys I Targaryen","aliases":["Viserys the Peaceful"],"actor":["Paddy Considine"],"gender":"male","status":"dead","house":"house-targaryen","titles":["King"],"parents":["baelon-targaryen","alyssa-targaryen"],"children":["rhaenyra-targaryen","aegon-ii","helaena-targaryen","aemond-targaryen","daeron-targaryen"],"spouses":["aemma-arryn","alicent-hightower"],"dragon":"balerion","show":["house-of-the-dragon"],"presence":[{"show":"house-of-the-dragon","kind":"depicted","first":"S1E1","last":"S2E6"}],"era":2,"biography":"The fifth Targaryen king, whose disputed succession begins the civil war.","sources":[{"label":"Wiki of Westeros — Viserys I Targaryen","url":"https://gameofthrones.fandom.com/wiki/Viserys_I_Targaryen","provider":"Wiki of Westeros","kind":"reference_page","accessed":"2026-07-10"}],"verification":"single_source_curated","image":"/images/characters/viserys-i.webp","imageSource":{"provider":"Wiki of Westeros","kind":"wiki_lead_image","match":"exact_page_title","uncertain":false,"url":"https://gameofthrones.fandom.com/wiki/Viserys_I_Targaryen","assetUrl":"https://static.wikia.nocookie.net/gameofthrones/images/3/38/Viserys_I_Targaryen_Official_Guide.jpg/revision/latest?cb=20220826232345","accessed":"2026-07-10","originalSha256":"2fcc31b96cbff435d07d61b170ed416ca37f6aa191a5def7313baf489c986d5b","derivativeSha256":"bf81c0482b1306e064082d472fee7775928f7c2d5ff2e8e35c1e30aa852aa6f7","width":1200,"height":900,"presentation":"proportional_resize_with_padding"},"apiId":null,"houses":["house-targaryen"],"legacyIds":[],"father":null,"mother":null,"spouse":null}');
INSERT INTO aliases (entity_key, alias) VALUES ('character:viserys-i', 'Viserys the Peaceful');
INSERT INTO appearances (entity_key, show_id, presence_kind, first_reference, details_json) VALUES ('character:viserys-i', 'house-of-the-dragon', 'depicted', 'S1E1', '{"show":"house-of-the-dragon","kind":"depicted","first":"S1E1","last":"S2E6"}');
INSERT INTO sources (entity_key, label, url, provider, source_kind, accessed) VALUES ('character:viserys-i', 'Wiki of Westeros — Viserys I Targaryen', 'https://gameofthrones.fandom.com/wiki/Viserys_I_Targaryen', 'Wiki of Westeros', 'reference_page', '2026-07-10');
INSERT INTO media (entity_key, local_path, provider, source_page, asset_url, media_kind, uncertain, metadata_json) VALUES ('character:viserys-i', '/images/characters/viserys-i.webp', 'Wiki of Westeros', 'https://gameofthrones.fandom.com/wiki/Viserys_I_Targaryen', 'https://static.wikia.nocookie.net/gameofthrones/images/3/38/Viserys_I_Targaryen_Official_Guide.jpg/revision/latest?cb=20220826232345', 'wiki_lead_image', 0, '{"provider":"Wiki of Westeros","kind":"wiki_lead_image","match":"exact_page_title","uncertain":false,"url":"https://gameofthrones.fandom.com/wiki/Viserys_I_Targaryen","assetUrl":"https://static.wikia.nocookie.net/gameofthrones/images/3/38/Viserys_I_Targaryen_Official_Guide.jpg/revision/latest?cb=20220826232345","accessed":"2026-07-10","originalSha256":"2fcc31b96cbff435d07d61b170ed416ca37f6aa191a5def7313baf489c986d5b","derivativeSha256":"bf81c0482b1306e064082d472fee7775928f7c2d5ff2e8e35c1e30aa852aa6f7","width":1200,"height":900,"presentation":"proportional_resize_with_padding"}');
INSERT INTO entities_fts (entity_key, name, aliases, type) VALUES ('character:viserys-i', 'Viserys I Targaryen', 'Viserys the Peaceful', 'character');
INSERT INTO characters (entity_key, gender, culture, born, died, actor_json, titles_json, era) VALUES ('character:viserys-i', 'male', NULL, NULL, NULL, '["Paddy Considine"]', '["King"]', 2);
INSERT INTO entities (entity_key, id, type, name, description, status, verification, raw_json) VALUES ('character:daemon-targaryen', 'daemon-targaryen', 'character', 'Daemon Targaryen', 'Viserys''s younger brother, warrior, dragonrider and consort to Rhaenyra.', 'alive_as_of_cutoff', 'single_source_curated', '{"id":"daemon-targaryen","apiId":269,"name":"Daemon Targaryen","canonicalName":"Daemon Targaryen","aliases":["The Rogue Prince"],"actor":["Matt Smith"],"gender":"male","culture":"Valyrian","born":"In 81 AC","died":"In 130 AC, at the Gods Eye","status":"alive_as_of_cutoff","houses":["house-targaryen"],"titles":["Prince","King Consort"],"father":null,"mother":null,"spouse":null,"books":[9,10,11],"povBooks":[],"show":["house-of-the-dragon"],"presence":[{"show":"house-of-the-dragon","kind":"depicted","first":"S1E1"}],"playedBy":[],"sources":[{"label":"Wiki of Westeros — Daemon Targaryen","url":"https://gameofthrones.fandom.com/wiki/Daemon_Targaryen","provider":"Wiki of Westeros","kind":"reference_page","accessed":"2026-07-10"},{"label":"An API of Ice and Fire — character 269","url":"https://anapioficeandfire.com/api/characters/269","provider":"An API of Ice and Fire","kind":"structured_database","accessed":"2026-07-10"}],"verification":"single_source_curated","image":"/images/characters/daemon-targaryen.webp","imageSource":{"provider":"Wiki of Westeros","kind":"wiki_lead_image","match":"exact_page_title","uncertain":false,"url":"https://gameofthrones.fandom.com/wiki/Daemon_Targaryen","assetUrl":"https://static.wikia.nocookie.net/gameofthrones/images/d/d5/Daemon_S3_Profile.png/revision/latest/scale-to-width-down/1066?cb=20260702220100","accessed":"2026-07-10","originalSha256":"2026782c7e1b663f603cbf2848a2b6b8fae0ac08800a44ef679ac5a79bcd8e0d","derivativeSha256":"730393804aac151cbe7e4eb3b6fded824e45c7ac382f87bb67d2bee74d715ac4","width":1200,"height":900,"presentation":"proportional_resize_with_padding"},"house":"house-targaryen","parents":["baelon-targaryen","alyssa-targaryen"],"children":["baela-targaryen","rhaena-targaryen","aegon-iii","viserys-ii"],"spouses":["laena-velaryon","rhaenyra-targaryen"],"dragon":"caraxes","era":2,"biography":"Viserys''s younger brother, warrior, dragonrider and consort to Rhaenyra.","legacyIds":["api-character-269"]}');
INSERT INTO aliases (entity_key, alias) VALUES ('character:daemon-targaryen', 'The Rogue Prince');
INSERT INTO appearances (entity_key, show_id, presence_kind, first_reference, details_json) VALUES ('character:daemon-targaryen', 'house-of-the-dragon', 'depicted', 'S1E1', '{"show":"house-of-the-dragon","kind":"depicted","first":"S1E1"}');
INSERT INTO sources (entity_key, label, url, provider, source_kind, accessed) VALUES ('character:daemon-targaryen', 'Wiki of Westeros — Daemon Targaryen', 'https://gameofthrones.fandom.com/wiki/Daemon_Targaryen', 'Wiki of Westeros', 'reference_page', '2026-07-10');
INSERT INTO sources (entity_key, label, url, provider, source_kind, accessed) VALUES ('character:daemon-targaryen', 'An API of Ice and Fire — character 269', 'https://anapioficeandfire.com/api/characters/269', 'An API of Ice and Fire', 'structured_database', '2026-07-10');
INSERT INTO media (entity_key, local_path, provider, source_page, asset_url, media_kind, uncertain, metadata_json) VALUES ('character:daemon-targaryen', '/images/characters/daemon-targaryen.webp', 'Wiki of Westeros', 'https://gameofthrones.fandom.com/wiki/Daemon_Targaryen', 'https://static.wikia.nocookie.net/gameofthrones/images/d/d5/Daemon_S3_Profile.png/revision/latest/scale-to-width-down/1066?cb=20260702220100', 'wiki_lead_image', 0, '{"provider":"Wiki of Westeros","kind":"wiki_lead_image","match":"exact_page_title","uncertain":false,"url":"https://gameofthrones.fandom.com/wiki/Daemon_Targaryen","assetUrl":"https://static.wikia.nocookie.net/gameofthrones/images/d/d5/Daemon_S3_Profile.png/revision/latest/scale-to-width-down/1066?cb=20260702220100","accessed":"2026-07-10","originalSha256":"2026782c7e1b663f603cbf2848a2b6b8fae0ac08800a44ef679ac5a79bcd8e0d","derivativeSha256":"730393804aac151cbe7e4eb3b6fded824e45c7ac382f87bb67d2bee74d715ac4","width":1200,"height":900,"presentation":"proportional_resize_with_padding"}');
INSERT INTO entities_fts (entity_key, name, aliases, type) VALUES ('character:daemon-targaryen', 'Daemon Targaryen', 'The Rogue Prince', 'character');
INSERT INTO characters (entity_key, gender, culture, born, died, actor_json, titles_json, era) VALUES ('character:daemon-targaryen', 'male', 'Valyrian', 'In 81 AC', 'In 130 AC, at the Gods Eye', '["Matt Smith"]', '["Prince","King Consort"]', 2);
INSERT INTO entities (entity_key, id, type, name, description, status, verification, raw_json) VALUES ('character:rhaenys-targaryen', 'rhaenys-targaryen', 'character', 'Rhaenys Targaryen (the Queen Who Never Was)', 'A senior Targaryen princess passed over at the Great Council and rider of Meleys.', 'dead', 'single_source_curated', '{"id":"rhaenys-targaryen","apiId":875,"name":"Rhaenys Targaryen (the Queen Who Never Was)","canonicalName":"Rhaenys Targaryen (the Queen Who Never Was)","aliases":["The Queen Who Never Was","Rhaenys Targaryen"],"actor":["Eve Best"],"gender":"female","culture":"Valyrian","born":"In 74 AC","died":"In 129 AC, at Rook''s Rest","status":"dead","houses":["house-targaryen","house-velaryon"],"titles":["Princess"],"father":null,"mother":null,"spouse":"corlys-velaryon","books":[9,10,11],"povBooks":[],"show":["house-of-the-dragon"],"presence":[{"show":"house-of-the-dragon","kind":"depicted","first":"S1E1","last":"S2E4"}],"playedBy":[],"sources":[{"label":"An API of Ice and Fire — character 875","url":"https://anapioficeandfire.com/api/characters/875","provider":"An API of Ice and Fire","kind":"structured_database","accessed":"2026-07-10"},{"label":"Wiki of Westeros — Rhaenys Targaryen","url":"https://gameofthrones.fandom.com/wiki/Rhaenys_Targaryen","provider":"Wiki of Westeros","kind":"reference_page","accessed":"2026-07-10"}],"verification":"single_source_curated","image":"/images/characters/rhaenys-targaryen.webp","imageSource":{"provider":"Wiki of Westeros","kind":"wiki_lead_image","match":"exact_page_title","uncertain":false,"url":"https://gameofthrones.fandom.com/wiki/Rhaenys_Targaryen","assetUrl":"https://static.wikia.nocookie.net/gameofthrones/images/2/21/Rhaenys_Targaryen1.png/revision/latest?cb=20171006180009","accessed":"2026-07-10","originalSha256":"d35b3e1a7751c4fb88391f799d5fd7bdefbfbbc399cfa5a1e28d0fe22b761591","derivativeSha256":"72903527b36173bb6df2b6d6ac43838875e3ee933b05f0e184c44f3a77e423f1","width":1200,"height":900,"presentation":"proportional_resize_with_padding"},"house":"house-targaryen","parents":[],"children":["laena-velaryon","laenor-velaryon"],"spouses":["corlys-velaryon"],"dragon":"meleys","era":2,"biography":"A senior Targaryen princess passed over at the Great Council and rider of Meleys.","legacyIds":["api-character-875"]}');
INSERT INTO aliases (entity_key, alias) VALUES ('character:rhaenys-targaryen', 'The Queen Who Never Was');
INSERT INTO aliases (entity_key, alias) VALUES ('character:rhaenys-targaryen', 'Rhaenys Targaryen');
INSERT INTO appearances (entity_key, show_id, presence_kind, first_reference, details_json) VALUES ('character:rhaenys-targaryen', 'house-of-the-dragon', 'depicted', 'S1E1', '{"show":"house-of-the-dragon","kind":"depicted","first":"S1E1","last":"S2E4"}');
INSERT INTO sources (entity_key, label, url, provider, source_kind, accessed) VALUES ('character:rhaenys-targaryen', 'An API of Ice and Fire — character 875', 'https://anapioficeandfire.com/api/characters/875', 'An API of Ice and Fire', 'structured_database', '2026-07-10');
INSERT INTO sources (entity_key, label, url, provider, source_kind, accessed) VALUES ('character:rhaenys-targaryen', 'Wiki of Westeros — Rhaenys Targaryen', 'https://gameofthrones.fandom.com/wiki/Rhaenys_Targaryen', 'Wiki of Westeros', 'reference_page', '2026-07-10');
INSERT INTO media (entity_key, local_path, provider, source_page, asset_url, media_kind, uncertain, metadata_json) VALUES ('character:rhaenys-targaryen', '/images/characters/rhaenys-targaryen.webp', 'Wiki of Westeros', 'https://gameofthrones.fandom.com/wiki/Rhaenys_Targaryen', 'https://static.wikia.nocookie.net/gameofthrones/images/2/21/Rhaenys_Targaryen1.png/revision/latest?cb=20171006180009', 'wiki_lead_image', 0, '{"provider":"Wiki of Westeros","kind":"wiki_lead_image","match":"exact_page_title","uncertain":false,"url":"https://gameofthrones.fandom.com/wiki/Rhaenys_Targaryen","assetUrl":"https://static.wikia.nocookie.net/gameofthrones/images/2/21/Rhaenys_Targaryen1.png/revision/latest?cb=20171006180009","accessed":"2026-07-10","originalSha256":"d35b3e1a7751c4fb88391f799d5fd7bdefbfbbc399cfa5a1e28d0fe22b761591","derivativeSha256":"72903527b36173bb6df2b6d6ac43838875e3ee933b05f0e184c44f3a77e423f1","width":1200,"height":900,"presentation":"proportional_resize_with_padding"}');
INSERT INTO entities_fts (entity_key, name, aliases, type) VALUES ('character:rhaenys-targaryen', 'Rhaenys Targaryen (the Queen Who Never Was)', 'The Queen Who Never Was Rhaenys Targaryen', 'character');
INSERT INTO characters (entity_key, gender, culture, born, died, actor_json, titles_json, era) VALUES ('character:rhaenys-targaryen', 'female', 'Valyrian', 'In 74 AC', 'In 129 AC, at Rook''s Rest', '["Eve Best"]', '["Princess"]', 2);
INSERT INTO entities (entity_key, id, type, name, description, status, verification, raw_json) VALUES ('character:aemma-arryn', 'aemma-arryn', 'character', 'Aemma Arryn', 'Viserys''s first queen and Rhaenyra''s mother.', 'dead', 'single_source_curated', '{"id":"aemma-arryn","apiId":49,"name":"Aemma Arryn","canonicalName":"Aemma Arryn","aliases":[],"actor":["Sian Brooke"],"gender":"female","culture":null,"born":"In 82 AC","died":"In 105 AC","status":"dead","houses":["house-arryn","house-targaryen"],"titles":["Queen"],"father":null,"mother":null,"spouse":null,"books":[9,10,11],"povBooks":[],"show":["house-of-the-dragon"],"presence":[{"show":"house-of-the-dragon","kind":"depicted","first":"S1E1"}],"playedBy":[],"sources":[{"label":"Wiki of Westeros — Aemma Arryn","url":"https://gameofthrones.fandom.com/wiki/Aemma_Arryn","provider":"Wiki of Westeros","kind":"reference_page","accessed":"2026-07-10"},{"label":"An API of Ice and Fire — character 49","url":"https://anapioficeandfire.com/api/characters/49","provider":"An API of Ice and Fire","kind":"structured_database","accessed":"2026-07-10"}],"verification":"single_source_curated","image":"/images/characters/aemma-arryn.webp","imageSource":{"provider":"Wiki of Westeros","kind":"wiki_lead_image","match":"exact_page_title","uncertain":false,"url":"https://gameofthrones.fandom.com/wiki/Aemma_Arryn","assetUrl":"https://static.wikia.nocookie.net/gameofthrones/images/2/28/Aemma_Arryn_Official_Guide.jpg/revision/latest?cb=20220823094427","accessed":"2026-07-10","originalSha256":"0b7f12c96d151150f53bac4508633f936ce8164639f58d7ece2499e4e51dd085","derivativeSha256":"e52600733dfbd1739be1396d75ffb6660185273eb37bb578db204400e2d9e536","width":1200,"height":900,"presentation":"proportional_resize_with_padding"},"house":"house-arryn","parents":[],"children":["rhaenyra-targaryen"],"spouses":["viserys-i"],"dragon":null,"era":2,"biography":"Viserys''s first queen and Rhaenyra''s mother.","legacyIds":["api-character-49"]}');
INSERT INTO appearances (entity_key, show_id, presence_kind, first_reference, details_json) VALUES ('character:aemma-arryn', 'house-of-the-dragon', 'depicted', 'S1E1', '{"show":"house-of-the-dragon","kind":"depicted","first":"S1E1"}');
INSERT INTO sources (entity_key, label, url, provider, source_kind, accessed) VALUES ('character:aemma-arryn', 'Wiki of Westeros — Aemma Arryn', 'https://gameofthrones.fandom.com/wiki/Aemma_Arryn', 'Wiki of Westeros', 'reference_page', '2026-07-10');
INSERT INTO sources (entity_key, label, url, provider, source_kind, accessed) VALUES ('character:aemma-arryn', 'An API of Ice and Fire — character 49', 'https://anapioficeandfire.com/api/characters/49', 'An API of Ice and Fire', 'structured_database', '2026-07-10');
INSERT INTO media (entity_key, local_path, provider, source_page, asset_url, media_kind, uncertain, metadata_json) VALUES ('character:aemma-arryn', '/images/characters/aemma-arryn.webp', 'Wiki of Westeros', 'https://gameofthrones.fandom.com/wiki/Aemma_Arryn', 'https://static.wikia.nocookie.net/gameofthrones/images/2/28/Aemma_Arryn_Official_Guide.jpg/revision/latest?cb=20220823094427', 'wiki_lead_image', 0, '{"provider":"Wiki of Westeros","kind":"wiki_lead_image","match":"exact_page_title","uncertain":false,"url":"https://gameofthrones.fandom.com/wiki/Aemma_Arryn","assetUrl":"https://static.wikia.nocookie.net/gameofthrones/images/2/28/Aemma_Arryn_Official_Guide.jpg/revision/latest?cb=20220823094427","accessed":"2026-07-10","originalSha256":"0b7f12c96d151150f53bac4508633f936ce8164639f58d7ece2499e4e51dd085","derivativeSha256":"e52600733dfbd1739be1396d75ffb6660185273eb37bb578db204400e2d9e536","width":1200,"height":900,"presentation":"proportional_resize_with_padding"}');
INSERT INTO entities_fts (entity_key, name, aliases, type) VALUES ('character:aemma-arryn', 'Aemma Arryn', '', 'character');
INSERT INTO characters (entity_key, gender, culture, born, died, actor_json, titles_json, era) VALUES ('character:aemma-arryn', 'female', NULL, 'In 82 AC', 'In 105 AC', '["Sian Brooke"]', '["Queen"]', 2);
INSERT INTO entities (entity_key, id, type, name, description, status, verification, raw_json) VALUES ('character:alicent-hightower', 'alicent-hightower', 'character', 'Alicent Hightower', 'Daughter of Otto Hightower, second wife of Viserys and leading figure of the greens.', 'alive_as_of_cutoff', 'single_source_curated', '{"id":"alicent-hightower","apiId":76,"name":"Alicent Hightower","canonicalName":"Alicent Hightower","aliases":[],"actor":["Olivia Cooke / Emily Carey"],"gender":"female","culture":null,"born":"In 88 AC","died":"In 133 AC","status":"alive_as_of_cutoff","houses":["house-hightower","house-targaryen"],"titles":["Dowager Queen"],"father":null,"mother":null,"spouse":null,"books":[9,10,11],"povBooks":[],"show":["house-of-the-dragon"],"presence":[{"show":"house-of-the-dragon","kind":"depicted","first":"S1E1"}],"playedBy":[],"sources":[{"label":"Wiki of Westeros — Alicent Hightower","url":"https://gameofthrones.fandom.com/wiki/Alicent_Hightower","provider":"Wiki of Westeros","kind":"reference_page","accessed":"2026-07-10"},{"label":"An API of Ice and Fire — character 76","url":"https://anapioficeandfire.com/api/characters/76","provider":"An API of Ice and Fire","kind":"structured_database","accessed":"2026-07-10"}],"verification":"single_source_curated","image":"/images/characters/alicent-hightower.webp","imageSource":{"provider":"Wiki of Westeros","kind":"wiki_lead_image","match":"exact_page_title","uncertain":false,"url":"https://gameofthrones.fandom.com/wiki/Alicent_Hightower","assetUrl":"https://static.wikia.nocookie.net/gameofthrones/images/1/18/AlicentASfASInfobox.PNG/revision/latest?cb=20240621112258","accessed":"2026-07-10","originalSha256":"06c520ac1e80e7dae3fcc2cf94415c7e703517ae8e2102c48fc486a43b773013","derivativeSha256":"0069b2956bf80e914c167cbf8abbf9ea236cd11dd725262cca83b06d8a90933b","width":1200,"height":900,"presentation":"proportional_resize_with_padding"},"house":"house-hightower","parents":["otto-hightower"],"children":["aegon-ii","helaena-targaryen","aemond-targaryen","daeron-targaryen"],"spouses":["viserys-i"],"dragon":null,"era":2,"biography":"Daughter of Otto Hightower, second wife of Viserys and leading figure of the greens.","legacyIds":["api-character-76"]}');
INSERT INTO appearances (entity_key, show_id, presence_kind, first_reference, details_json) VALUES ('character:alicent-hightower', 'house-of-the-dragon', 'depicted', 'S1E1', '{"show":"house-of-the-dragon","kind":"depicted","first":"S1E1"}');
INSERT INTO sources (entity_key, label, url, provider, source_kind, accessed) VALUES ('character:alicent-hightower', 'Wiki of Westeros — Alicent Hightower', 'https://gameofthrones.fandom.com/wiki/Alicent_Hightower', 'Wiki of Westeros', 'reference_page', '2026-07-10');
INSERT INTO sources (entity_key, label, url, provider, source_kind, accessed) VALUES ('character:alicent-hightower', 'An API of Ice and Fire — character 76', 'https://anapioficeandfire.com/api/characters/76', 'An API of Ice and Fire', 'structured_database', '2026-07-10');
INSERT INTO media (entity_key, local_path, provider, source_page, asset_url, media_kind, uncertain, metadata_json) VALUES ('character:alicent-hightower', '/images/characters/alicent-hightower.webp', 'Wiki of Westeros', 'https://gameofthrones.fandom.com/wiki/Alicent_Hightower', 'https://static.wikia.nocookie.net/gameofthrones/images/1/18/AlicentASfASInfobox.PNG/revision/latest?cb=20240621112258', 'wiki_lead_image', 0, '{"provider":"Wiki of Westeros","kind":"wiki_lead_image","match":"exact_page_title","uncertain":false,"url":"https://gameofthrones.fandom.com/wiki/Alicent_Hightower","assetUrl":"https://static.wikia.nocookie.net/gameofthrones/images/1/18/AlicentASfASInfobox.PNG/revision/latest?cb=20240621112258","accessed":"2026-07-10","originalSha256":"06c520ac1e80e7dae3fcc2cf94415c7e703517ae8e2102c48fc486a43b773013","derivativeSha256":"0069b2956bf80e914c167cbf8abbf9ea236cd11dd725262cca83b06d8a90933b","width":1200,"height":900,"presentation":"proportional_resize_with_padding"}');
INSERT INTO entities_fts (entity_key, name, aliases, type) VALUES ('character:alicent-hightower', 'Alicent Hightower', '', 'character');
INSERT INTO characters (entity_key, gender, culture, born, died, actor_json, titles_json, era) VALUES ('character:alicent-hightower', 'female', NULL, 'In 88 AC', 'In 133 AC', '["Olivia Cooke / Emily Carey"]', '["Dowager Queen"]', 2);
INSERT INTO entities (entity_key, id, type, name, description, status, verification, raw_json) VALUES ('character:otto-hightower', 'otto-hightower', 'character', 'Otto Hightower', 'A calculating Hand of the King and father of Alicent Hightower.', 'alive_as_of_cutoff', 'single_source_curated', '{"id":"otto-hightower","apiId":808,"name":"Otto Hightower","canonicalName":"Otto Hightower","aliases":[],"actor":["Rhys Ifans"],"gender":"male","culture":null,"born":null,"died":"In 130 AC, at King''s Landing","status":"alive_as_of_cutoff","houses":["house-hightower"],"titles":["Hand of the King"],"father":null,"mother":null,"spouse":null,"books":[3,9,10,11],"povBooks":[],"show":["house-of-the-dragon"],"presence":[{"show":"house-of-the-dragon","kind":"depicted","first":"S1E1"}],"playedBy":[],"sources":[{"label":"Wiki of Westeros — Otto Hightower","url":"https://gameofthrones.fandom.com/wiki/Otto_Hightower","provider":"Wiki of Westeros","kind":"reference_page","accessed":"2026-07-10"},{"label":"An API of Ice and Fire — character 808","url":"https://anapioficeandfire.com/api/characters/808","provider":"An API of Ice and Fire","kind":"structured_database","accessed":"2026-07-10"}],"verification":"single_source_curated","image":"/images/characters/otto-hightower.webp","imageSource":{"provider":"Wiki of Westeros","kind":"wiki_lead_image","match":"exact_page_title","uncertain":false,"url":"https://gameofthrones.fandom.com/wiki/Otto_Hightower","assetUrl":"https://static.wikia.nocookie.net/gameofthrones/images/2/2a/Otto-S2.png/revision/latest?cb=20240621093634","accessed":"2026-07-10","originalSha256":"2e28334ab8f41943bbcf3ada52d8df5e915ff65a05fd41ccba22af8efb888763","derivativeSha256":"62af61618a0a4e7b7828728c0b87f1d4e9b298b35781838f6938bbb585fa3400","width":1200,"height":900,"presentation":"proportional_resize_with_padding"},"house":"house-hightower","parents":[],"children":["alicent-hightower"],"spouses":[],"dragon":null,"era":2,"biography":"A calculating Hand of the King and father of Alicent Hightower.","legacyIds":["api-character-808"]}');
INSERT INTO appearances (entity_key, show_id, presence_kind, first_reference, details_json) VALUES ('character:otto-hightower', 'house-of-the-dragon', 'depicted', 'S1E1', '{"show":"house-of-the-dragon","kind":"depicted","first":"S1E1"}');
INSERT INTO sources (entity_key, label, url, provider, source_kind, accessed) VALUES ('character:otto-hightower', 'Wiki of Westeros — Otto Hightower', 'https://gameofthrones.fandom.com/wiki/Otto_Hightower', 'Wiki of Westeros', 'reference_page', '2026-07-10');
INSERT INTO sources (entity_key, label, url, provider, source_kind, accessed) VALUES ('character:otto-hightower', 'An API of Ice and Fire — character 808', 'https://anapioficeandfire.com/api/characters/808', 'An API of Ice and Fire', 'structured_database', '2026-07-10');
INSERT INTO media (entity_key, local_path, provider, source_page, asset_url, media_kind, uncertain, metadata_json) VALUES ('character:otto-hightower', '/images/characters/otto-hightower.webp', 'Wiki of Westeros', 'https://gameofthrones.fandom.com/wiki/Otto_Hightower', 'https://static.wikia.nocookie.net/gameofthrones/images/2/2a/Otto-S2.png/revision/latest?cb=20240621093634', 'wiki_lead_image', 0, '{"provider":"Wiki of Westeros","kind":"wiki_lead_image","match":"exact_page_title","uncertain":false,"url":"https://gameofthrones.fandom.com/wiki/Otto_Hightower","assetUrl":"https://static.wikia.nocookie.net/gameofthrones/images/2/2a/Otto-S2.png/revision/latest?cb=20240621093634","accessed":"2026-07-10","originalSha256":"2e28334ab8f41943bbcf3ada52d8df5e915ff65a05fd41ccba22af8efb888763","derivativeSha256":"62af61618a0a4e7b7828728c0b87f1d4e9b298b35781838f6938bbb585fa3400","width":1200,"height":900,"presentation":"proportional_resize_with_padding"}');
INSERT INTO entities_fts (entity_key, name, aliases, type) VALUES ('character:otto-hightower', 'Otto Hightower', '', 'character');
INSERT INTO characters (entity_key, gender, culture, born, died, actor_json, titles_json, era) VALUES ('character:otto-hightower', 'male', NULL, NULL, 'In 130 AC, at King''s Landing', '["Rhys Ifans"]', '["Hand of the King"]', 2);
INSERT INTO entities (entity_key, id, type, name, description, status, verification, raw_json) VALUES ('character:rhaenyra-targaryen', 'rhaenyra-targaryen', 'character', 'Rhaenyra Targaryen', 'Viserys''s named heir and leader of the blacks in the Targaryen civil war.', 'alive_as_of_cutoff', 'single_source_curated', '{"id":"rhaenyra-targaryen","apiId":874,"name":"Rhaenyra Targaryen","canonicalName":"Rhaenyra Targaryen","aliases":["The Realm''s Delight"],"actor":["Emma D''Arcy / Milly Alcock"],"gender":"female","culture":"Valyrian","born":"In 97 AC","died":"In 130 AC, at Dragonstone","status":"alive_as_of_cutoff","houses":["house-targaryen"],"titles":["Queen","Princess of Dragonstone"],"father":null,"mother":null,"spouse":"laenor-velaryon","books":[3,4,5,8,9,10,11],"povBooks":[],"show":["house-of-the-dragon"],"presence":[{"show":"house-of-the-dragon","kind":"depicted","first":"S1E1"}],"playedBy":[],"sources":[{"label":"Wiki of Westeros — Rhaenyra Targaryen","url":"https://gameofthrones.fandom.com/wiki/Rhaenyra_Targaryen","provider":"Wiki of Westeros","kind":"reference_page","accessed":"2026-07-10"},{"label":"An API of Ice and Fire — character 874","url":"https://anapioficeandfire.com/api/characters/874","provider":"An API of Ice and Fire","kind":"structured_database","accessed":"2026-07-10"}],"verification":"single_source_curated","image":"/images/characters/rhaenyra-targaryen.webp","imageSource":{"provider":"Wiki of Westeros","kind":"wiki_lead_image","match":"exact_page_title","uncertain":false,"url":"https://gameofthrones.fandom.com/wiki/Rhaenyra_Targaryen","assetUrl":"https://static.wikia.nocookie.net/gameofthrones/images/4/40/303_Queen_Rhaenyra.jpg/revision/latest?cb=20260630205524","accessed":"2026-07-10","originalSha256":"2fb5821a1640d5dcb745df7f8f204ed24be2bfb2b43ee03ddb0949b38e3a7881","derivativeSha256":"ef8e6fa2013f1ff0ee3653126cc23c156b15e6abf5fa523c9844172c1c59ae01","width":1200,"height":900,"presentation":"proportional_resize_with_padding"},"house":"house-targaryen","parents":["viserys-i","aemma-arryn"],"children":["jacaerys-velaryon","lucerys-velaryon","joffrey-velaryon","aegon-iii","viserys-ii"],"spouses":["laenor-velaryon","daemon-targaryen"],"dragon":"syrax","era":3,"biography":"Viserys''s named heir and leader of the blacks in the Targaryen civil war.","legacyIds":["api-character-874"]}');
INSERT INTO aliases (entity_key, alias) VALUES ('character:rhaenyra-targaryen', 'The Realm''s Delight');
INSERT INTO appearances (entity_key, show_id, presence_kind, first_reference, details_json) VALUES ('character:rhaenyra-targaryen', 'house-of-the-dragon', 'depicted', 'S1E1', '{"show":"house-of-the-dragon","kind":"depicted","first":"S1E1"}');
INSERT INTO sources (entity_key, label, url, provider, source_kind, accessed) VALUES ('character:rhaenyra-targaryen', 'Wiki of Westeros — Rhaenyra Targaryen', 'https://gameofthrones.fandom.com/wiki/Rhaenyra_Targaryen', 'Wiki of Westeros', 'reference_page', '2026-07-10');
INSERT INTO sources (entity_key, label, url, provider, source_kind, accessed) VALUES ('character:rhaenyra-targaryen', 'An API of Ice and Fire — character 874', 'https://anapioficeandfire.com/api/characters/874', 'An API of Ice and Fire', 'structured_database', '2026-07-10');
INSERT INTO media (entity_key, local_path, provider, source_page, asset_url, media_kind, uncertain, metadata_json) VALUES ('character:rhaenyra-targaryen', '/images/characters/rhaenyra-targaryen.webp', 'Wiki of Westeros', 'https://gameofthrones.fandom.com/wiki/Rhaenyra_Targaryen', 'https://static.wikia.nocookie.net/gameofthrones/images/4/40/303_Queen_Rhaenyra.jpg/revision/latest?cb=20260630205524', 'wiki_lead_image', 0, '{"provider":"Wiki of Westeros","kind":"wiki_lead_image","match":"exact_page_title","uncertain":false,"url":"https://gameofthrones.fandom.com/wiki/Rhaenyra_Targaryen","assetUrl":"https://static.wikia.nocookie.net/gameofthrones/images/4/40/303_Queen_Rhaenyra.jpg/revision/latest?cb=20260630205524","accessed":"2026-07-10","originalSha256":"2fb5821a1640d5dcb745df7f8f204ed24be2bfb2b43ee03ddb0949b38e3a7881","derivativeSha256":"ef8e6fa2013f1ff0ee3653126cc23c156b15e6abf5fa523c9844172c1c59ae01","width":1200,"height":900,"presentation":"proportional_resize_with_padding"}');
INSERT INTO entities_fts (entity_key, name, aliases, type) VALUES ('character:rhaenyra-targaryen', 'Rhaenyra Targaryen', 'The Realm''s Delight', 'character');
INSERT INTO characters (entity_key, gender, culture, born, died, actor_json, titles_json, era) VALUES ('character:rhaenyra-targaryen', 'female', 'Valyrian', 'In 97 AC', 'In 130 AC, at Dragonstone', '["Emma D''Arcy / Milly Alcock"]', '["Queen","Princess of Dragonstone"]', 3);
INSERT INTO entities (entity_key, id, type, name, description, status, verification, raw_json) VALUES ('character:corlys-velaryon', 'corlys-velaryon', 'character', 'Corlys Velaryon', 'Head of House Velaryon, renowned seafarer and husband of Rhaenys.', 'alive_as_of_cutoff', 'single_source_curated', '{"id":"corlys-velaryon","apiId":253,"name":"Corlys Velaryon","canonicalName":"Corlys Velaryon","aliases":["The Sea Snake"],"actor":["Steve Toussaint"],"gender":"male","culture":"Valyrian","born":"In 53 AC","died":"In 132 AC","status":"alive_as_of_cutoff","houses":["house-velaryon"],"titles":["Lord of the Tides"],"father":null,"mother":null,"spouse":"rhaenys-targaryen","books":[9,10,11],"povBooks":[],"show":["house-of-the-dragon"],"presence":[{"show":"house-of-the-dragon","kind":"depicted","first":"S1E1"}],"playedBy":[],"sources":[{"label":"Wiki of Westeros — Corlys Velaryon","url":"https://gameofthrones.fandom.com/wiki/Corlys_Velaryon","provider":"Wiki of Westeros","kind":"reference_page","accessed":"2026-07-10"},{"label":"An API of Ice and Fire — character 253","url":"https://anapioficeandfire.com/api/characters/253","provider":"An API of Ice and Fire","kind":"structured_database","accessed":"2026-07-10"}],"verification":"single_source_curated","image":"/images/characters/corlys-velaryon.webp","imageSource":{"provider":"Wiki of Westeros","kind":"wiki_lead_image","match":"exact_page_title","uncertain":false,"url":"https://gameofthrones.fandom.com/wiki/Corlys_Velaryon","assetUrl":"https://static.wikia.nocookie.net/gameofthrones/images/5/5a/Corlys_Velaryon_S2.jpg/revision/latest/scale-to-width-down/1066?cb=20240606091353","accessed":"2026-07-10","originalSha256":"121ba81b63f0e013a71c4bd93ea774b4135407335905f8d0f1b244b57815faea","derivativeSha256":"0d6adb3f50e5a07e486f4611cd1d3fb8cfca55daddbd1f8d95afcf92f9bd735c","width":1200,"height":900,"presentation":"proportional_resize_with_padding"},"house":"house-velaryon","parents":[],"children":["laena-velaryon","laenor-velaryon"],"spouses":["rhaenys-targaryen"],"dragon":null,"era":2,"biography":"Head of House Velaryon, renowned seafarer and husband of Rhaenys.","legacyIds":["api-character-253"]}');
INSERT INTO aliases (entity_key, alias) VALUES ('character:corlys-velaryon', 'The Sea Snake');
INSERT INTO appearances (entity_key, show_id, presence_kind, first_reference, details_json) VALUES ('character:corlys-velaryon', 'house-of-the-dragon', 'depicted', 'S1E1', '{"show":"house-of-the-dragon","kind":"depicted","first":"S1E1"}');
INSERT INTO sources (entity_key, label, url, provider, source_kind, accessed) VALUES ('character:corlys-velaryon', 'Wiki of Westeros — Corlys Velaryon', 'https://gameofthrones.fandom.com/wiki/Corlys_Velaryon', 'Wiki of Westeros', 'reference_page', '2026-07-10');
INSERT INTO sources (entity_key, label, url, provider, source_kind, accessed) VALUES ('character:corlys-velaryon', 'An API of Ice and Fire — character 253', 'https://anapioficeandfire.com/api/characters/253', 'An API of Ice and Fire', 'structured_database', '2026-07-10');
INSERT INTO media (entity_key, local_path, provider, source_page, asset_url, media_kind, uncertain, metadata_json) VALUES ('character:corlys-velaryon', '/images/characters/corlys-velaryon.webp', 'Wiki of Westeros', 'https://gameofthrones.fandom.com/wiki/Corlys_Velaryon', 'https://static.wikia.nocookie.net/gameofthrones/images/5/5a/Corlys_Velaryon_S2.jpg/revision/latest/scale-to-width-down/1066?cb=20240606091353', 'wiki_lead_image', 0, '{"provider":"Wiki of Westeros","kind":"wiki_lead_image","match":"exact_page_title","uncertain":false,"url":"https://gameofthrones.fandom.com/wiki/Corlys_Velaryon","assetUrl":"https://static.wikia.nocookie.net/gameofthrones/images/5/5a/Corlys_Velaryon_S2.jpg/revision/latest/scale-to-width-down/1066?cb=20240606091353","accessed":"2026-07-10","originalSha256":"121ba81b63f0e013a71c4bd93ea774b4135407335905f8d0f1b244b57815faea","derivativeSha256":"0d6adb3f50e5a07e486f4611cd1d3fb8cfca55daddbd1f8d95afcf92f9bd735c","width":1200,"height":900,"presentation":"proportional_resize_with_padding"}');
INSERT INTO entities_fts (entity_key, name, aliases, type) VALUES ('character:corlys-velaryon', 'Corlys Velaryon', 'The Sea Snake', 'character');
INSERT INTO characters (entity_key, gender, culture, born, died, actor_json, titles_json, era) VALUES ('character:corlys-velaryon', 'male', 'Valyrian', 'In 53 AC', 'In 132 AC', '["Steve Toussaint"]', '["Lord of the Tides"]', 2);
INSERT INTO entities (entity_key, id, type, name, description, status, verification, raw_json) VALUES ('character:laena-velaryon', 'laena-velaryon', 'character', 'Laena Velaryon', 'Daughter of Corlys and Rhaenys, wife of Daemon and rider of Vhagar.', 'dead', 'single_source_curated', '{"id":"laena-velaryon","apiId":610,"name":"Laena Velaryon","canonicalName":"Laena Velaryon","aliases":[],"actor":["Nanna Blondell / Savannah Steyn / Nova Foueillis-Mosé"],"gender":"female","culture":"Valyrian","born":"In 93 AC","died":"In 120 AC, at Driftmark","status":"dead","houses":["house-targaryen","house-velaryon"],"titles":["Lady"],"father":null,"mother":null,"spouse":"daemon-targaryen","books":[9,10,11],"povBooks":[],"show":["house-of-the-dragon"],"presence":[{"show":"house-of-the-dragon","kind":"depicted","first":"S1E1","last":"S1E6"}],"playedBy":[],"sources":[{"label":"Wiki of Westeros — Laena Velaryon","url":"https://gameofthrones.fandom.com/wiki/Laena_Velaryon","provider":"Wiki of Westeros","kind":"reference_page","accessed":"2026-07-10"},{"label":"An API of Ice and Fire — character 610","url":"https://anapioficeandfire.com/api/characters/610","provider":"An API of Ice and Fire","kind":"structured_database","accessed":"2026-07-10"}],"verification":"single_source_curated","image":"/images/characters/laena-velaryon.webp","imageSource":{"provider":"Wiki of Westeros","kind":"wiki_lead_image","match":"exact_page_title","uncertain":false,"url":"https://gameofthrones.fandom.com/wiki/Laena_Velaryon","assetUrl":"https://static.wikia.nocookie.net/gameofthrones/images/a/ab/Laena_Velaryon_Official_Guide_3.jpg/revision/latest?cb=20220926034616","accessed":"2026-07-10","originalSha256":"6d2787f0c4acac93fded77a35e64fb3e31ac2ebebdd1d57b3e6431aebe82eb4b","derivativeSha256":"22cc4f9f3f7397b08bdc0d47c583d8669a973d10cf26613a4290077a6bf5add0","width":1200,"height":900,"presentation":"proportional_resize_with_padding"},"house":"house-velaryon","parents":["corlys-velaryon","rhaenys-targaryen"],"children":["baela-targaryen","rhaena-targaryen"],"spouses":["daemon-targaryen"],"dragon":"vhagar","era":2,"biography":"Daughter of Corlys and Rhaenys, wife of Daemon and rider of Vhagar.","legacyIds":["api-character-610"]}');
INSERT INTO appearances (entity_key, show_id, presence_kind, first_reference, details_json) VALUES ('character:laena-velaryon', 'house-of-the-dragon', 'depicted', 'S1E1', '{"show":"house-of-the-dragon","kind":"depicted","first":"S1E1","last":"S1E6"}');
INSERT INTO sources (entity_key, label, url, provider, source_kind, accessed) VALUES ('character:laena-velaryon', 'Wiki of Westeros — Laena Velaryon', 'https://gameofthrones.fandom.com/wiki/Laena_Velaryon', 'Wiki of Westeros', 'reference_page', '2026-07-10');
INSERT INTO sources (entity_key, label, url, provider, source_kind, accessed) VALUES ('character:laena-velaryon', 'An API of Ice and Fire — character 610', 'https://anapioficeandfire.com/api/characters/610', 'An API of Ice and Fire', 'structured_database', '2026-07-10');
INSERT INTO media (entity_key, local_path, provider, source_page, asset_url, media_kind, uncertain, metadata_json) VALUES ('character:laena-velaryon', '/images/characters/laena-velaryon.webp', 'Wiki of Westeros', 'https://gameofthrones.fandom.com/wiki/Laena_Velaryon', 'https://static.wikia.nocookie.net/gameofthrones/images/a/ab/Laena_Velaryon_Official_Guide_3.jpg/revision/latest?cb=20220926034616', 'wiki_lead_image', 0, '{"provider":"Wiki of Westeros","kind":"wiki_lead_image","match":"exact_page_title","uncertain":false,"url":"https://gameofthrones.fandom.com/wiki/Laena_Velaryon","assetUrl":"https://static.wikia.nocookie.net/gameofthrones/images/a/ab/Laena_Velaryon_Official_Guide_3.jpg/revision/latest?cb=20220926034616","accessed":"2026-07-10","originalSha256":"6d2787f0c4acac93fded77a35e64fb3e31ac2ebebdd1d57b3e6431aebe82eb4b","derivativeSha256":"22cc4f9f3f7397b08bdc0d47c583d8669a973d10cf26613a4290077a6bf5add0","width":1200,"height":900,"presentation":"proportional_resize_with_padding"}');
INSERT INTO entities_fts (entity_key, name, aliases, type) VALUES ('character:laena-velaryon', 'Laena Velaryon', '', 'character');
INSERT INTO characters (entity_key, gender, culture, born, died, actor_json, titles_json, era) VALUES ('character:laena-velaryon', 'female', 'Valyrian', 'In 93 AC', 'In 120 AC, at Driftmark', '["Nanna Blondell / Savannah Steyn / Nova Foueillis-Mosé"]', '["Lady"]', 2);
INSERT INTO entities (entity_key, id, type, name, description, status, verification, raw_json) VALUES ('character:laenor-velaryon', 'laenor-velaryon', 'character', 'Laenor Velaryon', 'Rhaenyra''s first husband and Seasmoke''s first known rider in the series.', 'alive', 'single_source_curated', '{"id":"laenor-velaryon","apiId":611,"name":"Laenor Velaryon","canonicalName":"Laenor Velaryon.","aliases":[],"actor":["John Macmillan / Theo Nate / Matthew Carver"],"gender":"male","culture":"Valyrian","born":"In 94 AC","died":"In 120 AC, at Spicetown","status":"alive","houses":["house-targaryen","house-velaryon"],"titles":["Ser"],"father":null,"mother":null,"spouse":"rhaenyra-targaryen","books":[9,10,11],"povBooks":[],"show":["house-of-the-dragon"],"presence":[{"show":"house-of-the-dragon","kind":"depicted","first":"S1E1","last":"S1E7"}],"playedBy":[],"sources":[{"label":"An API of Ice and Fire — character 611","url":"https://anapioficeandfire.com/api/characters/611","provider":"An API of Ice and Fire","kind":"structured_database","accessed":"2026-07-10"},{"label":"Wiki of Westeros — Laenor Velaryon","url":"https://gameofthrones.fandom.com/wiki/Laenor_Velaryon","provider":"Wiki of Westeros","kind":"reference_page","accessed":"2026-07-10"}],"verification":"single_source_curated","image":"/images/characters/laenor-velaryon.webp","imageSource":{"provider":"Wiki of Westeros","kind":"wiki_lead_image","match":"exact_page_title","uncertain":false,"url":"https://gameofthrones.fandom.com/wiki/Laenor_Velaryon","assetUrl":"https://static.wikia.nocookie.net/gameofthrones/images/5/50/Laenor_Velaryon_Official_Guide_3.jpg/revision/latest?cb=20220926034629","accessed":"2026-07-10","originalSha256":"f94e8ff6a30db6aa09f883bee62187d4f77f85ee1e71ae9f5a8768246e092d8c","derivativeSha256":"5a0309609e3037db55018093f31bfadcd7cb77c841e82792f97d6e9e9e6275cd","width":1200,"height":900,"presentation":"proportional_resize_with_padding"},"house":"house-velaryon","parents":["corlys-velaryon","rhaenys-targaryen"],"children":[],"spouses":["rhaenyra-targaryen"],"dragon":"seasmoke","era":2,"biography":"Rhaenyra''s first husband and Seasmoke''s first known rider in the series.","legacyIds":["api-character-611"]}');
INSERT INTO appearances (entity_key, show_id, presence_kind, first_reference, details_json) VALUES ('character:laenor-velaryon', 'house-of-the-dragon', 'depicted', 'S1E1', '{"show":"house-of-the-dragon","kind":"depicted","first":"S1E1","last":"S1E7"}');
INSERT INTO sources (entity_key, label, url, provider, source_kind, accessed) VALUES ('character:laenor-velaryon', 'An API of Ice and Fire — character 611', 'https://anapioficeandfire.com/api/characters/611', 'An API of Ice and Fire', 'structured_database', '2026-07-10');
INSERT INTO sources (entity_key, label, url, provider, source_kind, accessed) VALUES ('character:laenor-velaryon', 'Wiki of Westeros — Laenor Velaryon', 'https://gameofthrones.fandom.com/wiki/Laenor_Velaryon', 'Wiki of Westeros', 'reference_page', '2026-07-10');
INSERT INTO media (entity_key, local_path, provider, source_page, asset_url, media_kind, uncertain, metadata_json) VALUES ('character:laenor-velaryon', '/images/characters/laenor-velaryon.webp', 'Wiki of Westeros', 'https://gameofthrones.fandom.com/wiki/Laenor_Velaryon', 'https://static.wikia.nocookie.net/gameofthrones/images/5/50/Laenor_Velaryon_Official_Guide_3.jpg/revision/latest?cb=20220926034629', 'wiki_lead_image', 0, '{"provider":"Wiki of Westeros","kind":"wiki_lead_image","match":"exact_page_title","uncertain":false,"url":"https://gameofthrones.fandom.com/wiki/Laenor_Velaryon","assetUrl":"https://static.wikia.nocookie.net/gameofthrones/images/5/50/Laenor_Velaryon_Official_Guide_3.jpg/revision/latest?cb=20220926034629","accessed":"2026-07-10","originalSha256":"f94e8ff6a30db6aa09f883bee62187d4f77f85ee1e71ae9f5a8768246e092d8c","derivativeSha256":"5a0309609e3037db55018093f31bfadcd7cb77c841e82792f97d6e9e9e6275cd","width":1200,"height":900,"presentation":"proportional_resize_with_padding"}');
INSERT INTO entities_fts (entity_key, name, aliases, type) VALUES ('character:laenor-velaryon', 'Laenor Velaryon', '', 'character');
INSERT INTO characters (entity_key, gender, culture, born, died, actor_json, titles_json, era) VALUES ('character:laenor-velaryon', 'male', 'Valyrian', 'In 94 AC', 'In 120 AC, at Spicetown', '["John Macmillan / Theo Nate / Matthew Carver"]', '["Ser"]', 2);
INSERT INTO entities (entity_key, id, type, name, description, status, verification, raw_json) VALUES ('character:harwin-strong', 'harwin-strong', 'character', 'Harwin Strong', 'Commander of the City Watch and biological father of Rhaenyra''s three eldest sons.', 'dead', 'single_source_curated', '{"id":"harwin-strong","apiId":481,"name":"Harwin Strong","canonicalName":"Harwin Strong","aliases":["Breakbones"],"actor":["Ryan Corr"],"gender":"male","culture":null,"born":"In 90 AC or before","died":"In 120 AC, at Harrenhal","status":"dead","houses":["house-strong"],"titles":["Ser"],"father":null,"mother":null,"spouse":null,"books":[9,10,11],"povBooks":[],"show":["house-of-the-dragon"],"presence":[{"show":"house-of-the-dragon","kind":"depicted","first":"S1E3","last":"S1E6"}],"playedBy":[],"sources":[{"label":"Wiki of Westeros — Harwin Strong","url":"https://gameofthrones.fandom.com/wiki/Harwin_Strong","provider":"Wiki of Westeros","kind":"reference_page","accessed":"2026-07-10"},{"label":"An API of Ice and Fire — character 481","url":"https://anapioficeandfire.com/api/characters/481","provider":"An API of Ice and Fire","kind":"structured_database","accessed":"2026-07-10"}],"verification":"single_source_curated","image":"/images/characters/harwin-strong.webp","imageSource":{"provider":"Wiki of Westeros","kind":"wiki_lead_image","match":"exact_page_title","uncertain":false,"url":"https://gameofthrones.fandom.com/wiki/Harwin_Strong","assetUrl":"https://static.wikia.nocookie.net/gameofthrones/images/d/d6/Harwin_Strong_Official_Guide.jpg/revision/latest?cb=20220905145340","accessed":"2026-07-10","originalSha256":"cea816e370a9148a5961ee89e12f9c063f50ff5aeffee7128752d06670a62ccb","derivativeSha256":"78ad34dca929b5d7093722996a13c90810e944e54f3a0c3eb935f40d7f44b4d6","width":1200,"height":900,"presentation":"proportional_resize_with_padding"},"house":"house-strong","parents":[],"children":["jacaerys-velaryon","lucerys-velaryon","joffrey-velaryon"],"spouses":[],"dragon":null,"era":3,"biography":"Commander of the City Watch and biological father of Rhaenyra''s three eldest sons.","legacyIds":["api-character-481"]}');
INSERT INTO aliases (entity_key, alias) VALUES ('character:harwin-strong', 'Breakbones');
INSERT INTO appearances (entity_key, show_id, presence_kind, first_reference, details_json) VALUES ('character:harwin-strong', 'house-of-the-dragon', 'depicted', 'S1E3', '{"show":"house-of-the-dragon","kind":"depicted","first":"S1E3","last":"S1E6"}');
INSERT INTO sources (entity_key, label, url, provider, source_kind, accessed) VALUES ('character:harwin-strong', 'Wiki of Westeros — Harwin Strong', 'https://gameofthrones.fandom.com/wiki/Harwin_Strong', 'Wiki of Westeros', 'reference_page', '2026-07-10');
INSERT INTO sources (entity_key, label, url, provider, source_kind, accessed) VALUES ('character:harwin-strong', 'An API of Ice and Fire — character 481', 'https://anapioficeandfire.com/api/characters/481', 'An API of Ice and Fire', 'structured_database', '2026-07-10');
INSERT INTO media (entity_key, local_path, provider, source_page, asset_url, media_kind, uncertain, metadata_json) VALUES ('character:harwin-strong', '/images/characters/harwin-strong.webp', 'Wiki of Westeros', 'https://gameofthrones.fandom.com/wiki/Harwin_Strong', 'https://static.wikia.nocookie.net/gameofthrones/images/d/d6/Harwin_Strong_Official_Guide.jpg/revision/latest?cb=20220905145340', 'wiki_lead_image', 0, '{"provider":"Wiki of Westeros","kind":"wiki_lead_image","match":"exact_page_title","uncertain":false,"url":"https://gameofthrones.fandom.com/wiki/Harwin_Strong","assetUrl":"https://static.wikia.nocookie.net/gameofthrones/images/d/d6/Harwin_Strong_Official_Guide.jpg/revision/latest?cb=20220905145340","accessed":"2026-07-10","originalSha256":"cea816e370a9148a5961ee89e12f9c063f50ff5aeffee7128752d06670a62ccb","derivativeSha256":"78ad34dca929b5d7093722996a13c90810e944e54f3a0c3eb935f40d7f44b4d6","width":1200,"height":900,"presentation":"proportional_resize_with_padding"}');
INSERT INTO entities_fts (entity_key, name, aliases, type) VALUES ('character:harwin-strong', 'Harwin Strong', 'Breakbones', 'character');
INSERT INTO characters (entity_key, gender, culture, born, died, actor_json, titles_json, era) VALUES ('character:harwin-strong', 'male', NULL, 'In 90 AC or before', 'In 120 AC, at Harrenhal', '["Ryan Corr"]', '["Ser"]', 3);
INSERT INTO entities (entity_key, id, type, name, description, status, verification, raw_json) VALUES ('character:jacaerys-velaryon', 'jacaerys-velaryon', 'character', 'Jacaerys Velaryon', 'Rhaenyra''s eldest son and heir, bonded to Vermax.', 'alive_as_of_cutoff', 'single_source_curated', '{"id":"jacaerys-velaryon","name":"Jacaerys Velaryon","aliases":["Jace"],"actor":["Harry Collett / Leo Hart"],"gender":"male","status":"alive_as_of_cutoff","house":"house-targaryen","titles":["Prince"],"parents":["rhaenyra-targaryen","harwin-strong"],"children":[],"spouses":[],"dragon":"vermax","show":["house-of-the-dragon"],"presence":[{"show":"house-of-the-dragon","kind":"depicted","first":"S1E6"}],"era":3,"biography":"Rhaenyra''s eldest son and heir, bonded to Vermax.","sources":[{"label":"Wiki of Westeros — Jacaerys Velaryon","url":"https://gameofthrones.fandom.com/wiki/Jacaerys_Velaryon","provider":"Wiki of Westeros","kind":"reference_page","accessed":"2026-07-10"}],"verification":"single_source_curated","image":"/images/characters/jacaerys-velaryon.webp","imageSource":{"provider":"Wiki of Westeros","kind":"wiki_lead_image","match":"exact_page_title","uncertain":false,"url":"https://gameofthrones.fandom.com/wiki/Jacaerys_Velaryon","assetUrl":"https://static.wikia.nocookie.net/gameofthrones/images/5/5f/Jacaerys-206.jpeg/revision/latest?cb=20240719110656","accessed":"2026-07-10","originalSha256":"e7c5829f1ad7fa0c968a5570bf229ff0b8a508ae861a33df142fc5644782d4c4","derivativeSha256":"d2214ae886ce97fb37c3cf8038e02db7a5cd09b0f25659cd1112bf9eb5db278a","width":1200,"height":900,"presentation":"proportional_resize_with_padding"},"apiId":null,"houses":["house-targaryen"],"legacyIds":[],"father":null,"mother":null,"spouse":null}');
INSERT INTO aliases (entity_key, alias) VALUES ('character:jacaerys-velaryon', 'Jace');
INSERT INTO appearances (entity_key, show_id, presence_kind, first_reference, details_json) VALUES ('character:jacaerys-velaryon', 'house-of-the-dragon', 'depicted', 'S1E6', '{"show":"house-of-the-dragon","kind":"depicted","first":"S1E6"}');
INSERT INTO sources (entity_key, label, url, provider, source_kind, accessed) VALUES ('character:jacaerys-velaryon', 'Wiki of Westeros — Jacaerys Velaryon', 'https://gameofthrones.fandom.com/wiki/Jacaerys_Velaryon', 'Wiki of Westeros', 'reference_page', '2026-07-10');
INSERT INTO media (entity_key, local_path, provider, source_page, asset_url, media_kind, uncertain, metadata_json) VALUES ('character:jacaerys-velaryon', '/images/characters/jacaerys-velaryon.webp', 'Wiki of Westeros', 'https://gameofthrones.fandom.com/wiki/Jacaerys_Velaryon', 'https://static.wikia.nocookie.net/gameofthrones/images/5/5f/Jacaerys-206.jpeg/revision/latest?cb=20240719110656', 'wiki_lead_image', 0, '{"provider":"Wiki of Westeros","kind":"wiki_lead_image","match":"exact_page_title","uncertain":false,"url":"https://gameofthrones.fandom.com/wiki/Jacaerys_Velaryon","assetUrl":"https://static.wikia.nocookie.net/gameofthrones/images/5/5f/Jacaerys-206.jpeg/revision/latest?cb=20240719110656","accessed":"2026-07-10","originalSha256":"e7c5829f1ad7fa0c968a5570bf229ff0b8a508ae861a33df142fc5644782d4c4","derivativeSha256":"d2214ae886ce97fb37c3cf8038e02db7a5cd09b0f25659cd1112bf9eb5db278a","width":1200,"height":900,"presentation":"proportional_resize_with_padding"}');
INSERT INTO entities_fts (entity_key, name, aliases, type) VALUES ('character:jacaerys-velaryon', 'Jacaerys Velaryon', 'Jace', 'character');
INSERT INTO characters (entity_key, gender, culture, born, died, actor_json, titles_json, era) VALUES ('character:jacaerys-velaryon', 'male', NULL, NULL, NULL, '["Harry Collett / Leo Hart"]', '["Prince"]', 3);
INSERT INTO entities (entity_key, id, type, name, description, status, verification, raw_json) VALUES ('character:lucerys-velaryon', 'lucerys-velaryon', 'character', 'Lucerys Velaryon', 'Rhaenyra''s second son, killed with Arrax above Shipbreaker Bay.', 'dead', 'single_source_curated', '{"id":"lucerys-velaryon","name":"Lucerys Velaryon","aliases":["Luke"],"actor":["Elliot Grihault / Harvey Sadler"],"gender":"male","status":"dead","house":"house-targaryen","titles":["Prince"],"parents":["rhaenyra-targaryen","harwin-strong"],"children":[],"spouses":[],"dragon":"arrax","show":["house-of-the-dragon"],"presence":[{"show":"house-of-the-dragon","kind":"depicted","first":"S1E6","last":"S1E10"}],"era":3,"biography":"Rhaenyra''s second son, killed with Arrax above Shipbreaker Bay.","sources":[{"label":"Wiki of Westeros — Lucerys Velaryon","url":"https://gameofthrones.fandom.com/wiki/Lucerys_Velaryon","provider":"Wiki of Westeros","kind":"reference_page","accessed":"2026-07-10"}],"verification":"single_source_curated","image":"/images/characters/lucerys-velaryon.webp","imageSource":{"provider":"Wiki of Westeros","kind":"wiki_lead_image","match":"exact_page_title","uncertain":false,"url":"https://gameofthrones.fandom.com/wiki/Lucerys_Velaryon","assetUrl":"https://static.wikia.nocookie.net/gameofthrones/images/3/32/Lucerys_Velaryon_Official_Guide_2.jpg/revision/latest?cb=20221010040909","accessed":"2026-07-10","originalSha256":"07b5bb1da8c58bb95367b595865faa00ad2f27ea5349600552b2463d50e0c7fc","derivativeSha256":"309df0eec2f93a93148f149e600ae6a8e8fbbfe23819237ed71eb63d15599a3f","width":1200,"height":900,"presentation":"proportional_resize_with_padding"},"apiId":null,"houses":["house-targaryen"],"legacyIds":[],"father":null,"mother":null,"spouse":null}');
INSERT INTO aliases (entity_key, alias) VALUES ('character:lucerys-velaryon', 'Luke');
INSERT INTO appearances (entity_key, show_id, presence_kind, first_reference, details_json) VALUES ('character:lucerys-velaryon', 'house-of-the-dragon', 'depicted', 'S1E6', '{"show":"house-of-the-dragon","kind":"depicted","first":"S1E6","last":"S1E10"}');
INSERT INTO sources (entity_key, label, url, provider, source_kind, accessed) VALUES ('character:lucerys-velaryon', 'Wiki of Westeros — Lucerys Velaryon', 'https://gameofthrones.fandom.com/wiki/Lucerys_Velaryon', 'Wiki of Westeros', 'reference_page', '2026-07-10');
INSERT INTO media (entity_key, local_path, provider, source_page, asset_url, media_kind, uncertain, metadata_json) VALUES ('character:lucerys-velaryon', '/images/characters/lucerys-velaryon.webp', 'Wiki of Westeros', 'https://gameofthrones.fandom.com/wiki/Lucerys_Velaryon', 'https://static.wikia.nocookie.net/gameofthrones/images/3/32/Lucerys_Velaryon_Official_Guide_2.jpg/revision/latest?cb=20221010040909', 'wiki_lead_image', 0, '{"provider":"Wiki of Westeros","kind":"wiki_lead_image","match":"exact_page_title","uncertain":false,"url":"https://gameofthrones.fandom.com/wiki/Lucerys_Velaryon","assetUrl":"https://static.wikia.nocookie.net/gameofthrones/images/3/32/Lucerys_Velaryon_Official_Guide_2.jpg/revision/latest?cb=20221010040909","accessed":"2026-07-10","originalSha256":"07b5bb1da8c58bb95367b595865faa00ad2f27ea5349600552b2463d50e0c7fc","derivativeSha256":"309df0eec2f93a93148f149e600ae6a8e8fbbfe23819237ed71eb63d15599a3f","width":1200,"height":900,"presentation":"proportional_resize_with_padding"}');
INSERT INTO entities_fts (entity_key, name, aliases, type) VALUES ('character:lucerys-velaryon', 'Lucerys Velaryon', 'Luke', 'character');
INSERT INTO characters (entity_key, gender, culture, born, died, actor_json, titles_json, era) VALUES ('character:lucerys-velaryon', 'male', NULL, NULL, NULL, '["Elliot Grihault / Harvey Sadler"]', '["Prince"]', 3);
INSERT INTO entities (entity_key, id, type, name, description, status, verification, raw_json) VALUES ('character:joffrey-velaryon', 'joffrey-velaryon', 'character', 'Joffrey Velaryon', 'Youngest of Rhaenyra''s three sons born during her marriage to Laenor.', 'alive_as_of_cutoff', 'single_source_curated', '{"id":"joffrey-velaryon","name":"Joffrey Velaryon","aliases":[],"actor":["Oscar Eskinazi"],"gender":"male","status":"alive_as_of_cutoff","house":"house-targaryen","titles":["Prince"],"parents":["rhaenyra-targaryen","harwin-strong"],"children":[],"spouses":[],"dragon":"tyraxes","show":["house-of-the-dragon"],"presence":[{"show":"house-of-the-dragon","kind":"depicted","first":"S1E6"}],"era":3,"biography":"Youngest of Rhaenyra''s three sons born during her marriage to Laenor.","sources":[{"label":"Wiki of Westeros — Joffrey Velaryon","url":"https://gameofthrones.fandom.com/wiki/Joffrey_Velaryon","provider":"Wiki of Westeros","kind":"reference_page","accessed":"2026-07-10"}],"verification":"single_source_curated","image":"/images/characters/joffrey-velaryon.webp","imageSource":{"provider":"Wiki of Westeros","kind":"wiki_lead_image","match":"exact_page_title","uncertain":false,"url":"https://gameofthrones.fandom.com/wiki/Joffrey_Velaryon","assetUrl":"https://static.wikia.nocookie.net/gameofthrones/images/4/49/Joffrey_Velaryon_HotD.webp/revision/latest?cb=20241002030724","accessed":"2026-07-10","originalSha256":"2eeb949ca4d8fe2b8e257864e8a82a9e5a0d796834e0ebffcb570a2de6f05891","derivativeSha256":"7db3d4f6cc7925bb0b406ea2eea52de3e14202700ddaef7f93a8cc08a24ef5f0","width":1200,"height":900,"presentation":"proportional_resize_with_padding"},"apiId":null,"houses":["house-targaryen"],"legacyIds":[],"father":null,"mother":null,"spouse":null}');
INSERT INTO appearances (entity_key, show_id, presence_kind, first_reference, details_json) VALUES ('character:joffrey-velaryon', 'house-of-the-dragon', 'depicted', 'S1E6', '{"show":"house-of-the-dragon","kind":"depicted","first":"S1E6"}');
INSERT INTO sources (entity_key, label, url, provider, source_kind, accessed) VALUES ('character:joffrey-velaryon', 'Wiki of Westeros — Joffrey Velaryon', 'https://gameofthrones.fandom.com/wiki/Joffrey_Velaryon', 'Wiki of Westeros', 'reference_page', '2026-07-10');
INSERT INTO media (entity_key, local_path, provider, source_page, asset_url, media_kind, uncertain, metadata_json) VALUES ('character:joffrey-velaryon', '/images/characters/joffrey-velaryon.webp', 'Wiki of Westeros', 'https://gameofthrones.fandom.com/wiki/Joffrey_Velaryon', 'https://static.wikia.nocookie.net/gameofthrones/images/4/49/Joffrey_Velaryon_HotD.webp/revision/latest?cb=20241002030724', 'wiki_lead_image', 0, '{"provider":"Wiki of Westeros","kind":"wiki_lead_image","match":"exact_page_title","uncertain":false,"url":"https://gameofthrones.fandom.com/wiki/Joffrey_Velaryon","assetUrl":"https://static.wikia.nocookie.net/gameofthrones/images/4/49/Joffrey_Velaryon_HotD.webp/revision/latest?cb=20241002030724","accessed":"2026-07-10","originalSha256":"2eeb949ca4d8fe2b8e257864e8a82a9e5a0d796834e0ebffcb570a2de6f05891","derivativeSha256":"7db3d4f6cc7925bb0b406ea2eea52de3e14202700ddaef7f93a8cc08a24ef5f0","width":1200,"height":900,"presentation":"proportional_resize_with_padding"}');
INSERT INTO entities_fts (entity_key, name, aliases, type) VALUES ('character:joffrey-velaryon', 'Joffrey Velaryon', '', 'character');
INSERT INTO characters (entity_key, gender, culture, born, died, actor_json, titles_json, era) VALUES ('character:joffrey-velaryon', 'male', NULL, NULL, NULL, '["Oscar Eskinazi"]', '["Prince"]', 3);
INSERT INTO entities (entity_key, id, type, name, description, status, verification, raw_json) VALUES ('character:baela-targaryen', 'baela-targaryen', 'character', 'Baela Targaryen', 'Elder daughter of Daemon and Laena and rider of Moondancer.', 'alive_as_of_cutoff', 'single_source_curated', '{"id":"baela-targaryen","apiId":154,"name":"Baela Targaryen","canonicalName":"Baela Targaryen","aliases":[],"actor":["Bethany Antonia / Shani Smethurst"],"gender":"female","culture":"Valyrian","born":"In 116 AC, at Pentos","died":null,"status":"alive_as_of_cutoff","houses":["house-targaryen","house-velaryon"],"titles":["Lady"],"father":null,"mother":null,"spouse":"alyn-of-hull","books":[9,10,11],"povBooks":[],"show":["house-of-the-dragon"],"presence":[{"show":"house-of-the-dragon","kind":"depicted","first":"S1E6"}],"playedBy":[],"sources":[{"label":"Wiki of Westeros — Baela Targaryen","url":"https://gameofthrones.fandom.com/wiki/Baela_Targaryen","provider":"Wiki of Westeros","kind":"reference_page","accessed":"2026-07-10"},{"label":"An API of Ice and Fire — character 154","url":"https://anapioficeandfire.com/api/characters/154","provider":"An API of Ice and Fire","kind":"structured_database","accessed":"2026-07-10"}],"verification":"single_source_curated","image":"/images/characters/baela-targaryen.webp","imageSource":{"provider":"Wiki of Westeros","kind":"wiki_lead_image","match":"exact_page_title","uncertain":false,"url":"https://gameofthrones.fandom.com/wiki/Baela_Targaryen","assetUrl":"https://static.wikia.nocookie.net/gameofthrones/images/8/8d/BaelaTargaryen2x03.PNG/revision/latest?cb=20240629002449","accessed":"2026-07-10","originalSha256":"2d84a42887888dd929bb77eec149cf8bad2cee5b2c5b6811a501539432c8b637","derivativeSha256":"8d7df2ef79f9c978f36a2435890d52e1944f721b9b291b2d94b28475486ee628","width":1200,"height":900,"presentation":"proportional_resize_with_padding"},"house":"house-targaryen","parents":["daemon-targaryen","laena-velaryon"],"children":[],"spouses":[],"dragon":"moondancer","era":3,"biography":"Elder daughter of Daemon and Laena and rider of Moondancer.","legacyIds":["api-character-154"]}');
INSERT INTO appearances (entity_key, show_id, presence_kind, first_reference, details_json) VALUES ('character:baela-targaryen', 'house-of-the-dragon', 'depicted', 'S1E6', '{"show":"house-of-the-dragon","kind":"depicted","first":"S1E6"}');
INSERT INTO sources (entity_key, label, url, provider, source_kind, accessed) VALUES ('character:baela-targaryen', 'Wiki of Westeros — Baela Targaryen', 'https://gameofthrones.fandom.com/wiki/Baela_Targaryen', 'Wiki of Westeros', 'reference_page', '2026-07-10');
INSERT INTO sources (entity_key, label, url, provider, source_kind, accessed) VALUES ('character:baela-targaryen', 'An API of Ice and Fire — character 154', 'https://anapioficeandfire.com/api/characters/154', 'An API of Ice and Fire', 'structured_database', '2026-07-10');
INSERT INTO media (entity_key, local_path, provider, source_page, asset_url, media_kind, uncertain, metadata_json) VALUES ('character:baela-targaryen', '/images/characters/baela-targaryen.webp', 'Wiki of Westeros', 'https://gameofthrones.fandom.com/wiki/Baela_Targaryen', 'https://static.wikia.nocookie.net/gameofthrones/images/8/8d/BaelaTargaryen2x03.PNG/revision/latest?cb=20240629002449', 'wiki_lead_image', 0, '{"provider":"Wiki of Westeros","kind":"wiki_lead_image","match":"exact_page_title","uncertain":false,"url":"https://gameofthrones.fandom.com/wiki/Baela_Targaryen","assetUrl":"https://static.wikia.nocookie.net/gameofthrones/images/8/8d/BaelaTargaryen2x03.PNG/revision/latest?cb=20240629002449","accessed":"2026-07-10","originalSha256":"2d84a42887888dd929bb77eec149cf8bad2cee5b2c5b6811a501539432c8b637","derivativeSha256":"8d7df2ef79f9c978f36a2435890d52e1944f721b9b291b2d94b28475486ee628","width":1200,"height":900,"presentation":"proportional_resize_with_padding"}');
INSERT INTO entities_fts (entity_key, name, aliases, type) VALUES ('character:baela-targaryen', 'Baela Targaryen', '', 'character');
INSERT INTO characters (entity_key, gender, culture, born, died, actor_json, titles_json, era) VALUES ('character:baela-targaryen', 'female', 'Valyrian', 'In 116 AC, at Pentos', NULL, '["Bethany Antonia / Shani Smethurst"]', '["Lady"]', 3);
INSERT INTO entities (entity_key, id, type, name, description, status, verification, raw_json) VALUES ('character:rhaena-targaryen', 'rhaena-targaryen', 'character', 'Rhaena Targaryen', 'Younger daughter of Daemon and Laena, entrusted with Rhaenyra''s younger children.', 'alive_as_of_cutoff', 'single_source_curated', '{"id":"rhaena-targaryen","name":"Rhaena Targaryen","aliases":[],"actor":["Phoebe Campbell / Eva Ossei-Gerning"],"gender":"female","status":"alive_as_of_cutoff","house":"house-targaryen","titles":["Lady"],"parents":["daemon-targaryen","laena-velaryon"],"children":[],"spouses":[],"dragon":null,"show":["house-of-the-dragon"],"presence":[{"show":"house-of-the-dragon","kind":"depicted","first":"S1E6"}],"era":3,"biography":"Younger daughter of Daemon and Laena, entrusted with Rhaenyra''s younger children.","sources":[{"label":"Wiki of Westeros — Rhaena","url":"https://gameofthrones.fandom.com/wiki/Rhaena_Targaryen_(daughter_of_Daemon)","provider":"Wiki of Westeros","kind":"reference_page","accessed":"2026-07-10"},{"label":"Wiki of Westeros — Rhaena Targaryen","url":"https://gameofthrones.fandom.com/wiki/Rhaena_Targaryen","provider":"Wiki of Westeros","kind":"reference_page","accessed":"2026-07-10"}],"verification":"single_source_curated","image":"/images/characters/rhaena-targaryen.webp","imageSource":{"provider":"Wiki of Westeros","kind":"wiki_lead_image","match":"exact_page_title","uncertain":false,"url":"https://gameofthrones.fandom.com/wiki/Rhaena_Targaryen","assetUrl":"https://static.wikia.nocookie.net/gameofthrones/images/4/43/RhaenaTargaryen2x03.PNG/revision/latest?cb=20240629001943","accessed":"2026-07-10","originalSha256":"2b1b5841ac35a13d58c60a4185e0ff8ac287da98957ab49cde673992da809d26","derivativeSha256":"c6b956aeed73ed2856a28c3f3d14a14ca4814a74668a260c39363c038829e070","width":1200,"height":900,"presentation":"proportional_resize_with_padding"},"apiId":null,"houses":["house-targaryen"],"legacyIds":[],"father":null,"mother":null,"spouse":null}');
INSERT INTO appearances (entity_key, show_id, presence_kind, first_reference, details_json) VALUES ('character:rhaena-targaryen', 'house-of-the-dragon', 'depicted', 'S1E6', '{"show":"house-of-the-dragon","kind":"depicted","first":"S1E6"}');
INSERT INTO sources (entity_key, label, url, provider, source_kind, accessed) VALUES ('character:rhaena-targaryen', 'Wiki of Westeros — Rhaena', 'https://gameofthrones.fandom.com/wiki/Rhaena_Targaryen_(daughter_of_Daemon)', 'Wiki of Westeros', 'reference_page', '2026-07-10');
INSERT INTO sources (entity_key, label, url, provider, source_kind, accessed) VALUES ('character:rhaena-targaryen', 'Wiki of Westeros — Rhaena Targaryen', 'https://gameofthrones.fandom.com/wiki/Rhaena_Targaryen', 'Wiki of Westeros', 'reference_page', '2026-07-10');
INSERT INTO media (entity_key, local_path, provider, source_page, asset_url, media_kind, uncertain, metadata_json) VALUES ('character:rhaena-targaryen', '/images/characters/rhaena-targaryen.webp', 'Wiki of Westeros', 'https://gameofthrones.fandom.com/wiki/Rhaena_Targaryen', 'https://static.wikia.nocookie.net/gameofthrones/images/4/43/RhaenaTargaryen2x03.PNG/revision/latest?cb=20240629001943', 'wiki_lead_image', 0, '{"provider":"Wiki of Westeros","kind":"wiki_lead_image","match":"exact_page_title","uncertain":false,"url":"https://gameofthrones.fandom.com/wiki/Rhaena_Targaryen","assetUrl":"https://static.wikia.nocookie.net/gameofthrones/images/4/43/RhaenaTargaryen2x03.PNG/revision/latest?cb=20240629001943","accessed":"2026-07-10","originalSha256":"2b1b5841ac35a13d58c60a4185e0ff8ac287da98957ab49cde673992da809d26","derivativeSha256":"c6b956aeed73ed2856a28c3f3d14a14ca4814a74668a260c39363c038829e070","width":1200,"height":900,"presentation":"proportional_resize_with_padding"}');
INSERT INTO entities_fts (entity_key, name, aliases, type) VALUES ('character:rhaena-targaryen', 'Rhaena Targaryen', '', 'character');
INSERT INTO characters (entity_key, gender, culture, born, died, actor_json, titles_json, era) VALUES ('character:rhaena-targaryen', 'female', NULL, NULL, NULL, '["Phoebe Campbell / Eva Ossei-Gerning"]', '["Lady"]', 3);
INSERT INTO entities (entity_key, id, type, name, description, status, verification, raw_json) VALUES ('character:aegon-ii', 'aegon-ii', 'character', 'Aegon II Targaryen', 'Viserys and Alicent''s eldest son, crowned by the greens after Viserys''s death.', 'alive_as_of_cutoff', 'single_source_curated', '{"id":"aegon-ii","apiId":39,"name":"Aegon II Targaryen","canonicalName":"Aegon II","aliases":["Aegon the Elder","Aegon the Usurper"],"actor":["Tom Glynn-Carney / Ty Tennant"],"gender":"male","culture":null,"born":"107 AC, at King''s Landing","died":"131 AC, at King''s Landing","status":"alive_as_of_cutoff","houses":["house-targaryen"],"titles":["King of the Andals, the Rhoynar and the First Men","Lord of the Seven Kingdoms","Protector of the Realm","King"],"father":null,"mother":"alicent-hightower","spouse":"helaena-targaryen","books":[1,3,5,9,10,11],"povBooks":[],"show":["house-of-the-dragon"],"presence":[{"show":"house-of-the-dragon","kind":"depicted","first":"S1E3"}],"playedBy":[],"sources":[{"label":"An API of Ice and Fire — character 39","url":"https://anapioficeandfire.com/api/characters/39","provider":"An API of Ice and Fire","kind":"structured_database","accessed":"2026-07-10"},{"label":"Wiki of Westeros — Aegon II Targaryen","url":"https://gameofthrones.fandom.com/wiki/Aegon_II_Targaryen","provider":"Wiki of Westeros","kind":"reference_page","accessed":"2026-07-10"}],"verification":"single_source_curated","image":"/images/characters/aegon-ii.webp","imageSource":{"provider":"Wiki of Westeros","kind":"wiki_lead_image","match":"exact_page_title","uncertain":false,"url":"https://gameofthrones.fandom.com/wiki/Aegon_II_Targaryen","assetUrl":"https://static.wikia.nocookie.net/gameofthrones/images/a/a1/AegonII-S3-Profile.png/revision/latest/scale-to-width-down/1152?cb=20260522073705","accessed":"2026-07-10","originalSha256":"562f77e2b3d75cdc4257c0e0b51c901fe0fa5334a76be9bc2e9ffe964686b5e7","derivativeSha256":"0aff13cee75d3b8dc2df44fb010801ae5782b31a0895231a3b48677cffecc45a","width":1200,"height":900,"presentation":"proportional_resize_with_padding"},"house":"house-targaryen","parents":["viserys-i","alicent-hightower"],"children":["jaehaerys-targaryen","jaehaera-targaryen"],"spouses":["helaena-targaryen"],"dragon":"sunfyre","era":3,"biography":"Viserys and Alicent''s eldest son, crowned by the greens after Viserys''s death.","legacyIds":["api-character-39"]}');
INSERT INTO aliases (entity_key, alias) VALUES ('character:aegon-ii', 'Aegon the Elder');
INSERT INTO aliases (entity_key, alias) VALUES ('character:aegon-ii', 'Aegon the Usurper');
INSERT INTO appearances (entity_key, show_id, presence_kind, first_reference, details_json) VALUES ('character:aegon-ii', 'house-of-the-dragon', 'depicted', 'S1E3', '{"show":"house-of-the-dragon","kind":"depicted","first":"S1E3"}');
INSERT INTO sources (entity_key, label, url, provider, source_kind, accessed) VALUES ('character:aegon-ii', 'An API of Ice and Fire — character 39', 'https://anapioficeandfire.com/api/characters/39', 'An API of Ice and Fire', 'structured_database', '2026-07-10');
INSERT INTO sources (entity_key, label, url, provider, source_kind, accessed) VALUES ('character:aegon-ii', 'Wiki of Westeros — Aegon II Targaryen', 'https://gameofthrones.fandom.com/wiki/Aegon_II_Targaryen', 'Wiki of Westeros', 'reference_page', '2026-07-10');
INSERT INTO media (entity_key, local_path, provider, source_page, asset_url, media_kind, uncertain, metadata_json) VALUES ('character:aegon-ii', '/images/characters/aegon-ii.webp', 'Wiki of Westeros', 'https://gameofthrones.fandom.com/wiki/Aegon_II_Targaryen', 'https://static.wikia.nocookie.net/gameofthrones/images/a/a1/AegonII-S3-Profile.png/revision/latest/scale-to-width-down/1152?cb=20260522073705', 'wiki_lead_image', 0, '{"provider":"Wiki of Westeros","kind":"wiki_lead_image","match":"exact_page_title","uncertain":false,"url":"https://gameofthrones.fandom.com/wiki/Aegon_II_Targaryen","assetUrl":"https://static.wikia.nocookie.net/gameofthrones/images/a/a1/AegonII-S3-Profile.png/revision/latest/scale-to-width-down/1152?cb=20260522073705","accessed":"2026-07-10","originalSha256":"562f77e2b3d75cdc4257c0e0b51c901fe0fa5334a76be9bc2e9ffe964686b5e7","derivativeSha256":"0aff13cee75d3b8dc2df44fb010801ae5782b31a0895231a3b48677cffecc45a","width":1200,"height":900,"presentation":"proportional_resize_with_padding"}');
INSERT INTO entities_fts (entity_key, name, aliases, type) VALUES ('character:aegon-ii', 'Aegon II Targaryen', 'Aegon the Elder Aegon the Usurper', 'character');
INSERT INTO characters (entity_key, gender, culture, born, died, actor_json, titles_json, era) VALUES ('character:aegon-ii', 'male', NULL, '107 AC, at King''s Landing', '131 AC, at King''s Landing', '["Tom Glynn-Carney / Ty Tennant"]', '["King of the Andals, the Rhoynar and the First Men","Lord of the Seven Kingdoms","Protector of the Realm","King"]', 3);
INSERT INTO entities (entity_key, id, type, name, description, status, verification, raw_json) VALUES ('character:helaena-targaryen', 'helaena-targaryen', 'character', 'Helaena Targaryen', 'Aegon II''s sister-wife, a dragon dreamer and mother of his twins.', 'alive_as_of_cutoff', 'single_source_curated', '{"id":"helaena-targaryen","apiId":488,"name":"Helaena Targaryen","canonicalName":"Helaena Targaryen","aliases":[],"actor":["Phia Saban / Evie Allen"],"gender":"female","culture":null,"born":"In 109 AC","died":"In 130 AC, at King''s Landing","status":"alive_as_of_cutoff","houses":["house-targaryen"],"titles":["Queen"],"father":null,"mother":null,"spouse":"aegon-ii","books":[9,10,11],"povBooks":[],"show":["house-of-the-dragon"],"presence":[{"show":"house-of-the-dragon","kind":"depicted","first":"S1E3"}],"playedBy":[],"sources":[{"label":"Wiki of Westeros — Helaena Targaryen","url":"https://gameofthrones.fandom.com/wiki/Helaena_Targaryen","provider":"Wiki of Westeros","kind":"reference_page","accessed":"2026-07-10"},{"label":"An API of Ice and Fire — character 488","url":"https://anapioficeandfire.com/api/characters/488","provider":"An API of Ice and Fire","kind":"structured_database","accessed":"2026-07-10"}],"verification":"single_source_curated","image":"/images/characters/helaena-targaryen.webp","imageSource":{"provider":"Wiki of Westeros","kind":"wiki_lead_image","match":"exact_page_title","uncertain":false,"url":"https://gameofthrones.fandom.com/wiki/Helaena_Targaryen","assetUrl":"https://static.wikia.nocookie.net/gameofthrones/images/6/60/HelaenaASfASInfobox.PNG/revision/latest?cb=20240621111347","accessed":"2026-07-10","originalSha256":"fb6009b79ef583be1ebe158312c56010321363fb723b39b2b5a4cc4edd63d558","derivativeSha256":"b36b8499883e367cdb3f627c48078fbcbb9b1599a24d925e5d80e06437a77a46","width":1200,"height":900,"presentation":"proportional_resize_with_padding"},"house":"house-targaryen","parents":["viserys-i","alicent-hightower"],"children":["jaehaerys-targaryen","jaehaera-targaryen"],"spouses":["aegon-ii"],"dragon":"dreamfyre","era":3,"biography":"Aegon II''s sister-wife, a dragon dreamer and mother of his twins.","legacyIds":["api-character-488"]}');
INSERT INTO appearances (entity_key, show_id, presence_kind, first_reference, details_json) VALUES ('character:helaena-targaryen', 'house-of-the-dragon', 'depicted', 'S1E3', '{"show":"house-of-the-dragon","kind":"depicted","first":"S1E3"}');
INSERT INTO sources (entity_key, label, url, provider, source_kind, accessed) VALUES ('character:helaena-targaryen', 'Wiki of Westeros — Helaena Targaryen', 'https://gameofthrones.fandom.com/wiki/Helaena_Targaryen', 'Wiki of Westeros', 'reference_page', '2026-07-10');
INSERT INTO sources (entity_key, label, url, provider, source_kind, accessed) VALUES ('character:helaena-targaryen', 'An API of Ice and Fire — character 488', 'https://anapioficeandfire.com/api/characters/488', 'An API of Ice and Fire', 'structured_database', '2026-07-10');
INSERT INTO media (entity_key, local_path, provider, source_page, asset_url, media_kind, uncertain, metadata_json) VALUES ('character:helaena-targaryen', '/images/characters/helaena-targaryen.webp', 'Wiki of Westeros', 'https://gameofthrones.fandom.com/wiki/Helaena_Targaryen', 'https://static.wikia.nocookie.net/gameofthrones/images/6/60/HelaenaASfASInfobox.PNG/revision/latest?cb=20240621111347', 'wiki_lead_image', 0, '{"provider":"Wiki of Westeros","kind":"wiki_lead_image","match":"exact_page_title","uncertain":false,"url":"https://gameofthrones.fandom.com/wiki/Helaena_Targaryen","assetUrl":"https://static.wikia.nocookie.net/gameofthrones/images/6/60/HelaenaASfASInfobox.PNG/revision/latest?cb=20240621111347","accessed":"2026-07-10","originalSha256":"fb6009b79ef583be1ebe158312c56010321363fb723b39b2b5a4cc4edd63d558","derivativeSha256":"b36b8499883e367cdb3f627c48078fbcbb9b1599a24d925e5d80e06437a77a46","width":1200,"height":900,"presentation":"proportional_resize_with_padding"}');
INSERT INTO entities_fts (entity_key, name, aliases, type) VALUES ('character:helaena-targaryen', 'Helaena Targaryen', '', 'character');
INSERT INTO characters (entity_key, gender, culture, born, died, actor_json, titles_json, era) VALUES ('character:helaena-targaryen', 'female', NULL, 'In 109 AC', 'In 130 AC, at King''s Landing', '["Phia Saban / Evie Allen"]', '["Queen"]', 3);
INSERT INTO entities (entity_key, id, type, name, description, status, verification, raw_json) VALUES ('character:aemond-targaryen', 'aemond-targaryen', 'character', 'Aemond Targaryen', 'Viserys and Alicent''s warrior son, rider of Vhagar and regent for Aegon II.', 'alive_as_of_cutoff', 'single_source_curated', '{"id":"aemond-targaryen","apiId":55,"name":"Aemond Targaryen","canonicalName":"Aemond Targaryen","aliases":["Aemond One-Eye"],"actor":["Ewan Mitchell / Leo Ashton"],"gender":"male","culture":"Valyrian","born":"In 110 AC","died":"In 130 AC, at the Gods Eye","status":"alive_as_of_cutoff","houses":["house-targaryen"],"titles":["Prince Regent"],"father":null,"mother":null,"spouse":null,"books":[8,9,10,11],"povBooks":[],"show":["house-of-the-dragon"],"presence":[{"show":"house-of-the-dragon","kind":"depicted","first":"S1E3"}],"playedBy":[],"sources":[{"label":"Wiki of Westeros — Aemond Targaryen","url":"https://gameofthrones.fandom.com/wiki/Aemond_Targaryen","provider":"Wiki of Westeros","kind":"reference_page","accessed":"2026-07-10"},{"label":"An API of Ice and Fire — character 55","url":"https://anapioficeandfire.com/api/characters/55","provider":"An API of Ice and Fire","kind":"structured_database","accessed":"2026-07-10"}],"verification":"single_source_curated","image":"/images/characters/aemond-targaryen.webp","imageSource":{"provider":"Wiki of Westeros","kind":"wiki_lead_image","match":"exact_page_title","uncertain":false,"url":"https://gameofthrones.fandom.com/wiki/Aemond_Targaryen","assetUrl":"https://static.wikia.nocookie.net/gameofthrones/images/4/4f/Aemond_Targaryen_S2.jpg/revision/latest/scale-to-width-down/1215?cb=20240606091326","accessed":"2026-07-10","originalSha256":"b1839409960bc384abda92da52d57e5e893cb9eed38c5591b4a57fe2341b4224","derivativeSha256":"ab92a85db80c1a2c5401fb5c04d31041ba8496e03ba71262fb306c1cc7ed806c","width":1200,"height":900,"presentation":"proportional_resize_with_padding"},"house":"house-targaryen","parents":["viserys-i","alicent-hightower"],"children":[],"spouses":[],"dragon":"vhagar","era":3,"biography":"Viserys and Alicent''s warrior son, rider of Vhagar and regent for Aegon II.","legacyIds":["api-character-55"]}');
INSERT INTO aliases (entity_key, alias) VALUES ('character:aemond-targaryen', 'Aemond One-Eye');
INSERT INTO appearances (entity_key, show_id, presence_kind, first_reference, details_json) VALUES ('character:aemond-targaryen', 'house-of-the-dragon', 'depicted', 'S1E3', '{"show":"house-of-the-dragon","kind":"depicted","first":"S1E3"}');
INSERT INTO sources (entity_key, label, url, provider, source_kind, accessed) VALUES ('character:aemond-targaryen', 'Wiki of Westeros — Aemond Targaryen', 'https://gameofthrones.fandom.com/wiki/Aemond_Targaryen', 'Wiki of Westeros', 'reference_page', '2026-07-10');
INSERT INTO sources (entity_key, label, url, provider, source_kind, accessed) VALUES ('character:aemond-targaryen', 'An API of Ice and Fire — character 55', 'https://anapioficeandfire.com/api/characters/55', 'An API of Ice and Fire', 'structured_database', '2026-07-10');
INSERT INTO media (entity_key, local_path, provider, source_page, asset_url, media_kind, uncertain, metadata_json) VALUES ('character:aemond-targaryen', '/images/characters/aemond-targaryen.webp', 'Wiki of Westeros', 'https://gameofthrones.fandom.com/wiki/Aemond_Targaryen', 'https://static.wikia.nocookie.net/gameofthrones/images/4/4f/Aemond_Targaryen_S2.jpg/revision/latest/scale-to-width-down/1215?cb=20240606091326', 'wiki_lead_image', 0, '{"provider":"Wiki of Westeros","kind":"wiki_lead_image","match":"exact_page_title","uncertain":false,"url":"https://gameofthrones.fandom.com/wiki/Aemond_Targaryen","assetUrl":"https://static.wikia.nocookie.net/gameofthrones/images/4/4f/Aemond_Targaryen_S2.jpg/revision/latest/scale-to-width-down/1215?cb=20240606091326","accessed":"2026-07-10","originalSha256":"b1839409960bc384abda92da52d57e5e893cb9eed38c5591b4a57fe2341b4224","derivativeSha256":"ab92a85db80c1a2c5401fb5c04d31041ba8496e03ba71262fb306c1cc7ed806c","width":1200,"height":900,"presentation":"proportional_resize_with_padding"}');
INSERT INTO entities_fts (entity_key, name, aliases, type) VALUES ('character:aemond-targaryen', 'Aemond Targaryen', 'Aemond One-Eye', 'character');
INSERT INTO characters (entity_key, gender, culture, born, died, actor_json, titles_json, era) VALUES ('character:aemond-targaryen', 'male', 'Valyrian', 'In 110 AC', 'In 130 AC, at the Gods Eye', '["Ewan Mitchell / Leo Ashton"]', '["Prince Regent"]', 3);
INSERT INTO entities (entity_key, id, type, name, description, status, verification, raw_json) VALUES ('character:daeron-targaryen', 'daeron-targaryen', 'character', 'Daeron Targaryen (the Daring)', 'Youngest son of Viserys and Alicent, raised at Oldtown and bonded to Tessarion.', 'alive_as_of_cutoff', 'single_source_curated', '{"id":"daeron-targaryen","apiId":275,"name":"Daeron Targaryen (the Daring)","canonicalName":"Daeron Targaryen (the Daring)","aliases":["Daeron the Daring","Daeron Targaryen"],"actor":[],"gender":"male","culture":null,"born":"In 114 AC","died":"In 130 AC, at Tumbleton","status":"alive_as_of_cutoff","houses":["house-targaryen"],"titles":["Prince","Ser"],"father":null,"mother":null,"spouse":null,"books":[9,10,11],"povBooks":[],"show":["house-of-the-dragon"],"presence":[{"show":"house-of-the-dragon","kind":"mentioned","first":"S2E2"}],"playedBy":[],"sources":[{"label":"An API of Ice and Fire — character 275","url":"https://anapioficeandfire.com/api/characters/275","provider":"An API of Ice and Fire","kind":"structured_database","accessed":"2026-07-10"},{"label":"Wiki of Westeros — Daeron","url":"https://gameofthrones.fandom.com/wiki/Daeron_Targaryen","provider":"Wiki of Westeros","kind":"reference_page","accessed":"2026-07-10"},{"label":"A Wiki of Ice and Fire — Daeron Targaryen (son of Viserys I)","url":"https://awoiaf.westeros.org/index.php/Daeron_Targaryen_(son_of_Viserys_I)","provider":"A Wiki of Ice and Fire","kind":"reference_page","accessed":"2026-07-10"}],"verification":"single_source_curated","image":"/images/characters/daeron-targaryen.webp","imageSource":{"provider":"A Wiki of Ice and Fire","kind":"wiki_lead_image","match":"exact_page_title","uncertain":false,"url":"https://awoiaf.westeros.org/index.php/Daeron_Targaryen_(son_of_Viserys_I)","assetUrl":"https://awoiaf.westeros.org/images/thumb/9/9b/Daeron_the_Daring_by_Lopata4.jpg/1200px-Daeron_the_Daring_by_Lopata4.jpg","accessed":"2026-07-10","originalSha256":"bb66dd939424394023ce0897852dc089ca637ae3a5ee88af5b178713d1f49908","derivativeSha256":"8ad050ed541a179b113da1f20b8c2c824dcf561e6438db7825707d8135b343ac","width":1200,"height":900,"presentation":"proportional_resize_with_padding"},"house":"house-targaryen","parents":["viserys-i","alicent-hightower"],"children":[],"spouses":[],"dragon":"tessarion","era":3,"biography":"Youngest son of Viserys and Alicent, raised at Oldtown and bonded to Tessarion.","legacyIds":["api-character-275"]}');
INSERT INTO aliases (entity_key, alias) VALUES ('character:daeron-targaryen', 'Daeron the Daring');
INSERT INTO aliases (entity_key, alias) VALUES ('character:daeron-targaryen', 'Daeron Targaryen');
INSERT INTO appearances (entity_key, show_id, presence_kind, first_reference, details_json) VALUES ('character:daeron-targaryen', 'house-of-the-dragon', 'mentioned', 'S2E2', '{"show":"house-of-the-dragon","kind":"mentioned","first":"S2E2"}');
INSERT INTO sources (entity_key, label, url, provider, source_kind, accessed) VALUES ('character:daeron-targaryen', 'An API of Ice and Fire — character 275', 'https://anapioficeandfire.com/api/characters/275', 'An API of Ice and Fire', 'structured_database', '2026-07-10');
INSERT INTO sources (entity_key, label, url, provider, source_kind, accessed) VALUES ('character:daeron-targaryen', 'Wiki of Westeros — Daeron', 'https://gameofthrones.fandom.com/wiki/Daeron_Targaryen', 'Wiki of Westeros', 'reference_page', '2026-07-10');
INSERT INTO sources (entity_key, label, url, provider, source_kind, accessed) VALUES ('character:daeron-targaryen', 'A Wiki of Ice and Fire — Daeron Targaryen (son of Viserys I)', 'https://awoiaf.westeros.org/index.php/Daeron_Targaryen_(son_of_Viserys_I)', 'A Wiki of Ice and Fire', 'reference_page', '2026-07-10');
INSERT INTO media (entity_key, local_path, provider, source_page, asset_url, media_kind, uncertain, metadata_json) VALUES ('character:daeron-targaryen', '/images/characters/daeron-targaryen.webp', 'A Wiki of Ice and Fire', 'https://awoiaf.westeros.org/index.php/Daeron_Targaryen_(son_of_Viserys_I)', 'https://awoiaf.westeros.org/images/thumb/9/9b/Daeron_the_Daring_by_Lopata4.jpg/1200px-Daeron_the_Daring_by_Lopata4.jpg', 'wiki_lead_image', 0, '{"provider":"A Wiki of Ice and Fire","kind":"wiki_lead_image","match":"exact_page_title","uncertain":false,"url":"https://awoiaf.westeros.org/index.php/Daeron_Targaryen_(son_of_Viserys_I)","assetUrl":"https://awoiaf.westeros.org/images/thumb/9/9b/Daeron_the_Daring_by_Lopata4.jpg/1200px-Daeron_the_Daring_by_Lopata4.jpg","accessed":"2026-07-10","originalSha256":"bb66dd939424394023ce0897852dc089ca637ae3a5ee88af5b178713d1f49908","derivativeSha256":"8ad050ed541a179b113da1f20b8c2c824dcf561e6438db7825707d8135b343ac","width":1200,"height":900,"presentation":"proportional_resize_with_padding"}');
INSERT INTO entities_fts (entity_key, name, aliases, type) VALUES ('character:daeron-targaryen', 'Daeron Targaryen (the Daring)', 'Daeron the Daring Daeron Targaryen', 'character');
INSERT INTO characters (entity_key, gender, culture, born, died, actor_json, titles_json, era) VALUES ('character:daeron-targaryen', 'male', NULL, 'In 114 AC', 'In 130 AC, at Tumbleton', '[]', '["Prince","Ser"]', 3);
INSERT INTO entities (entity_key, id, type, name, description, status, verification, raw_json) VALUES ('character:jaehaerys-targaryen', 'jaehaerys-targaryen', 'character', 'Jaehaerys Targaryen', 'Young son and heir of Aegon II, murdered in the Red Keep.', 'dead', 'single_source_curated', '{"id":"jaehaerys-targaryen","apiId":1528,"name":"Jaehaerys Targaryen","canonicalName":"Jaehaerys Targaryen","aliases":[],"actor":["Jude Rock"],"gender":"male","culture":null,"born":"In 123 AC","died":"In 129 AC, at the Tower of the Hand at King''s Landing","status":"dead","houses":["house-targaryen"],"titles":["Prince"],"father":null,"mother":null,"spouse":null,"books":[9,10],"povBooks":[],"show":["house-of-the-dragon"],"presence":[{"show":"house-of-the-dragon","kind":"depicted","first":"S1E9","last":"S2E1"}],"playedBy":[],"sources":[{"label":"Wiki of Westeros — Jaehaerys","url":"https://gameofthrones.fandom.com/wiki/Jaehaerys_Targaryen_(son_of_Aegon_II)","provider":"Wiki of Westeros","kind":"reference_page","accessed":"2026-07-10"},{"label":"An API of Ice and Fire — character 1528","url":"https://anapioficeandfire.com/api/characters/1528","provider":"An API of Ice and Fire","kind":"structured_database","accessed":"2026-07-10"},{"label":"Wiki of Westeros — Jaehaerys Targaryen","url":"https://gameofthrones.fandom.com/wiki/Jaehaerys_Targaryen","provider":"Wiki of Westeros","kind":"reference_page","accessed":"2026-07-10"}],"verification":"single_source_curated","image":"/images/characters/jaehaerys-targaryen.webp","imageSource":{"provider":"Wiki of Westeros","kind":"wiki_lead_image","match":"exact_page_title","uncertain":false,"url":"https://gameofthrones.fandom.com/wiki/Jaehaerys_Targaryen","assetUrl":"https://static.wikia.nocookie.net/gameofthrones/images/c/ce/Jaehaerys_Targaryen_S2.png/revision/latest?cb=20240617081002","accessed":"2026-07-10","originalSha256":"53292f4845a7dc78d292444b1017f02a7ff6ac9a6f2b1ffdf60272d82c39c53a","derivativeSha256":"9f5de3f797dbeaaa33afeed0194f842d7198bf03f42164bec202aa6ab4065100","width":1200,"height":900,"presentation":"proportional_resize_with_padding"},"house":"house-targaryen","parents":["aegon-ii","helaena-targaryen"],"children":[],"spouses":[],"dragon":null,"era":3,"biography":"Young son and heir of Aegon II, murdered in the Red Keep.","legacyIds":["api-character-1528"]}');
INSERT INTO appearances (entity_key, show_id, presence_kind, first_reference, details_json) VALUES ('character:jaehaerys-targaryen', 'house-of-the-dragon', 'depicted', 'S1E9', '{"show":"house-of-the-dragon","kind":"depicted","first":"S1E9","last":"S2E1"}');
INSERT INTO sources (entity_key, label, url, provider, source_kind, accessed) VALUES ('character:jaehaerys-targaryen', 'Wiki of Westeros — Jaehaerys', 'https://gameofthrones.fandom.com/wiki/Jaehaerys_Targaryen_(son_of_Aegon_II)', 'Wiki of Westeros', 'reference_page', '2026-07-10');
INSERT INTO sources (entity_key, label, url, provider, source_kind, accessed) VALUES ('character:jaehaerys-targaryen', 'An API of Ice and Fire — character 1528', 'https://anapioficeandfire.com/api/characters/1528', 'An API of Ice and Fire', 'structured_database', '2026-07-10');
INSERT INTO sources (entity_key, label, url, provider, source_kind, accessed) VALUES ('character:jaehaerys-targaryen', 'Wiki of Westeros — Jaehaerys Targaryen', 'https://gameofthrones.fandom.com/wiki/Jaehaerys_Targaryen', 'Wiki of Westeros', 'reference_page', '2026-07-10');
INSERT INTO media (entity_key, local_path, provider, source_page, asset_url, media_kind, uncertain, metadata_json) VALUES ('character:jaehaerys-targaryen', '/images/characters/jaehaerys-targaryen.webp', 'Wiki of Westeros', 'https://gameofthrones.fandom.com/wiki/Jaehaerys_Targaryen', 'https://static.wikia.nocookie.net/gameofthrones/images/c/ce/Jaehaerys_Targaryen_S2.png/revision/latest?cb=20240617081002', 'wiki_lead_image', 0, '{"provider":"Wiki of Westeros","kind":"wiki_lead_image","match":"exact_page_title","uncertain":false,"url":"https://gameofthrones.fandom.com/wiki/Jaehaerys_Targaryen","assetUrl":"https://static.wikia.nocookie.net/gameofthrones/images/c/ce/Jaehaerys_Targaryen_S2.png/revision/latest?cb=20240617081002","accessed":"2026-07-10","originalSha256":"53292f4845a7dc78d292444b1017f02a7ff6ac9a6f2b1ffdf60272d82c39c53a","derivativeSha256":"9f5de3f797dbeaaa33afeed0194f842d7198bf03f42164bec202aa6ab4065100","width":1200,"height":900,"presentation":"proportional_resize_with_padding"}');
INSERT INTO entities_fts (entity_key, name, aliases, type) VALUES ('character:jaehaerys-targaryen', 'Jaehaerys Targaryen', '', 'character');
INSERT INTO characters (entity_key, gender, culture, born, died, actor_json, titles_json, era) VALUES ('character:jaehaerys-targaryen', 'male', NULL, 'In 123 AC', 'In 129 AC, at the Tower of the Hand at King''s Landing', '["Jude Rock"]', '["Prince"]', 3);
INSERT INTO entities (entity_key, id, type, name, description, status, verification, raw_json) VALUES ('character:jaehaera-targaryen', 'jaehaera-targaryen', 'character', 'Jaehaera Targaryen', 'Daughter of Aegon II and Helaena and twin sister of Jaehaerys.', 'alive_as_of_cutoff', 'single_source_curated', '{"id":"jaehaera-targaryen","apiId":1527,"name":"Jaehaera Targaryen","canonicalName":"Jaehaera Targaryen","aliases":[],"actor":["Nera Piper"],"gender":"female","culture":"Valyrian","born":"In 123 AC","died":"In 133 AC, at King''s Landing","status":"alive_as_of_cutoff","houses":["house-targaryen"],"titles":["Princess"],"father":null,"mother":null,"spouse":"aegon-iii","books":[9,10,11],"povBooks":[],"show":["house-of-the-dragon"],"presence":[{"show":"house-of-the-dragon","kind":"depicted","first":"S1E9"}],"playedBy":[],"sources":[{"label":"Wiki of Westeros — Jaehaera Targaryen","url":"https://gameofthrones.fandom.com/wiki/Jaehaera_Targaryen","provider":"Wiki of Westeros","kind":"reference_page","accessed":"2026-07-10"},{"label":"An API of Ice and Fire — character 1527","url":"https://anapioficeandfire.com/api/characters/1527","provider":"An API of Ice and Fire","kind":"structured_database","accessed":"2026-07-10"}],"verification":"single_source_curated","image":"/images/characters/jaehaera-targaryen.webp","imageSource":{"provider":"Wiki of Westeros","kind":"wiki_lead_image","match":"exact_page_title","uncertain":false,"url":"https://gameofthrones.fandom.com/wiki/Jaehaera_Targaryen","assetUrl":"https://static.wikia.nocookie.net/gameofthrones/images/8/8c/Jaehaera_Targaryen_S2.png/revision/latest?cb=20240617045514","accessed":"2026-07-10","originalSha256":"1ac84cfbd16a74c5ab7ba618cf16c81e23952db7e078a766efd5d2597de4fd50","derivativeSha256":"94ffb8b231e58b5f6518f4b08c7871d45228e53c240b9c7e6344c935671e8649","width":1200,"height":900,"presentation":"proportional_resize_with_padding"},"house":"house-targaryen","parents":["aegon-ii","helaena-targaryen"],"children":[],"spouses":[],"dragon":null,"era":3,"biography":"Daughter of Aegon II and Helaena and twin sister of Jaehaerys.","legacyIds":["api-character-1527"]}');
INSERT INTO appearances (entity_key, show_id, presence_kind, first_reference, details_json) VALUES ('character:jaehaera-targaryen', 'house-of-the-dragon', 'depicted', 'S1E9', '{"show":"house-of-the-dragon","kind":"depicted","first":"S1E9"}');
INSERT INTO sources (entity_key, label, url, provider, source_kind, accessed) VALUES ('character:jaehaera-targaryen', 'Wiki of Westeros — Jaehaera Targaryen', 'https://gameofthrones.fandom.com/wiki/Jaehaera_Targaryen', 'Wiki of Westeros', 'reference_page', '2026-07-10');
INSERT INTO sources (entity_key, label, url, provider, source_kind, accessed) VALUES ('character:jaehaera-targaryen', 'An API of Ice and Fire — character 1527', 'https://anapioficeandfire.com/api/characters/1527', 'An API of Ice and Fire', 'structured_database', '2026-07-10');
INSERT INTO media (entity_key, local_path, provider, source_page, asset_url, media_kind, uncertain, metadata_json) VALUES ('character:jaehaera-targaryen', '/images/characters/jaehaera-targaryen.webp', 'Wiki of Westeros', 'https://gameofthrones.fandom.com/wiki/Jaehaera_Targaryen', 'https://static.wikia.nocookie.net/gameofthrones/images/8/8c/Jaehaera_Targaryen_S2.png/revision/latest?cb=20240617045514', 'wiki_lead_image', 0, '{"provider":"Wiki of Westeros","kind":"wiki_lead_image","match":"exact_page_title","uncertain":false,"url":"https://gameofthrones.fandom.com/wiki/Jaehaera_Targaryen","assetUrl":"https://static.wikia.nocookie.net/gameofthrones/images/8/8c/Jaehaera_Targaryen_S2.png/revision/latest?cb=20240617045514","accessed":"2026-07-10","originalSha256":"1ac84cfbd16a74c5ab7ba618cf16c81e23952db7e078a766efd5d2597de4fd50","derivativeSha256":"94ffb8b231e58b5f6518f4b08c7871d45228e53c240b9c7e6344c935671e8649","width":1200,"height":900,"presentation":"proportional_resize_with_padding"}');
INSERT INTO entities_fts (entity_key, name, aliases, type) VALUES ('character:jaehaera-targaryen', 'Jaehaera Targaryen', '', 'character');
INSERT INTO characters (entity_key, gender, culture, born, died, actor_json, titles_json, era) VALUES ('character:jaehaera-targaryen', 'female', 'Valyrian', 'In 123 AC', 'In 133 AC, at King''s Landing', '["Nera Piper"]', '["Princess"]', 3);
INSERT INTO entities (entity_key, id, type, name, description, status, verification, raw_json) VALUES ('character:aegon-iii', 'aegon-iii', 'character', 'Aegon III Targaryen', 'Elder son of Rhaenyra and Daemon.', 'alive_as_of_cutoff', 'single_source_curated', '{"id":"aegon-iii","apiId":40,"name":"Aegon III Targaryen","canonicalName":"Aegon III","aliases":["Aegon the Younger","Aegon the Dragonbane","Aegon the Unlucky","The Broken King"],"actor":["Jake McNally"],"gender":"male","culture":"Valyrian","born":"120 AC, at Dragonstone","died":"157 AC, at King''s Landing","status":"alive_as_of_cutoff","houses":["house-targaryen"],"titles":["King of the Andals, the Rhoynar and the First Men","Lord of the Seven Kingdoms","Protector of the Realm","Prince"],"father":"daemon-targaryen","mother":"rhaenyra-targaryen","spouse":"jaehaera-targaryen","books":[1,3,4,9,10,11],"povBooks":[],"show":["house-of-the-dragon"],"presence":[{"show":"house-of-the-dragon","kind":"depicted","first":"S1E8"}],"playedBy":[],"sources":[{"label":"An API of Ice and Fire — character 40","url":"https://anapioficeandfire.com/api/characters/40","provider":"An API of Ice and Fire","kind":"structured_database","accessed":"2026-07-10"},{"label":"Wiki of Westeros — Aegon III","url":"https://gameofthrones.fandom.com/wiki/Aegon_III_Targaryen","provider":"Wiki of Westeros","kind":"reference_page","accessed":"2026-07-10"}],"verification":"single_source_curated","image":"/images/fallback-character.svg","imageSource":{"provider":"Local archive fallback","kind":"fallback","match":"none","uncertain":false,"reason":"Canonical title mismatch: expected [\"Aegon III Targaryen\",\"Aegon III\",\"Aegon the Younger\",\"Aegon the Dragonbane\",\"Aegon the Unlucky\",\"The Broken King\"], received \"Aegon Targaryen (son of Rhaenyra)\"","url":null,"assetUrl":null},"house":"house-targaryen","parents":["daemon-targaryen","rhaenyra-targaryen"],"children":[],"spouses":[],"dragon":"stormcloud","era":3,"biography":"Elder son of Rhaenyra and Daemon.","legacyIds":["api-character-40"]}');
INSERT INTO aliases (entity_key, alias) VALUES ('character:aegon-iii', 'Aegon the Younger');
INSERT INTO aliases (entity_key, alias) VALUES ('character:aegon-iii', 'Aegon the Dragonbane');
INSERT INTO aliases (entity_key, alias) VALUES ('character:aegon-iii', 'Aegon the Unlucky');
INSERT INTO aliases (entity_key, alias) VALUES ('character:aegon-iii', 'The Broken King');
INSERT INTO appearances (entity_key, show_id, presence_kind, first_reference, details_json) VALUES ('character:aegon-iii', 'house-of-the-dragon', 'depicted', 'S1E8', '{"show":"house-of-the-dragon","kind":"depicted","first":"S1E8"}');
INSERT INTO sources (entity_key, label, url, provider, source_kind, accessed) VALUES ('character:aegon-iii', 'An API of Ice and Fire — character 40', 'https://anapioficeandfire.com/api/characters/40', 'An API of Ice and Fire', 'structured_database', '2026-07-10');
INSERT INTO sources (entity_key, label, url, provider, source_kind, accessed) VALUES ('character:aegon-iii', 'Wiki of Westeros — Aegon III', 'https://gameofthrones.fandom.com/wiki/Aegon_III_Targaryen', 'Wiki of Westeros', 'reference_page', '2026-07-10');
INSERT INTO media (entity_key, local_path, provider, source_page, asset_url, media_kind, uncertain, metadata_json) VALUES ('character:aegon-iii', '/images/fallback-character.svg', 'Local archive fallback', NULL, NULL, 'fallback', 0, '{"provider":"Local archive fallback","kind":"fallback","match":"none","uncertain":false,"reason":"Canonical title mismatch: expected [\"Aegon III Targaryen\",\"Aegon III\",\"Aegon the Younger\",\"Aegon the Dragonbane\",\"Aegon the Unlucky\",\"The Broken King\"], received \"Aegon Targaryen (son of Rhaenyra)\"","url":null,"assetUrl":null}');
INSERT INTO entities_fts (entity_key, name, aliases, type) VALUES ('character:aegon-iii', 'Aegon III Targaryen', 'Aegon the Younger Aegon the Dragonbane Aegon the Unlucky The Broken King', 'character');
INSERT INTO characters (entity_key, gender, culture, born, died, actor_json, titles_json, era) VALUES ('character:aegon-iii', 'male', 'Valyrian', '120 AC, at Dragonstone', '157 AC, at King''s Landing', '["Jake McNally"]', '["King of the Andals, the Rhoynar and the First Men","Lord of the Seven Kingdoms","Protector of the Realm","Prince"]', 3);
INSERT INTO entities (entity_key, id, type, name, description, status, verification, raw_json) VALUES ('character:viserys-ii', 'viserys-ii', 'character', 'Viserys II Targaryen', 'Younger son of Rhaenyra and Daemon.', 'alive_as_of_cutoff', 'single_source_curated', '{"id":"viserys-ii","name":"Viserys II Targaryen","aliases":[],"actor":[],"gender":"male","status":"alive_as_of_cutoff","house":"house-targaryen","titles":["Prince"],"parents":["daemon-targaryen","rhaenyra-targaryen"],"children":["aegon-iv","naerys-targaryen"],"spouses":[],"dragon":null,"show":["house-of-the-dragon"],"presence":[{"show":"house-of-the-dragon","kind":"depicted","first":"S1E8"}],"era":3,"biography":"Younger son of Rhaenyra and Daemon.","sources":[{"label":"Wiki of Westeros — Viserys II","url":"https://gameofthrones.fandom.com/wiki/Viserys_II_Targaryen","provider":"Wiki of Westeros","kind":"reference_page","accessed":"2026-07-10"}],"verification":"single_source_curated","image":"/images/fallback-character.svg","imageSource":{"provider":"Local archive fallback","kind":"fallback","match":"none","uncertain":false,"reason":"Canonical title mismatch: expected [\"Viserys II Targaryen\"], received \"Viserys Targaryen (son of Rhaenyra)\"","url":null,"assetUrl":null},"apiId":null,"houses":["house-targaryen"],"legacyIds":[],"father":null,"mother":null,"spouse":null}');
INSERT INTO appearances (entity_key, show_id, presence_kind, first_reference, details_json) VALUES ('character:viserys-ii', 'house-of-the-dragon', 'depicted', 'S1E8', '{"show":"house-of-the-dragon","kind":"depicted","first":"S1E8"}');
INSERT INTO sources (entity_key, label, url, provider, source_kind, accessed) VALUES ('character:viserys-ii', 'Wiki of Westeros — Viserys II', 'https://gameofthrones.fandom.com/wiki/Viserys_II_Targaryen', 'Wiki of Westeros', 'reference_page', '2026-07-10');
INSERT INTO media (entity_key, local_path, provider, source_page, asset_url, media_kind, uncertain, metadata_json) VALUES ('character:viserys-ii', '/images/fallback-character.svg', 'Local archive fallback', NULL, NULL, 'fallback', 0, '{"provider":"Local archive fallback","kind":"fallback","match":"none","uncertain":false,"reason":"Canonical title mismatch: expected [\"Viserys II Targaryen\"], received \"Viserys Targaryen (son of Rhaenyra)\"","url":null,"assetUrl":null}');
INSERT INTO entities_fts (entity_key, name, aliases, type) VALUES ('character:viserys-ii', 'Viserys II Targaryen', '', 'character');
INSERT INTO characters (entity_key, gender, culture, born, died, actor_json, titles_json, era) VALUES ('character:viserys-ii', 'male', NULL, NULL, NULL, '[]', '["Prince"]', 3);
INSERT INTO entities (entity_key, id, type, name, description, status, verification, raw_json) VALUES ('character:aegon-iv', 'aegon-iv', 'character', 'Aegon IV Targaryen', 'The king whose legitimization of his bastards helped cause the Blackfyre Rebellion.', 'dead', 'single_source_curated', '{"id":"aegon-iv","apiId":41,"name":"Aegon IV Targaryen","canonicalName":"Aegon IV","aliases":["Aegon the Unworthy"],"actor":[],"gender":"male","culture":null,"born":"135 AC, at King''s Landing","died":"184 AC, at King''s Landing","status":"dead","houses":["house-targaryen"],"titles":["King of the Andals, the Rhoynar and the First Men","Lord of the Seven Kingdoms","Protector of the Realm","King"],"father":null,"mother":null,"spouse":"naerys-targaryen","books":[1,3,4,7,11],"povBooks":[],"show":["a-knight-of-the-seven-kingdoms"],"presence":[{"show":"a-knight-of-the-seven-kingdoms","kind":"historical_reference"}],"playedBy":[],"sources":[{"label":"An API of Ice and Fire — character 41","url":"https://anapioficeandfire.com/api/characters/41","provider":"An API of Ice and Fire","kind":"structured_database","accessed":"2026-07-10"},{"label":"Wiki of Westeros — Aegon IV","url":"https://gameofthrones.fandom.com/wiki/Aegon_IV_Targaryen","provider":"Wiki of Westeros","kind":"reference_page","accessed":"2026-07-10"},{"label":"A Wiki of Ice and Fire — Aegon IV Targaryen","url":"https://awoiaf.westeros.org/index.php/Aegon_IV_Targaryen","provider":"A Wiki of Ice and Fire","kind":"reference_page","accessed":"2026-07-10"}],"verification":"single_source_curated","image":"/images/characters/aegon-iv.webp","imageSource":{"provider":"A Wiki of Ice and Fire","kind":"wiki_lead_image","match":"exact_page_title","uncertain":false,"url":"https://awoiaf.westeros.org/index.php/Aegon_IV_Targaryen","assetUrl":"https://awoiaf.westeros.org/images/5/59/AEGON_IV.jpg","accessed":"2026-07-10","originalSha256":"c8728489a362c8fe7b3554eb04bc74d0c25f46eec790d000671d41efe78d53aa","derivativeSha256":"7b669ca5dece770dce919aef54f98affd5228012efd210a23eb55cdff9c69ee6","width":1200,"height":900,"presentation":"proportional_resize_with_padding"},"house":"house-targaryen","parents":["viserys-ii"],"children":["daeron-ii","daemon-blackfyre"],"spouses":["naerys-targaryen"],"dragon":null,"era":4,"biography":"The king whose legitimization of his bastards helped cause the Blackfyre Rebellion.","legacyIds":["api-character-41"]}');
INSERT INTO aliases (entity_key, alias) VALUES ('character:aegon-iv', 'Aegon the Unworthy');
INSERT INTO appearances (entity_key, show_id, presence_kind, first_reference, details_json) VALUES ('character:aegon-iv', 'a-knight-of-the-seven-kingdoms', 'historical_reference', NULL, '{"show":"a-knight-of-the-seven-kingdoms","kind":"historical_reference"}');
INSERT INTO sources (entity_key, label, url, provider, source_kind, accessed) VALUES ('character:aegon-iv', 'An API of Ice and Fire — character 41', 'https://anapioficeandfire.com/api/characters/41', 'An API of Ice and Fire', 'structured_database', '2026-07-10');
INSERT INTO sources (entity_key, label, url, provider, source_kind, accessed) VALUES ('character:aegon-iv', 'Wiki of Westeros — Aegon IV', 'https://gameofthrones.fandom.com/wiki/Aegon_IV_Targaryen', 'Wiki of Westeros', 'reference_page', '2026-07-10');
INSERT INTO sources (entity_key, label, url, provider, source_kind, accessed) VALUES ('character:aegon-iv', 'A Wiki of Ice and Fire — Aegon IV Targaryen', 'https://awoiaf.westeros.org/index.php/Aegon_IV_Targaryen', 'A Wiki of Ice and Fire', 'reference_page', '2026-07-10');
INSERT INTO media (entity_key, local_path, provider, source_page, asset_url, media_kind, uncertain, metadata_json) VALUES ('character:aegon-iv', '/images/characters/aegon-iv.webp', 'A Wiki of Ice and Fire', 'https://awoiaf.westeros.org/index.php/Aegon_IV_Targaryen', 'https://awoiaf.westeros.org/images/5/59/AEGON_IV.jpg', 'wiki_lead_image', 0, '{"provider":"A Wiki of Ice and Fire","kind":"wiki_lead_image","match":"exact_page_title","uncertain":false,"url":"https://awoiaf.westeros.org/index.php/Aegon_IV_Targaryen","assetUrl":"https://awoiaf.westeros.org/images/5/59/AEGON_IV.jpg","accessed":"2026-07-10","originalSha256":"c8728489a362c8fe7b3554eb04bc74d0c25f46eec790d000671d41efe78d53aa","derivativeSha256":"7b669ca5dece770dce919aef54f98affd5228012efd210a23eb55cdff9c69ee6","width":1200,"height":900,"presentation":"proportional_resize_with_padding"}');
INSERT INTO entities_fts (entity_key, name, aliases, type) VALUES ('character:aegon-iv', 'Aegon IV Targaryen', 'Aegon the Unworthy', 'character');
INSERT INTO characters (entity_key, gender, culture, born, died, actor_json, titles_json, era) VALUES ('character:aegon-iv', 'male', NULL, '135 AC, at King''s Landing', '184 AC, at King''s Landing', '[]', '["King of the Andals, the Rhoynar and the First Men","Lord of the Seven Kingdoms","Protector of the Realm","King"]', 4);
INSERT INTO entities (entity_key, id, type, name, description, status, verification, raw_json) VALUES ('character:naerys-targaryen', 'naerys-targaryen', 'character', 'Naerys Targaryen', 'Sister-wife of Aegon IV and mother of Daeron II.', 'dead', 'single_source', '{"id":"naerys-targaryen","apiId":779,"name":"Naerys Targaryen","canonicalName":"Naerys Targaryen","aliases":[],"actor":[],"gender":"female","culture":"Valyrian","born":"In 138 AC, at King''s Landing","died":"In or between 179 AC and 184 AC, at King''s Landing","status":"dead","houses":["house-targaryen"],"titles":["Queen"],"father":null,"mother":null,"spouse":"aegon-iv","books":[1,11],"povBooks":[],"show":["a-knight-of-the-seven-kingdoms"],"presence":[{"show":"a-knight-of-the-seven-kingdoms","kind":"historical_reference"}],"playedBy":[],"sources":[{"label":"Wiki of Westeros — Naerys","url":"https://gameofthrones.fandom.com/wiki/Naerys_Targaryen","provider":"Wiki of Westeros","kind":"reference_page","accessed":"2026-07-10"},{"label":"An API of Ice and Fire — character 779","url":"https://anapioficeandfire.com/api/characters/779","provider":"An API of Ice and Fire","kind":"structured_database","accessed":"2026-07-10"},{"label":"A Wiki of Ice and Fire — Naerys Targaryen","url":"https://awoiaf.westeros.org/index.php/Naerys_Targaryen","provider":"A Wiki of Ice and Fire","kind":"reference_page","accessed":"2026-07-10"}],"verification":"single_source","image":"/images/characters/naerys-targaryen.webp","imageSource":{"provider":"A Wiki of Ice and Fire","kind":"wiki_lead_image","match":"exact_page_title","uncertain":false,"url":"https://awoiaf.westeros.org/index.php/Naerys_Targaryen","assetUrl":"https://awoiaf.westeros.org/images/9/90/Naerys.jpg","accessed":"2026-07-10","originalSha256":"82a865df11c4bd70256c1de2bcb30c0248a536892796f8bf52a3ef4830c40a15","derivativeSha256":"68f1df390c26a7b4bb9fdb3ebcab35c9c0b673d963578e5207e7d5a7330eb4e3","width":1200,"height":900,"presentation":"proportional_resize_with_padding"},"house":"house-targaryen","parents":["viserys-ii"],"children":["daeron-ii"],"spouses":["aegon-iv"],"dragon":null,"era":4,"biography":"Sister-wife of Aegon IV and mother of Daeron II.","legacyIds":["api-character-779"]}');
INSERT INTO appearances (entity_key, show_id, presence_kind, first_reference, details_json) VALUES ('character:naerys-targaryen', 'a-knight-of-the-seven-kingdoms', 'historical_reference', NULL, '{"show":"a-knight-of-the-seven-kingdoms","kind":"historical_reference"}');
INSERT INTO sources (entity_key, label, url, provider, source_kind, accessed) VALUES ('character:naerys-targaryen', 'Wiki of Westeros — Naerys', 'https://gameofthrones.fandom.com/wiki/Naerys_Targaryen', 'Wiki of Westeros', 'reference_page', '2026-07-10');
INSERT INTO sources (entity_key, label, url, provider, source_kind, accessed) VALUES ('character:naerys-targaryen', 'An API of Ice and Fire — character 779', 'https://anapioficeandfire.com/api/characters/779', 'An API of Ice and Fire', 'structured_database', '2026-07-10');
INSERT INTO sources (entity_key, label, url, provider, source_kind, accessed) VALUES ('character:naerys-targaryen', 'A Wiki of Ice and Fire — Naerys Targaryen', 'https://awoiaf.westeros.org/index.php/Naerys_Targaryen', 'A Wiki of Ice and Fire', 'reference_page', '2026-07-10');
INSERT INTO media (entity_key, local_path, provider, source_page, asset_url, media_kind, uncertain, metadata_json) VALUES ('character:naerys-targaryen', '/images/characters/naerys-targaryen.webp', 'A Wiki of Ice and Fire', 'https://awoiaf.westeros.org/index.php/Naerys_Targaryen', 'https://awoiaf.westeros.org/images/9/90/Naerys.jpg', 'wiki_lead_image', 0, '{"provider":"A Wiki of Ice and Fire","kind":"wiki_lead_image","match":"exact_page_title","uncertain":false,"url":"https://awoiaf.westeros.org/index.php/Naerys_Targaryen","assetUrl":"https://awoiaf.westeros.org/images/9/90/Naerys.jpg","accessed":"2026-07-10","originalSha256":"82a865df11c4bd70256c1de2bcb30c0248a536892796f8bf52a3ef4830c40a15","derivativeSha256":"68f1df390c26a7b4bb9fdb3ebcab35c9c0b673d963578e5207e7d5a7330eb4e3","width":1200,"height":900,"presentation":"proportional_resize_with_padding"}');
INSERT INTO entities_fts (entity_key, name, aliases, type) VALUES ('character:naerys-targaryen', 'Naerys Targaryen', '', 'character');
INSERT INTO characters (entity_key, gender, culture, born, died, actor_json, titles_json, era) VALUES ('character:naerys-targaryen', 'female', 'Valyrian', 'In 138 AC, at King''s Landing', 'In or between 179 AC and 184 AC, at King''s Landing', '[]', '["Queen"]', 4);
INSERT INTO entities (entity_key, id, type, name, description, status, verification, raw_json) VALUES ('character:daemon-blackfyre', 'daemon-blackfyre', 'character', 'Daemon Blackfyre', 'A legitimized son of Aegon IV whose rebellion still shadows the Ashford tourney.', 'dead', 'single_source_curated', '{"id":"daemon-blackfyre","apiId":267,"name":"Daemon Blackfyre","canonicalName":"Daemon Blackfyre","aliases":["The Black Dragon"],"actor":[],"gender":"male","culture":"Valyrian","born":"In 170 AC, at King''s Landing","died":"In 196 AC, at Redgrass Field","status":"dead","houses":["house-blackfyre"],"titles":["Ser"],"father":null,"mother":null,"spouse":null,"books":[3,6,7,8,11],"povBooks":[],"show":["a-knight-of-the-seven-kingdoms"],"presence":[{"show":"a-knight-of-the-seven-kingdoms","kind":"historical_reference"}],"playedBy":[],"sources":[{"label":"Wiki of Westeros — Daemon Blackfyre","url":"https://gameofthrones.fandom.com/wiki/Daemon_Blackfyre","provider":"Wiki of Westeros","kind":"reference_page","accessed":"2026-07-10"},{"label":"An API of Ice and Fire — character 267","url":"https://anapioficeandfire.com/api/characters/267","provider":"An API of Ice and Fire","kind":"structured_database","accessed":"2026-07-10"},{"label":"A Wiki of Ice and Fire — Daemon I Blackfyre","url":"https://awoiaf.westeros.org/index.php/Daemon_I_Blackfyre","provider":"A Wiki of Ice and Fire","kind":"reference_page","accessed":"2026-07-10"}],"verification":"single_source_curated","image":"/images/characters/daemon-blackfyre.webp","imageSource":{"provider":"A Wiki of Ice and Fire","kind":"wiki_lead_image","match":"exact_page_title","uncertain":false,"url":"https://awoiaf.westeros.org/index.php/Daemon_I_Blackfyre","assetUrl":"https://awoiaf.westeros.org/images/6/6e/Daemon_Blackfyre.jpg","accessed":"2026-07-10","originalSha256":"f2d77d865c3e7e10639daf66eb9b1e86da49aa38a0551454895ccd289dc01732","derivativeSha256":"9a371ee79c24a4562f64e21d39af5fc065103aa8f2138d8c5d33f34ebeb56f0b","width":1200,"height":900,"presentation":"proportional_resize_with_padding"},"house":"house-blackfyre","parents":["aegon-iv"],"children":[],"spouses":[],"dragon":null,"era":4,"biography":"A legitimized son of Aegon IV whose rebellion still shadows the Ashford tourney.","legacyIds":["api-character-267"]}');
INSERT INTO aliases (entity_key, alias) VALUES ('character:daemon-blackfyre', 'The Black Dragon');
INSERT INTO appearances (entity_key, show_id, presence_kind, first_reference, details_json) VALUES ('character:daemon-blackfyre', 'a-knight-of-the-seven-kingdoms', 'historical_reference', NULL, '{"show":"a-knight-of-the-seven-kingdoms","kind":"historical_reference"}');
INSERT INTO sources (entity_key, label, url, provider, source_kind, accessed) VALUES ('character:daemon-blackfyre', 'Wiki of Westeros — Daemon Blackfyre', 'https://gameofthrones.fandom.com/wiki/Daemon_Blackfyre', 'Wiki of Westeros', 'reference_page', '2026-07-10');
INSERT INTO sources (entity_key, label, url, provider, source_kind, accessed) VALUES ('character:daemon-blackfyre', 'An API of Ice and Fire — character 267', 'https://anapioficeandfire.com/api/characters/267', 'An API of Ice and Fire', 'structured_database', '2026-07-10');
INSERT INTO sources (entity_key, label, url, provider, source_kind, accessed) VALUES ('character:daemon-blackfyre', 'A Wiki of Ice and Fire — Daemon I Blackfyre', 'https://awoiaf.westeros.org/index.php/Daemon_I_Blackfyre', 'A Wiki of Ice and Fire', 'reference_page', '2026-07-10');
INSERT INTO media (entity_key, local_path, provider, source_page, asset_url, media_kind, uncertain, metadata_json) VALUES ('character:daemon-blackfyre', '/images/characters/daemon-blackfyre.webp', 'A Wiki of Ice and Fire', 'https://awoiaf.westeros.org/index.php/Daemon_I_Blackfyre', 'https://awoiaf.westeros.org/images/6/6e/Daemon_Blackfyre.jpg', 'wiki_lead_image', 0, '{"provider":"A Wiki of Ice and Fire","kind":"wiki_lead_image","match":"exact_page_title","uncertain":false,"url":"https://awoiaf.westeros.org/index.php/Daemon_I_Blackfyre","assetUrl":"https://awoiaf.westeros.org/images/6/6e/Daemon_Blackfyre.jpg","accessed":"2026-07-10","originalSha256":"f2d77d865c3e7e10639daf66eb9b1e86da49aa38a0551454895ccd289dc01732","derivativeSha256":"9a371ee79c24a4562f64e21d39af5fc065103aa8f2138d8c5d33f34ebeb56f0b","width":1200,"height":900,"presentation":"proportional_resize_with_padding"}');
INSERT INTO entities_fts (entity_key, name, aliases, type) VALUES ('character:daemon-blackfyre', 'Daemon Blackfyre', 'The Black Dragon', 'character');
INSERT INTO characters (entity_key, gender, culture, born, died, actor_json, titles_json, era) VALUES ('character:daemon-blackfyre', 'male', 'Valyrian', 'In 170 AC, at King''s Landing', 'In 196 AC, at Redgrass Field', '[]', '["Ser"]', 4);
INSERT INTO entities (entity_key, id, type, name, description, status, verification, raw_json) VALUES ('character:daeron-ii', 'daeron-ii', 'character', 'Daeron II Targaryen', 'The reigning king during the Ashford tourney and father of Baelor and Maekar.', 'alive_as_of_show', 'single_source_curated', '{"id":"daeron-ii","apiId":274,"name":"Daeron II Targaryen","canonicalName":"Daeron II","aliases":["Daeron the Good","Daeron the Falseborn"],"actor":[],"gender":"male","culture":null,"born":"153 AC, at King''s Landing","died":"209 AC, at King''s Landing","status":"alive_as_of_show","houses":["house-targaryen"],"titles":["King of the Andals, the Rhoynar and the First Men","Lord of the Seven Kingdoms","King"],"father":"aegon-iv","mother":"naerys-targaryen","spouse":"myriah-martell","books":[1,2,3,4,5,6,7,8,11],"povBooks":[],"show":["a-knight-of-the-seven-kingdoms"],"presence":[{"show":"a-knight-of-the-seven-kingdoms","kind":"mentioned"}],"playedBy":[],"sources":[{"label":"An API of Ice and Fire — character 274","url":"https://anapioficeandfire.com/api/characters/274","provider":"An API of Ice and Fire","kind":"structured_database","accessed":"2026-07-10"},{"label":"Wiki of Westeros — Daeron II","url":"https://gameofthrones.fandom.com/wiki/Daeron_II_Targaryen","provider":"Wiki of Westeros","kind":"reference_page","accessed":"2026-07-10"},{"label":"A Wiki of Ice and Fire — Daeron II Targaryen","url":"https://awoiaf.westeros.org/index.php/Daeron_II_Targaryen","provider":"A Wiki of Ice and Fire","kind":"reference_page","accessed":"2026-07-10"}],"verification":"single_source_curated","image":"/images/characters/daeron-ii.webp","imageSource":{"provider":"A Wiki of Ice and Fire","kind":"wiki_lead_image","match":"exact_page_title","uncertain":false,"url":"https://awoiaf.westeros.org/index.php/Daeron_II_Targaryen","assetUrl":"https://awoiaf.westeros.org/images/a/ae/DAERON_II.jpg","accessed":"2026-07-10","originalSha256":"76f8ee63600f865960374db157b47dc44d05f773638ccc6db9751a7f754ea1ad","derivativeSha256":"e237525ca7f45641b3cfa9ff1ffeac55630293dbdf807a8fe706b2e24e8389c8","width":1200,"height":900,"presentation":"proportional_resize_with_padding"},"house":"house-targaryen","parents":["aegon-iv","naerys-targaryen"],"children":["baelor-breakspear","maekar-targaryen"],"spouses":["myriah-martell"],"dragon":null,"era":5,"biography":"The reigning king during the Ashford tourney and father of Baelor and Maekar.","legacyIds":["api-character-274"]}');
INSERT INTO aliases (entity_key, alias) VALUES ('character:daeron-ii', 'Daeron the Good');
INSERT INTO aliases (entity_key, alias) VALUES ('character:daeron-ii', 'Daeron the Falseborn');
INSERT INTO appearances (entity_key, show_id, presence_kind, first_reference, details_json) VALUES ('character:daeron-ii', 'a-knight-of-the-seven-kingdoms', 'mentioned', NULL, '{"show":"a-knight-of-the-seven-kingdoms","kind":"mentioned"}');
INSERT INTO sources (entity_key, label, url, provider, source_kind, accessed) VALUES ('character:daeron-ii', 'An API of Ice and Fire — character 274', 'https://anapioficeandfire.com/api/characters/274', 'An API of Ice and Fire', 'structured_database', '2026-07-10');
INSERT INTO sources (entity_key, label, url, provider, source_kind, accessed) VALUES ('character:daeron-ii', 'Wiki of Westeros — Daeron II', 'https://gameofthrones.fandom.com/wiki/Daeron_II_Targaryen', 'Wiki of Westeros', 'reference_page', '2026-07-10');
INSERT INTO sources (entity_key, label, url, provider, source_kind, accessed) VALUES ('character:daeron-ii', 'A Wiki of Ice and Fire — Daeron II Targaryen', 'https://awoiaf.westeros.org/index.php/Daeron_II_Targaryen', 'A Wiki of Ice and Fire', 'reference_page', '2026-07-10');
INSERT INTO media (entity_key, local_path, provider, source_page, asset_url, media_kind, uncertain, metadata_json) VALUES ('character:daeron-ii', '/images/characters/daeron-ii.webp', 'A Wiki of Ice and Fire', 'https://awoiaf.westeros.org/index.php/Daeron_II_Targaryen', 'https://awoiaf.westeros.org/images/a/ae/DAERON_II.jpg', 'wiki_lead_image', 0, '{"provider":"A Wiki of Ice and Fire","kind":"wiki_lead_image","match":"exact_page_title","uncertain":false,"url":"https://awoiaf.westeros.org/index.php/Daeron_II_Targaryen","assetUrl":"https://awoiaf.westeros.org/images/a/ae/DAERON_II.jpg","accessed":"2026-07-10","originalSha256":"76f8ee63600f865960374db157b47dc44d05f773638ccc6db9751a7f754ea1ad","derivativeSha256":"e237525ca7f45641b3cfa9ff1ffeac55630293dbdf807a8fe706b2e24e8389c8","width":1200,"height":900,"presentation":"proportional_resize_with_padding"}');
INSERT INTO entities_fts (entity_key, name, aliases, type) VALUES ('character:daeron-ii', 'Daeron II Targaryen', 'Daeron the Good Daeron the Falseborn', 'character');
INSERT INTO characters (entity_key, gender, culture, born, died, actor_json, titles_json, era) VALUES ('character:daeron-ii', 'male', NULL, '153 AC, at King''s Landing', '209 AC, at King''s Landing', '[]', '["King of the Andals, the Rhoynar and the First Men","Lord of the Seven Kingdoms","King"]', 5);
INSERT INTO entities (entity_key, id, type, name, description, status, verification, raw_json) VALUES ('character:myriah-martell', 'myriah-martell', 'character', 'Myriah Martell', 'Dornish queen of Daeron II and mother of his heirs.', 'dead_or_unstated', 'single_source', '{"id":"myriah-martell","apiId":709,"name":"Myriah Martell","canonicalName":"Mariah Martell","aliases":["Myriah Martell"],"actor":[],"gender":"female","culture":"Dornish","born":null,"died":null,"status":"dead_or_unstated","houses":["house-targaryen","house-martell"],"titles":["Princess","Queen"],"father":null,"mother":null,"spouse":"daeron-ii","books":[1,4,5,11],"povBooks":[],"show":["a-knight-of-the-seven-kingdoms"],"presence":[{"show":"a-knight-of-the-seven-kingdoms","kind":"historical_reference"}],"playedBy":[],"sources":[{"label":"An API of Ice and Fire — character 709","url":"https://anapioficeandfire.com/api/characters/709","provider":"An API of Ice and Fire","kind":"structured_database","accessed":"2026-07-10"},{"label":"Wiki of Westeros — Myriah Martell","url":"https://gameofthrones.fandom.com/wiki/Myriah_Martell","provider":"Wiki of Westeros","kind":"reference_page","accessed":"2026-07-10"},{"label":"A Wiki of Ice and Fire — Myriah Martell","url":"https://awoiaf.westeros.org/index.php/Myriah_Martell","provider":"A Wiki of Ice and Fire","kind":"reference_page","accessed":"2026-07-10"}],"verification":"single_source","image":"/images/characters/myriah-martell.webp","imageSource":{"provider":"A Wiki of Ice and Fire","kind":"wiki_lead_image","match":"exact_page_title","uncertain":false,"url":"https://awoiaf.westeros.org/index.php/Myriah_Martell","assetUrl":"https://awoiaf.westeros.org/images/thumb/b/bc/Daeron_II_%26_Myriah_Martell_by_Lopata_Four.jpg/1200px-Daeron_II_%26_Myriah_Martell_by_Lopata_Four.jpg","accessed":"2026-07-10","originalSha256":"4a578a6e250ca7467cb530a3d3081f7bf056cf01c74d2dca407a4aef3616c133","derivativeSha256":"6c96c728b4a0cd035c37c6b882efc44bf7f99efd2455d82283d3fdbdf997761b","width":1200,"height":900,"presentation":"proportional_resize_with_padding"},"house":"house-martell","parents":[],"children":["baelor-breakspear","maekar-targaryen"],"spouses":["daeron-ii"],"dragon":null,"era":5,"biography":"Dornish queen of Daeron II and mother of his heirs.","legacyIds":["api-character-709"]}');
INSERT INTO aliases (entity_key, alias) VALUES ('character:myriah-martell', 'Myriah Martell');
INSERT INTO appearances (entity_key, show_id, presence_kind, first_reference, details_json) VALUES ('character:myriah-martell', 'a-knight-of-the-seven-kingdoms', 'historical_reference', NULL, '{"show":"a-knight-of-the-seven-kingdoms","kind":"historical_reference"}');
INSERT INTO sources (entity_key, label, url, provider, source_kind, accessed) VALUES ('character:myriah-martell', 'An API of Ice and Fire — character 709', 'https://anapioficeandfire.com/api/characters/709', 'An API of Ice and Fire', 'structured_database', '2026-07-10');
INSERT INTO sources (entity_key, label, url, provider, source_kind, accessed) VALUES ('character:myriah-martell', 'Wiki of Westeros — Myriah Martell', 'https://gameofthrones.fandom.com/wiki/Myriah_Martell', 'Wiki of Westeros', 'reference_page', '2026-07-10');
INSERT INTO sources (entity_key, label, url, provider, source_kind, accessed) VALUES ('character:myriah-martell', 'A Wiki of Ice and Fire — Myriah Martell', 'https://awoiaf.westeros.org/index.php/Myriah_Martell', 'A Wiki of Ice and Fire', 'reference_page', '2026-07-10');
INSERT INTO media (entity_key, local_path, provider, source_page, asset_url, media_kind, uncertain, metadata_json) VALUES ('character:myriah-martell', '/images/characters/myriah-martell.webp', 'A Wiki of Ice and Fire', 'https://awoiaf.westeros.org/index.php/Myriah_Martell', 'https://awoiaf.westeros.org/images/thumb/b/bc/Daeron_II_%26_Myriah_Martell_by_Lopata_Four.jpg/1200px-Daeron_II_%26_Myriah_Martell_by_Lopata_Four.jpg', 'wiki_lead_image', 0, '{"provider":"A Wiki of Ice and Fire","kind":"wiki_lead_image","match":"exact_page_title","uncertain":false,"url":"https://awoiaf.westeros.org/index.php/Myriah_Martell","assetUrl":"https://awoiaf.westeros.org/images/thumb/b/bc/Daeron_II_%26_Myriah_Martell_by_Lopata_Four.jpg/1200px-Daeron_II_%26_Myriah_Martell_by_Lopata_Four.jpg","accessed":"2026-07-10","originalSha256":"4a578a6e250ca7467cb530a3d3081f7bf056cf01c74d2dca407a4aef3616c133","derivativeSha256":"6c96c728b4a0cd035c37c6b882efc44bf7f99efd2455d82283d3fdbdf997761b","width":1200,"height":900,"presentation":"proportional_resize_with_padding"}');
INSERT INTO entities_fts (entity_key, name, aliases, type) VALUES ('character:myriah-martell', 'Myriah Martell', 'Myriah Martell', 'character');
INSERT INTO characters (entity_key, gender, culture, born, died, actor_json, titles_json, era) VALUES ('character:myriah-martell', 'female', 'Dornish', NULL, NULL, '[]', '["Princess","Queen"]', 5);
INSERT INTO entities (entity_key, id, type, name, description, status, verification, raw_json) VALUES ('character:baelor-breakspear', 'baelor-breakspear', 'character', 'Baelor Targaryen', 'Daeron II''s heir, respected for his honor and killed after fighting for Dunk in the Trial of Seven.', 'dead', 'cross_checked', '{"id":"baelor-breakspear","apiId":161,"name":"Baelor Targaryen","canonicalName":"Baelor Targaryen","aliases":["Baelor Breakspear"],"actor":["Bertie Carvel"],"gender":"male","culture":null,"born":"In 170 AC","died":"In 209 AC, at Ashford","status":"dead","houses":["house-targaryen"],"titles":["Prince of Dragonstone","Hand of the King"],"father":null,"mother":null,"spouse":null,"books":[3,4,6,7,11],"povBooks":[],"show":["a-knight-of-the-seven-kingdoms"],"presence":[{"show":"a-knight-of-the-seven-kingdoms","kind":"depicted","first":"S1E2","last":"S1E6"}],"playedBy":[],"sources":[{"label":"Wiki of Westeros — Baelor Targaryen","url":"https://gameofthrones.fandom.com/wiki/Baelor_Targaryen","provider":"Wiki of Westeros","kind":"reference_page","accessed":"2026-07-10"},{"label":"HBO — In the Name of the Mother","url":"https://www.hbo.com/content/a-knight-of-the-seven-kingdoms/season-1/5-in-the-name-of-the-mother","provider":"HBO","kind":"reference_page","accessed":"2026-07-10"},{"label":"An API of Ice and Fire — character 161","url":"https://anapioficeandfire.com/api/characters/161","provider":"An API of Ice and Fire","kind":"structured_database","accessed":"2026-07-10"}],"verification":"cross_checked","image":"/images/characters/baelor-breakspear.webp","imageSource":{"provider":"Wiki of Westeros","kind":"wiki_lead_image","match":"exact_page_title","uncertain":false,"url":"https://gameofthrones.fandom.com/wiki/Baelor_Targaryen","assetUrl":"https://static.wikia.nocookie.net/gameofthrones/images/b/b5/Baelor_Breakspear-AKotSK.png/revision/latest?cb=20260223232300","accessed":"2026-07-10","originalSha256":"829ccb513ed6452011bf6e712e635c67b1073c31d0dc2cae151b62e1411d3fad","derivativeSha256":"0851205fdc7d5a8fdbd26abf2ca46137d34b80bba043613daac6404ae78b268e","width":1200,"height":900,"presentation":"proportional_resize_with_padding"},"house":"house-targaryen","parents":["daeron-ii","myriah-martell"],"children":["valarr-targaryen"],"spouses":[],"dragon":null,"era":5,"biography":"Daeron II''s heir, respected for his honor and killed after fighting for Dunk in the Trial of Seven.","legacyIds":["api-character-161"]}');
INSERT INTO aliases (entity_key, alias) VALUES ('character:baelor-breakspear', 'Baelor Breakspear');
INSERT INTO appearances (entity_key, show_id, presence_kind, first_reference, details_json) VALUES ('character:baelor-breakspear', 'a-knight-of-the-seven-kingdoms', 'depicted', 'S1E2', '{"show":"a-knight-of-the-seven-kingdoms","kind":"depicted","first":"S1E2","last":"S1E6"}');
INSERT INTO sources (entity_key, label, url, provider, source_kind, accessed) VALUES ('character:baelor-breakspear', 'Wiki of Westeros — Baelor Targaryen', 'https://gameofthrones.fandom.com/wiki/Baelor_Targaryen', 'Wiki of Westeros', 'reference_page', '2026-07-10');
INSERT INTO sources (entity_key, label, url, provider, source_kind, accessed) VALUES ('character:baelor-breakspear', 'HBO — In the Name of the Mother', 'https://www.hbo.com/content/a-knight-of-the-seven-kingdoms/season-1/5-in-the-name-of-the-mother', 'HBO', 'reference_page', '2026-07-10');
INSERT INTO sources (entity_key, label, url, provider, source_kind, accessed) VALUES ('character:baelor-breakspear', 'An API of Ice and Fire — character 161', 'https://anapioficeandfire.com/api/characters/161', 'An API of Ice and Fire', 'structured_database', '2026-07-10');
INSERT INTO media (entity_key, local_path, provider, source_page, asset_url, media_kind, uncertain, metadata_json) VALUES ('character:baelor-breakspear', '/images/characters/baelor-breakspear.webp', 'Wiki of Westeros', 'https://gameofthrones.fandom.com/wiki/Baelor_Targaryen', 'https://static.wikia.nocookie.net/gameofthrones/images/b/b5/Baelor_Breakspear-AKotSK.png/revision/latest?cb=20260223232300', 'wiki_lead_image', 0, '{"provider":"Wiki of Westeros","kind":"wiki_lead_image","match":"exact_page_title","uncertain":false,"url":"https://gameofthrones.fandom.com/wiki/Baelor_Targaryen","assetUrl":"https://static.wikia.nocookie.net/gameofthrones/images/b/b5/Baelor_Breakspear-AKotSK.png/revision/latest?cb=20260223232300","accessed":"2026-07-10","originalSha256":"829ccb513ed6452011bf6e712e635c67b1073c31d0dc2cae151b62e1411d3fad","derivativeSha256":"0851205fdc7d5a8fdbd26abf2ca46137d34b80bba043613daac6404ae78b268e","width":1200,"height":900,"presentation":"proportional_resize_with_padding"}');
INSERT INTO entities_fts (entity_key, name, aliases, type) VALUES ('character:baelor-breakspear', 'Baelor Targaryen', 'Baelor Breakspear', 'character');
INSERT INTO characters (entity_key, gender, culture, born, died, actor_json, titles_json, era) VALUES ('character:baelor-breakspear', 'male', NULL, 'In 170 AC', 'In 209 AC, at Ashford', '["Bertie Carvel"]', '["Prince of Dragonstone","Hand of the King"]', 5);
INSERT INTO entities (entity_key, id, type, name, description, status, verification, raw_json) VALUES ('character:valarr-targaryen', 'valarr-targaryen', 'character', 'Valarr Targaryen', 'Baelor Breakspear''s son and a champion at the Ashford tourney.', 'alive_as_of_show', 'single_source_curated', '{"id":"valarr-targaryen","apiId":1067,"name":"Valarr Targaryen","canonicalName":"Valarr Targaryen","aliases":["The Young Prince"],"actor":["Oscar Morgan"],"gender":"male","culture":"Valyrian","born":"In or between 183 AC and 193 AC","died":"In 209 AC, at King''s Landing","status":"alive_as_of_show","houses":["house-targaryen"],"titles":["Prince"],"father":null,"mother":null,"spouse":null,"books":[4,6,7],"povBooks":[],"show":["a-knight-of-the-seven-kingdoms"],"presence":[{"show":"a-knight-of-the-seven-kingdoms","kind":"depicted","first":"S1E2"}],"playedBy":[],"sources":[{"label":"Wiki of Westeros — Valarr Targaryen","url":"https://gameofthrones.fandom.com/wiki/Valarr_Targaryen","provider":"Wiki of Westeros","kind":"reference_page","accessed":"2026-07-10"},{"label":"An API of Ice and Fire — character 1067","url":"https://anapioficeandfire.com/api/characters/1067","provider":"An API of Ice and Fire","kind":"structured_database","accessed":"2026-07-10"}],"verification":"single_source_curated","image":"/images/characters/valarr-targaryen.webp","imageSource":{"provider":"Wiki of Westeros","kind":"wiki_lead_image","match":"exact_page_title","uncertain":false,"url":"https://gameofthrones.fandom.com/wiki/Valarr_Targaryen","assetUrl":"https://static.wikia.nocookie.net/gameofthrones/images/f/f3/Valarr-The_Morrow.png/revision/latest?cb=20260218170020","accessed":"2026-07-10","originalSha256":"1e701842932c99e6312b02338974e086455ff5e7a294d4518062320da6e5b1c6","derivativeSha256":"ef8c32fca4c0394e0006b7addcf6aa05dbf909dd1b13c281a280f1a5dc6913df","width":1200,"height":900,"presentation":"proportional_resize_with_padding"},"house":"house-targaryen","parents":["baelor-breakspear"],"children":[],"spouses":[],"dragon":null,"era":5,"biography":"Baelor Breakspear''s son and a champion at the Ashford tourney.","legacyIds":["api-character-1067"]}');
INSERT INTO aliases (entity_key, alias) VALUES ('character:valarr-targaryen', 'The Young Prince');
INSERT INTO appearances (entity_key, show_id, presence_kind, first_reference, details_json) VALUES ('character:valarr-targaryen', 'a-knight-of-the-seven-kingdoms', 'depicted', 'S1E2', '{"show":"a-knight-of-the-seven-kingdoms","kind":"depicted","first":"S1E2"}');
INSERT INTO sources (entity_key, label, url, provider, source_kind, accessed) VALUES ('character:valarr-targaryen', 'Wiki of Westeros — Valarr Targaryen', 'https://gameofthrones.fandom.com/wiki/Valarr_Targaryen', 'Wiki of Westeros', 'reference_page', '2026-07-10');
INSERT INTO sources (entity_key, label, url, provider, source_kind, accessed) VALUES ('character:valarr-targaryen', 'An API of Ice and Fire — character 1067', 'https://anapioficeandfire.com/api/characters/1067', 'An API of Ice and Fire', 'structured_database', '2026-07-10');
INSERT INTO media (entity_key, local_path, provider, source_page, asset_url, media_kind, uncertain, metadata_json) VALUES ('character:valarr-targaryen', '/images/characters/valarr-targaryen.webp', 'Wiki of Westeros', 'https://gameofthrones.fandom.com/wiki/Valarr_Targaryen', 'https://static.wikia.nocookie.net/gameofthrones/images/f/f3/Valarr-The_Morrow.png/revision/latest?cb=20260218170020', 'wiki_lead_image', 0, '{"provider":"Wiki of Westeros","kind":"wiki_lead_image","match":"exact_page_title","uncertain":false,"url":"https://gameofthrones.fandom.com/wiki/Valarr_Targaryen","assetUrl":"https://static.wikia.nocookie.net/gameofthrones/images/f/f3/Valarr-The_Morrow.png/revision/latest?cb=20260218170020","accessed":"2026-07-10","originalSha256":"1e701842932c99e6312b02338974e086455ff5e7a294d4518062320da6e5b1c6","derivativeSha256":"ef8c32fca4c0394e0006b7addcf6aa05dbf909dd1b13c281a280f1a5dc6913df","width":1200,"height":900,"presentation":"proportional_resize_with_padding"}');
INSERT INTO entities_fts (entity_key, name, aliases, type) VALUES ('character:valarr-targaryen', 'Valarr Targaryen', 'The Young Prince', 'character');
INSERT INTO characters (entity_key, gender, culture, born, died, actor_json, titles_json, era) VALUES ('character:valarr-targaryen', 'male', 'Valyrian', 'In or between 183 AC and 193 AC', 'In 209 AC, at King''s Landing', '["Oscar Morgan"]', '["Prince"]', 5);
INSERT INTO entities (entity_key, id, type, name, description, status, verification, raw_json) VALUES ('character:maekar-targaryen', 'maekar-targaryen', 'character', 'Maekar Targaryen', 'Younger brother of Baelor and stern father of Daeron, Aerion and Egg.', 'alive_as_of_show', 'cross_checked', '{"id":"maekar-targaryen","apiId":695,"name":"Maekar Targaryen","canonicalName":"Maekar I","aliases":["The Anvil"],"actor":["Sam Spruell"],"gender":"male","culture":null,"born":"or between 174 AC and 178 AC, at King''s Landing","died":"233 AC, at Starpike","status":"alive_as_of_show","houses":["house-targaryen"],"titles":["King of the Andals, the Rhoynar and the First Men","Lord of the Seven Kingdoms","Protector of the Realm","Prince of Summerhall"],"father":"daeron-ii","mother":"myriah-martell","spouse":null,"books":[1,4,6,7,11],"povBooks":[],"show":["a-knight-of-the-seven-kingdoms"],"presence":[{"show":"a-knight-of-the-seven-kingdoms","kind":"depicted","first":"S1E2"}],"playedBy":[],"sources":[{"label":"An API of Ice and Fire — character 695","url":"https://anapioficeandfire.com/api/characters/695","provider":"An API of Ice and Fire","kind":"structured_database","accessed":"2026-07-10"},{"label":"HBO/WBD cast announcement","url":"https://press.wbd.com/us/media-release/hbo-0/knight-seven-kingdoms-0/knight-seven-kingdoms-begins-production","provider":"HBO/WBD cast announcement","kind":"reference_page","accessed":"2026-07-10"},{"label":"Wiki of Westeros — Maekar Targaryen","url":"https://gameofthrones.fandom.com/wiki/Maekar_Targaryen","provider":"Wiki of Westeros","kind":"reference_page","accessed":"2026-07-10"}],"verification":"cross_checked","image":"/images/characters/maekar-targaryen.webp","imageSource":{"provider":"Wiki of Westeros","kind":"wiki_lead_image","match":"exact_page_title","uncertain":false,"url":"https://gameofthrones.fandom.com/wiki/Maekar_Targaryen","assetUrl":"https://static.wikia.nocookie.net/gameofthrones/images/3/3a/Maekar-Seven.jpg/revision/latest?cb=20260204115453","accessed":"2026-07-10","originalSha256":"52b3eaebfc390b461b753cfbfc84a76580dcd071b8d4cf97d05265282dca4aba","derivativeSha256":"487226a65da9ff5eabca5636bc9b972efdd4214f84741bd26411315c48f70495","width":1200,"height":900,"presentation":"proportional_resize_with_padding"},"house":"house-targaryen","parents":["daeron-ii","myriah-martell"],"children":["daeron-the-drunken","aerion-targaryen","aegon-v"],"spouses":[],"dragon":null,"era":5,"biography":"Younger brother of Baelor and stern father of Daeron, Aerion and Egg.","legacyIds":["api-character-695"]}');
INSERT INTO aliases (entity_key, alias) VALUES ('character:maekar-targaryen', 'The Anvil');
INSERT INTO appearances (entity_key, show_id, presence_kind, first_reference, details_json) VALUES ('character:maekar-targaryen', 'a-knight-of-the-seven-kingdoms', 'depicted', 'S1E2', '{"show":"a-knight-of-the-seven-kingdoms","kind":"depicted","first":"S1E2"}');
INSERT INTO sources (entity_key, label, url, provider, source_kind, accessed) VALUES ('character:maekar-targaryen', 'An API of Ice and Fire — character 695', 'https://anapioficeandfire.com/api/characters/695', 'An API of Ice and Fire', 'structured_database', '2026-07-10');
INSERT INTO sources (entity_key, label, url, provider, source_kind, accessed) VALUES ('character:maekar-targaryen', 'HBO/WBD cast announcement', 'https://press.wbd.com/us/media-release/hbo-0/knight-seven-kingdoms-0/knight-seven-kingdoms-begins-production', 'HBO/WBD cast announcement', 'reference_page', '2026-07-10');
INSERT INTO sources (entity_key, label, url, provider, source_kind, accessed) VALUES ('character:maekar-targaryen', 'Wiki of Westeros — Maekar Targaryen', 'https://gameofthrones.fandom.com/wiki/Maekar_Targaryen', 'Wiki of Westeros', 'reference_page', '2026-07-10');
INSERT INTO media (entity_key, local_path, provider, source_page, asset_url, media_kind, uncertain, metadata_json) VALUES ('character:maekar-targaryen', '/images/characters/maekar-targaryen.webp', 'Wiki of Westeros', 'https://gameofthrones.fandom.com/wiki/Maekar_Targaryen', 'https://static.wikia.nocookie.net/gameofthrones/images/3/3a/Maekar-Seven.jpg/revision/latest?cb=20260204115453', 'wiki_lead_image', 0, '{"provider":"Wiki of Westeros","kind":"wiki_lead_image","match":"exact_page_title","uncertain":false,"url":"https://gameofthrones.fandom.com/wiki/Maekar_Targaryen","assetUrl":"https://static.wikia.nocookie.net/gameofthrones/images/3/3a/Maekar-Seven.jpg/revision/latest?cb=20260204115453","accessed":"2026-07-10","originalSha256":"52b3eaebfc390b461b753cfbfc84a76580dcd071b8d4cf97d05265282dca4aba","derivativeSha256":"487226a65da9ff5eabca5636bc9b972efdd4214f84741bd26411315c48f70495","width":1200,"height":900,"presentation":"proportional_resize_with_padding"}');
INSERT INTO entities_fts (entity_key, name, aliases, type) VALUES ('character:maekar-targaryen', 'Maekar Targaryen', 'The Anvil', 'character');
INSERT INTO characters (entity_key, gender, culture, born, died, actor_json, titles_json, era) VALUES ('character:maekar-targaryen', 'male', NULL, 'or between 174 AC and 178 AC, at King''s Landing', '233 AC, at Starpike', '["Sam Spruell"]', '["King of the Andals, the Rhoynar and the First Men","Lord of the Seven Kingdoms","Protector of the Realm","Prince of Summerhall"]', 5);
INSERT INTO entities (entity_key, id, type, name, description, status, verification, raw_json) VALUES ('character:daeron-the-drunken', 'daeron-the-drunken', 'character', 'Daeron Targaryen (the Drunken)', 'Maekar''s eldest son, encountered by Dunk before the Ashford tourney.', 'alive_as_of_show', 'single_source_curated', '{"id":"daeron-the-drunken","apiId":276,"name":"Daeron Targaryen (the Drunken)","canonicalName":"Daeron Targaryen (the Drunken)","aliases":["Daeron the Drunken","Daeron Targaryen"],"actor":["Henry Ashton"],"gender":"male","culture":null,"born":"In 190 AC or 191 AC","died":"In or between 221 AC and 233 AC","status":"alive_as_of_show","houses":["house-targaryen"],"titles":["Prince of Dragonstone","Prince of Summerhall","Prince"],"father":null,"mother":null,"spouse":null,"books":[2,4,5,7,11],"povBooks":[],"show":["a-knight-of-the-seven-kingdoms"],"presence":[{"show":"a-knight-of-the-seven-kingdoms","kind":"depicted","first":"S1E1"}],"playedBy":[],"sources":[{"label":"An API of Ice and Fire — character 276","url":"https://anapioficeandfire.com/api/characters/276","provider":"An API of Ice and Fire","kind":"structured_database","accessed":"2026-07-10"},{"label":"Wiki of Westeros — Daeron","url":"https://gameofthrones.fandom.com/wiki/Daeron_Targaryen_(son_of_Maekar_I)","provider":"Wiki of Westeros","kind":"reference_page","accessed":"2026-07-10"}],"verification":"single_source_curated","image":"/images/fallback-character.svg","imageSource":{"provider":"Local archive fallback","kind":"fallback","match":"none","uncertain":false,"reason":"Canonical title mismatch: expected [\"Daeron Targaryen (the Drunken)\",\"Daeron the Drunken\",\"Daeron Targaryen\"], received \"Henry Ashton\"","url":null,"assetUrl":null},"house":"house-targaryen","parents":["maekar-targaryen"],"children":[],"spouses":[],"dragon":null,"era":5,"biography":"Maekar''s eldest son, encountered by Dunk before the Ashford tourney.","legacyIds":["api-character-276"]}');
INSERT INTO aliases (entity_key, alias) VALUES ('character:daeron-the-drunken', 'Daeron the Drunken');
INSERT INTO aliases (entity_key, alias) VALUES ('character:daeron-the-drunken', 'Daeron Targaryen');
INSERT INTO appearances (entity_key, show_id, presence_kind, first_reference, details_json) VALUES ('character:daeron-the-drunken', 'a-knight-of-the-seven-kingdoms', 'depicted', 'S1E1', '{"show":"a-knight-of-the-seven-kingdoms","kind":"depicted","first":"S1E1"}');
INSERT INTO sources (entity_key, label, url, provider, source_kind, accessed) VALUES ('character:daeron-the-drunken', 'An API of Ice and Fire — character 276', 'https://anapioficeandfire.com/api/characters/276', 'An API of Ice and Fire', 'structured_database', '2026-07-10');
INSERT INTO sources (entity_key, label, url, provider, source_kind, accessed) VALUES ('character:daeron-the-drunken', 'Wiki of Westeros — Daeron', 'https://gameofthrones.fandom.com/wiki/Daeron_Targaryen_(son_of_Maekar_I)', 'Wiki of Westeros', 'reference_page', '2026-07-10');
INSERT INTO media (entity_key, local_path, provider, source_page, asset_url, media_kind, uncertain, metadata_json) VALUES ('character:daeron-the-drunken', '/images/fallback-character.svg', 'Local archive fallback', NULL, NULL, 'fallback', 0, '{"provider":"Local archive fallback","kind":"fallback","match":"none","uncertain":false,"reason":"Canonical title mismatch: expected [\"Daeron Targaryen (the Drunken)\",\"Daeron the Drunken\",\"Daeron Targaryen\"], received \"Henry Ashton\"","url":null,"assetUrl":null}');
INSERT INTO entities_fts (entity_key, name, aliases, type) VALUES ('character:daeron-the-drunken', 'Daeron Targaryen (the Drunken)', 'Daeron the Drunken Daeron Targaryen', 'character');
INSERT INTO characters (entity_key, gender, culture, born, died, actor_json, titles_json, era) VALUES ('character:daeron-the-drunken', 'male', NULL, 'In 190 AC or 191 AC', 'In or between 221 AC and 233 AC', '["Henry Ashton"]', '["Prince of Dragonstone","Prince of Summerhall","Prince"]', 5);
INSERT INTO entities (entity_key, id, type, name, description, status, verification, raw_json) VALUES ('character:aerion-targaryen', 'aerion-targaryen', 'character', 'Aerion Targaryen', 'Maekar''s cruel son whose assault on Tanselle leads to Dunk''s Trial of Seven.', 'alive_as_of_show', 'single_source_curated', '{"id":"aerion-targaryen","apiId":58,"name":"Aerion Targaryen","canonicalName":"Aerion Targaryen","aliases":["Brightflame","Aerion the Monstrous","The Bright Prince","The Prince Who Thought He Was a Dragon"],"actor":["Finn Bennett"],"gender":"male","culture":"Valyrian","born":"In or between 191 AC and 194 AC","died":"In 232 AC","status":"alive_as_of_show","houses":["house-targaryen"],"titles":["Lord of Dragonstone","Prince"],"father":null,"mother":null,"spouse":null,"books":[11,2,3,4,6,7,8],"povBooks":[],"show":["a-knight-of-the-seven-kingdoms"],"presence":[{"show":"a-knight-of-the-seven-kingdoms","kind":"depicted","first":"S1E2"}],"playedBy":[],"sources":[{"label":"An API of Ice and Fire — character 59","url":"https://anapioficeandfire.com/api/characters/59","provider":"An API of Ice and Fire","kind":"structured_database","accessed":"2026-07-10"},{"label":"An API of Ice and Fire — character 58","url":"https://anapioficeandfire.com/api/characters/58","provider":"An API of Ice and Fire","kind":"structured_database","accessed":"2026-07-10"},{"label":"Wiki of Westeros — Aerion Targaryen","url":"https://gameofthrones.fandom.com/wiki/Aerion_Targaryen","provider":"Wiki of Westeros","kind":"reference_page","accessed":"2026-07-10"}],"verification":"single_source_curated","image":"/images/characters/aerion-targaryen.webp","imageSource":{"provider":"Wiki of Westeros","kind":"wiki_lead_image","match":"exact_page_title","uncertain":false,"url":"https://gameofthrones.fandom.com/wiki/Aerion_Targaryen","assetUrl":"https://static.wikia.nocookie.net/gameofthrones/images/b/bd/Aerion-2ndTrailer.png/revision/latest?cb=20251226124912","accessed":"2026-07-10","originalSha256":"c428d3256a1bf2eb9a68979fa0c63e34d11ef2defd9d0d9aa5af2a4bc73235e5","derivativeSha256":"97aaa6d6c375f51553d45cda8ac9e73445d0f6b3f968f78e09ed957ad6a4af9a","width":1200,"height":900,"presentation":"proportional_resize_with_padding"},"house":"house-targaryen","parents":["maekar-targaryen"],"children":[],"spouses":[],"dragon":null,"era":5,"biography":"Maekar''s cruel son whose assault on Tanselle leads to Dunk''s Trial of Seven.","legacyIds":["api-character-58","api-character-59"]}');
INSERT INTO aliases (entity_key, alias) VALUES ('character:aerion-targaryen', 'Brightflame');
INSERT INTO aliases (entity_key, alias) VALUES ('character:aerion-targaryen', 'Aerion the Monstrous');
INSERT INTO aliases (entity_key, alias) VALUES ('character:aerion-targaryen', 'The Bright Prince');
INSERT INTO aliases (entity_key, alias) VALUES ('character:aerion-targaryen', 'The Prince Who Thought He Was a Dragon');
INSERT INTO appearances (entity_key, show_id, presence_kind, first_reference, details_json) VALUES ('character:aerion-targaryen', 'a-knight-of-the-seven-kingdoms', 'depicted', 'S1E2', '{"show":"a-knight-of-the-seven-kingdoms","kind":"depicted","first":"S1E2"}');
INSERT INTO sources (entity_key, label, url, provider, source_kind, accessed) VALUES ('character:aerion-targaryen', 'An API of Ice and Fire — character 59', 'https://anapioficeandfire.com/api/characters/59', 'An API of Ice and Fire', 'structured_database', '2026-07-10');
INSERT INTO sources (entity_key, label, url, provider, source_kind, accessed) VALUES ('character:aerion-targaryen', 'An API of Ice and Fire — character 58', 'https://anapioficeandfire.com/api/characters/58', 'An API of Ice and Fire', 'structured_database', '2026-07-10');
INSERT INTO sources (entity_key, label, url, provider, source_kind, accessed) VALUES ('character:aerion-targaryen', 'Wiki of Westeros — Aerion Targaryen', 'https://gameofthrones.fandom.com/wiki/Aerion_Targaryen', 'Wiki of Westeros', 'reference_page', '2026-07-10');
INSERT INTO media (entity_key, local_path, provider, source_page, asset_url, media_kind, uncertain, metadata_json) VALUES ('character:aerion-targaryen', '/images/characters/aerion-targaryen.webp', 'Wiki of Westeros', 'https://gameofthrones.fandom.com/wiki/Aerion_Targaryen', 'https://static.wikia.nocookie.net/gameofthrones/images/b/bd/Aerion-2ndTrailer.png/revision/latest?cb=20251226124912', 'wiki_lead_image', 0, '{"provider":"Wiki of Westeros","kind":"wiki_lead_image","match":"exact_page_title","uncertain":false,"url":"https://gameofthrones.fandom.com/wiki/Aerion_Targaryen","assetUrl":"https://static.wikia.nocookie.net/gameofthrones/images/b/bd/Aerion-2ndTrailer.png/revision/latest?cb=20251226124912","accessed":"2026-07-10","originalSha256":"c428d3256a1bf2eb9a68979fa0c63e34d11ef2defd9d0d9aa5af2a4bc73235e5","derivativeSha256":"97aaa6d6c375f51553d45cda8ac9e73445d0f6b3f968f78e09ed957ad6a4af9a","width":1200,"height":900,"presentation":"proportional_resize_with_padding"}');
INSERT INTO entities_fts (entity_key, name, aliases, type) VALUES ('character:aerion-targaryen', 'Aerion Targaryen', 'Brightflame Aerion the Monstrous The Bright Prince The Prince Who Thought He Was a Dragon', 'character');
INSERT INTO characters (entity_key, gender, culture, born, died, actor_json, titles_json, era) VALUES ('character:aerion-targaryen', 'male', 'Valyrian', 'In or between 191 AC and 194 AC', 'In 232 AC', '["Finn Bennett"]', '["Lord of Dragonstone","Prince"]', 5);
INSERT INTO entities (entity_key, id, type, name, description, status, verification, raw_json) VALUES ('character:aegon-v', 'aegon-v', 'character', 'Aegon V Targaryen', 'Maekar''s youngest son, traveling in disguise as Dunk''s squire. Game of Thrones omits Jaehaerys II from its televised lineage.', 'alive_as_of_show', 'cross_checked', '{"id":"aegon-v","apiId":46,"name":"Aegon V Targaryen","canonicalName":"Aegon V Targaryen","aliases":["Aegon the Unlikely","Aegon the Fortunate","Egg","Aegon V","Aegon Targaryen"],"actor":["Dexter Sol Ansell"],"gender":"male","culture":null,"born":"200 AC, at King''s Landing","died":"259 AC, at Summerhall","status":"alive_as_of_show","houses":["house-targaryen"],"titles":["King of the Andals, the Rhoynar and the First Men","Lord of the Seven Kingdoms","Protector of the Realm","Prince"],"father":"maekar-targaryen","mother":null,"spouse":null,"books":[1,2,3,4,5,6,7,8,11],"povBooks":[],"show":["a-knight-of-the-seven-kingdoms","game-of-thrones"],"presence":[{"show":"a-knight-of-the-seven-kingdoms","kind":"depicted","first":"S1E1"},{"show":"game-of-thrones","kind":"historical_reference"}],"playedBy":[],"sources":[{"label":"An API of Ice and Fire — character 46","url":"https://anapioficeandfire.com/api/characters/46","provider":"An API of Ice and Fire","kind":"structured_database","accessed":"2026-07-10"},{"label":"HBO — The Hedge Knight","url":"https://www.hbo.com/content/a-knight-of-the-seven-kingdoms/season-1/1-the-hedge-knight","provider":"HBO","kind":"reference_page","accessed":"2026-07-10"},{"label":"Wiki of Westeros — Aegon V","url":"https://gameofthrones.fandom.com/wiki/Aegon_V_Targaryen","provider":"Wiki of Westeros","kind":"reference_page","accessed":"2026-07-10"},{"label":"Wiki of Westeros — Aegon Targaryen","url":"https://gameofthrones.fandom.com/wiki/Aegon_Targaryen","provider":"Wiki of Westeros","kind":"reference_page","accessed":"2026-07-10"}],"verification":"cross_checked","image":"/images/characters/aegon-v.webp","imageSource":{"provider":"Wiki of Westeros","kind":"wiki_lead_image","match":"exact_page_title","uncertain":false,"url":"https://gameofthrones.fandom.com/wiki/Aegon_Targaryen","assetUrl":"https://static.wikia.nocookie.net/gameofthrones/images/c/c1/Egg-Promo.png/revision/latest?cb=20251227120129","accessed":"2026-07-10","originalSha256":"9bcc43b69bfd5ccf5870492380e9dde94cdf4599cfc30fe4ba0e9c3f79883b8a","derivativeSha256":"14ae25c56f3a0ec7511d861c5f634b7ba3e54cc7744d27ed918ae575d85a0fa9","width":1200,"height":900,"presentation":"proportional_resize_with_padding"},"house":"house-targaryen","parents":["maekar-targaryen"],"children":["aerys-ii","rhaella-targaryen"],"spouses":[],"dragon":null,"era":5,"biography":"Maekar''s youngest son, traveling in disguise as Dunk''s squire. Game of Thrones omits Jaehaerys II from its televised lineage.","legacyIds":["api-character-46"]}');
INSERT INTO aliases (entity_key, alias) VALUES ('character:aegon-v', 'Aegon the Unlikely');
INSERT INTO aliases (entity_key, alias) VALUES ('character:aegon-v', 'Aegon the Fortunate');
INSERT INTO aliases (entity_key, alias) VALUES ('character:aegon-v', 'Egg');
INSERT INTO aliases (entity_key, alias) VALUES ('character:aegon-v', 'Aegon V');
INSERT INTO aliases (entity_key, alias) VALUES ('character:aegon-v', 'Aegon Targaryen');
INSERT INTO appearances (entity_key, show_id, presence_kind, first_reference, details_json) VALUES ('character:aegon-v', 'a-knight-of-the-seven-kingdoms', 'depicted', 'S1E1', '{"show":"a-knight-of-the-seven-kingdoms","kind":"depicted","first":"S1E1"}');
INSERT INTO appearances (entity_key, show_id, presence_kind, first_reference, details_json) VALUES ('character:aegon-v', 'game-of-thrones', 'historical_reference', NULL, '{"show":"game-of-thrones","kind":"historical_reference"}');
INSERT INTO sources (entity_key, label, url, provider, source_kind, accessed) VALUES ('character:aegon-v', 'An API of Ice and Fire — character 46', 'https://anapioficeandfire.com/api/characters/46', 'An API of Ice and Fire', 'structured_database', '2026-07-10');
INSERT INTO sources (entity_key, label, url, provider, source_kind, accessed) VALUES ('character:aegon-v', 'HBO — The Hedge Knight', 'https://www.hbo.com/content/a-knight-of-the-seven-kingdoms/season-1/1-the-hedge-knight', 'HBO', 'reference_page', '2026-07-10');
INSERT INTO sources (entity_key, label, url, provider, source_kind, accessed) VALUES ('character:aegon-v', 'Wiki of Westeros — Aegon V', 'https://gameofthrones.fandom.com/wiki/Aegon_V_Targaryen', 'Wiki of Westeros', 'reference_page', '2026-07-10');
INSERT INTO sources (entity_key, label, url, provider, source_kind, accessed) VALUES ('character:aegon-v', 'Wiki of Westeros — Aegon Targaryen', 'https://gameofthrones.fandom.com/wiki/Aegon_Targaryen', 'Wiki of Westeros', 'reference_page', '2026-07-10');
INSERT INTO media (entity_key, local_path, provider, source_page, asset_url, media_kind, uncertain, metadata_json) VALUES ('character:aegon-v', '/images/characters/aegon-v.webp', 'Wiki of Westeros', 'https://gameofthrones.fandom.com/wiki/Aegon_Targaryen', 'https://static.wikia.nocookie.net/gameofthrones/images/c/c1/Egg-Promo.png/revision/latest?cb=20251227120129', 'wiki_lead_image', 0, '{"provider":"Wiki of Westeros","kind":"wiki_lead_image","match":"exact_page_title","uncertain":false,"url":"https://gameofthrones.fandom.com/wiki/Aegon_Targaryen","assetUrl":"https://static.wikia.nocookie.net/gameofthrones/images/c/c1/Egg-Promo.png/revision/latest?cb=20251227120129","accessed":"2026-07-10","originalSha256":"9bcc43b69bfd5ccf5870492380e9dde94cdf4599cfc30fe4ba0e9c3f79883b8a","derivativeSha256":"14ae25c56f3a0ec7511d861c5f634b7ba3e54cc7744d27ed918ae575d85a0fa9","width":1200,"height":900,"presentation":"proportional_resize_with_padding"}');
INSERT INTO entities_fts (entity_key, name, aliases, type) VALUES ('character:aegon-v', 'Aegon V Targaryen', 'Aegon the Unlikely Aegon the Fortunate Egg Aegon V Aegon Targaryen', 'character');
INSERT INTO characters (entity_key, gender, culture, born, died, actor_json, titles_json, era) VALUES ('character:aegon-v', 'male', NULL, '200 AC, at King''s Landing', '259 AC, at Summerhall', '["Dexter Sol Ansell"]', '["King of the Andals, the Rhoynar and the First Men","Lord of the Seven Kingdoms","Protector of the Realm","Prince"]', 5);
INSERT INTO entities (entity_key, id, type, name, description, status, verification, raw_json) VALUES ('character:duncan-the-tall', 'duncan-the-tall', 'character', 'Duncan the Tall', 'A young hedge knight who takes the disguised Prince Aegon as his squire.', 'alive_as_of_show', 'cross_checked', '{"id":"duncan-the-tall","apiId":329,"name":"Duncan the Tall","canonicalName":"Duncan","aliases":["Dunk","Duncan the Tall","Dunk the Lunk","Ser Giant","The Gallows Knight"],"actor":["Peter Claffey"],"gender":"male","culture":null,"born":"In 191 AC, 192 AC or 193 AC, at King''s Landing","died":"In 259 AC, at Summerhall","status":"alive_as_of_show","houses":[],"titles":["Ser","Lord Commander of the Kingsguard","Hedge knight"],"father":null,"mother":null,"spouse":null,"books":[3,5,8,11],"povBooks":[4,6,7],"show":["a-knight-of-the-seven-kingdoms","game-of-thrones"],"presence":[{"show":"a-knight-of-the-seven-kingdoms","kind":"depicted","first":"S1E1"},{"show":"game-of-thrones","kind":"historical_reference"}],"playedBy":[],"sources":[{"label":"An API of Ice and Fire — character 329","url":"https://anapioficeandfire.com/api/characters/329","provider":"An API of Ice and Fire","kind":"structured_database","accessed":"2026-07-10"},{"label":"HBO — The Hedge Knight","url":"https://www.hbo.com/content/a-knight-of-the-seven-kingdoms/season-1/1-the-hedge-knight","provider":"HBO","kind":"reference_page","accessed":"2026-07-10"},{"label":"Wiki of Westeros — Duncan the Tall","url":"https://gameofthrones.fandom.com/wiki/Duncan_the_Tall","provider":"Wiki of Westeros","kind":"reference_page","accessed":"2026-07-10"}],"verification":"cross_checked","image":"/images/characters/duncan-the-tall.webp","imageSource":{"provider":"Wiki of Westeros","kind":"wiki_lead_image","match":"exact_page_title","uncertain":false,"url":"https://gameofthrones.fandom.com/wiki/Duncan_the_Tall","assetUrl":"https://static.wikia.nocookie.net/gameofthrones/images/3/31/Dunk-The_Morrow.png/revision/latest?cb=20260219111850","accessed":"2026-07-10","originalSha256":"687fde49279d444ecebdd690057e4ceed41143308e53fbb27e92950c8b282640","derivativeSha256":"34e37d634b45ca3f17a2299aef97857a1b263f3ab2ea1e39761dfa073dd08ea0","width":1200,"height":900,"presentation":"proportional_resize_with_padding"},"house":null,"parents":[],"children":[],"spouses":[],"dragon":null,"era":5,"biography":"A young hedge knight who takes the disguised Prince Aegon as his squire.","legacyIds":["api-character-329"]}');
INSERT INTO aliases (entity_key, alias) VALUES ('character:duncan-the-tall', 'Dunk');
INSERT INTO aliases (entity_key, alias) VALUES ('character:duncan-the-tall', 'Duncan the Tall');
INSERT INTO aliases (entity_key, alias) VALUES ('character:duncan-the-tall', 'Dunk the Lunk');
INSERT INTO aliases (entity_key, alias) VALUES ('character:duncan-the-tall', 'Ser Giant');
INSERT INTO aliases (entity_key, alias) VALUES ('character:duncan-the-tall', 'The Gallows Knight');
INSERT INTO appearances (entity_key, show_id, presence_kind, first_reference, details_json) VALUES ('character:duncan-the-tall', 'a-knight-of-the-seven-kingdoms', 'depicted', 'S1E1', '{"show":"a-knight-of-the-seven-kingdoms","kind":"depicted","first":"S1E1"}');
INSERT INTO appearances (entity_key, show_id, presence_kind, first_reference, details_json) VALUES ('character:duncan-the-tall', 'game-of-thrones', 'historical_reference', NULL, '{"show":"game-of-thrones","kind":"historical_reference"}');
INSERT INTO sources (entity_key, label, url, provider, source_kind, accessed) VALUES ('character:duncan-the-tall', 'An API of Ice and Fire — character 329', 'https://anapioficeandfire.com/api/characters/329', 'An API of Ice and Fire', 'structured_database', '2026-07-10');
INSERT INTO sources (entity_key, label, url, provider, source_kind, accessed) VALUES ('character:duncan-the-tall', 'HBO — The Hedge Knight', 'https://www.hbo.com/content/a-knight-of-the-seven-kingdoms/season-1/1-the-hedge-knight', 'HBO', 'reference_page', '2026-07-10');
INSERT INTO sources (entity_key, label, url, provider, source_kind, accessed) VALUES ('character:duncan-the-tall', 'Wiki of Westeros — Duncan the Tall', 'https://gameofthrones.fandom.com/wiki/Duncan_the_Tall', 'Wiki of Westeros', 'reference_page', '2026-07-10');
INSERT INTO media (entity_key, local_path, provider, source_page, asset_url, media_kind, uncertain, metadata_json) VALUES ('character:duncan-the-tall', '/images/characters/duncan-the-tall.webp', 'Wiki of Westeros', 'https://gameofthrones.fandom.com/wiki/Duncan_the_Tall', 'https://static.wikia.nocookie.net/gameofthrones/images/3/31/Dunk-The_Morrow.png/revision/latest?cb=20260219111850', 'wiki_lead_image', 0, '{"provider":"Wiki of Westeros","kind":"wiki_lead_image","match":"exact_page_title","uncertain":false,"url":"https://gameofthrones.fandom.com/wiki/Duncan_the_Tall","assetUrl":"https://static.wikia.nocookie.net/gameofthrones/images/3/31/Dunk-The_Morrow.png/revision/latest?cb=20260219111850","accessed":"2026-07-10","originalSha256":"687fde49279d444ecebdd690057e4ceed41143308e53fbb27e92950c8b282640","derivativeSha256":"34e37d634b45ca3f17a2299aef97857a1b263f3ab2ea1e39761dfa073dd08ea0","width":1200,"height":900,"presentation":"proportional_resize_with_padding"}');
INSERT INTO entities_fts (entity_key, name, aliases, type) VALUES ('character:duncan-the-tall', 'Duncan the Tall', 'Dunk Duncan the Tall Dunk the Lunk Ser Giant The Gallows Knight', 'character');
INSERT INTO characters (entity_key, gender, culture, born, died, actor_json, titles_json, era) VALUES ('character:duncan-the-tall', 'male', NULL, 'In 191 AC, 192 AC or 193 AC, at King''s Landing', 'In 259 AC, at Summerhall', '["Peter Claffey"]', '["Ser","Lord Commander of the Kingsguard","Hedge knight"]', 5);
INSERT INTO entities (entity_key, id, type, name, description, status, verification, raw_json) VALUES ('character:aerys-ii', 'aerys-ii', 'character', 'Aerys II Targaryen', 'The final Targaryen king before Robert''s Rebellion, killed by Jaime Lannister. This follows the simplified television lineage.', 'dead', 'single_source_curated', '{"id":"aerys-ii","apiId":62,"name":"Aerys II Targaryen","canonicalName":"Aerys II","aliases":["The Mad King","King Scab"],"actor":["David Rintoul"],"gender":"male","culture":null,"born":"244 AC, at King''s Landing","died":"283 AC, at the Red Keep in King''s Landing","status":"dead","houses":["house-targaryen"],"titles":["King of the Andals, the Rhoynar and the First Men","Lord of the Seven Kingdoms","Protector of the Realm","King"],"father":null,"mother":null,"spouse":"rhaella-targaryen","books":[1,2,3,5,8,11],"povBooks":[],"show":["game-of-thrones"],"presence":[{"show":"game-of-thrones","kind":"depicted","seasons":["Season 6"]},{"show":"game-of-thrones","kind":"depicted","first":"S6E6"}],"playedBy":["David Rintoul"],"sources":[{"label":"An API of Ice and Fire — character 62","url":"https://anapioficeandfire.com/api/characters/62","provider":"An API of Ice and Fire","kind":"structured_database","accessed":"2026-07-10"},{"label":"Wiki of Westeros — Aerys II Targaryen","url":"https://gameofthrones.fandom.com/wiki/Aerys_II_Targaryen","provider":"Wiki of Westeros","kind":"reference_page","accessed":"2026-07-10"}],"verification":"single_source_curated","image":"/images/characters/aerys-ii.webp","imageSource":{"provider":"Wiki of Westeros","kind":"wiki_lead_image","match":"exact_page_title","uncertain":false,"url":"https://gameofthrones.fandom.com/wiki/Aerys_II_Targaryen","assetUrl":"https://static.wikia.nocookie.net/gameofthrones/images/4/47/Aerys_II_Targaryen_Mad_King.jpg/revision/latest?cb=20170821102509","accessed":"2026-07-10","originalSha256":"5cbe9098f68c3e3874f97386f29bf161bbc0d2dd1bdafc342ebd67685e093629","derivativeSha256":"8fce579e2320ba6c7934ee09ad39563ab574141fe6689509d99704f735705516","width":1200,"height":900,"presentation":"proportional_resize_with_padding"},"house":"house-targaryen","parents":["aegon-v"],"children":["rhaegar-targaryen","viserys-iii","daenerys-targaryen"],"spouses":["rhaella-targaryen"],"dragon":null,"era":7,"biography":"The final Targaryen king before Robert''s Rebellion, killed by Jaime Lannister. This follows the simplified television lineage.","legacyIds":["api-character-62"]}');
INSERT INTO aliases (entity_key, alias) VALUES ('character:aerys-ii', 'The Mad King');
INSERT INTO aliases (entity_key, alias) VALUES ('character:aerys-ii', 'King Scab');
INSERT INTO appearances (entity_key, show_id, presence_kind, first_reference, details_json) VALUES ('character:aerys-ii', 'game-of-thrones', 'depicted', 'S6E6', '{"show":"game-of-thrones","kind":"depicted","first":"S6E6"}');
INSERT INTO sources (entity_key, label, url, provider, source_kind, accessed) VALUES ('character:aerys-ii', 'An API of Ice and Fire — character 62', 'https://anapioficeandfire.com/api/characters/62', 'An API of Ice and Fire', 'structured_database', '2026-07-10');
INSERT INTO sources (entity_key, label, url, provider, source_kind, accessed) VALUES ('character:aerys-ii', 'Wiki of Westeros — Aerys II Targaryen', 'https://gameofthrones.fandom.com/wiki/Aerys_II_Targaryen', 'Wiki of Westeros', 'reference_page', '2026-07-10');
INSERT INTO media (entity_key, local_path, provider, source_page, asset_url, media_kind, uncertain, metadata_json) VALUES ('character:aerys-ii', '/images/characters/aerys-ii.webp', 'Wiki of Westeros', 'https://gameofthrones.fandom.com/wiki/Aerys_II_Targaryen', 'https://static.wikia.nocookie.net/gameofthrones/images/4/47/Aerys_II_Targaryen_Mad_King.jpg/revision/latest?cb=20170821102509', 'wiki_lead_image', 0, '{"provider":"Wiki of Westeros","kind":"wiki_lead_image","match":"exact_page_title","uncertain":false,"url":"https://gameofthrones.fandom.com/wiki/Aerys_II_Targaryen","assetUrl":"https://static.wikia.nocookie.net/gameofthrones/images/4/47/Aerys_II_Targaryen_Mad_King.jpg/revision/latest?cb=20170821102509","accessed":"2026-07-10","originalSha256":"5cbe9098f68c3e3874f97386f29bf161bbc0d2dd1bdafc342ebd67685e093629","derivativeSha256":"8fce579e2320ba6c7934ee09ad39563ab574141fe6689509d99704f735705516","width":1200,"height":900,"presentation":"proportional_resize_with_padding"}');
INSERT INTO entities_fts (entity_key, name, aliases, type) VALUES ('character:aerys-ii', 'Aerys II Targaryen', 'The Mad King King Scab', 'character');
INSERT INTO characters (entity_key, gender, culture, born, died, actor_json, titles_json, era) VALUES ('character:aerys-ii', 'male', NULL, '244 AC, at King''s Landing', '283 AC, at the Red Keep in King''s Landing', '["David Rintoul"]', '["King of the Andals, the Rhoynar and the First Men","Lord of the Seven Kingdoms","Protector of the Realm","King"]', 7);
INSERT INTO entities (entity_key, id, type, name, description, status, verification, raw_json) VALUES ('character:rhaella-targaryen', 'rhaella-targaryen', 'character', 'Rhaella Targaryen', 'Sister-wife of Aerys II and mother of Rhaegar, Viserys and Daenerys in the simplified television lineage.', 'dead', 'single_source_curated', '{"id":"rhaella-targaryen","apiId":869,"name":"Rhaella Targaryen","canonicalName":"Rhaella Targaryen","aliases":[],"actor":[],"gender":"female","culture":"Valyrian","born":"In 245 AC or 246 AC, at King''s Landing","died":"In 284 AC, at Dragonstone","status":"dead","houses":["house-targaryen"],"titles":["Queen"],"father":null,"mother":null,"spouse":"aerys-ii","books":[1,3,5,8,11],"povBooks":[],"show":["game-of-thrones"],"presence":[{"show":"game-of-thrones","kind":"mentioned"}],"playedBy":[],"sources":[{"label":"Wiki of Westeros — Rhaella","url":"https://gameofthrones.fandom.com/wiki/Rhaella_Targaryen","provider":"Wiki of Westeros","kind":"reference_page","accessed":"2026-07-10"},{"label":"An API of Ice and Fire — character 869","url":"https://anapioficeandfire.com/api/characters/869","provider":"An API of Ice and Fire","kind":"structured_database","accessed":"2026-07-10"},{"label":"A Wiki of Ice and Fire — Rhaella Targaryen","url":"https://awoiaf.westeros.org/index.php/Rhaella_Targaryen","provider":"A Wiki of Ice and Fire","kind":"reference_page","accessed":"2026-07-10"}],"verification":"single_source_curated","image":"/images/characters/rhaella-targaryen.webp","imageSource":{"provider":"A Wiki of Ice and Fire","kind":"wiki_lead_image","match":"exact_page_title","uncertain":false,"url":"https://awoiaf.westeros.org/index.php/Rhaella_Targaryen","assetUrl":"https://awoiaf.westeros.org/images/6/6e/Rhaella_targaryen_by_berghots.jpg","accessed":"2026-07-10","originalSha256":"21a96c785f56d5df41e22546b50e4e53da4c82bcdaa4aaf1d6c92997bdb5cffb","derivativeSha256":"cf2e389b29f98bd46b07c0456dcf937e99decc861b6100ce555e6c5371b78707","width":1200,"height":900,"presentation":"proportional_resize_with_padding"},"house":"house-targaryen","parents":["aegon-v"],"children":["rhaegar-targaryen","viserys-iii","daenerys-targaryen"],"spouses":["aerys-ii"],"dragon":null,"era":7,"biography":"Sister-wife of Aerys II and mother of Rhaegar, Viserys and Daenerys in the simplified television lineage.","legacyIds":["api-character-869"]}');
INSERT INTO appearances (entity_key, show_id, presence_kind, first_reference, details_json) VALUES ('character:rhaella-targaryen', 'game-of-thrones', 'mentioned', NULL, '{"show":"game-of-thrones","kind":"mentioned"}');
INSERT INTO sources (entity_key, label, url, provider, source_kind, accessed) VALUES ('character:rhaella-targaryen', 'Wiki of Westeros — Rhaella', 'https://gameofthrones.fandom.com/wiki/Rhaella_Targaryen', 'Wiki of Westeros', 'reference_page', '2026-07-10');
INSERT INTO sources (entity_key, label, url, provider, source_kind, accessed) VALUES ('character:rhaella-targaryen', 'An API of Ice and Fire — character 869', 'https://anapioficeandfire.com/api/characters/869', 'An API of Ice and Fire', 'structured_database', '2026-07-10');
INSERT INTO sources (entity_key, label, url, provider, source_kind, accessed) VALUES ('character:rhaella-targaryen', 'A Wiki of Ice and Fire — Rhaella Targaryen', 'https://awoiaf.westeros.org/index.php/Rhaella_Targaryen', 'A Wiki of Ice and Fire', 'reference_page', '2026-07-10');
INSERT INTO media (entity_key, local_path, provider, source_page, asset_url, media_kind, uncertain, metadata_json) VALUES ('character:rhaella-targaryen', '/images/characters/rhaella-targaryen.webp', 'A Wiki of Ice and Fire', 'https://awoiaf.westeros.org/index.php/Rhaella_Targaryen', 'https://awoiaf.westeros.org/images/6/6e/Rhaella_targaryen_by_berghots.jpg', 'wiki_lead_image', 0, '{"provider":"A Wiki of Ice and Fire","kind":"wiki_lead_image","match":"exact_page_title","uncertain":false,"url":"https://awoiaf.westeros.org/index.php/Rhaella_Targaryen","assetUrl":"https://awoiaf.westeros.org/images/6/6e/Rhaella_targaryen_by_berghots.jpg","accessed":"2026-07-10","originalSha256":"21a96c785f56d5df41e22546b50e4e53da4c82bcdaa4aaf1d6c92997bdb5cffb","derivativeSha256":"cf2e389b29f98bd46b07c0456dcf937e99decc861b6100ce555e6c5371b78707","width":1200,"height":900,"presentation":"proportional_resize_with_padding"}');
INSERT INTO entities_fts (entity_key, name, aliases, type) VALUES ('character:rhaella-targaryen', 'Rhaella Targaryen', '', 'character');
INSERT INTO characters (entity_key, gender, culture, born, died, actor_json, titles_json, era) VALUES ('character:rhaella-targaryen', 'female', 'Valyrian', 'In 245 AC or 246 AC, at King''s Landing', 'In 284 AC, at Dragonstone', '[]', '["Queen"]', 7);
INSERT INTO entities (entity_key, id, type, name, description, status, verification, raw_json) VALUES ('character:rhaegar-targaryen', 'rhaegar-targaryen', 'character', 'Rhaegar Targaryen', 'Aerys II''s heir and Jon Snow''s biological father.', 'dead', 'single_source_curated', '{"id":"rhaegar-targaryen","apiId":867,"name":"Rhaegar Targaryen","canonicalName":"Rhaegar Targaryen","aliases":["The Last Dragon"],"actor":["Wilf Scolding"],"gender":"male","culture":"Valyrian","born":"In 259 AC, at Summerhall","died":"In 283 AC, at the Trident","status":"dead","houses":["house-targaryen"],"titles":["Prince of Dragonstone"],"father":null,"mother":null,"spouse":"elia-martell","books":[1,2,3,5,8],"povBooks":[],"show":["game-of-thrones"],"presence":[{"show":"game-of-thrones","kind":"mentioned","first":"S1E1"},{"show":"game-of-thrones","kind":"depicted","first":"S7E7"}],"playedBy":[],"sources":[{"label":"Wiki of Westeros — Rhaegar Targaryen","url":"https://gameofthrones.fandom.com/wiki/Rhaegar_Targaryen","provider":"Wiki of Westeros","kind":"reference_page","accessed":"2026-07-10"},{"label":"An API of Ice and Fire — character 867","url":"https://anapioficeandfire.com/api/characters/867","provider":"An API of Ice and Fire","kind":"structured_database","accessed":"2026-07-10"}],"verification":"single_source_curated","image":"/images/characters/rhaegar-targaryen.webp","imageSource":{"provider":"Wiki of Westeros","kind":"wiki_lead_image","match":"exact_page_title","uncertain":false,"url":"https://gameofthrones.fandom.com/wiki/Rhaegar_Targaryen","assetUrl":"https://static.wikia.nocookie.net/gameofthrones/images/5/51/Rhaeger_main_infobox.png/revision/latest/scale-to-width-down/979?cb=20210722174123","accessed":"2026-07-10","originalSha256":"b9a2516e72ffca589d2123c5775f4b48cd25a66db14de77b55057467aeacb0f7","derivativeSha256":"5787ff0c5bbe3fa503d2a7b08b61b9fcb56b5a51c8ef451de9269d43ac0b26a6","width":1200,"height":900,"presentation":"proportional_resize_with_padding"},"house":"house-targaryen","parents":["aerys-ii","rhaella-targaryen"],"children":["jon-snow"],"spouses":["elia-martell","lyanna-stark"],"dragon":null,"era":7,"biography":"Aerys II''s heir and Jon Snow''s biological father.","legacyIds":["api-character-867"]}');
INSERT INTO aliases (entity_key, alias) VALUES ('character:rhaegar-targaryen', 'The Last Dragon');
INSERT INTO appearances (entity_key, show_id, presence_kind, first_reference, details_json) VALUES ('character:rhaegar-targaryen', 'game-of-thrones', 'depicted', 'S7E7', '{"show":"game-of-thrones","kind":"depicted","first":"S7E7"}');
INSERT INTO sources (entity_key, label, url, provider, source_kind, accessed) VALUES ('character:rhaegar-targaryen', 'Wiki of Westeros — Rhaegar Targaryen', 'https://gameofthrones.fandom.com/wiki/Rhaegar_Targaryen', 'Wiki of Westeros', 'reference_page', '2026-07-10');
INSERT INTO sources (entity_key, label, url, provider, source_kind, accessed) VALUES ('character:rhaegar-targaryen', 'An API of Ice and Fire — character 867', 'https://anapioficeandfire.com/api/characters/867', 'An API of Ice and Fire', 'structured_database', '2026-07-10');
INSERT INTO media (entity_key, local_path, provider, source_page, asset_url, media_kind, uncertain, metadata_json) VALUES ('character:rhaegar-targaryen', '/images/characters/rhaegar-targaryen.webp', 'Wiki of Westeros', 'https://gameofthrones.fandom.com/wiki/Rhaegar_Targaryen', 'https://static.wikia.nocookie.net/gameofthrones/images/5/51/Rhaeger_main_infobox.png/revision/latest/scale-to-width-down/979?cb=20210722174123', 'wiki_lead_image', 0, '{"provider":"Wiki of Westeros","kind":"wiki_lead_image","match":"exact_page_title","uncertain":false,"url":"https://gameofthrones.fandom.com/wiki/Rhaegar_Targaryen","assetUrl":"https://static.wikia.nocookie.net/gameofthrones/images/5/51/Rhaeger_main_infobox.png/revision/latest/scale-to-width-down/979?cb=20210722174123","accessed":"2026-07-10","originalSha256":"b9a2516e72ffca589d2123c5775f4b48cd25a66db14de77b55057467aeacb0f7","derivativeSha256":"5787ff0c5bbe3fa503d2a7b08b61b9fcb56b5a51c8ef451de9269d43ac0b26a6","width":1200,"height":900,"presentation":"proportional_resize_with_padding"}');
INSERT INTO entities_fts (entity_key, name, aliases, type) VALUES ('character:rhaegar-targaryen', 'Rhaegar Targaryen', 'The Last Dragon', 'character');
INSERT INTO characters (entity_key, gender, culture, born, died, actor_json, titles_json, era) VALUES ('character:rhaegar-targaryen', 'male', 'Valyrian', 'In 259 AC, at Summerhall', 'In 283 AC, at the Trident', '["Wilf Scolding"]', '["Prince of Dragonstone"]', 7);
INSERT INTO entities (entity_key, id, type, name, description, status, verification, raw_json) VALUES ('character:elia-martell', 'elia-martell', 'character', 'Elia Martell', 'Rhaegar''s first wife, murdered with their children during the Sack of King''s Landing.', 'dead', 'single_source_curated', '{"id":"elia-martell","apiId":361,"name":"Elia Martell","canonicalName":"Elia Martell","aliases":[],"actor":[],"gender":"female","culture":null,"born":"In 256 AC or 257 AC","died":"In 283 AC, at King''s Landing","status":"dead","houses":["house-targaryen","house-martell"],"titles":["Princess"],"father":null,"mother":null,"spouse":"rhaegar-targaryen","books":[1,2,3,5,8],"povBooks":[],"show":["game-of-thrones"],"presence":[{"show":"game-of-thrones","kind":"mentioned"}],"playedBy":[],"sources":[{"label":"Wiki of Westeros — Elia","url":"https://gameofthrones.fandom.com/wiki/Elia_Martell","provider":"Wiki of Westeros","kind":"reference_page","accessed":"2026-07-10"},{"label":"An API of Ice and Fire — character 361","url":"https://anapioficeandfire.com/api/characters/361","provider":"An API of Ice and Fire","kind":"structured_database","accessed":"2026-07-10"},{"label":"A Wiki of Ice and Fire — Elia Martell","url":"https://awoiaf.westeros.org/index.php/Elia_Martell","provider":"A Wiki of Ice and Fire","kind":"reference_page","accessed":"2026-07-10"}],"verification":"single_source_curated","image":"/images/characters/elia-martell.webp","imageSource":{"provider":"A Wiki of Ice and Fire","kind":"wiki_lead_image","match":"exact_page_title","uncertain":false,"url":"https://awoiaf.westeros.org/index.php/Elia_Martell","assetUrl":"https://awoiaf.westeros.org/images/e/ed/Elia_Martell_by_Hylora.png","accessed":"2026-07-10","originalSha256":"3153267f3d3eae586733fc745613af61520e240f6e4b5b7c2f5f5c49425acfb8","derivativeSha256":"00701d6fbdf65706a92a5007dca2164a927e89be2cd31c0afb8dd6df432ff6de","width":1200,"height":900,"presentation":"proportional_resize_with_padding"},"house":"house-martell","parents":[],"children":[],"spouses":["rhaegar-targaryen"],"dragon":null,"era":7,"biography":"Rhaegar''s first wife, murdered with their children during the Sack of King''s Landing.","legacyIds":["api-character-361"]}');
INSERT INTO appearances (entity_key, show_id, presence_kind, first_reference, details_json) VALUES ('character:elia-martell', 'game-of-thrones', 'mentioned', NULL, '{"show":"game-of-thrones","kind":"mentioned"}');
INSERT INTO sources (entity_key, label, url, provider, source_kind, accessed) VALUES ('character:elia-martell', 'Wiki of Westeros — Elia', 'https://gameofthrones.fandom.com/wiki/Elia_Martell', 'Wiki of Westeros', 'reference_page', '2026-07-10');
INSERT INTO sources (entity_key, label, url, provider, source_kind, accessed) VALUES ('character:elia-martell', 'An API of Ice and Fire — character 361', 'https://anapioficeandfire.com/api/characters/361', 'An API of Ice and Fire', 'structured_database', '2026-07-10');
INSERT INTO sources (entity_key, label, url, provider, source_kind, accessed) VALUES ('character:elia-martell', 'A Wiki of Ice and Fire — Elia Martell', 'https://awoiaf.westeros.org/index.php/Elia_Martell', 'A Wiki of Ice and Fire', 'reference_page', '2026-07-10');
INSERT INTO media (entity_key, local_path, provider, source_page, asset_url, media_kind, uncertain, metadata_json) VALUES ('character:elia-martell', '/images/characters/elia-martell.webp', 'A Wiki of Ice and Fire', 'https://awoiaf.westeros.org/index.php/Elia_Martell', 'https://awoiaf.westeros.org/images/e/ed/Elia_Martell_by_Hylora.png', 'wiki_lead_image', 0, '{"provider":"A Wiki of Ice and Fire","kind":"wiki_lead_image","match":"exact_page_title","uncertain":false,"url":"https://awoiaf.westeros.org/index.php/Elia_Martell","assetUrl":"https://awoiaf.westeros.org/images/e/ed/Elia_Martell_by_Hylora.png","accessed":"2026-07-10","originalSha256":"3153267f3d3eae586733fc745613af61520e240f6e4b5b7c2f5f5c49425acfb8","derivativeSha256":"00701d6fbdf65706a92a5007dca2164a927e89be2cd31c0afb8dd6df432ff6de","width":1200,"height":900,"presentation":"proportional_resize_with_padding"}');
INSERT INTO entities_fts (entity_key, name, aliases, type) VALUES ('character:elia-martell', 'Elia Martell', '', 'character');
INSERT INTO characters (entity_key, gender, culture, born, died, actor_json, titles_json, era) VALUES ('character:elia-martell', 'female', NULL, 'In 256 AC or 257 AC', 'In 283 AC, at King''s Landing', '[]', '["Princess"]', 7);
INSERT INTO entities (entity_key, id, type, name, description, status, verification, raw_json) VALUES ('character:lyanna-stark', 'lyanna-stark', 'character', 'Lyanna Stark', 'Ned Stark''s sister and Jon Snow''s mother by Rhaegar Targaryen.', 'dead', 'single_source_curated', '{"id":"lyanna-stark","apiId":1650,"name":"Lyanna Stark","canonicalName":"Lyanna Stark","aliases":[],"actor":["Aisling Franciosi / Cordelia Hill"],"gender":"female","culture":"Northmen","born":"In 266 AC or 267 AC","died":"In 283 AC, at Tower of Joy","status":"dead","houses":["house-stark"],"titles":[],"father":null,"mother":null,"spouse":null,"books":[1,2,3,8,11],"povBooks":[],"show":["game-of-thrones"],"presence":[{"show":"game-of-thrones","kind":"mentioned","first":"S1E1"},{"show":"game-of-thrones","kind":"depicted","first":"S6E10"}],"playedBy":["Cordelia Hill"],"sources":[{"label":"Wiki of Westeros — Lyanna Stark","url":"https://gameofthrones.fandom.com/wiki/Lyanna_Stark","provider":"Wiki of Westeros","kind":"reference_page","accessed":"2026-07-10"},{"label":"An API of Ice and Fire — character 1650","url":"https://anapioficeandfire.com/api/characters/1650","provider":"An API of Ice and Fire","kind":"structured_database","accessed":"2026-07-10"}],"verification":"single_source_curated","image":"/images/characters/lyanna-stark.webp","imageSource":{"provider":"Wiki of Westeros","kind":"wiki_lead_image","match":"exact_page_title","uncertain":false,"url":"https://gameofthrones.fandom.com/wiki/Lyanna_Stark","assetUrl":"https://static.wikia.nocookie.net/gameofthrones/images/8/85/Lyanna_S7_E7.jpg/revision/latest?cb=20170830234842","accessed":"2026-07-10","originalSha256":"ae37973ae71dcd9b2959296f3714df1ef590428ecab4ab26986ce51b80cd5b4a","derivativeSha256":"6e9f2c7f4a5fff9ed5fda01638858152419ee2bcb69dceafba5e08927e99974e","width":1200,"height":900,"presentation":"proportional_resize_with_padding"},"house":"house-stark","parents":[],"children":["jon-snow"],"spouses":["rhaegar-targaryen"],"dragon":null,"era":7,"biography":"Ned Stark''s sister and Jon Snow''s mother by Rhaegar Targaryen.","legacyIds":["api-character-1650"]}');
INSERT INTO appearances (entity_key, show_id, presence_kind, first_reference, details_json) VALUES ('character:lyanna-stark', 'game-of-thrones', 'depicted', 'S6E10', '{"show":"game-of-thrones","kind":"depicted","first":"S6E10"}');
INSERT INTO sources (entity_key, label, url, provider, source_kind, accessed) VALUES ('character:lyanna-stark', 'Wiki of Westeros — Lyanna Stark', 'https://gameofthrones.fandom.com/wiki/Lyanna_Stark', 'Wiki of Westeros', 'reference_page', '2026-07-10');
INSERT INTO sources (entity_key, label, url, provider, source_kind, accessed) VALUES ('character:lyanna-stark', 'An API of Ice and Fire — character 1650', 'https://anapioficeandfire.com/api/characters/1650', 'An API of Ice and Fire', 'structured_database', '2026-07-10');
INSERT INTO media (entity_key, local_path, provider, source_page, asset_url, media_kind, uncertain, metadata_json) VALUES ('character:lyanna-stark', '/images/characters/lyanna-stark.webp', 'Wiki of Westeros', 'https://gameofthrones.fandom.com/wiki/Lyanna_Stark', 'https://static.wikia.nocookie.net/gameofthrones/images/8/85/Lyanna_S7_E7.jpg/revision/latest?cb=20170830234842', 'wiki_lead_image', 0, '{"provider":"Wiki of Westeros","kind":"wiki_lead_image","match":"exact_page_title","uncertain":false,"url":"https://gameofthrones.fandom.com/wiki/Lyanna_Stark","assetUrl":"https://static.wikia.nocookie.net/gameofthrones/images/8/85/Lyanna_S7_E7.jpg/revision/latest?cb=20170830234842","accessed":"2026-07-10","originalSha256":"ae37973ae71dcd9b2959296f3714df1ef590428ecab4ab26986ce51b80cd5b4a","derivativeSha256":"6e9f2c7f4a5fff9ed5fda01638858152419ee2bcb69dceafba5e08927e99974e","width":1200,"height":900,"presentation":"proportional_resize_with_padding"}');
INSERT INTO entities_fts (entity_key, name, aliases, type) VALUES ('character:lyanna-stark', 'Lyanna Stark', '', 'character');
INSERT INTO characters (entity_key, gender, culture, born, died, actor_json, titles_json, era) VALUES ('character:lyanna-stark', 'female', 'Northmen', 'In 266 AC or 267 AC', 'In 283 AC, at Tower of Joy', '["Aisling Franciosi / Cordelia Hill"]', '[]', 7);
INSERT INTO entities (entity_key, id, type, name, description, status, verification, raw_json) VALUES ('character:viserys-iii', 'viserys-iii', 'character', 'Viserys Targaryen', 'Exiled son of Aerys II who seeks a Dothraki army to reclaim the throne.', 'dead', 'single_source_curated', '{"id":"viserys-iii","apiId":1079,"name":"Viserys Targaryen","canonicalName":"Viserys Targaryen","aliases":["The Beggar King"],"actor":["Harry Lloyd"],"gender":"male","culture":"Valyrian","born":"In 276 AC, at King''s Landing","died":"In 298 AC, at Vaes Dothrak","status":"dead","houses":["house-targaryen"],"titles":["Claimant"],"father":null,"mother":null,"spouse":null,"books":[1,2,3,5,8,11],"povBooks":[],"show":["game-of-thrones"],"presence":[{"show":"game-of-thrones","kind":"depicted","first":"S1E1","last":"S1E6"}],"playedBy":["Harry Lloyd"],"sources":[{"label":"Wiki of Westeros — Viserys","url":"https://gameofthrones.fandom.com/wiki/Viserys_Targaryen","provider":"Wiki of Westeros","kind":"reference_page","accessed":"2026-07-10"},{"label":"An API of Ice and Fire — character 1079","url":"https://anapioficeandfire.com/api/characters/1079","provider":"An API of Ice and Fire","kind":"structured_database","accessed":"2026-07-10"}],"verification":"single_source_curated","image":"/images/fallback-character.svg","imageSource":{"provider":"Local archive fallback","kind":"fallback","match":"none","uncertain":false,"reason":"Canonical title mismatch: expected [\"Viserys Targaryen\",\"The Beggar King\"], received \"Viserys I Targaryen\"","url":null,"assetUrl":null},"house":"house-targaryen","parents":["aerys-ii","rhaella-targaryen"],"children":[],"spouses":[],"dragon":null,"era":8,"biography":"Exiled son of Aerys II who seeks a Dothraki army to reclaim the throne.","legacyIds":["api-character-1079"]}');
INSERT INTO aliases (entity_key, alias) VALUES ('character:viserys-iii', 'The Beggar King');
INSERT INTO appearances (entity_key, show_id, presence_kind, first_reference, details_json) VALUES ('character:viserys-iii', 'game-of-thrones', 'depicted', 'S1E1', '{"show":"game-of-thrones","kind":"depicted","first":"S1E1","last":"S1E6"}');
INSERT INTO sources (entity_key, label, url, provider, source_kind, accessed) VALUES ('character:viserys-iii', 'Wiki of Westeros — Viserys', 'https://gameofthrones.fandom.com/wiki/Viserys_Targaryen', 'Wiki of Westeros', 'reference_page', '2026-07-10');
INSERT INTO sources (entity_key, label, url, provider, source_kind, accessed) VALUES ('character:viserys-iii', 'An API of Ice and Fire — character 1079', 'https://anapioficeandfire.com/api/characters/1079', 'An API of Ice and Fire', 'structured_database', '2026-07-10');
INSERT INTO media (entity_key, local_path, provider, source_page, asset_url, media_kind, uncertain, metadata_json) VALUES ('character:viserys-iii', '/images/fallback-character.svg', 'Local archive fallback', NULL, NULL, 'fallback', 0, '{"provider":"Local archive fallback","kind":"fallback","match":"none","uncertain":false,"reason":"Canonical title mismatch: expected [\"Viserys Targaryen\",\"The Beggar King\"], received \"Viserys I Targaryen\"","url":null,"assetUrl":null}');
INSERT INTO entities_fts (entity_key, name, aliases, type) VALUES ('character:viserys-iii', 'Viserys Targaryen', 'The Beggar King', 'character');
INSERT INTO characters (entity_key, gender, culture, born, died, actor_json, titles_json, era) VALUES ('character:viserys-iii', 'male', 'Valyrian', 'In 276 AC, at King''s Landing', 'In 298 AC, at Vaes Dothrak', '["Harry Lloyd"]', '["Claimant"]', 8);
INSERT INTO entities (entity_key, id, type, name, description, status, verification, raw_json) VALUES ('character:daenerys-targaryen', 'daenerys-targaryen', 'character', 'Daenerys Targaryen', 'Exiled Targaryen princess who hatches three dragons and campaigns for the Iron Throne.', 'dead', 'single_source_curated', '{"id":"daenerys-targaryen","apiId":1303,"name":"Daenerys Targaryen","canonicalName":"Daenerys Targaryen","aliases":["Dany","Daenerys Stormborn","The Unburnt","Mother of Dragons","Mother","Mhysa","The Silver Queen","Silver Lady","Dragonmother","The Dragon Queen","The Mad King''s daughter"],"actor":["Emilia Clarke"],"gender":"female","culture":"Valyrian","born":"In 284 AC, at Dragonstone","died":null,"status":"dead","houses":["house-targaryen"],"titles":["Princess","Queen of the Andals and the Rhoynar and the First Men, Lord of the Seven Kingdoms","Khaleesi of the Great Grass Sea","Breaker of Shackles/Chains","Queen of Meereen","Princess of Dragonstone","Queen","Khaleesi"],"father":null,"mother":null,"spouse":"api-character-1346","books":[6,8,11,5],"povBooks":[1,2,3,8],"show":["game-of-thrones"],"presence":[{"show":"game-of-thrones","kind":"depicted","seasons":["Season 1","Season 2","Season 3","Season 4","Season 5","Season 6"]},{"show":"game-of-thrones","kind":"depicted","first":"S1E1","last":"S8E6"}],"playedBy":["Emilia Clarke"],"sources":[{"label":"An API of Ice and Fire — character 271","url":"https://anapioficeandfire.com/api/characters/271","provider":"An API of Ice and Fire","kind":"structured_database","accessed":"2026-07-10"},{"label":"An API of Ice and Fire — character 1303","url":"https://anapioficeandfire.com/api/characters/1303","provider":"An API of Ice and Fire","kind":"structured_database","accessed":"2026-07-10"},{"label":"Wiki of Westeros — Daenerys","url":"https://gameofthrones.fandom.com/wiki/Daenerys_Targaryen","provider":"Wiki of Westeros","kind":"reference_page","accessed":"2026-07-10"},{"label":"ThronesAPI — Daenerys Targaryen","url":"https://thronesapi.com/api/v2/Characters/0","provider":"ThronesAPI","kind":"reference_page","accessed":"2026-07-10"}],"verification":"single_source_curated","image":"/images/characters/daenerys-targaryen.webp","imageSource":{"provider":"ThronesAPI","kind":"direct_screen_asset","match":"exact_api_record","uncertain":false,"url":"https://thronesapi.com/api/v2/Characters/0","assetUrl":"https://thronesapi.com/assets/images/daenerys.jpg","accessed":"2026-07-10","originalSha256":"10bb337a404c80554542cf831911704a3b032c837084c8bb2b3735001335573a","derivativeSha256":"f1f2ac679449b39d80cfe700c5367ab5954aa50dacb7e37e0d5820aeba5adbfc","width":1200,"height":900,"presentation":"proportional_resize_with_padding"},"house":"house-targaryen","parents":["aerys-ii","rhaella-targaryen"],"children":[],"spouses":[],"dragon":"drogon","era":8,"biography":"Exiled Targaryen princess who hatches three dragons and campaigns for the Iron Throne.","legacyIds":["api-character-1303","api-character-271"]}');
INSERT INTO aliases (entity_key, alias) VALUES ('character:daenerys-targaryen', 'Dany');
INSERT INTO aliases (entity_key, alias) VALUES ('character:daenerys-targaryen', 'Daenerys Stormborn');
INSERT INTO aliases (entity_key, alias) VALUES ('character:daenerys-targaryen', 'The Unburnt');
INSERT INTO aliases (entity_key, alias) VALUES ('character:daenerys-targaryen', 'Mother of Dragons');
INSERT INTO aliases (entity_key, alias) VALUES ('character:daenerys-targaryen', 'Mother');
INSERT INTO aliases (entity_key, alias) VALUES ('character:daenerys-targaryen', 'Mhysa');
INSERT INTO aliases (entity_key, alias) VALUES ('character:daenerys-targaryen', 'The Silver Queen');
INSERT INTO aliases (entity_key, alias) VALUES ('character:daenerys-targaryen', 'Silver Lady');
INSERT INTO aliases (entity_key, alias) VALUES ('character:daenerys-targaryen', 'Dragonmother');
INSERT INTO aliases (entity_key, alias) VALUES ('character:daenerys-targaryen', 'The Dragon Queen');
INSERT INTO aliases (entity_key, alias) VALUES ('character:daenerys-targaryen', 'The Mad King''s daughter');
INSERT INTO appearances (entity_key, show_id, presence_kind, first_reference, details_json) VALUES ('character:daenerys-targaryen', 'game-of-thrones', 'depicted', 'S1E1', '{"show":"game-of-thrones","kind":"depicted","first":"S1E1","last":"S8E6"}');
INSERT INTO sources (entity_key, label, url, provider, source_kind, accessed) VALUES ('character:daenerys-targaryen', 'An API of Ice and Fire — character 271', 'https://anapioficeandfire.com/api/characters/271', 'An API of Ice and Fire', 'structured_database', '2026-07-10');
INSERT INTO sources (entity_key, label, url, provider, source_kind, accessed) VALUES ('character:daenerys-targaryen', 'An API of Ice and Fire — character 1303', 'https://anapioficeandfire.com/api/characters/1303', 'An API of Ice and Fire', 'structured_database', '2026-07-10');
INSERT INTO sources (entity_key, label, url, provider, source_kind, accessed) VALUES ('character:daenerys-targaryen', 'Wiki of Westeros — Daenerys', 'https://gameofthrones.fandom.com/wiki/Daenerys_Targaryen', 'Wiki of Westeros', 'reference_page', '2026-07-10');
INSERT INTO sources (entity_key, label, url, provider, source_kind, accessed) VALUES ('character:daenerys-targaryen', 'ThronesAPI — Daenerys Targaryen', 'https://thronesapi.com/api/v2/Characters/0', 'ThronesAPI', 'reference_page', '2026-07-10');
INSERT INTO media (entity_key, local_path, provider, source_page, asset_url, media_kind, uncertain, metadata_json) VALUES ('character:daenerys-targaryen', '/images/characters/daenerys-targaryen.webp', 'ThronesAPI', 'https://thronesapi.com/api/v2/Characters/0', 'https://thronesapi.com/assets/images/daenerys.jpg', 'direct_screen_asset', 0, '{"provider":"ThronesAPI","kind":"direct_screen_asset","match":"exact_api_record","uncertain":false,"url":"https://thronesapi.com/api/v2/Characters/0","assetUrl":"https://thronesapi.com/assets/images/daenerys.jpg","accessed":"2026-07-10","originalSha256":"10bb337a404c80554542cf831911704a3b032c837084c8bb2b3735001335573a","derivativeSha256":"f1f2ac679449b39d80cfe700c5367ab5954aa50dacb7e37e0d5820aeba5adbfc","width":1200,"height":900,"presentation":"proportional_resize_with_padding"}');
INSERT INTO entities_fts (entity_key, name, aliases, type) VALUES ('character:daenerys-targaryen', 'Daenerys Targaryen', 'Dany Daenerys Stormborn The Unburnt Mother of Dragons Mother Mhysa The Silver Queen Silver Lady Dragonmother The Dragon Queen The Mad King''s daughter', 'character');
INSERT INTO characters (entity_key, gender, culture, born, died, actor_json, titles_json, era) VALUES ('character:daenerys-targaryen', 'female', 'Valyrian', 'In 284 AC, at Dragonstone', NULL, '["Emilia Clarke"]', '["Princess","Queen of the Andals and the Rhoynar and the First Men, Lord of the Seven Kingdoms","Khaleesi of the Great Grass Sea","Breaker of Shackles/Chains","Queen of Meereen","Princess of Dragonstone","Queen","Khaleesi"]', 8);
INSERT INTO entities (entity_key, id, type, name, description, status, verification, raw_json) VALUES ('character:jon-snow', 'jon-snow', 'character', 'Jon Snow', 'Son of Rhaegar and Lyanna, raised as Ned Stark''s bastard and later revealed as Aegon Targaryen.', 'alive', 'single_source_curated', '{"id":"jon-snow","apiId":583,"name":"Jon Snow","canonicalName":"Jon Snow","aliases":["The White Wolf"],"actor":["Kit Harington"],"gender":"male","culture":"Northmen","born":"In 283 AC","died":null,"status":"alive","houses":["house-stark"],"titles":["King in the North","Lord Commander"],"father":null,"mother":null,"spouse":null,"books":[5],"povBooks":[1,2,3,8],"show":["game-of-thrones"],"presence":[{"show":"game-of-thrones","kind":"depicted","first":"S1E1","last":"S8E6"}],"playedBy":["Kit Harington"],"sources":[{"label":"Wiki of Westeros — Jon Snow","url":"https://gameofthrones.fandom.com/wiki/Jon_Snow","provider":"Wiki of Westeros","kind":"reference_page","accessed":"2026-07-10"},{"label":"An API of Ice and Fire — character 583","url":"https://anapioficeandfire.com/api/characters/583","provider":"An API of Ice and Fire","kind":"structured_database","accessed":"2026-07-10"},{"label":"ThronesAPI — Jon Snow","url":"https://thronesapi.com/api/v2/Characters/2","provider":"ThronesAPI","kind":"reference_page","accessed":"2026-07-10"}],"verification":"single_source_curated","image":"/images/characters/jon-snow.webp","imageSource":{"provider":"ThronesAPI","kind":"direct_screen_asset","match":"exact_api_record","uncertain":false,"url":"https://thronesapi.com/api/v2/Characters/2","assetUrl":"https://thronesapi.com/assets/images/jon-snow.jpg","accessed":"2026-07-10","originalSha256":"2cfd02b992d7e47464a92e40b5a2d165ac33ebb23b049a17b50d0d4206c9643d","derivativeSha256":"d44a9cce67f3096c2453cf8cbcc12929c3d577ec54da0c377fb68375cfb68736","width":1200,"height":900,"presentation":"proportional_resize_with_padding"},"house":"house-stark","parents":["rhaegar-targaryen","lyanna-stark"],"children":[],"spouses":[],"dragon":"rhaegal","era":8,"biography":"Son of Rhaegar and Lyanna, raised as Ned Stark''s bastard and later revealed as Aegon Targaryen.","legacyIds":["api-character-583"]}');
INSERT INTO aliases (entity_key, alias) VALUES ('character:jon-snow', 'The White Wolf');
INSERT INTO appearances (entity_key, show_id, presence_kind, first_reference, details_json) VALUES ('character:jon-snow', 'game-of-thrones', 'depicted', 'S1E1', '{"show":"game-of-thrones","kind":"depicted","first":"S1E1","last":"S8E6"}');
INSERT INTO sources (entity_key, label, url, provider, source_kind, accessed) VALUES ('character:jon-snow', 'Wiki of Westeros — Jon Snow', 'https://gameofthrones.fandom.com/wiki/Jon_Snow', 'Wiki of Westeros', 'reference_page', '2026-07-10');
INSERT INTO sources (entity_key, label, url, provider, source_kind, accessed) VALUES ('character:jon-snow', 'An API of Ice and Fire — character 583', 'https://anapioficeandfire.com/api/characters/583', 'An API of Ice and Fire', 'structured_database', '2026-07-10');
INSERT INTO sources (entity_key, label, url, provider, source_kind, accessed) VALUES ('character:jon-snow', 'ThronesAPI — Jon Snow', 'https://thronesapi.com/api/v2/Characters/2', 'ThronesAPI', 'reference_page', '2026-07-10');
INSERT INTO media (entity_key, local_path, provider, source_page, asset_url, media_kind, uncertain, metadata_json) VALUES ('character:jon-snow', '/images/characters/jon-snow.webp', 'ThronesAPI', 'https://thronesapi.com/api/v2/Characters/2', 'https://thronesapi.com/assets/images/jon-snow.jpg', 'direct_screen_asset', 0, '{"provider":"ThronesAPI","kind":"direct_screen_asset","match":"exact_api_record","uncertain":false,"url":"https://thronesapi.com/api/v2/Characters/2","assetUrl":"https://thronesapi.com/assets/images/jon-snow.jpg","accessed":"2026-07-10","originalSha256":"2cfd02b992d7e47464a92e40b5a2d165ac33ebb23b049a17b50d0d4206c9643d","derivativeSha256":"d44a9cce67f3096c2453cf8cbcc12929c3d577ec54da0c377fb68375cfb68736","width":1200,"height":900,"presentation":"proportional_resize_with_padding"}');
INSERT INTO entities_fts (entity_key, name, aliases, type) VALUES ('character:jon-snow', 'Jon Snow', 'The White Wolf', 'character');
INSERT INTO characters (entity_key, gender, culture, born, died, actor_json, titles_json, era) VALUES ('character:jon-snow', 'male', 'Northmen', 'In 283 AC', NULL, '["Kit Harington"]', '["King in the North","Lord Commander"]', 8);
INSERT INTO entities (entity_key, id, type, name, description, status, verification, raw_json) VALUES ('character:maester-aemon', 'maester-aemon', 'character', 'Aemon Targaryen', 'An elderly Targaryen maester of the Night''s Watch who renounced his claim.', 'dead', 'single_source_curated', '{"id":"maester-aemon","apiId":54,"name":"Aemon Targaryen","canonicalName":"Aemon Targaryen","aliases":["Maester Aemon"],"actor":["Peter Vaughan"],"gender":"male","culture":"Valyrian","born":"In 198 AC, at King''s Landing","died":"In 300 AC, at the Cinnamon Wind, off the coast of Dorne, at the Summer Sea","status":"dead","houses":["house-targaryen"],"titles":["Maester"],"father":null,"mother":null,"spouse":null,"books":[1,2,3,4,5,6,7,8],"povBooks":[],"show":["game-of-thrones"],"presence":[{"show":"game-of-thrones","kind":"depicted","first":"S1E3","last":"S5E7"}],"playedBy":["Peter Vaughan"],"sources":[{"label":"Wiki of Westeros — Aemon","url":"https://gameofthrones.fandom.com/wiki/Aemon","provider":"Wiki of Westeros","kind":"reference_page","accessed":"2026-07-10"},{"label":"An API of Ice and Fire — character 54","url":"https://anapioficeandfire.com/api/characters/54","provider":"An API of Ice and Fire","kind":"structured_database","accessed":"2026-07-10"}],"verification":"single_source_curated","image":"/images/fallback-character.svg","imageSource":{"provider":"Local archive fallback","kind":"fallback","match":"none","uncertain":false,"reason":"Canonical title mismatch: expected [\"Aemon Targaryen\",\"Maester Aemon\"], received \"Aemon\"","url":null,"assetUrl":null},"house":"house-targaryen","parents":[],"children":[],"spouses":[],"dragon":null,"era":7,"biography":"An elderly Targaryen maester of the Night''s Watch who renounced his claim.","legacyIds":["api-character-54"]}');
INSERT INTO aliases (entity_key, alias) VALUES ('character:maester-aemon', 'Maester Aemon');
INSERT INTO appearances (entity_key, show_id, presence_kind, first_reference, details_json) VALUES ('character:maester-aemon', 'game-of-thrones', 'depicted', 'S1E3', '{"show":"game-of-thrones","kind":"depicted","first":"S1E3","last":"S5E7"}');
INSERT INTO sources (entity_key, label, url, provider, source_kind, accessed) VALUES ('character:maester-aemon', 'Wiki of Westeros — Aemon', 'https://gameofthrones.fandom.com/wiki/Aemon', 'Wiki of Westeros', 'reference_page', '2026-07-10');
INSERT INTO sources (entity_key, label, url, provider, source_kind, accessed) VALUES ('character:maester-aemon', 'An API of Ice and Fire — character 54', 'https://anapioficeandfire.com/api/characters/54', 'An API of Ice and Fire', 'structured_database', '2026-07-10');
INSERT INTO media (entity_key, local_path, provider, source_page, asset_url, media_kind, uncertain, metadata_json) VALUES ('character:maester-aemon', '/images/fallback-character.svg', 'Local archive fallback', NULL, NULL, 'fallback', 0, '{"provider":"Local archive fallback","kind":"fallback","match":"none","uncertain":false,"reason":"Canonical title mismatch: expected [\"Aemon Targaryen\",\"Maester Aemon\"], received \"Aemon\"","url":null,"assetUrl":null}');
INSERT INTO entities_fts (entity_key, name, aliases, type) VALUES ('character:maester-aemon', 'Aemon Targaryen', 'Maester Aemon', 'character');
INSERT INTO characters (entity_key, gender, culture, born, died, actor_json, titles_json, era) VALUES ('character:maester-aemon', 'male', 'Valyrian', 'In 198 AC, at King''s Landing', 'In 300 AC, at the Cinnamon Wind, off the coast of Dorne, at the Summer Sea', '["Peter Vaughan"]', '["Maester"]', 7);
INSERT INTO entities (entity_key, id, type, name, description, status, verification, raw_json) VALUES ('character:eddard-stark', 'eddard-stark', 'character', 'Eddard Stark', 'Lord of Winterfell who raised Jon Snow as his own son.', 'dead', 'single_source_curated', '{"id":"eddard-stark","apiId":339,"name":"Eddard Stark","canonicalName":"Eddard Stark","aliases":["Ned"],"actor":["Sean Bean"],"gender":"male","culture":"Northmen","born":"In 263 AC, at Winterfell","died":"In 299 AC, at Great Sept of Baelor in King''s Landing","status":"dead","houses":["house-stark"],"titles":["Lord of Winterfell","Hand of the King"],"father":null,"mother":null,"spouse":"catelyn-stark","books":[7,2,3,5,8,11],"povBooks":[1],"show":["game-of-thrones"],"presence":[{"show":"game-of-thrones","kind":"depicted","first":"S1E1"}],"playedBy":["Sean Bean","Sebastian Croft","Robert Aramayo"],"sources":[{"label":"An API of Ice and Fire — character 1752","url":"https://anapioficeandfire.com/api/characters/1752","provider":"An API of Ice and Fire","kind":"structured_database","accessed":"2026-07-10"},{"label":"Wiki of Westeros — Eddard Stark","url":"https://gameofthrones.fandom.com/wiki/Eddard_Stark","provider":"Wiki of Westeros","kind":"reference_page","accessed":"2026-07-10"},{"label":"An API of Ice and Fire — character 339","url":"https://anapioficeandfire.com/api/characters/339","provider":"An API of Ice and Fire","kind":"structured_database","accessed":"2026-07-10"},{"label":"ThronesAPI — Ned Stark","url":"https://thronesapi.com/api/v2/Characters/6","provider":"ThronesAPI","kind":"reference_page","accessed":"2026-07-10"}],"verification":"single_source_curated","image":"/images/characters/eddard-stark.webp","imageSource":{"provider":"ThronesAPI","kind":"direct_screen_asset","match":"exact_api_record","uncertain":false,"url":"https://thronesapi.com/api/v2/Characters/6","assetUrl":"https://thronesapi.com/assets/images/ned-stark.jpg","accessed":"2026-07-10","originalSha256":"9ec88719d3725a7b6bb6eec572521e37b6bb3fcb2561f7cb97068235ce486e72","derivativeSha256":"23aadeead0a152e662cc3d40b473da00e4edca796cb97f0ce1644b211ebcf1aa","width":1200,"height":900,"presentation":"proportional_resize_with_padding"},"house":"house-stark","parents":[],"children":["robb-stark","sansa-stark","arya-stark","bran-stark","rickon-stark"],"spouses":["catelyn-stark"],"dragon":null,"era":8,"biography":"Lord of Winterfell who raised Jon Snow as his own son.","legacyIds":["api-character-339","api-character-1752"]}');
INSERT INTO aliases (entity_key, alias) VALUES ('character:eddard-stark', 'Ned');
INSERT INTO appearances (entity_key, show_id, presence_kind, first_reference, details_json) VALUES ('character:eddard-stark', 'game-of-thrones', 'depicted', 'S1E1', '{"show":"game-of-thrones","kind":"depicted","first":"S1E1"}');
INSERT INTO sources (entity_key, label, url, provider, source_kind, accessed) VALUES ('character:eddard-stark', 'An API of Ice and Fire — character 1752', 'https://anapioficeandfire.com/api/characters/1752', 'An API of Ice and Fire', 'structured_database', '2026-07-10');
INSERT INTO sources (entity_key, label, url, provider, source_kind, accessed) VALUES ('character:eddard-stark', 'Wiki of Westeros — Eddard Stark', 'https://gameofthrones.fandom.com/wiki/Eddard_Stark', 'Wiki of Westeros', 'reference_page', '2026-07-10');
INSERT INTO sources (entity_key, label, url, provider, source_kind, accessed) VALUES ('character:eddard-stark', 'An API of Ice and Fire — character 339', 'https://anapioficeandfire.com/api/characters/339', 'An API of Ice and Fire', 'structured_database', '2026-07-10');
INSERT INTO sources (entity_key, label, url, provider, source_kind, accessed) VALUES ('character:eddard-stark', 'ThronesAPI — Ned Stark', 'https://thronesapi.com/api/v2/Characters/6', 'ThronesAPI', 'reference_page', '2026-07-10');
INSERT INTO media (entity_key, local_path, provider, source_page, asset_url, media_kind, uncertain, metadata_json) VALUES ('character:eddard-stark', '/images/characters/eddard-stark.webp', 'ThronesAPI', 'https://thronesapi.com/api/v2/Characters/6', 'https://thronesapi.com/assets/images/ned-stark.jpg', 'direct_screen_asset', 0, '{"provider":"ThronesAPI","kind":"direct_screen_asset","match":"exact_api_record","uncertain":false,"url":"https://thronesapi.com/api/v2/Characters/6","assetUrl":"https://thronesapi.com/assets/images/ned-stark.jpg","accessed":"2026-07-10","originalSha256":"9ec88719d3725a7b6bb6eec572521e37b6bb3fcb2561f7cb97068235ce486e72","derivativeSha256":"23aadeead0a152e662cc3d40b473da00e4edca796cb97f0ce1644b211ebcf1aa","width":1200,"height":900,"presentation":"proportional_resize_with_padding"}');
INSERT INTO entities_fts (entity_key, name, aliases, type) VALUES ('character:eddard-stark', 'Eddard Stark', 'Ned', 'character');
INSERT INTO characters (entity_key, gender, culture, born, died, actor_json, titles_json, era) VALUES ('character:eddard-stark', 'male', 'Northmen', 'In 263 AC, at Winterfell', 'In 299 AC, at Great Sept of Baelor in King''s Landing', '["Sean Bean"]', '["Lord of Winterfell","Hand of the King"]', 8);
INSERT INTO entities (entity_key, id, type, name, description, status, verification, raw_json) VALUES ('character:catelyn-stark', 'catelyn-stark', 'character', 'Catelyn Stark', 'Ned Stark''s wife and mother of the Stark children.', 'dead', 'single_source_curated', '{"id":"catelyn-stark","apiId":232,"name":"Catelyn Stark","canonicalName":"Catelyn Stark","aliases":[],"actor":["Michelle Fairley"],"gender":"female","culture":"Rivermen","born":"In 264 AC, at Riverrun","died":"In 299 AC, at the Twins","status":"dead","houses":["house-stark","house-tully"],"titles":["Lady of Winterfell"],"father":null,"mother":null,"spouse":"eddard-stark","books":[5,8],"povBooks":[1,2,3],"show":["game-of-thrones"],"presence":[{"show":"game-of-thrones","kind":"depicted","first":"S1E1"}],"playedBy":["Michelle Fairley"],"sources":[{"label":"Wiki of Westeros — Catelyn Stark","url":"https://gameofthrones.fandom.com/wiki/Catelyn_Stark","provider":"Wiki of Westeros","kind":"reference_page","accessed":"2026-07-10"},{"label":"An API of Ice and Fire — character 232","url":"https://anapioficeandfire.com/api/characters/232","provider":"An API of Ice and Fire","kind":"structured_database","accessed":"2026-07-10"}],"verification":"single_source_curated","image":"/images/characters/catelyn-stark.webp","imageSource":{"provider":"Wiki of Westeros","kind":"wiki_lead_image","match":"exact_page_title","uncertain":false,"url":"https://gameofthrones.fandom.com/wiki/Catelyn_Stark","assetUrl":"https://static.wikia.nocookie.net/gameofthrones/images/d/d8/CatelynS3Promo.jpg/revision/latest?cb=20190427043743","accessed":"2026-07-10","originalSha256":"eeb1e551d257f1e82eca5dfd9cac49037226d4bd322956cd32adf7195eedfe47","derivativeSha256":"1eefe4c941649d018d3745dd4f8c3494fea5d87658ead47e55fce2425d674adc","width":1200,"height":900,"presentation":"proportional_resize_with_padding"},"house":"house-tully","parents":[],"children":["robb-stark","sansa-stark","arya-stark","bran-stark","rickon-stark"],"spouses":["eddard-stark"],"dragon":null,"era":8,"biography":"Ned Stark''s wife and mother of the Stark children.","legacyIds":["api-character-232"]}');
INSERT INTO appearances (entity_key, show_id, presence_kind, first_reference, details_json) VALUES ('character:catelyn-stark', 'game-of-thrones', 'depicted', 'S1E1', '{"show":"game-of-thrones","kind":"depicted","first":"S1E1"}');
INSERT INTO sources (entity_key, label, url, provider, source_kind, accessed) VALUES ('character:catelyn-stark', 'Wiki of Westeros — Catelyn Stark', 'https://gameofthrones.fandom.com/wiki/Catelyn_Stark', 'Wiki of Westeros', 'reference_page', '2026-07-10');
INSERT INTO sources (entity_key, label, url, provider, source_kind, accessed) VALUES ('character:catelyn-stark', 'An API of Ice and Fire — character 232', 'https://anapioficeandfire.com/api/characters/232', 'An API of Ice and Fire', 'structured_database', '2026-07-10');
INSERT INTO media (entity_key, local_path, provider, source_page, asset_url, media_kind, uncertain, metadata_json) VALUES ('character:catelyn-stark', '/images/characters/catelyn-stark.webp', 'Wiki of Westeros', 'https://gameofthrones.fandom.com/wiki/Catelyn_Stark', 'https://static.wikia.nocookie.net/gameofthrones/images/d/d8/CatelynS3Promo.jpg/revision/latest?cb=20190427043743', 'wiki_lead_image', 0, '{"provider":"Wiki of Westeros","kind":"wiki_lead_image","match":"exact_page_title","uncertain":false,"url":"https://gameofthrones.fandom.com/wiki/Catelyn_Stark","assetUrl":"https://static.wikia.nocookie.net/gameofthrones/images/d/d8/CatelynS3Promo.jpg/revision/latest?cb=20190427043743","accessed":"2026-07-10","originalSha256":"eeb1e551d257f1e82eca5dfd9cac49037226d4bd322956cd32adf7195eedfe47","derivativeSha256":"1eefe4c941649d018d3745dd4f8c3494fea5d87658ead47e55fce2425d674adc","width":1200,"height":900,"presentation":"proportional_resize_with_padding"}');
INSERT INTO entities_fts (entity_key, name, aliases, type) VALUES ('character:catelyn-stark', 'Catelyn Stark', '', 'character');
INSERT INTO characters (entity_key, gender, culture, born, died, actor_json, titles_json, era) VALUES ('character:catelyn-stark', 'female', 'Rivermen', 'In 264 AC, at Riverrun', 'In 299 AC, at the Twins', '["Michelle Fairley"]', '["Lady of Winterfell"]', 8);
INSERT INTO entities (entity_key, id, type, name, description, status, verification, raw_json) VALUES ('character:robb-stark', 'robb-stark', 'character', 'Robb Stark', 'Ned''s eldest son and the northern king during the War of the Five Kings.', 'dead', 'single_source_curated', '{"id":"robb-stark","apiId":1880,"name":"Robb Stark","canonicalName":"Robb Stark","aliases":["The Young Wolf"],"actor":["Richard Madden"],"gender":"male","culture":null,"born":"283 AC, at Riverrun","died":"299 AC, at the Twins","status":"dead","houses":["house-stark"],"titles":["King in the North"],"father":"eddard-stark","mother":"catelyn-stark","spouse":null,"books":[1,2,3,5,8],"povBooks":[],"show":["game-of-thrones"],"presence":[{"show":"game-of-thrones","kind":"depicted","first":"S1E1"}],"playedBy":["Richard Madden"],"sources":[{"label":"Wiki of Westeros — Robb Stark","url":"https://gameofthrones.fandom.com/wiki/Robb_Stark","provider":"Wiki of Westeros","kind":"reference_page","accessed":"2026-07-10"},{"label":"An API of Ice and Fire — character 1880","url":"https://anapioficeandfire.com/api/characters/1880","provider":"An API of Ice and Fire","kind":"structured_database","accessed":"2026-07-10"},{"label":"ThronesAPI — Rob Stark","url":"https://thronesapi.com/api/v2/Characters/11","provider":"ThronesAPI","kind":"reference_page","accessed":"2026-07-10"}],"verification":"single_source_curated","image":"/images/characters/robb-stark.webp","imageSource":{"provider":"ThronesAPI","kind":"direct_screen_asset","match":"exact_api_record","uncertain":false,"url":"https://thronesapi.com/api/v2/Characters/11","assetUrl":"https://thronesapi.com/assets/images/robb-stark.jpg","accessed":"2026-07-10","originalSha256":"c38a90d83b94691fbf1d7d7eaffcf9bf05494eb3b2162e50a2343590cc965963","derivativeSha256":"ecda8a232f202266cdc214b22a603edb36b000bfebd738c47fcd598bf6a641b3","width":1200,"height":900,"presentation":"proportional_resize_with_padding"},"house":"house-stark","parents":["eddard-stark","catelyn-stark"],"children":[],"spouses":["talisa-stark"],"dragon":null,"era":8,"biography":"Ned''s eldest son and the northern king during the War of the Five Kings.","legacyIds":["api-character-1880"]}');
INSERT INTO aliases (entity_key, alias) VALUES ('character:robb-stark', 'The Young Wolf');
INSERT INTO appearances (entity_key, show_id, presence_kind, first_reference, details_json) VALUES ('character:robb-stark', 'game-of-thrones', 'depicted', 'S1E1', '{"show":"game-of-thrones","kind":"depicted","first":"S1E1"}');
INSERT INTO sources (entity_key, label, url, provider, source_kind, accessed) VALUES ('character:robb-stark', 'Wiki of Westeros — Robb Stark', 'https://gameofthrones.fandom.com/wiki/Robb_Stark', 'Wiki of Westeros', 'reference_page', '2026-07-10');
INSERT INTO sources (entity_key, label, url, provider, source_kind, accessed) VALUES ('character:robb-stark', 'An API of Ice and Fire — character 1880', 'https://anapioficeandfire.com/api/characters/1880', 'An API of Ice and Fire', 'structured_database', '2026-07-10');
INSERT INTO sources (entity_key, label, url, provider, source_kind, accessed) VALUES ('character:robb-stark', 'ThronesAPI — Rob Stark', 'https://thronesapi.com/api/v2/Characters/11', 'ThronesAPI', 'reference_page', '2026-07-10');
INSERT INTO media (entity_key, local_path, provider, source_page, asset_url, media_kind, uncertain, metadata_json) VALUES ('character:robb-stark', '/images/characters/robb-stark.webp', 'ThronesAPI', 'https://thronesapi.com/api/v2/Characters/11', 'https://thronesapi.com/assets/images/robb-stark.jpg', 'direct_screen_asset', 0, '{"provider":"ThronesAPI","kind":"direct_screen_asset","match":"exact_api_record","uncertain":false,"url":"https://thronesapi.com/api/v2/Characters/11","assetUrl":"https://thronesapi.com/assets/images/robb-stark.jpg","accessed":"2026-07-10","originalSha256":"c38a90d83b94691fbf1d7d7eaffcf9bf05494eb3b2162e50a2343590cc965963","derivativeSha256":"ecda8a232f202266cdc214b22a603edb36b000bfebd738c47fcd598bf6a641b3","width":1200,"height":900,"presentation":"proportional_resize_with_padding"}');
INSERT INTO entities_fts (entity_key, name, aliases, type) VALUES ('character:robb-stark', 'Robb Stark', 'The Young Wolf', 'character');
INSERT INTO characters (entity_key, gender, culture, born, died, actor_json, titles_json, era) VALUES ('character:robb-stark', 'male', NULL, '283 AC, at Riverrun', '299 AC, at the Twins', '["Richard Madden"]', '["King in the North"]', 8);
INSERT INTO entities (entity_key, id, type, name, description, status, verification, raw_json) VALUES ('character:sansa-stark', 'sansa-stark', 'character', 'Sansa Stark', 'Ned''s eldest daughter, ultimately crowned Queen in the North.', 'alive', 'single_source_curated', '{"id":"sansa-stark","apiId":957,"name":"Sansa Stark","canonicalName":"Sansa Stark","aliases":[],"actor":["Sophie Turner"],"gender":"female","culture":"Northmen","born":"In 286 AC, at Winterfell","died":null,"status":"alive","houses":["house-stark"],"titles":["Queen in the North"],"father":null,"mother":null,"spouse":"tyrion-lannister","books":[8],"povBooks":[1,2,3,5],"show":["game-of-thrones"],"presence":[{"show":"game-of-thrones","kind":"depicted","first":"S1E1","last":"S8E6"}],"playedBy":["Sophie Turner"],"sources":[{"label":"Wiki of Westeros — Sansa Stark","url":"https://gameofthrones.fandom.com/wiki/Sansa_Stark","provider":"Wiki of Westeros","kind":"reference_page","accessed":"2026-07-10"},{"label":"An API of Ice and Fire — character 957","url":"https://anapioficeandfire.com/api/characters/957","provider":"An API of Ice and Fire","kind":"structured_database","accessed":"2026-07-10"},{"label":"ThronesAPI — Sansa Stark","url":"https://thronesapi.com/api/v2/Characters/4","provider":"ThronesAPI","kind":"reference_page","accessed":"2026-07-10"}],"verification":"single_source_curated","image":"/images/characters/sansa-stark.webp","imageSource":{"provider":"ThronesAPI","kind":"direct_screen_asset","match":"exact_api_record","uncertain":false,"url":"https://thronesapi.com/api/v2/Characters/4","assetUrl":"https://thronesapi.com/assets/images/sansa-stark.jpeg","accessed":"2026-07-10","originalSha256":"07d3e5d10bbed4fcf1f431a1a80f7c70b3e2cde27de5481d1446a98e3ce1955c","derivativeSha256":"b102574e8a68011937c730fea52e16a86f2a8cf4be282dd85d9d8f6c42a7a7f5","width":1200,"height":900,"presentation":"proportional_resize_with_padding"},"house":"house-stark","parents":["eddard-stark","catelyn-stark"],"children":[],"spouses":["tyrion-lannister","ramsay-bolton"],"dragon":null,"era":8,"biography":"Ned''s eldest daughter, ultimately crowned Queen in the North.","legacyIds":["api-character-957"]}');
INSERT INTO appearances (entity_key, show_id, presence_kind, first_reference, details_json) VALUES ('character:sansa-stark', 'game-of-thrones', 'depicted', 'S1E1', '{"show":"game-of-thrones","kind":"depicted","first":"S1E1","last":"S8E6"}');
INSERT INTO sources (entity_key, label, url, provider, source_kind, accessed) VALUES ('character:sansa-stark', 'Wiki of Westeros — Sansa Stark', 'https://gameofthrones.fandom.com/wiki/Sansa_Stark', 'Wiki of Westeros', 'reference_page', '2026-07-10');
INSERT INTO sources (entity_key, label, url, provider, source_kind, accessed) VALUES ('character:sansa-stark', 'An API of Ice and Fire — character 957', 'https://anapioficeandfire.com/api/characters/957', 'An API of Ice and Fire', 'structured_database', '2026-07-10');
INSERT INTO sources (entity_key, label, url, provider, source_kind, accessed) VALUES ('character:sansa-stark', 'ThronesAPI — Sansa Stark', 'https://thronesapi.com/api/v2/Characters/4', 'ThronesAPI', 'reference_page', '2026-07-10');
INSERT INTO media (entity_key, local_path, provider, source_page, asset_url, media_kind, uncertain, metadata_json) VALUES ('character:sansa-stark', '/images/characters/sansa-stark.webp', 'ThronesAPI', 'https://thronesapi.com/api/v2/Characters/4', 'https://thronesapi.com/assets/images/sansa-stark.jpeg', 'direct_screen_asset', 0, '{"provider":"ThronesAPI","kind":"direct_screen_asset","match":"exact_api_record","uncertain":false,"url":"https://thronesapi.com/api/v2/Characters/4","assetUrl":"https://thronesapi.com/assets/images/sansa-stark.jpeg","accessed":"2026-07-10","originalSha256":"07d3e5d10bbed4fcf1f431a1a80f7c70b3e2cde27de5481d1446a98e3ce1955c","derivativeSha256":"b102574e8a68011937c730fea52e16a86f2a8cf4be282dd85d9d8f6c42a7a7f5","width":1200,"height":900,"presentation":"proportional_resize_with_padding"}');
INSERT INTO entities_fts (entity_key, name, aliases, type) VALUES ('character:sansa-stark', 'Sansa Stark', '', 'character');
INSERT INTO characters (entity_key, gender, culture, born, died, actor_json, titles_json, era) VALUES ('character:sansa-stark', 'female', 'Northmen', 'In 286 AC, at Winterfell', NULL, '["Sophie Turner"]', '["Queen in the North"]', 8);
INSERT INTO entities (entity_key, id, type, name, description, status, verification, raw_json) VALUES ('character:arya-stark', 'arya-stark', 'character', 'Arya Stark', 'Ned''s younger daughter, trained by the Faceless Men.', 'alive', 'single_source_curated', '{"id":"arya-stark","apiId":148,"name":"Arya Stark","canonicalName":"Arya Stark","aliases":["Arya Stark","No One"],"actor":["Maisie Williams"],"gender":"female","culture":"Northmen","born":"In 289 AC, at Winterfell","died":null,"status":"alive","houses":["house-stark"],"titles":[],"father":null,"mother":null,"spouse":null,"books":[1,2,3,5,8],"povBooks":[1,2,3,5,8],"show":["game-of-thrones"],"presence":[{"show":"game-of-thrones","kind":"depicted","first":"S1E1","last":"S8E6"}],"playedBy":["Maisie Williams"],"sources":[{"label":"An API of Ice and Fire — character 557","url":"https://anapioficeandfire.com/api/characters/557","provider":"An API of Ice and Fire","kind":"structured_database","accessed":"2026-07-10"},{"label":"Wiki of Westeros — Arya Stark","url":"https://gameofthrones.fandom.com/wiki/Arya_Stark","provider":"Wiki of Westeros","kind":"reference_page","accessed":"2026-07-10"},{"label":"An API of Ice and Fire — character 148","url":"https://anapioficeandfire.com/api/characters/148","provider":"An API of Ice and Fire","kind":"structured_database","accessed":"2026-07-10"},{"label":"ThronesAPI — Arya Stark","url":"https://thronesapi.com/api/v2/Characters/3","provider":"ThronesAPI","kind":"reference_page","accessed":"2026-07-10"}],"verification":"single_source_curated","image":"/images/characters/arya-stark.webp","imageSource":{"provider":"ThronesAPI","kind":"direct_screen_asset","match":"exact_api_record","uncertain":false,"url":"https://thronesapi.com/api/v2/Characters/3","assetUrl":"https://thronesapi.com/assets/images/arya-stark.jpg","accessed":"2026-07-10","originalSha256":"4bfc2769d3fdb1d3897691d17d29ca26380853fc000b0ad327c3c20399c49994","derivativeSha256":"152682865e9070a319f14f6b8c4ad7a04c24c1a29ff4532fa8e2ebd63d76cd2e","width":1200,"height":900,"presentation":"proportional_resize_with_padding"},"house":"house-stark","parents":["eddard-stark","catelyn-stark"],"children":[],"spouses":[],"dragon":null,"era":8,"biography":"Ned''s younger daughter, trained by the Faceless Men.","legacyIds":["api-character-148","api-character-557"]}');
INSERT INTO aliases (entity_key, alias) VALUES ('character:arya-stark', 'Arya Stark');
INSERT INTO aliases (entity_key, alias) VALUES ('character:arya-stark', 'No One');
INSERT INTO appearances (entity_key, show_id, presence_kind, first_reference, details_json) VALUES ('character:arya-stark', 'game-of-thrones', 'depicted', 'S1E1', '{"show":"game-of-thrones","kind":"depicted","first":"S1E1","last":"S8E6"}');
INSERT INTO sources (entity_key, label, url, provider, source_kind, accessed) VALUES ('character:arya-stark', 'An API of Ice and Fire — character 557', 'https://anapioficeandfire.com/api/characters/557', 'An API of Ice and Fire', 'structured_database', '2026-07-10');
INSERT INTO sources (entity_key, label, url, provider, source_kind, accessed) VALUES ('character:arya-stark', 'Wiki of Westeros — Arya Stark', 'https://gameofthrones.fandom.com/wiki/Arya_Stark', 'Wiki of Westeros', 'reference_page', '2026-07-10');
INSERT INTO sources (entity_key, label, url, provider, source_kind, accessed) VALUES ('character:arya-stark', 'An API of Ice and Fire — character 148', 'https://anapioficeandfire.com/api/characters/148', 'An API of Ice and Fire', 'structured_database', '2026-07-10');
INSERT INTO sources (entity_key, label, url, provider, source_kind, accessed) VALUES ('character:arya-stark', 'ThronesAPI — Arya Stark', 'https://thronesapi.com/api/v2/Characters/3', 'ThronesAPI', 'reference_page', '2026-07-10');
INSERT INTO media (entity_key, local_path, provider, source_page, asset_url, media_kind, uncertain, metadata_json) VALUES ('character:arya-stark', '/images/characters/arya-stark.webp', 'ThronesAPI', 'https://thronesapi.com/api/v2/Characters/3', 'https://thronesapi.com/assets/images/arya-stark.jpg', 'direct_screen_asset', 0, '{"provider":"ThronesAPI","kind":"direct_screen_asset","match":"exact_api_record","uncertain":false,"url":"https://thronesapi.com/api/v2/Characters/3","assetUrl":"https://thronesapi.com/assets/images/arya-stark.jpg","accessed":"2026-07-10","originalSha256":"4bfc2769d3fdb1d3897691d17d29ca26380853fc000b0ad327c3c20399c49994","derivativeSha256":"152682865e9070a319f14f6b8c4ad7a04c24c1a29ff4532fa8e2ebd63d76cd2e","width":1200,"height":900,"presentation":"proportional_resize_with_padding"}');
INSERT INTO entities_fts (entity_key, name, aliases, type) VALUES ('character:arya-stark', 'Arya Stark', 'Arya Stark No One', 'character');
INSERT INTO characters (entity_key, gender, culture, born, died, actor_json, titles_json, era) VALUES ('character:arya-stark', 'female', 'Northmen', 'In 289 AC, at Winterfell', NULL, '["Maisie Williams"]', '[]', 8);
INSERT INTO entities (entity_key, id, type, name, description, status, verification, raw_json) VALUES ('character:bran-stark', 'bran-stark', 'character', 'Bran Stark', 'Ned''s son who becomes the Three-Eyed Raven and king.', 'alive', 'single_source_curated', '{"id":"bran-stark","apiId":208,"name":"Bran Stark","canonicalName":"Brandon Stark","aliases":["The Three-Eyed Raven","Bran","Bran the Broken","The Winged Wolf","Brandon Stark"],"actor":["Isaac Hempstead Wright"],"gender":"male","culture":"Northmen","born":"In 290 AC, at Winterfell","died":null,"status":"alive","houses":["house-stark"],"titles":["King of the Andals and the First Men","Prince of Winterfell"],"father":null,"mother":null,"spouse":null,"books":[5],"povBooks":[1,2,3,8],"show":["game-of-thrones"],"presence":[{"show":"game-of-thrones","kind":"depicted","first":"S1E1","last":"S8E6"},{"show":"game-of-thrones","kind":"depicted","seasons":["Season 1","Season 2","Season 3","Season 4","Season 6"]}],"playedBy":["Isaac Hempstead-Wright"],"sources":[{"label":"Wiki of Westeros — Bran Stark","url":"https://gameofthrones.fandom.com/wiki/Bran_Stark","provider":"Wiki of Westeros","kind":"reference_page","accessed":"2026-07-10"},{"label":"An API of Ice and Fire — character 208","url":"https://anapioficeandfire.com/api/characters/208","provider":"An API of Ice and Fire","kind":"structured_database","accessed":"2026-07-10"},{"label":"ThronesAPI — Brandon Stark","url":"https://thronesapi.com/api/v2/Characters/5","provider":"ThronesAPI","kind":"reference_page","accessed":"2026-07-10"}],"verification":"single_source_curated","image":"/images/characters/bran-stark.webp","imageSource":{"provider":"ThronesAPI","kind":"direct_screen_asset","match":"exact_api_record","uncertain":false,"url":"https://thronesapi.com/api/v2/Characters/5","assetUrl":"https://thronesapi.com/assets/images/bran-stark.jpg","accessed":"2026-07-10","originalSha256":"67c7ceb28f7f528ed3b11b1b2fd0c390289d59f8f70206566c8046ab5a13254d","derivativeSha256":"a0c955b10c04a79242f6d1af12567d6357aeaebfe7a30f2793c47a5dc794ef8d","width":1200,"height":900,"presentation":"proportional_resize_with_padding"},"house":"house-stark","parents":["eddard-stark","catelyn-stark"],"children":[],"spouses":[],"dragon":null,"era":8,"biography":"Ned''s son who becomes the Three-Eyed Raven and king.","legacyIds":["api-character-208"]}');
INSERT INTO aliases (entity_key, alias) VALUES ('character:bran-stark', 'The Three-Eyed Raven');
INSERT INTO aliases (entity_key, alias) VALUES ('character:bran-stark', 'Bran');
INSERT INTO aliases (entity_key, alias) VALUES ('character:bran-stark', 'Bran the Broken');
INSERT INTO aliases (entity_key, alias) VALUES ('character:bran-stark', 'The Winged Wolf');
INSERT INTO aliases (entity_key, alias) VALUES ('character:bran-stark', 'Brandon Stark');
INSERT INTO appearances (entity_key, show_id, presence_kind, first_reference, details_json) VALUES ('character:bran-stark', 'game-of-thrones', 'depicted', NULL, '{"show":"game-of-thrones","kind":"depicted","seasons":["Season 1","Season 2","Season 3","Season 4","Season 6"]}');
INSERT INTO sources (entity_key, label, url, provider, source_kind, accessed) VALUES ('character:bran-stark', 'Wiki of Westeros — Bran Stark', 'https://gameofthrones.fandom.com/wiki/Bran_Stark', 'Wiki of Westeros', 'reference_page', '2026-07-10');
INSERT INTO sources (entity_key, label, url, provider, source_kind, accessed) VALUES ('character:bran-stark', 'An API of Ice and Fire — character 208', 'https://anapioficeandfire.com/api/characters/208', 'An API of Ice and Fire', 'structured_database', '2026-07-10');
INSERT INTO sources (entity_key, label, url, provider, source_kind, accessed) VALUES ('character:bran-stark', 'ThronesAPI — Brandon Stark', 'https://thronesapi.com/api/v2/Characters/5', 'ThronesAPI', 'reference_page', '2026-07-10');
INSERT INTO media (entity_key, local_path, provider, source_page, asset_url, media_kind, uncertain, metadata_json) VALUES ('character:bran-stark', '/images/characters/bran-stark.webp', 'ThronesAPI', 'https://thronesapi.com/api/v2/Characters/5', 'https://thronesapi.com/assets/images/bran-stark.jpg', 'direct_screen_asset', 0, '{"provider":"ThronesAPI","kind":"direct_screen_asset","match":"exact_api_record","uncertain":false,"url":"https://thronesapi.com/api/v2/Characters/5","assetUrl":"https://thronesapi.com/assets/images/bran-stark.jpg","accessed":"2026-07-10","originalSha256":"67c7ceb28f7f528ed3b11b1b2fd0c390289d59f8f70206566c8046ab5a13254d","derivativeSha256":"a0c955b10c04a79242f6d1af12567d6357aeaebfe7a30f2793c47a5dc794ef8d","width":1200,"height":900,"presentation":"proportional_resize_with_padding"}');
INSERT INTO entities_fts (entity_key, name, aliases, type) VALUES ('character:bran-stark', 'Bran Stark', 'The Three-Eyed Raven Bran Bran the Broken The Winged Wolf Brandon Stark', 'character');
INSERT INTO characters (entity_key, gender, culture, born, died, actor_json, titles_json, era) VALUES ('character:bran-stark', 'male', 'Northmen', 'In 290 AC, at Winterfell', NULL, '["Isaac Hempstead Wright"]', '["King of the Andals and the First Men","Prince of Winterfell"]', 8);
INSERT INTO entities (entity_key, id, type, name, description, status, verification, raw_json) VALUES ('character:rickon-stark', 'rickon-stark', 'character', 'Rickon Stark', 'Youngest child of Ned and Catelyn Stark.', 'dead', 'single_source_curated', '{"id":"rickon-stark","apiId":891,"name":"Rickon Stark","canonicalName":"Rickon Stark","aliases":[],"actor":["Art Parkinson"],"gender":"male","culture":"Northmen","born":"In 295 AC, at Winterfell","died":null,"status":"dead","houses":["house-stark"],"titles":[],"father":null,"mother":null,"spouse":null,"books":[1,2,3,8],"povBooks":[],"show":["game-of-thrones"],"presence":[{"show":"game-of-thrones","kind":"depicted","first":"S1E1"}],"playedBy":["Art Parkinson"],"sources":[{"label":"Wiki of Westeros — Rickon Stark","url":"https://gameofthrones.fandom.com/wiki/Rickon_Stark","provider":"Wiki of Westeros","kind":"reference_page","accessed":"2026-07-10"},{"label":"An API of Ice and Fire — character 891","url":"https://anapioficeandfire.com/api/characters/891","provider":"An API of Ice and Fire","kind":"structured_database","accessed":"2026-07-10"}],"verification":"single_source_curated","image":"/images/characters/rickon-stark.webp","imageSource":{"provider":"Wiki of Westeros","kind":"wiki_lead_image","match":"exact_page_title","uncertain":false,"url":"https://gameofthrones.fandom.com/wiki/Rickon_Stark","assetUrl":"https://static.wikia.nocookie.net/gameofthrones/images/d/d9/Battle_of_the_Bastards_42.jpg/revision/latest/scale-to-width-down/1168?cb=20160621185459","accessed":"2026-07-10","originalSha256":"77d946d289196a84c1f2f269eb769008d97689aa8a0edfe2d7522b293e6ad134","derivativeSha256":"d3b7010496401ee9d99f53288fc758daf978ec03ed38ce08db0512fe5bf563f1","width":1200,"height":900,"presentation":"proportional_resize_with_padding"},"house":"house-stark","parents":["eddard-stark","catelyn-stark"],"children":[],"spouses":[],"dragon":null,"era":8,"biography":"Youngest child of Ned and Catelyn Stark.","legacyIds":["api-character-891"]}');
INSERT INTO appearances (entity_key, show_id, presence_kind, first_reference, details_json) VALUES ('character:rickon-stark', 'game-of-thrones', 'depicted', 'S1E1', '{"show":"game-of-thrones","kind":"depicted","first":"S1E1"}');
INSERT INTO sources (entity_key, label, url, provider, source_kind, accessed) VALUES ('character:rickon-stark', 'Wiki of Westeros — Rickon Stark', 'https://gameofthrones.fandom.com/wiki/Rickon_Stark', 'Wiki of Westeros', 'reference_page', '2026-07-10');
INSERT INTO sources (entity_key, label, url, provider, source_kind, accessed) VALUES ('character:rickon-stark', 'An API of Ice and Fire — character 891', 'https://anapioficeandfire.com/api/characters/891', 'An API of Ice and Fire', 'structured_database', '2026-07-10');
INSERT INTO media (entity_key, local_path, provider, source_page, asset_url, media_kind, uncertain, metadata_json) VALUES ('character:rickon-stark', '/images/characters/rickon-stark.webp', 'Wiki of Westeros', 'https://gameofthrones.fandom.com/wiki/Rickon_Stark', 'https://static.wikia.nocookie.net/gameofthrones/images/d/d9/Battle_of_the_Bastards_42.jpg/revision/latest/scale-to-width-down/1168?cb=20160621185459', 'wiki_lead_image', 0, '{"provider":"Wiki of Westeros","kind":"wiki_lead_image","match":"exact_page_title","uncertain":false,"url":"https://gameofthrones.fandom.com/wiki/Rickon_Stark","assetUrl":"https://static.wikia.nocookie.net/gameofthrones/images/d/d9/Battle_of_the_Bastards_42.jpg/revision/latest/scale-to-width-down/1168?cb=20160621185459","accessed":"2026-07-10","originalSha256":"77d946d289196a84c1f2f269eb769008d97689aa8a0edfe2d7522b293e6ad134","derivativeSha256":"d3b7010496401ee9d99f53288fc758daf978ec03ed38ce08db0512fe5bf563f1","width":1200,"height":900,"presentation":"proportional_resize_with_padding"}');
INSERT INTO entities_fts (entity_key, name, aliases, type) VALUES ('character:rickon-stark', 'Rickon Stark', '', 'character');
INSERT INTO characters (entity_key, gender, culture, born, died, actor_json, titles_json, era) VALUES ('character:rickon-stark', 'male', 'Northmen', 'In 295 AC, at Winterfell', NULL, '["Art Parkinson"]', '[]', 8);
INSERT INTO entities (entity_key, id, type, name, description, status, verification, raw_json) VALUES ('character:benjen-stark', 'benjen-stark', 'character', 'Benjen Stark', 'Ned''s younger brother and a ranger of the Night''s Watch.', 'dead', 'single_source_curated', '{"id":"benjen-stark","apiId":181,"name":"Benjen Stark","canonicalName":"Benjen Stark","aliases":["The Wolf Pup","Ben Stark","Coldhands"],"actor":["Joseph Mawle","Matteo Elezi"],"gender":"male","culture":"Northmen","born":"In 267 AC or later, at Winterfell","died":null,"status":"dead","houses":["house-stark"],"titles":["First Ranger"],"father":null,"mother":null,"spouse":null,"books":[3,5,8,1,2],"povBooks":[],"show":["game-of-thrones"],"presence":[{"show":"game-of-thrones","kind":"depicted","seasons":["Season 1","Season 6"]},{"show":"game-of-thrones","kind":"depicted","first":"S1E1"}],"playedBy":["Joseph Mawle","Matteo Elezi"],"sources":[{"label":"An API of Ice and Fire — character 1279","url":"https://anapioficeandfire.com/api/characters/1279","provider":"An API of Ice and Fire","kind":"structured_database","accessed":"2026-07-10"},{"label":"An API of Ice and Fire — character 181","url":"https://anapioficeandfire.com/api/characters/181","provider":"An API of Ice and Fire","kind":"structured_database","accessed":"2026-07-10"},{"label":"Wiki of Westeros — Benjen Stark","url":"https://gameofthrones.fandom.com/wiki/Benjen_Stark","provider":"Wiki of Westeros","kind":"reference_page","accessed":"2026-07-10"}],"verification":"single_source_curated","image":"/images/characters/benjen-stark.webp","imageSource":{"provider":"Wiki of Westeros","kind":"wiki_lead_image","match":"exact_page_title","uncertain":false,"url":"https://gameofthrones.fandom.com/wiki/Benjen_Stark","assetUrl":"https://static.wikia.nocookie.net/gameofthrones/images/0/0f/610_Benjen_Promo_Crop.png/revision/latest?cb=20160629183134","accessed":"2026-07-10","originalSha256":"058e317bb51e96fe6f748075862e499bdd1c2f0a79ab5e9d0c57e7165cea5da4","derivativeSha256":"7b279002bf05b5adf5856eb5894d4c4de047c9268568e2994e16754edcf9ad57","width":1200,"height":900,"presentation":"proportional_resize_with_padding"},"house":"house-stark","parents":[],"children":[],"spouses":[],"dragon":null,"era":8,"biography":"Ned''s younger brother and a ranger of the Night''s Watch.","legacyIds":["api-character-181","api-character-1279"]}');
INSERT INTO aliases (entity_key, alias) VALUES ('character:benjen-stark', 'The Wolf Pup');
INSERT INTO aliases (entity_key, alias) VALUES ('character:benjen-stark', 'Ben Stark');
INSERT INTO aliases (entity_key, alias) VALUES ('character:benjen-stark', 'Coldhands');
INSERT INTO appearances (entity_key, show_id, presence_kind, first_reference, details_json) VALUES ('character:benjen-stark', 'game-of-thrones', 'depicted', 'S1E1', '{"show":"game-of-thrones","kind":"depicted","first":"S1E1"}');
INSERT INTO sources (entity_key, label, url, provider, source_kind, accessed) VALUES ('character:benjen-stark', 'An API of Ice and Fire — character 1279', 'https://anapioficeandfire.com/api/characters/1279', 'An API of Ice and Fire', 'structured_database', '2026-07-10');
INSERT INTO sources (entity_key, label, url, provider, source_kind, accessed) VALUES ('character:benjen-stark', 'An API of Ice and Fire — character 181', 'https://anapioficeandfire.com/api/characters/181', 'An API of Ice and Fire', 'structured_database', '2026-07-10');
INSERT INTO sources (entity_key, label, url, provider, source_kind, accessed) VALUES ('character:benjen-stark', 'Wiki of Westeros — Benjen Stark', 'https://gameofthrones.fandom.com/wiki/Benjen_Stark', 'Wiki of Westeros', 'reference_page', '2026-07-10');
INSERT INTO media (entity_key, local_path, provider, source_page, asset_url, media_kind, uncertain, metadata_json) VALUES ('character:benjen-stark', '/images/characters/benjen-stark.webp', 'Wiki of Westeros', 'https://gameofthrones.fandom.com/wiki/Benjen_Stark', 'https://static.wikia.nocookie.net/gameofthrones/images/0/0f/610_Benjen_Promo_Crop.png/revision/latest?cb=20160629183134', 'wiki_lead_image', 0, '{"provider":"Wiki of Westeros","kind":"wiki_lead_image","match":"exact_page_title","uncertain":false,"url":"https://gameofthrones.fandom.com/wiki/Benjen_Stark","assetUrl":"https://static.wikia.nocookie.net/gameofthrones/images/0/0f/610_Benjen_Promo_Crop.png/revision/latest?cb=20160629183134","accessed":"2026-07-10","originalSha256":"058e317bb51e96fe6f748075862e499bdd1c2f0a79ab5e9d0c57e7165cea5da4","derivativeSha256":"7b279002bf05b5adf5856eb5894d4c4de047c9268568e2994e16754edcf9ad57","width":1200,"height":900,"presentation":"proportional_resize_with_padding"}');
INSERT INTO entities_fts (entity_key, name, aliases, type) VALUES ('character:benjen-stark', 'Benjen Stark', 'The Wolf Pup Ben Stark Coldhands', 'character');
INSERT INTO characters (entity_key, gender, culture, born, died, actor_json, titles_json, era) VALUES ('character:benjen-stark', 'male', 'Northmen', 'In 267 AC or later, at Winterfell', NULL, '["Joseph Mawle","Matteo Elezi"]', '["First Ranger"]', 8);
INSERT INTO entities (entity_key, id, type, name, description, status, verification, raw_json) VALUES ('character:tywin-lannister', 'tywin-lannister', 'character', 'Tywin Lannister', 'Patriarch of House Lannister and a dominant political force.', 'dead', 'single_source_curated', '{"id":"tywin-lannister","apiId":27,"name":"Tywin Lannister","canonicalName":"Tywin Lannister","aliases":[],"actor":["Charles Dance"],"gender":"male","culture":null,"born":"In 242 AC","died":"In 300 AC, at King''s Landing","status":"dead","houses":["house-lannister"],"titles":["Lord of Casterly Rock","Hand of the King"],"father":null,"mother":null,"spouse":null,"books":[1,2,3,5,8,11],"povBooks":[],"show":["game-of-thrones"],"presence":[{"show":"game-of-thrones","kind":"depicted","first":"S1E7"}],"playedBy":["Charles Dance"],"sources":[{"label":"Wiki of Westeros — Tywin Lannister","url":"https://gameofthrones.fandom.com/wiki/Tywin_Lannister","provider":"Wiki of Westeros","kind":"reference_page","accessed":"2026-07-10"},{"label":"An API of Ice and Fire — character 27","url":"https://anapioficeandfire.com/api/characters/27","provider":"An API of Ice and Fire","kind":"structured_database","accessed":"2026-07-10"}],"verification":"single_source_curated","image":"/images/characters/tywin-lannister.webp","imageSource":{"provider":"Wiki of Westeros","kind":"wiki_lead_image","match":"exact_page_title","uncertain":false,"url":"https://gameofthrones.fandom.com/wiki/Tywin_Lannister","assetUrl":"https://static.wikia.nocookie.net/gameofthrones/images/7/71/Tywin_Lannister_4x08.jpg/revision/latest/scale-to-width-down/1114?cb=20170830015346","accessed":"2026-07-10","originalSha256":"5532287d399112fe325bd673d3fea9c1d9f811693e4514aaa79ba81ce3f778cb","derivativeSha256":"59c2e19e9aefabb3af2cd2c6c96ac7f13715302a6c596f429da146b84d03fb3b","width":1200,"height":900,"presentation":"proportional_resize_with_padding"},"house":"house-lannister","parents":[],"children":["cersei-lannister","jaime-lannister","tyrion-lannister"],"spouses":[],"dragon":null,"era":8,"biography":"Patriarch of House Lannister and a dominant political force.","legacyIds":["api-character-27"]}');
INSERT INTO appearances (entity_key, show_id, presence_kind, first_reference, details_json) VALUES ('character:tywin-lannister', 'game-of-thrones', 'depicted', 'S1E7', '{"show":"game-of-thrones","kind":"depicted","first":"S1E7"}');
INSERT INTO sources (entity_key, label, url, provider, source_kind, accessed) VALUES ('character:tywin-lannister', 'Wiki of Westeros — Tywin Lannister', 'https://gameofthrones.fandom.com/wiki/Tywin_Lannister', 'Wiki of Westeros', 'reference_page', '2026-07-10');
INSERT INTO sources (entity_key, label, url, provider, source_kind, accessed) VALUES ('character:tywin-lannister', 'An API of Ice and Fire — character 27', 'https://anapioficeandfire.com/api/characters/27', 'An API of Ice and Fire', 'structured_database', '2026-07-10');
INSERT INTO media (entity_key, local_path, provider, source_page, asset_url, media_kind, uncertain, metadata_json) VALUES ('character:tywin-lannister', '/images/characters/tywin-lannister.webp', 'Wiki of Westeros', 'https://gameofthrones.fandom.com/wiki/Tywin_Lannister', 'https://static.wikia.nocookie.net/gameofthrones/images/7/71/Tywin_Lannister_4x08.jpg/revision/latest/scale-to-width-down/1114?cb=20170830015346', 'wiki_lead_image', 0, '{"provider":"Wiki of Westeros","kind":"wiki_lead_image","match":"exact_page_title","uncertain":false,"url":"https://gameofthrones.fandom.com/wiki/Tywin_Lannister","assetUrl":"https://static.wikia.nocookie.net/gameofthrones/images/7/71/Tywin_Lannister_4x08.jpg/revision/latest/scale-to-width-down/1114?cb=20170830015346","accessed":"2026-07-10","originalSha256":"5532287d399112fe325bd673d3fea9c1d9f811693e4514aaa79ba81ce3f778cb","derivativeSha256":"59c2e19e9aefabb3af2cd2c6c96ac7f13715302a6c596f429da146b84d03fb3b","width":1200,"height":900,"presentation":"proportional_resize_with_padding"}');
INSERT INTO entities_fts (entity_key, name, aliases, type) VALUES ('character:tywin-lannister', 'Tywin Lannister', '', 'character');
INSERT INTO characters (entity_key, gender, culture, born, died, actor_json, titles_json, era) VALUES ('character:tywin-lannister', 'male', NULL, 'In 242 AC', 'In 300 AC, at King''s Landing', '["Charles Dance"]', '["Lord of Casterly Rock","Hand of the King"]', 8);
INSERT INTO entities (entity_key, id, type, name, description, status, verification, raw_json) VALUES ('character:cersei-lannister', 'cersei-lannister', 'character', 'Cersei Lannister', 'Queen to Robert Baratheon and later ruler from the Iron Throne.', 'dead', 'single_source_curated', '{"id":"cersei-lannister","apiId":238,"name":"Cersei Lannister","canonicalName":"Cersei Lannister","aliases":[],"actor":["Lena Headey"],"gender":"female","culture":"Westerman","born":"In 266 AC, at Casterly Rock","died":null,"status":"dead","houses":["house-lannister"],"titles":["Queen"],"father":null,"mother":null,"spouse":"robert-baratheon","books":[1,2,3],"povBooks":[5,8],"show":["game-of-thrones"],"presence":[{"show":"game-of-thrones","kind":"depicted","first":"S1E1","last":"S8E5"}],"playedBy":["Lena Headey"],"sources":[{"label":"Wiki of Westeros — Cersei Lannister","url":"https://gameofthrones.fandom.com/wiki/Cersei_Lannister","provider":"Wiki of Westeros","kind":"reference_page","accessed":"2026-07-10"},{"label":"An API of Ice and Fire — character 238","url":"https://anapioficeandfire.com/api/characters/238","provider":"An API of Ice and Fire","kind":"structured_database","accessed":"2026-07-10"},{"label":"ThronesAPI — Cersei Lannister","url":"https://thronesapi.com/api/v2/Characters/9","provider":"ThronesAPI","kind":"reference_page","accessed":"2026-07-10"}],"verification":"single_source_curated","image":"/images/characters/cersei-lannister.webp","imageSource":{"provider":"ThronesAPI","kind":"direct_screen_asset","match":"exact_api_record","uncertain":false,"url":"https://thronesapi.com/api/v2/Characters/9","assetUrl":"https://thronesapi.com/assets/images/cersei.jpg","accessed":"2026-07-10","originalSha256":"d4873a5f9d82ec455ea273036c7dfc5de0491109ff84f2590a64cdfb854d7d59","derivativeSha256":"fe5b30eab6ca80479bdbb2d0c197efec03cd9dd4b195f7343e0aa58ab26564b4","width":1200,"height":900,"presentation":"proportional_resize_with_padding"},"house":"house-lannister","parents":["tywin-lannister"],"children":["joffrey-baratheon","myrcella-baratheon","tommen-baratheon"],"spouses":["robert-baratheon"],"dragon":null,"era":8,"biography":"Queen to Robert Baratheon and later ruler from the Iron Throne.","legacyIds":["api-character-238"]}');
INSERT INTO appearances (entity_key, show_id, presence_kind, first_reference, details_json) VALUES ('character:cersei-lannister', 'game-of-thrones', 'depicted', 'S1E1', '{"show":"game-of-thrones","kind":"depicted","first":"S1E1","last":"S8E5"}');
INSERT INTO sources (entity_key, label, url, provider, source_kind, accessed) VALUES ('character:cersei-lannister', 'Wiki of Westeros — Cersei Lannister', 'https://gameofthrones.fandom.com/wiki/Cersei_Lannister', 'Wiki of Westeros', 'reference_page', '2026-07-10');
INSERT INTO sources (entity_key, label, url, provider, source_kind, accessed) VALUES ('character:cersei-lannister', 'An API of Ice and Fire — character 238', 'https://anapioficeandfire.com/api/characters/238', 'An API of Ice and Fire', 'structured_database', '2026-07-10');
INSERT INTO sources (entity_key, label, url, provider, source_kind, accessed) VALUES ('character:cersei-lannister', 'ThronesAPI — Cersei Lannister', 'https://thronesapi.com/api/v2/Characters/9', 'ThronesAPI', 'reference_page', '2026-07-10');
INSERT INTO media (entity_key, local_path, provider, source_page, asset_url, media_kind, uncertain, metadata_json) VALUES ('character:cersei-lannister', '/images/characters/cersei-lannister.webp', 'ThronesAPI', 'https://thronesapi.com/api/v2/Characters/9', 'https://thronesapi.com/assets/images/cersei.jpg', 'direct_screen_asset', 0, '{"provider":"ThronesAPI","kind":"direct_screen_asset","match":"exact_api_record","uncertain":false,"url":"https://thronesapi.com/api/v2/Characters/9","assetUrl":"https://thronesapi.com/assets/images/cersei.jpg","accessed":"2026-07-10","originalSha256":"d4873a5f9d82ec455ea273036c7dfc5de0491109ff84f2590a64cdfb854d7d59","derivativeSha256":"fe5b30eab6ca80479bdbb2d0c197efec03cd9dd4b195f7343e0aa58ab26564b4","width":1200,"height":900,"presentation":"proportional_resize_with_padding"}');
INSERT INTO entities_fts (entity_key, name, aliases, type) VALUES ('character:cersei-lannister', 'Cersei Lannister', '', 'character');
INSERT INTO characters (entity_key, gender, culture, born, died, actor_json, titles_json, era) VALUES ('character:cersei-lannister', 'female', 'Westerman', 'In 266 AC, at Casterly Rock', NULL, '["Lena Headey"]', '["Queen"]', 8);
INSERT INTO entities (entity_key, id, type, name, description, status, verification, raw_json) VALUES ('character:jaime-lannister', 'jaime-lannister', 'character', 'Jaime Lannister', 'Cersei''s twin and the knight who killed Aerys II.', 'dead', 'single_source_curated', '{"id":"jaime-lannister","apiId":529,"name":"Jaime Lannister","canonicalName":"Jaime Lannister","aliases":["Kingslayer"],"actor":["Nikolaj Coster-Waldau"],"gender":"male","culture":"Westerlands","born":"In 266 AC, at Casterly Rock","died":null,"status":"dead","houses":["house-lannister"],"titles":["Ser","Lord Commander of the Kingsguard"],"father":null,"mother":null,"spouse":null,"books":[1,2],"povBooks":[3,5,8],"show":["game-of-thrones"],"presence":[{"show":"game-of-thrones","kind":"depicted","first":"S1E1","last":"S8E5"}],"playedBy":["Nikolaj Coster-Waldau"],"sources":[{"label":"Wiki of Westeros — Jaime Lannister","url":"https://gameofthrones.fandom.com/wiki/Jaime_Lannister","provider":"Wiki of Westeros","kind":"reference_page","accessed":"2026-07-10"},{"label":"An API of Ice and Fire — character 529","url":"https://anapioficeandfire.com/api/characters/529","provider":"An API of Ice and Fire","kind":"structured_database","accessed":"2026-07-10"},{"label":"ThronesAPI — Jamie Lannister","url":"https://thronesapi.com/api/v2/Characters/8","provider":"ThronesAPI","kind":"reference_page","accessed":"2026-07-10"}],"verification":"single_source_curated","image":"/images/characters/jaime-lannister.webp","imageSource":{"provider":"ThronesAPI","kind":"direct_screen_asset","match":"exact_api_record","uncertain":false,"url":"https://thronesapi.com/api/v2/Characters/8","assetUrl":"https://thronesapi.com/assets/images/jaime-lannister.jpg","accessed":"2026-07-10","originalSha256":"7a01bde560fed4f1c81e09a6574d27056e8d244b7e89058682188ad4a59e2df4","derivativeSha256":"b60841e1eac01a6cc14be228974063abd76f88e918d9389053ec3f71e030a120","width":1200,"height":900,"presentation":"proportional_resize_with_padding"},"house":"house-lannister","parents":["tywin-lannister"],"children":["joffrey-baratheon","myrcella-baratheon","tommen-baratheon"],"spouses":[],"dragon":null,"era":8,"biography":"Cersei''s twin and the knight who killed Aerys II.","legacyIds":["api-character-529"]}');
INSERT INTO aliases (entity_key, alias) VALUES ('character:jaime-lannister', 'Kingslayer');
INSERT INTO appearances (entity_key, show_id, presence_kind, first_reference, details_json) VALUES ('character:jaime-lannister', 'game-of-thrones', 'depicted', 'S1E1', '{"show":"game-of-thrones","kind":"depicted","first":"S1E1","last":"S8E5"}');
INSERT INTO sources (entity_key, label, url, provider, source_kind, accessed) VALUES ('character:jaime-lannister', 'Wiki of Westeros — Jaime Lannister', 'https://gameofthrones.fandom.com/wiki/Jaime_Lannister', 'Wiki of Westeros', 'reference_page', '2026-07-10');
INSERT INTO sources (entity_key, label, url, provider, source_kind, accessed) VALUES ('character:jaime-lannister', 'An API of Ice and Fire — character 529', 'https://anapioficeandfire.com/api/characters/529', 'An API of Ice and Fire', 'structured_database', '2026-07-10');
INSERT INTO sources (entity_key, label, url, provider, source_kind, accessed) VALUES ('character:jaime-lannister', 'ThronesAPI — Jamie Lannister', 'https://thronesapi.com/api/v2/Characters/8', 'ThronesAPI', 'reference_page', '2026-07-10');
INSERT INTO media (entity_key, local_path, provider, source_page, asset_url, media_kind, uncertain, metadata_json) VALUES ('character:jaime-lannister', '/images/characters/jaime-lannister.webp', 'ThronesAPI', 'https://thronesapi.com/api/v2/Characters/8', 'https://thronesapi.com/assets/images/jaime-lannister.jpg', 'direct_screen_asset', 0, '{"provider":"ThronesAPI","kind":"direct_screen_asset","match":"exact_api_record","uncertain":false,"url":"https://thronesapi.com/api/v2/Characters/8","assetUrl":"https://thronesapi.com/assets/images/jaime-lannister.jpg","accessed":"2026-07-10","originalSha256":"7a01bde560fed4f1c81e09a6574d27056e8d244b7e89058682188ad4a59e2df4","derivativeSha256":"b60841e1eac01a6cc14be228974063abd76f88e918d9389053ec3f71e030a120","width":1200,"height":900,"presentation":"proportional_resize_with_padding"}');
INSERT INTO entities_fts (entity_key, name, aliases, type) VALUES ('character:jaime-lannister', 'Jaime Lannister', 'Kingslayer', 'character');
INSERT INTO characters (entity_key, gender, culture, born, died, actor_json, titles_json, era) VALUES ('character:jaime-lannister', 'male', 'Westerlands', 'In 266 AC, at Casterly Rock', NULL, '["Nikolaj Coster-Waldau"]', '["Ser","Lord Commander of the Kingsguard"]', 8);
INSERT INTO entities (entity_key, id, type, name, description, status, verification, raw_json) VALUES ('character:tyrion-lannister', 'tyrion-lannister', 'character', 'Tyrion Lannister', 'Tywin''s youngest child and adviser to rulers on opposing sides.', 'alive', 'single_source_curated', '{"id":"tyrion-lannister","apiId":1052,"name":"Tyrion Lannister","canonicalName":"Tyrion Lannister","aliases":["The Imp"],"actor":["Peter Dinklage"],"gender":"male","culture":null,"born":"In 273 AC, at Casterly Rock","died":null,"status":"alive","houses":["house-lannister"],"titles":["Hand of the King"],"father":null,"mother":null,"spouse":null,"books":[5,11],"povBooks":[1,2,3,8],"show":["game-of-thrones"],"presence":[{"show":"game-of-thrones","kind":"depicted","first":"S1E1","last":"S8E6"}],"playedBy":["Peter Dinklage"],"sources":[{"label":"Wiki of Westeros — Tyrion Lannister","url":"https://gameofthrones.fandom.com/wiki/Tyrion_Lannister","provider":"Wiki of Westeros","kind":"reference_page","accessed":"2026-07-10"},{"label":"An API of Ice and Fire — character 1052","url":"https://anapioficeandfire.com/api/characters/1052","provider":"An API of Ice and Fire","kind":"structured_database","accessed":"2026-07-10"},{"label":"ThronesAPI — Tyrion Lannister","url":"https://thronesapi.com/api/v2/Characters/14","provider":"ThronesAPI","kind":"reference_page","accessed":"2026-07-10"}],"verification":"single_source_curated","image":"/images/characters/tyrion-lannister.webp","imageSource":{"provider":"ThronesAPI","kind":"direct_screen_asset","match":"exact_api_record","uncertain":false,"url":"https://thronesapi.com/api/v2/Characters/14","assetUrl":"https://thronesapi.com/assets/images/tyrion-lannister.jpg","accessed":"2026-07-10","originalSha256":"64940b6e84c45617e7a6162ce7427584103e33aa1ccb238a50c26f2806937846","derivativeSha256":"b5c8ebef0bf93d00dd7403859b73570c2df198b288fbd9f600031ebca4a7e3d6","width":1200,"height":900,"presentation":"proportional_resize_with_padding"},"house":"house-lannister","parents":["tywin-lannister"],"children":[],"spouses":["sansa-stark"],"dragon":null,"era":8,"biography":"Tywin''s youngest child and adviser to rulers on opposing sides.","legacyIds":["api-character-1052"]}');
INSERT INTO aliases (entity_key, alias) VALUES ('character:tyrion-lannister', 'The Imp');
INSERT INTO appearances (entity_key, show_id, presence_kind, first_reference, details_json) VALUES ('character:tyrion-lannister', 'game-of-thrones', 'depicted', 'S1E1', '{"show":"game-of-thrones","kind":"depicted","first":"S1E1","last":"S8E6"}');
INSERT INTO sources (entity_key, label, url, provider, source_kind, accessed) VALUES ('character:tyrion-lannister', 'Wiki of Westeros — Tyrion Lannister', 'https://gameofthrones.fandom.com/wiki/Tyrion_Lannister', 'Wiki of Westeros', 'reference_page', '2026-07-10');
INSERT INTO sources (entity_key, label, url, provider, source_kind, accessed) VALUES ('character:tyrion-lannister', 'An API of Ice and Fire — character 1052', 'https://anapioficeandfire.com/api/characters/1052', 'An API of Ice and Fire', 'structured_database', '2026-07-10');
INSERT INTO sources (entity_key, label, url, provider, source_kind, accessed) VALUES ('character:tyrion-lannister', 'ThronesAPI — Tyrion Lannister', 'https://thronesapi.com/api/v2/Characters/14', 'ThronesAPI', 'reference_page', '2026-07-10');
INSERT INTO media (entity_key, local_path, provider, source_page, asset_url, media_kind, uncertain, metadata_json) VALUES ('character:tyrion-lannister', '/images/characters/tyrion-lannister.webp', 'ThronesAPI', 'https://thronesapi.com/api/v2/Characters/14', 'https://thronesapi.com/assets/images/tyrion-lannister.jpg', 'direct_screen_asset', 0, '{"provider":"ThronesAPI","kind":"direct_screen_asset","match":"exact_api_record","uncertain":false,"url":"https://thronesapi.com/api/v2/Characters/14","assetUrl":"https://thronesapi.com/assets/images/tyrion-lannister.jpg","accessed":"2026-07-10","originalSha256":"64940b6e84c45617e7a6162ce7427584103e33aa1ccb238a50c26f2806937846","derivativeSha256":"b5c8ebef0bf93d00dd7403859b73570c2df198b288fbd9f600031ebca4a7e3d6","width":1200,"height":900,"presentation":"proportional_resize_with_padding"}');
INSERT INTO entities_fts (entity_key, name, aliases, type) VALUES ('character:tyrion-lannister', 'Tyrion Lannister', 'The Imp', 'character');
INSERT INTO characters (entity_key, gender, culture, born, died, actor_json, titles_json, era) VALUES ('character:tyrion-lannister', 'male', NULL, 'In 273 AC, at Casterly Rock', NULL, '["Peter Dinklage"]', '["Hand of the King"]', 8);
INSERT INTO entities (entity_key, id, type, name, description, status, verification, raw_json) VALUES ('character:joffrey-baratheon', 'joffrey-baratheon', 'character', 'Joffrey Baratheon', 'Cersei and Jaime''s eldest child, publicly presented as Robert''s heir.', 'dead', 'single_source_curated', '{"id":"joffrey-baratheon","apiId":565,"name":"Joffrey Baratheon","canonicalName":"Joffrey Baratheon","aliases":[],"actor":["Jack Gleeson"],"gender":"male","culture":null,"born":"286 AC, at King''s Landing","died":"300 AC, at Red Keep, King''s Landing","status":"dead","houses":["house-lannister"],"titles":["King"],"father":"robert-baratheon","mother":"cersei-lannister","spouse":"margaery-tyrell","books":[1,2,3,5,8],"povBooks":[],"show":["game-of-thrones"],"presence":[{"show":"game-of-thrones","kind":"depicted","first":"S1E1"}],"playedBy":["Jack Gleeson"],"sources":[{"label":"Wiki of Westeros — Joffrey Baratheon","url":"https://gameofthrones.fandom.com/wiki/Joffrey_Baratheon","provider":"Wiki of Westeros","kind":"reference_page","accessed":"2026-07-10"},{"label":"An API of Ice and Fire — character 565","url":"https://anapioficeandfire.com/api/characters/565","provider":"An API of Ice and Fire","kind":"structured_database","accessed":"2026-07-10"},{"label":"ThronesAPI — Joffrey Baratheon","url":"https://thronesapi.com/api/v2/Characters/13","provider":"ThronesAPI","kind":"reference_page","accessed":"2026-07-10"}],"verification":"single_source_curated","image":"/images/characters/joffrey-baratheon.webp","imageSource":{"provider":"ThronesAPI","kind":"direct_screen_asset","match":"exact_api_record","uncertain":false,"url":"https://thronesapi.com/api/v2/Characters/13","assetUrl":"https://thronesapi.com/assets/images/joffrey.jpg","accessed":"2026-07-10","originalSha256":"9be907ad8860198aac3378ee0f5a0e2ad8ff38d9b045febea33bafb592b8b276","derivativeSha256":"86602ea56dc8a4cde453d2bece6585d91ee11dcd0b7af4cdeb9bf7d94e727659","width":1200,"height":900,"presentation":"proportional_resize_with_padding"},"house":"house-lannister","parents":["jaime-lannister","cersei-lannister"],"children":[],"spouses":["margaery-tyrell"],"dragon":null,"era":8,"biography":"Cersei and Jaime''s eldest child, publicly presented as Robert''s heir.","legacyIds":["api-character-565"]}');
INSERT INTO appearances (entity_key, show_id, presence_kind, first_reference, details_json) VALUES ('character:joffrey-baratheon', 'game-of-thrones', 'depicted', 'S1E1', '{"show":"game-of-thrones","kind":"depicted","first":"S1E1"}');
INSERT INTO sources (entity_key, label, url, provider, source_kind, accessed) VALUES ('character:joffrey-baratheon', 'Wiki of Westeros — Joffrey Baratheon', 'https://gameofthrones.fandom.com/wiki/Joffrey_Baratheon', 'Wiki of Westeros', 'reference_page', '2026-07-10');
INSERT INTO sources (entity_key, label, url, provider, source_kind, accessed) VALUES ('character:joffrey-baratheon', 'An API of Ice and Fire — character 565', 'https://anapioficeandfire.com/api/characters/565', 'An API of Ice and Fire', 'structured_database', '2026-07-10');
INSERT INTO sources (entity_key, label, url, provider, source_kind, accessed) VALUES ('character:joffrey-baratheon', 'ThronesAPI — Joffrey Baratheon', 'https://thronesapi.com/api/v2/Characters/13', 'ThronesAPI', 'reference_page', '2026-07-10');
INSERT INTO media (entity_key, local_path, provider, source_page, asset_url, media_kind, uncertain, metadata_json) VALUES ('character:joffrey-baratheon', '/images/characters/joffrey-baratheon.webp', 'ThronesAPI', 'https://thronesapi.com/api/v2/Characters/13', 'https://thronesapi.com/assets/images/joffrey.jpg', 'direct_screen_asset', 0, '{"provider":"ThronesAPI","kind":"direct_screen_asset","match":"exact_api_record","uncertain":false,"url":"https://thronesapi.com/api/v2/Characters/13","assetUrl":"https://thronesapi.com/assets/images/joffrey.jpg","accessed":"2026-07-10","originalSha256":"9be907ad8860198aac3378ee0f5a0e2ad8ff38d9b045febea33bafb592b8b276","derivativeSha256":"86602ea56dc8a4cde453d2bece6585d91ee11dcd0b7af4cdeb9bf7d94e727659","width":1200,"height":900,"presentation":"proportional_resize_with_padding"}');
INSERT INTO entities_fts (entity_key, name, aliases, type) VALUES ('character:joffrey-baratheon', 'Joffrey Baratheon', '', 'character');
INSERT INTO characters (entity_key, gender, culture, born, died, actor_json, titles_json, era) VALUES ('character:joffrey-baratheon', 'male', NULL, '286 AC, at King''s Landing', '300 AC, at Red Keep, King''s Landing', '["Jack Gleeson"]', '["King"]', 8);
INSERT INTO entities (entity_key, id, type, name, description, status, verification, raw_json) VALUES ('character:myrcella-baratheon', 'myrcella-baratheon', 'character', 'Myrcella Baratheon', 'Daughter of Cersei and Jaime, fostered in Dorne.', 'dead', 'single_source_curated', '{"id":"myrcella-baratheon","apiId":775,"name":"Myrcella Baratheon","canonicalName":"Myrcella Baratheon","aliases":[],"actor":["Nell Tiger Free / Aimee Richardson"],"gender":"female","culture":null,"born":"In 290 AC, at King''s Landing","died":null,"status":"dead","houses":["house-baratheon","house-lannister"],"titles":["Princess"],"father":null,"mother":null,"spouse":null,"books":[1,2,3,5,8],"povBooks":[],"show":["game-of-thrones"],"presence":[{"show":"game-of-thrones","kind":"depicted","first":"S1E1"}],"playedBy":["Aimee Richardson","Nell Tiger Free"],"sources":[{"label":"Wiki of Westeros — Myrcella Baratheon","url":"https://gameofthrones.fandom.com/wiki/Myrcella_Baratheon","provider":"Wiki of Westeros","kind":"reference_page","accessed":"2026-07-10"},{"label":"An API of Ice and Fire — character 775","url":"https://anapioficeandfire.com/api/characters/775","provider":"An API of Ice and Fire","kind":"structured_database","accessed":"2026-07-10"}],"verification":"single_source_curated","image":"/images/characters/myrcella-baratheon.webp","imageSource":{"provider":"Wiki of Westeros","kind":"wiki_lead_image","match":"exact_page_title","uncertain":false,"url":"https://gameofthrones.fandom.com/wiki/Myrcella_Baratheon","assetUrl":"https://static.wikia.nocookie.net/gameofthrones/images/0/02/MyrcellaS5Cropped.jpg/revision/latest/scale-to-width-down/1084?cb=20160802025401","accessed":"2026-07-10","originalSha256":"f37dd7ccfe2031cf4c6806146544143b4bf0a4fdd51d7d4f5c9a3a9a1d3064c4","derivativeSha256":"03b337a35b62169641cc6eb799d2d7217c409538d4d7ba3378f04b816fa0a3f1","width":1200,"height":900,"presentation":"proportional_resize_with_padding"},"house":"house-lannister","parents":["jaime-lannister","cersei-lannister"],"children":[],"spouses":[],"dragon":null,"era":8,"biography":"Daughter of Cersei and Jaime, fostered in Dorne.","legacyIds":["api-character-775"]}');
INSERT INTO appearances (entity_key, show_id, presence_kind, first_reference, details_json) VALUES ('character:myrcella-baratheon', 'game-of-thrones', 'depicted', 'S1E1', '{"show":"game-of-thrones","kind":"depicted","first":"S1E1"}');
INSERT INTO sources (entity_key, label, url, provider, source_kind, accessed) VALUES ('character:myrcella-baratheon', 'Wiki of Westeros — Myrcella Baratheon', 'https://gameofthrones.fandom.com/wiki/Myrcella_Baratheon', 'Wiki of Westeros', 'reference_page', '2026-07-10');
INSERT INTO sources (entity_key, label, url, provider, source_kind, accessed) VALUES ('character:myrcella-baratheon', 'An API of Ice and Fire — character 775', 'https://anapioficeandfire.com/api/characters/775', 'An API of Ice and Fire', 'structured_database', '2026-07-10');
INSERT INTO media (entity_key, local_path, provider, source_page, asset_url, media_kind, uncertain, metadata_json) VALUES ('character:myrcella-baratheon', '/images/characters/myrcella-baratheon.webp', 'Wiki of Westeros', 'https://gameofthrones.fandom.com/wiki/Myrcella_Baratheon', 'https://static.wikia.nocookie.net/gameofthrones/images/0/02/MyrcellaS5Cropped.jpg/revision/latest/scale-to-width-down/1084?cb=20160802025401', 'wiki_lead_image', 0, '{"provider":"Wiki of Westeros","kind":"wiki_lead_image","match":"exact_page_title","uncertain":false,"url":"https://gameofthrones.fandom.com/wiki/Myrcella_Baratheon","assetUrl":"https://static.wikia.nocookie.net/gameofthrones/images/0/02/MyrcellaS5Cropped.jpg/revision/latest/scale-to-width-down/1084?cb=20160802025401","accessed":"2026-07-10","originalSha256":"f37dd7ccfe2031cf4c6806146544143b4bf0a4fdd51d7d4f5c9a3a9a1d3064c4","derivativeSha256":"03b337a35b62169641cc6eb799d2d7217c409538d4d7ba3378f04b816fa0a3f1","width":1200,"height":900,"presentation":"proportional_resize_with_padding"}');
INSERT INTO entities_fts (entity_key, name, aliases, type) VALUES ('character:myrcella-baratheon', 'Myrcella Baratheon', '', 'character');
INSERT INTO characters (entity_key, gender, culture, born, died, actor_json, titles_json, era) VALUES ('character:myrcella-baratheon', 'female', NULL, 'In 290 AC, at King''s Landing', NULL, '["Nell Tiger Free / Aimee Richardson"]', '["Princess"]', 8);
INSERT INTO entities (entity_key, id, type, name, description, status, verification, raw_json) VALUES ('character:tommen-baratheon', 'tommen-baratheon', 'character', 'Tommen Baratheon', 'Youngest child of Cersei and Jaime and successor to Joffrey.', 'dead', 'single_source_curated', '{"id":"tommen-baratheon","apiId":1029,"name":"Tommen Baratheon","canonicalName":"Tommen Baratheon","aliases":[],"actor":["Dean-Charles Chapman / Callum Wharry"],"gender":"male","culture":null,"born":"291 AC","died":null,"status":"dead","houses":["house-lannister"],"titles":["King"],"father":"robert-baratheon","mother":"cersei-lannister","spouse":"margaery-tyrell","books":[1,2,3,5,8],"povBooks":[],"show":["game-of-thrones"],"presence":[{"show":"game-of-thrones","kind":"depicted","first":"S1E1"}],"playedBy":["Callum Wharry","Dean-Charles Chapman"],"sources":[{"label":"Wiki of Westeros — Tommen Baratheon","url":"https://gameofthrones.fandom.com/wiki/Tommen_Baratheon","provider":"Wiki of Westeros","kind":"reference_page","accessed":"2026-07-10"},{"label":"An API of Ice and Fire — character 1029","url":"https://anapioficeandfire.com/api/characters/1029","provider":"An API of Ice and Fire","kind":"structured_database","accessed":"2026-07-10"}],"verification":"single_source_curated","image":"/images/characters/tommen-baratheon.webp","imageSource":{"provider":"Wiki of Westeros","kind":"wiki_lead_image","match":"exact_page_title","uncertain":false,"url":"https://gameofthrones.fandom.com/wiki/Tommen_Baratheon","assetUrl":"https://static.wikia.nocookie.net/gameofthrones/images/7/7c/Tommen_blood_of_my_blood.jpg/revision/latest?cb=20160530234845","accessed":"2026-07-10","originalSha256":"3a5fd8fa68c0f8be9d608844689a6bb2b1017a102c8bfdddec61a5514bb230e8","derivativeSha256":"f5713232192f0fb85ed9c5fdf9fbede86dff921b1d09eba5839f70a120d0ae8f","width":1200,"height":900,"presentation":"proportional_resize_with_padding"},"house":"house-lannister","parents":["jaime-lannister","cersei-lannister"],"children":[],"spouses":["margaery-tyrell"],"dragon":null,"era":8,"biography":"Youngest child of Cersei and Jaime and successor to Joffrey.","legacyIds":["api-character-1029"]}');
INSERT INTO appearances (entity_key, show_id, presence_kind, first_reference, details_json) VALUES ('character:tommen-baratheon', 'game-of-thrones', 'depicted', 'S1E1', '{"show":"game-of-thrones","kind":"depicted","first":"S1E1"}');
INSERT INTO sources (entity_key, label, url, provider, source_kind, accessed) VALUES ('character:tommen-baratheon', 'Wiki of Westeros — Tommen Baratheon', 'https://gameofthrones.fandom.com/wiki/Tommen_Baratheon', 'Wiki of Westeros', 'reference_page', '2026-07-10');
INSERT INTO sources (entity_key, label, url, provider, source_kind, accessed) VALUES ('character:tommen-baratheon', 'An API of Ice and Fire — character 1029', 'https://anapioficeandfire.com/api/characters/1029', 'An API of Ice and Fire', 'structured_database', '2026-07-10');
INSERT INTO media (entity_key, local_path, provider, source_page, asset_url, media_kind, uncertain, metadata_json) VALUES ('character:tommen-baratheon', '/images/characters/tommen-baratheon.webp', 'Wiki of Westeros', 'https://gameofthrones.fandom.com/wiki/Tommen_Baratheon', 'https://static.wikia.nocookie.net/gameofthrones/images/7/7c/Tommen_blood_of_my_blood.jpg/revision/latest?cb=20160530234845', 'wiki_lead_image', 0, '{"provider":"Wiki of Westeros","kind":"wiki_lead_image","match":"exact_page_title","uncertain":false,"url":"https://gameofthrones.fandom.com/wiki/Tommen_Baratheon","assetUrl":"https://static.wikia.nocookie.net/gameofthrones/images/7/7c/Tommen_blood_of_my_blood.jpg/revision/latest?cb=20160530234845","accessed":"2026-07-10","originalSha256":"3a5fd8fa68c0f8be9d608844689a6bb2b1017a102c8bfdddec61a5514bb230e8","derivativeSha256":"f5713232192f0fb85ed9c5fdf9fbede86dff921b1d09eba5839f70a120d0ae8f","width":1200,"height":900,"presentation":"proportional_resize_with_padding"}');
INSERT INTO entities_fts (entity_key, name, aliases, type) VALUES ('character:tommen-baratheon', 'Tommen Baratheon', '', 'character');
INSERT INTO characters (entity_key, gender, culture, born, died, actor_json, titles_json, era) VALUES ('character:tommen-baratheon', 'male', NULL, '291 AC', NULL, '["Dean-Charles Chapman / Callum Wharry"]', '["King"]', 8);
INSERT INTO entities (entity_key, id, type, name, description, status, verification, raw_json) VALUES ('character:robert-baratheon', 'robert-baratheon', 'character', 'Robert Baratheon', 'The rebel king who overthrew Aerys II.', 'dead', 'single_source_curated', '{"id":"robert-baratheon","apiId":901,"name":"Robert Baratheon","canonicalName":"Robert I Baratheon","aliases":["The Usurper","Demon of the Trident","The Whoremonger King","Robert I Baratheon"],"actor":["Mark Addy"],"gender":"male","culture":null,"born":"262 AC, at Storm''s End","died":"298 AC, at King''s Landing","status":"dead","houses":["house-baratheon"],"titles":["King","King of the Andals, the Rhoynar and the First Men","Lord of the Seven Kingdoms","Protector of the Realm","Ser"],"father":null,"mother":null,"spouse":"cersei-lannister","books":[1,2,3,5,8,11],"povBooks":[],"show":["game-of-thrones"],"presence":[{"show":"game-of-thrones","kind":"depicted","first":"S1E1"},{"show":"game-of-thrones","kind":"depicted","seasons":["Season 1"]}],"playedBy":["Mark Addy"],"sources":[{"label":"Wiki of Westeros — Robert Baratheon","url":"https://gameofthrones.fandom.com/wiki/Robert_Baratheon","provider":"Wiki of Westeros","kind":"reference_page","accessed":"2026-07-10"},{"label":"An API of Ice and Fire — character 901","url":"https://anapioficeandfire.com/api/characters/901","provider":"An API of Ice and Fire","kind":"structured_database","accessed":"2026-07-10"},{"label":"ThronesAPI — Robert Baratheon","url":"https://thronesapi.com/api/v2/Characters/7","provider":"ThronesAPI","kind":"reference_page","accessed":"2026-07-10"}],"verification":"single_source_curated","image":"/images/characters/robert-baratheon.webp","imageSource":{"provider":"ThronesAPI","kind":"direct_screen_asset","match":"exact_api_record","uncertain":false,"url":"https://thronesapi.com/api/v2/Characters/7","assetUrl":"https://thronesapi.com/assets/images/robert-baratheon.jpeg","accessed":"2026-07-10","originalSha256":"cb57957be813b04688e80ab2b3f49f5ad4cd58415fea822d0edce1a8304ce9d4","derivativeSha256":"63b1c2b5c2d5ca5262bc982f8a02e39a628f5b3caff6ab7fe5b23edfce09da76","width":1200,"height":900,"presentation":"proportional_resize_with_padding"},"house":"house-baratheon","parents":[],"children":[],"spouses":["cersei-lannister"],"dragon":null,"era":8,"biography":"The rebel king who overthrew Aerys II.","legacyIds":["api-character-901"]}');
INSERT INTO aliases (entity_key, alias) VALUES ('character:robert-baratheon', 'The Usurper');
INSERT INTO aliases (entity_key, alias) VALUES ('character:robert-baratheon', 'Demon of the Trident');
INSERT INTO aliases (entity_key, alias) VALUES ('character:robert-baratheon', 'The Whoremonger King');
INSERT INTO aliases (entity_key, alias) VALUES ('character:robert-baratheon', 'Robert I Baratheon');
INSERT INTO appearances (entity_key, show_id, presence_kind, first_reference, details_json) VALUES ('character:robert-baratheon', 'game-of-thrones', 'depicted', NULL, '{"show":"game-of-thrones","kind":"depicted","seasons":["Season 1"]}');
INSERT INTO sources (entity_key, label, url, provider, source_kind, accessed) VALUES ('character:robert-baratheon', 'Wiki of Westeros — Robert Baratheon', 'https://gameofthrones.fandom.com/wiki/Robert_Baratheon', 'Wiki of Westeros', 'reference_page', '2026-07-10');
INSERT INTO sources (entity_key, label, url, provider, source_kind, accessed) VALUES ('character:robert-baratheon', 'An API of Ice and Fire — character 901', 'https://anapioficeandfire.com/api/characters/901', 'An API of Ice and Fire', 'structured_database', '2026-07-10');
INSERT INTO sources (entity_key, label, url, provider, source_kind, accessed) VALUES ('character:robert-baratheon', 'ThronesAPI — Robert Baratheon', 'https://thronesapi.com/api/v2/Characters/7', 'ThronesAPI', 'reference_page', '2026-07-10');
INSERT INTO media (entity_key, local_path, provider, source_page, asset_url, media_kind, uncertain, metadata_json) VALUES ('character:robert-baratheon', '/images/characters/robert-baratheon.webp', 'ThronesAPI', 'https://thronesapi.com/api/v2/Characters/7', 'https://thronesapi.com/assets/images/robert-baratheon.jpeg', 'direct_screen_asset', 0, '{"provider":"ThronesAPI","kind":"direct_screen_asset","match":"exact_api_record","uncertain":false,"url":"https://thronesapi.com/api/v2/Characters/7","assetUrl":"https://thronesapi.com/assets/images/robert-baratheon.jpeg","accessed":"2026-07-10","originalSha256":"cb57957be813b04688e80ab2b3f49f5ad4cd58415fea822d0edce1a8304ce9d4","derivativeSha256":"63b1c2b5c2d5ca5262bc982f8a02e39a628f5b3caff6ab7fe5b23edfce09da76","width":1200,"height":900,"presentation":"proportional_resize_with_padding"}');
INSERT INTO entities_fts (entity_key, name, aliases, type) VALUES ('character:robert-baratheon', 'Robert Baratheon', 'The Usurper Demon of the Trident The Whoremonger King Robert I Baratheon', 'character');
INSERT INTO characters (entity_key, gender, culture, born, died, actor_json, titles_json, era) VALUES ('character:robert-baratheon', 'male', NULL, '262 AC, at Storm''s End', '298 AC, at King''s Landing', '["Mark Addy"]', '["King","King of the Andals, the Rhoynar and the First Men","Lord of the Seven Kingdoms","Protector of the Realm","Ser"]', 8);
INSERT INTO entities (entity_key, id, type, name, description, status, verification, raw_json) VALUES ('character:stannis-baratheon', 'stannis-baratheon', 'character', 'Stannis Baratheon', 'Robert''s elder surviving brother and a claimant in the War of the Five Kings.', 'dead', 'single_source_curated', '{"id":"stannis-baratheon","apiId":1963,"name":"Stannis Baratheon","canonicalName":"Stannis Baratheon","aliases":[],"actor":["Stephen Dillane"],"gender":"male","culture":null,"born":"264 AC","died":null,"status":"dead","houses":["house-baratheon"],"titles":["Lord of Dragonstone","Claimant"],"father":null,"mother":null,"spouse":"selyse-baratheon","books":[1,2,3,5,8],"povBooks":[],"show":["game-of-thrones"],"presence":[{"show":"game-of-thrones","kind":"depicted","first":"S2E1"}],"playedBy":["Stephen Dillane"],"sources":[{"label":"Wiki of Westeros — Stannis Baratheon","url":"https://gameofthrones.fandom.com/wiki/Stannis_Baratheon","provider":"Wiki of Westeros","kind":"reference_page","accessed":"2026-07-10"},{"label":"An API of Ice and Fire — character 1963","url":"https://anapioficeandfire.com/api/characters/1963","provider":"An API of Ice and Fire","kind":"structured_database","accessed":"2026-07-10"},{"label":"ThronesAPI — Stannis Baratheon","url":"https://thronesapi.com/api/v2/Characters/18","provider":"ThronesAPI","kind":"reference_page","accessed":"2026-07-10"}],"verification":"single_source_curated","image":"/images/characters/stannis-baratheon.webp","imageSource":{"provider":"ThronesAPI","kind":"direct_screen_asset","match":"exact_api_record","uncertain":false,"url":"https://thronesapi.com/api/v2/Characters/18","assetUrl":"https://thronesapi.com/assets/images/stannis.jpg","accessed":"2026-07-10","originalSha256":"823cc9b75c9e24d8529fe8f364ab63789ed34d1f223f9b6b5a57bb3f477278f2","derivativeSha256":"17c3ab6dff15e91a68c748ae898e3981d506e0c1736b6f910971842557f9268a","width":1200,"height":900,"presentation":"proportional_resize_with_padding"},"house":"house-baratheon","parents":[],"children":["shireen-baratheon"],"spouses":["selyse-baratheon"],"dragon":null,"era":8,"biography":"Robert''s elder surviving brother and a claimant in the War of the Five Kings.","legacyIds":["api-character-1963"]}');
INSERT INTO appearances (entity_key, show_id, presence_kind, first_reference, details_json) VALUES ('character:stannis-baratheon', 'game-of-thrones', 'depicted', 'S2E1', '{"show":"game-of-thrones","kind":"depicted","first":"S2E1"}');
INSERT INTO sources (entity_key, label, url, provider, source_kind, accessed) VALUES ('character:stannis-baratheon', 'Wiki of Westeros — Stannis Baratheon', 'https://gameofthrones.fandom.com/wiki/Stannis_Baratheon', 'Wiki of Westeros', 'reference_page', '2026-07-10');
INSERT INTO sources (entity_key, label, url, provider, source_kind, accessed) VALUES ('character:stannis-baratheon', 'An API of Ice and Fire — character 1963', 'https://anapioficeandfire.com/api/characters/1963', 'An API of Ice and Fire', 'structured_database', '2026-07-10');
INSERT INTO sources (entity_key, label, url, provider, source_kind, accessed) VALUES ('character:stannis-baratheon', 'ThronesAPI — Stannis Baratheon', 'https://thronesapi.com/api/v2/Characters/18', 'ThronesAPI', 'reference_page', '2026-07-10');
INSERT INTO media (entity_key, local_path, provider, source_page, asset_url, media_kind, uncertain, metadata_json) VALUES ('character:stannis-baratheon', '/images/characters/stannis-baratheon.webp', 'ThronesAPI', 'https://thronesapi.com/api/v2/Characters/18', 'https://thronesapi.com/assets/images/stannis.jpg', 'direct_screen_asset', 0, '{"provider":"ThronesAPI","kind":"direct_screen_asset","match":"exact_api_record","uncertain":false,"url":"https://thronesapi.com/api/v2/Characters/18","assetUrl":"https://thronesapi.com/assets/images/stannis.jpg","accessed":"2026-07-10","originalSha256":"823cc9b75c9e24d8529fe8f364ab63789ed34d1f223f9b6b5a57bb3f477278f2","derivativeSha256":"17c3ab6dff15e91a68c748ae898e3981d506e0c1736b6f910971842557f9268a","width":1200,"height":900,"presentation":"proportional_resize_with_padding"}');
INSERT INTO entities_fts (entity_key, name, aliases, type) VALUES ('character:stannis-baratheon', 'Stannis Baratheon', '', 'character');
INSERT INTO characters (entity_key, gender, culture, born, died, actor_json, titles_json, era) VALUES ('character:stannis-baratheon', 'male', NULL, '264 AC', NULL, '["Stephen Dillane"]', '["Lord of Dragonstone","Claimant"]', 8);
INSERT INTO entities (entity_key, id, type, name, description, status, verification, raw_json) VALUES ('character:renly-baratheon', 'renly-baratheon', 'character', 'Renly Baratheon', 'Youngest Baratheon brother and rival claimant to the throne.', 'dead', 'single_source_curated', '{"id":"renly-baratheon","apiId":862,"name":"Renly Baratheon","canonicalName":"Renly Baratheon","aliases":[],"actor":["Gethin Anthony"],"gender":"male","culture":"Stormlands","born":"In 277 AC","died":"In 299 AC, at Storm''s End","status":"dead","houses":["house-baratheon"],"titles":["Lord of Storm''s End","Claimant"],"father":null,"mother":null,"spouse":"margaery-tyrell","books":[1,2,3,5,8],"povBooks":[],"show":["game-of-thrones"],"presence":[{"show":"game-of-thrones","kind":"depicted","first":"S1E3"}],"playedBy":["Gethin Anthony"],"sources":[{"label":"Wiki of Westeros — Renly Baratheon","url":"https://gameofthrones.fandom.com/wiki/Renly_Baratheon","provider":"Wiki of Westeros","kind":"reference_page","accessed":"2026-07-10"},{"label":"An API of Ice and Fire — character 862","url":"https://anapioficeandfire.com/api/characters/862","provider":"An API of Ice and Fire","kind":"structured_database","accessed":"2026-07-10"}],"verification":"single_source_curated","image":"/images/characters/renly-baratheon.webp","imageSource":{"provider":"Wiki of Westeros","kind":"wiki_lead_image","match":"exact_page_title","uncertain":false,"url":"https://gameofthrones.fandom.com/wiki/Renly_Baratheon","assetUrl":"https://static.wikia.nocookie.net/gameofthrones/images/f/ff/Profile-Renly_Baratheon.png/revision/latest?cb=20171006064500","accessed":"2026-07-10","originalSha256":"cad12099f483c8f647a8d53a78717c797709954fd4a3e960b6f2c162372acaa5","derivativeSha256":"f412563071d1a61615a0f087734a9b7f84c730eacb7777a29e9496d95d8a555c","width":1200,"height":900,"presentation":"proportional_resize_with_padding"},"house":"house-baratheon","parents":[],"children":[],"spouses":["margaery-tyrell"],"dragon":null,"era":8,"biography":"Youngest Baratheon brother and rival claimant to the throne.","legacyIds":["api-character-862"]}');
INSERT INTO appearances (entity_key, show_id, presence_kind, first_reference, details_json) VALUES ('character:renly-baratheon', 'game-of-thrones', 'depicted', 'S1E3', '{"show":"game-of-thrones","kind":"depicted","first":"S1E3"}');
INSERT INTO sources (entity_key, label, url, provider, source_kind, accessed) VALUES ('character:renly-baratheon', 'Wiki of Westeros — Renly Baratheon', 'https://gameofthrones.fandom.com/wiki/Renly_Baratheon', 'Wiki of Westeros', 'reference_page', '2026-07-10');
INSERT INTO sources (entity_key, label, url, provider, source_kind, accessed) VALUES ('character:renly-baratheon', 'An API of Ice and Fire — character 862', 'https://anapioficeandfire.com/api/characters/862', 'An API of Ice and Fire', 'structured_database', '2026-07-10');
INSERT INTO media (entity_key, local_path, provider, source_page, asset_url, media_kind, uncertain, metadata_json) VALUES ('character:renly-baratheon', '/images/characters/renly-baratheon.webp', 'Wiki of Westeros', 'https://gameofthrones.fandom.com/wiki/Renly_Baratheon', 'https://static.wikia.nocookie.net/gameofthrones/images/f/ff/Profile-Renly_Baratheon.png/revision/latest?cb=20171006064500', 'wiki_lead_image', 0, '{"provider":"Wiki of Westeros","kind":"wiki_lead_image","match":"exact_page_title","uncertain":false,"url":"https://gameofthrones.fandom.com/wiki/Renly_Baratheon","assetUrl":"https://static.wikia.nocookie.net/gameofthrones/images/f/ff/Profile-Renly_Baratheon.png/revision/latest?cb=20171006064500","accessed":"2026-07-10","originalSha256":"cad12099f483c8f647a8d53a78717c797709954fd4a3e960b6f2c162372acaa5","derivativeSha256":"f412563071d1a61615a0f087734a9b7f84c730eacb7777a29e9496d95d8a555c","width":1200,"height":900,"presentation":"proportional_resize_with_padding"}');
INSERT INTO entities_fts (entity_key, name, aliases, type) VALUES ('character:renly-baratheon', 'Renly Baratheon', '', 'character');
INSERT INTO characters (entity_key, gender, culture, born, died, actor_json, titles_json, era) VALUES ('character:renly-baratheon', 'male', 'Stormlands', 'In 277 AC', 'In 299 AC, at Storm''s End', '["Gethin Anthony"]', '["Lord of Storm''s End","Claimant"]', 8);
INSERT INTO entities (entity_key, id, type, name, description, status, verification, raw_json) VALUES ('character:gendry', 'gendry', 'character', 'Gendry', 'An unacknowledged son of Robert later legitimized as Lord of Storm''s End.', 'alive', 'single_source_curated', '{"id":"gendry","apiId":1418,"name":"Gendry","canonicalName":"Gendry","aliases":["Gendry Baratheon"],"actor":["Joe Dempsie"],"gender":"male","culture":null,"born":"In 284 AC, at King''s Landing","died":null,"status":"alive","houses":["house-baratheon"],"titles":["Lord of Storm''s End"],"father":null,"mother":null,"spouse":null,"books":[1,2,3,5],"povBooks":[],"show":["game-of-thrones"],"presence":[{"show":"game-of-thrones","kind":"depicted","first":"S1E4","last":"S8E6"}],"playedBy":["Joe Dempsie"],"sources":[{"label":"Wiki of Westeros — Gendry","url":"https://gameofthrones.fandom.com/wiki/Gendry","provider":"Wiki of Westeros","kind":"reference_page","accessed":"2026-07-10"},{"label":"An API of Ice and Fire — character 1418","url":"https://anapioficeandfire.com/api/characters/1418","provider":"An API of Ice and Fire","kind":"structured_database","accessed":"2026-07-10"},{"label":"Wiki of Westeros — Gendry Baratheon","url":"https://gameofthrones.fandom.com/wiki/Gendry_Baratheon","provider":"Wiki of Westeros","kind":"reference_page","accessed":"2026-07-10"}],"verification":"single_source_curated","image":"/images/characters/gendry.webp","imageSource":{"provider":"Wiki of Westeros","kind":"wiki_lead_image","match":"exact_page_title","uncertain":false,"url":"https://gameofthrones.fandom.com/wiki/Gendry_Baratheon","assetUrl":"https://static.wikia.nocookie.net/gameofthrones/images/7/7b/GendryBaratheon.png/revision/latest?cb=20190520221935","accessed":"2026-07-10","originalSha256":"7b14dbc95598a5a5dfac4ff2feba93bf03eb1e70145122e9b8fcbc9a9547cc79","derivativeSha256":"1b85b219ebe776d0cc8df78bbd84ff48f991bd8d1b40bf79228c728f6f0127c6","width":1200,"height":900,"presentation":"proportional_resize_with_padding"},"house":"house-baratheon","parents":["robert-baratheon"],"children":[],"spouses":[],"dragon":null,"era":8,"biography":"An unacknowledged son of Robert later legitimized as Lord of Storm''s End.","legacyIds":["api-character-1418"]}');
INSERT INTO aliases (entity_key, alias) VALUES ('character:gendry', 'Gendry Baratheon');
INSERT INTO appearances (entity_key, show_id, presence_kind, first_reference, details_json) VALUES ('character:gendry', 'game-of-thrones', 'depicted', 'S1E4', '{"show":"game-of-thrones","kind":"depicted","first":"S1E4","last":"S8E6"}');
INSERT INTO sources (entity_key, label, url, provider, source_kind, accessed) VALUES ('character:gendry', 'Wiki of Westeros — Gendry', 'https://gameofthrones.fandom.com/wiki/Gendry', 'Wiki of Westeros', 'reference_page', '2026-07-10');
INSERT INTO sources (entity_key, label, url, provider, source_kind, accessed) VALUES ('character:gendry', 'An API of Ice and Fire — character 1418', 'https://anapioficeandfire.com/api/characters/1418', 'An API of Ice and Fire', 'structured_database', '2026-07-10');
INSERT INTO sources (entity_key, label, url, provider, source_kind, accessed) VALUES ('character:gendry', 'Wiki of Westeros — Gendry Baratheon', 'https://gameofthrones.fandom.com/wiki/Gendry_Baratheon', 'Wiki of Westeros', 'reference_page', '2026-07-10');
INSERT INTO media (entity_key, local_path, provider, source_page, asset_url, media_kind, uncertain, metadata_json) VALUES ('character:gendry', '/images/characters/gendry.webp', 'Wiki of Westeros', 'https://gameofthrones.fandom.com/wiki/Gendry_Baratheon', 'https://static.wikia.nocookie.net/gameofthrones/images/7/7b/GendryBaratheon.png/revision/latest?cb=20190520221935', 'wiki_lead_image', 0, '{"provider":"Wiki of Westeros","kind":"wiki_lead_image","match":"exact_page_title","uncertain":false,"url":"https://gameofthrones.fandom.com/wiki/Gendry_Baratheon","assetUrl":"https://static.wikia.nocookie.net/gameofthrones/images/7/7b/GendryBaratheon.png/revision/latest?cb=20190520221935","accessed":"2026-07-10","originalSha256":"7b14dbc95598a5a5dfac4ff2feba93bf03eb1e70145122e9b8fcbc9a9547cc79","derivativeSha256":"1b85b219ebe776d0cc8df78bbd84ff48f991bd8d1b40bf79228c728f6f0127c6","width":1200,"height":900,"presentation":"proportional_resize_with_padding"}');
INSERT INTO entities_fts (entity_key, name, aliases, type) VALUES ('character:gendry', 'Gendry', 'Gendry Baratheon', 'character');
INSERT INTO characters (entity_key, gender, culture, born, died, actor_json, titles_json, era) VALUES ('character:gendry', 'male', NULL, 'In 284 AC, at King''s Landing', NULL, '["Joe Dempsie"]', '["Lord of Storm''s End"]', 8);
INSERT INTO entities (entity_key, id, type, name, description, status, verification, raw_json) VALUES ('character:theon-greyjoy', 'theon-greyjoy', 'character', 'Theon Greyjoy', 'Balon''s son, raised at Winterfell as Ned Stark''s ward.', 'dead', 'single_source_curated', '{"id":"theon-greyjoy","apiId":1022,"name":"Theon Greyjoy","canonicalName":"Theon Greyjoy","aliases":["Reek"],"actor":["Alfie Allen"],"gender":"male","culture":"Ironborn","born":"In 278 AC or 279 AC, at Pyke","died":null,"status":"dead","houses":["house-bolton","house-greyjoy"],"titles":["Prince of the Iron Islands"],"father":null,"mother":null,"spouse":null,"books":[2,5,8,1,3],"povBooks":[2,8],"show":["game-of-thrones"],"presence":[{"show":"game-of-thrones","kind":"depicted","first":"S1E1"}],"playedBy":["Alfie Allen"],"sources":[{"label":"An API of Ice and Fire — character 1492","url":"https://anapioficeandfire.com/api/characters/1492","provider":"An API of Ice and Fire","kind":"structured_database","accessed":"2026-07-10"},{"label":"Wiki of Westeros — Theon Greyjoy","url":"https://gameofthrones.fandom.com/wiki/Theon_Greyjoy","provider":"Wiki of Westeros","kind":"reference_page","accessed":"2026-07-10"},{"label":"An API of Ice and Fire — character 1022","url":"https://anapioficeandfire.com/api/characters/1022","provider":"An API of Ice and Fire","kind":"structured_database","accessed":"2026-07-10"},{"label":"ThronesAPI — Theon Greyjoy","url":"https://thronesapi.com/api/v2/Characters/12","provider":"ThronesAPI","kind":"reference_page","accessed":"2026-07-10"}],"verification":"single_source_curated","image":"/images/characters/theon-greyjoy.webp","imageSource":{"provider":"ThronesAPI","kind":"direct_screen_asset","match":"exact_api_record","uncertain":false,"url":"https://thronesapi.com/api/v2/Characters/12","assetUrl":"https://thronesapi.com/assets/images/theon.jpg","accessed":"2026-07-10","originalSha256":"44a9df048794fa004b2053703df7f2dfec0e9b87d1fd2f0bfa2e021da9f43220","derivativeSha256":"9b31c0ee819fef3902c6d03a5c0ead4948142cabb6fe1cbecb68405d6b5eb65d","width":1200,"height":900,"presentation":"proportional_resize_with_padding"},"house":"house-greyjoy","parents":["balon-greyjoy"],"children":[],"spouses":[],"dragon":null,"era":8,"biography":"Balon''s son, raised at Winterfell as Ned Stark''s ward.","legacyIds":["api-character-1022","api-character-1492"]}');
INSERT INTO aliases (entity_key, alias) VALUES ('character:theon-greyjoy', 'Reek');
INSERT INTO appearances (entity_key, show_id, presence_kind, first_reference, details_json) VALUES ('character:theon-greyjoy', 'game-of-thrones', 'depicted', 'S1E1', '{"show":"game-of-thrones","kind":"depicted","first":"S1E1"}');
INSERT INTO sources (entity_key, label, url, provider, source_kind, accessed) VALUES ('character:theon-greyjoy', 'An API of Ice and Fire — character 1492', 'https://anapioficeandfire.com/api/characters/1492', 'An API of Ice and Fire', 'structured_database', '2026-07-10');
INSERT INTO sources (entity_key, label, url, provider, source_kind, accessed) VALUES ('character:theon-greyjoy', 'Wiki of Westeros — Theon Greyjoy', 'https://gameofthrones.fandom.com/wiki/Theon_Greyjoy', 'Wiki of Westeros', 'reference_page', '2026-07-10');
INSERT INTO sources (entity_key, label, url, provider, source_kind, accessed) VALUES ('character:theon-greyjoy', 'An API of Ice and Fire — character 1022', 'https://anapioficeandfire.com/api/characters/1022', 'An API of Ice and Fire', 'structured_database', '2026-07-10');
INSERT INTO sources (entity_key, label, url, provider, source_kind, accessed) VALUES ('character:theon-greyjoy', 'ThronesAPI — Theon Greyjoy', 'https://thronesapi.com/api/v2/Characters/12', 'ThronesAPI', 'reference_page', '2026-07-10');
INSERT INTO media (entity_key, local_path, provider, source_page, asset_url, media_kind, uncertain, metadata_json) VALUES ('character:theon-greyjoy', '/images/characters/theon-greyjoy.webp', 'ThronesAPI', 'https://thronesapi.com/api/v2/Characters/12', 'https://thronesapi.com/assets/images/theon.jpg', 'direct_screen_asset', 0, '{"provider":"ThronesAPI","kind":"direct_screen_asset","match":"exact_api_record","uncertain":false,"url":"https://thronesapi.com/api/v2/Characters/12","assetUrl":"https://thronesapi.com/assets/images/theon.jpg","accessed":"2026-07-10","originalSha256":"44a9df048794fa004b2053703df7f2dfec0e9b87d1fd2f0bfa2e021da9f43220","derivativeSha256":"9b31c0ee819fef3902c6d03a5c0ead4948142cabb6fe1cbecb68405d6b5eb65d","width":1200,"height":900,"presentation":"proportional_resize_with_padding"}');
INSERT INTO entities_fts (entity_key, name, aliases, type) VALUES ('character:theon-greyjoy', 'Theon Greyjoy', 'Reek', 'character');
INSERT INTO characters (entity_key, gender, culture, born, died, actor_json, titles_json, era) VALUES ('character:theon-greyjoy', 'male', 'Ironborn', 'In 278 AC or 279 AC, at Pyke', NULL, '["Alfie Allen"]', '["Prince of the Iron Islands"]', 8);
INSERT INTO entities (entity_key, id, type, name, description, status, verification, raw_json) VALUES ('character:yara-greyjoy', 'yara-greyjoy', 'character', 'Yara Greyjoy', 'Theon''s elder sister and eventual ruler of the Iron Islands.', 'alive', 'single_source_curated', '{"id":"yara-greyjoy","apiId":150,"name":"Yara Greyjoy","canonicalName":"Asha Greyjoy","aliases":["Esgred","The Kraken''s Daughter","Asha Greyjoy"],"actor":["Gemma Whelan"],"gender":"female","culture":"Ironborn","born":"In 275 AC or 276 AC, at Pyke","died":null,"status":"alive","houses":["house-greyjoy"],"titles":["Lady of the Iron Islands","Princess","Captain of the Black Wind","Conqueror of Deepwood Motte"],"father":null,"mother":null,"spouse":null,"books":[1,2],"povBooks":[5,8],"show":["game-of-thrones"],"presence":[{"show":"game-of-thrones","kind":"depicted","first":"S2E2","last":"S8E6"},{"show":"game-of-thrones","kind":"depicted","seasons":["Season 2","Season 3","Season 4"]}],"playedBy":["Gemma Whelan"],"sources":[{"label":"Wiki of Westeros — Yara Greyjoy","url":"https://gameofthrones.fandom.com/wiki/Yara_Greyjoy","provider":"Wiki of Westeros","kind":"reference_page","accessed":"2026-07-10"},{"label":"An API of Ice and Fire — character 150","url":"https://anapioficeandfire.com/api/characters/150","provider":"An API of Ice and Fire","kind":"structured_database","accessed":"2026-07-10"}],"verification":"single_source_curated","image":"/images/characters/yara-greyjoy.webp","imageSource":{"provider":"Wiki of Westeros","kind":"wiki_lead_image","match":"exact_page_title","uncertain":false,"url":"https://gameofthrones.fandom.com/wiki/Yara_Greyjoy","assetUrl":"https://static.wikia.nocookie.net/gameofthrones/images/a/a8/Game_of_thrones_6x5_yara_promo.jpg/revision/latest?cb=20160808022737","accessed":"2026-07-10","originalSha256":"32afba058c3e45c6035a05e560ca6d867952da2ffe35ceb69dced91723ed6cf7","derivativeSha256":"be0e8d73b23d2555b2ea71c8552aca92ec83454ab85d15b622267bb610654f70","width":1200,"height":900,"presentation":"proportional_resize_with_padding"},"house":"house-greyjoy","parents":["balon-greyjoy"],"children":[],"spouses":[],"dragon":null,"era":8,"biography":"Theon''s elder sister and eventual ruler of the Iron Islands.","legacyIds":["api-character-150"]}');
INSERT INTO aliases (entity_key, alias) VALUES ('character:yara-greyjoy', 'Esgred');
INSERT INTO aliases (entity_key, alias) VALUES ('character:yara-greyjoy', 'The Kraken''s Daughter');
INSERT INTO aliases (entity_key, alias) VALUES ('character:yara-greyjoy', 'Asha Greyjoy');
INSERT INTO appearances (entity_key, show_id, presence_kind, first_reference, details_json) VALUES ('character:yara-greyjoy', 'game-of-thrones', 'depicted', NULL, '{"show":"game-of-thrones","kind":"depicted","seasons":["Season 2","Season 3","Season 4"]}');
INSERT INTO sources (entity_key, label, url, provider, source_kind, accessed) VALUES ('character:yara-greyjoy', 'Wiki of Westeros — Yara Greyjoy', 'https://gameofthrones.fandom.com/wiki/Yara_Greyjoy', 'Wiki of Westeros', 'reference_page', '2026-07-10');
INSERT INTO sources (entity_key, label, url, provider, source_kind, accessed) VALUES ('character:yara-greyjoy', 'An API of Ice and Fire — character 150', 'https://anapioficeandfire.com/api/characters/150', 'An API of Ice and Fire', 'structured_database', '2026-07-10');
INSERT INTO media (entity_key, local_path, provider, source_page, asset_url, media_kind, uncertain, metadata_json) VALUES ('character:yara-greyjoy', '/images/characters/yara-greyjoy.webp', 'Wiki of Westeros', 'https://gameofthrones.fandom.com/wiki/Yara_Greyjoy', 'https://static.wikia.nocookie.net/gameofthrones/images/a/a8/Game_of_thrones_6x5_yara_promo.jpg/revision/latest?cb=20160808022737', 'wiki_lead_image', 0, '{"provider":"Wiki of Westeros","kind":"wiki_lead_image","match":"exact_page_title","uncertain":false,"url":"https://gameofthrones.fandom.com/wiki/Yara_Greyjoy","assetUrl":"https://static.wikia.nocookie.net/gameofthrones/images/a/a8/Game_of_thrones_6x5_yara_promo.jpg/revision/latest?cb=20160808022737","accessed":"2026-07-10","originalSha256":"32afba058c3e45c6035a05e560ca6d867952da2ffe35ceb69dced91723ed6cf7","derivativeSha256":"be0e8d73b23d2555b2ea71c8552aca92ec83454ab85d15b622267bb610654f70","width":1200,"height":900,"presentation":"proportional_resize_with_padding"}');
INSERT INTO entities_fts (entity_key, name, aliases, type) VALUES ('character:yara-greyjoy', 'Yara Greyjoy', 'Esgred The Kraken''s Daughter Asha Greyjoy', 'character');
INSERT INTO characters (entity_key, gender, culture, born, died, actor_json, titles_json, era) VALUES ('character:yara-greyjoy', 'female', 'Ironborn', 'In 275 AC or 276 AC, at Pyke', NULL, '["Gemma Whelan"]', '["Lady of the Iron Islands","Princess","Captain of the Black Wind","Conqueror of Deepwood Motte"]', 8);
INSERT INTO entities (entity_key, id, type, name, description, status, verification, raw_json) VALUES ('character:balon-greyjoy', 'balon-greyjoy', 'character', 'Balon Greyjoy', 'Lord of the Iron Islands and father of Theon and Yara.', 'dead', 'single_source_curated', '{"id":"balon-greyjoy","apiId":12,"name":"Balon Greyjoy","canonicalName":"Balon Greyjoy","aliases":[],"actor":["Patrick Malahide"],"gender":"male","culture":null,"born":null,"died":"299 AC, at Pyke","status":"dead","houses":["house-greyjoy"],"titles":["Lord Reaper of Pyke"],"father":null,"mother":null,"spouse":null,"books":[1,2,3,5,8],"povBooks":[],"show":["game-of-thrones"],"presence":[{"show":"game-of-thrones","kind":"depicted","first":"S2E2"}],"playedBy":["Patrick Malahide"],"sources":[{"label":"Wiki of Westeros — Balon Greyjoy","url":"https://gameofthrones.fandom.com/wiki/Balon_Greyjoy","provider":"Wiki of Westeros","kind":"reference_page","accessed":"2026-07-10"},{"label":"An API of Ice and Fire — character 12","url":"https://anapioficeandfire.com/api/characters/12","provider":"An API of Ice and Fire","kind":"structured_database","accessed":"2026-07-10"}],"verification":"single_source_curated","image":"/images/characters/balon-greyjoy.webp","imageSource":{"provider":"Wiki of Westeros","kind":"wiki_lead_image","match":"exact_page_title","uncertain":false,"url":"https://gameofthrones.fandom.com/wiki/Balon_Greyjoy","assetUrl":"https://static.wikia.nocookie.net/gameofthrones/images/1/19/Balon-profile.png/revision/latest?cb=20170420085750","accessed":"2026-07-10","originalSha256":"6287ec43a51e854420d978792b261341dc90c0b2a72f01b55ad028ee7f03d988","derivativeSha256":"04499390b8ee2bb858b1f5984b72d4fef8fbb10ee13b3099b2bdace40fa880a9","width":1200,"height":900,"presentation":"proportional_resize_with_padding"},"house":"house-greyjoy","parents":[],"children":["theon-greyjoy","yara-greyjoy"],"spouses":[],"dragon":null,"era":8,"biography":"Lord of the Iron Islands and father of Theon and Yara.","legacyIds":["api-character-12"]}');
INSERT INTO appearances (entity_key, show_id, presence_kind, first_reference, details_json) VALUES ('character:balon-greyjoy', 'game-of-thrones', 'depicted', 'S2E2', '{"show":"game-of-thrones","kind":"depicted","first":"S2E2"}');
INSERT INTO sources (entity_key, label, url, provider, source_kind, accessed) VALUES ('character:balon-greyjoy', 'Wiki of Westeros — Balon Greyjoy', 'https://gameofthrones.fandom.com/wiki/Balon_Greyjoy', 'Wiki of Westeros', 'reference_page', '2026-07-10');
INSERT INTO sources (entity_key, label, url, provider, source_kind, accessed) VALUES ('character:balon-greyjoy', 'An API of Ice and Fire — character 12', 'https://anapioficeandfire.com/api/characters/12', 'An API of Ice and Fire', 'structured_database', '2026-07-10');
INSERT INTO media (entity_key, local_path, provider, source_page, asset_url, media_kind, uncertain, metadata_json) VALUES ('character:balon-greyjoy', '/images/characters/balon-greyjoy.webp', 'Wiki of Westeros', 'https://gameofthrones.fandom.com/wiki/Balon_Greyjoy', 'https://static.wikia.nocookie.net/gameofthrones/images/1/19/Balon-profile.png/revision/latest?cb=20170420085750', 'wiki_lead_image', 0, '{"provider":"Wiki of Westeros","kind":"wiki_lead_image","match":"exact_page_title","uncertain":false,"url":"https://gameofthrones.fandom.com/wiki/Balon_Greyjoy","assetUrl":"https://static.wikia.nocookie.net/gameofthrones/images/1/19/Balon-profile.png/revision/latest?cb=20170420085750","accessed":"2026-07-10","originalSha256":"6287ec43a51e854420d978792b261341dc90c0b2a72f01b55ad028ee7f03d988","derivativeSha256":"04499390b8ee2bb858b1f5984b72d4fef8fbb10ee13b3099b2bdace40fa880a9","width":1200,"height":900,"presentation":"proportional_resize_with_padding"}');
INSERT INTO entities_fts (entity_key, name, aliases, type) VALUES ('character:balon-greyjoy', 'Balon Greyjoy', '', 'character');
INSERT INTO characters (entity_key, gender, culture, born, died, actor_json, titles_json, era) VALUES ('character:balon-greyjoy', 'male', NULL, NULL, '299 AC, at Pyke', '["Patrick Malahide"]', '["Lord Reaper of Pyke"]', 8);
INSERT INTO entities (entity_key, id, type, name, description, status, verification, raw_json) VALUES ('character:euron-greyjoy', 'euron-greyjoy', 'character', 'Euron Greyjoy', 'Balon''s brother who seizes the Salt Throne and allies with Cersei.', 'dead', 'single_source_curated', '{"id":"euron-greyjoy","apiId":385,"name":"Euron Greyjoy","canonicalName":"Euron Greyjoy","aliases":[],"actor":["Pilou Asbæk"],"gender":"male","culture":"Ironborn","born":"or before 267 AC","died":null,"status":"dead","houses":["house-greyjoy"],"titles":["King of the Iron Islands"],"father":null,"mother":null,"spouse":null,"books":[1,2,3,5,8],"povBooks":[],"show":["game-of-thrones"],"presence":[{"show":"game-of-thrones","kind":"depicted","first":"S6E2"}],"playedBy":[],"sources":[{"label":"Wiki of Westeros — Euron Greyjoy","url":"https://gameofthrones.fandom.com/wiki/Euron_Greyjoy","provider":"Wiki of Westeros","kind":"reference_page","accessed":"2026-07-10"},{"label":"An API of Ice and Fire — character 385","url":"https://anapioficeandfire.com/api/characters/385","provider":"An API of Ice and Fire","kind":"structured_database","accessed":"2026-07-10"}],"verification":"single_source_curated","image":"/images/characters/euron-greyjoy.webp","imageSource":{"provider":"Wiki of Westeros","kind":"wiki_lead_image","match":"exact_page_title","uncertain":false,"url":"https://gameofthrones.fandom.com/wiki/Euron_Greyjoy","assetUrl":"https://static.wikia.nocookie.net/gameofthrones/images/f/fc/Euron-Profile.PNG/revision/latest?cb=20210722093627","accessed":"2026-07-10","originalSha256":"0f681a893e01ec906fb5ea3dd06e47f06815f3c781607793eeffe96de467c4b7","derivativeSha256":"dd70ea37cfefdce737b68ce2da1b085259ace4c4a4dbd2a04c0646308692215b","width":1200,"height":900,"presentation":"proportional_resize_with_padding"},"house":"house-greyjoy","parents":[],"children":[],"spouses":[],"dragon":null,"era":8,"biography":"Balon''s brother who seizes the Salt Throne and allies with Cersei.","legacyIds":["api-character-385"]}');
INSERT INTO appearances (entity_key, show_id, presence_kind, first_reference, details_json) VALUES ('character:euron-greyjoy', 'game-of-thrones', 'depicted', 'S6E2', '{"show":"game-of-thrones","kind":"depicted","first":"S6E2"}');
INSERT INTO sources (entity_key, label, url, provider, source_kind, accessed) VALUES ('character:euron-greyjoy', 'Wiki of Westeros — Euron Greyjoy', 'https://gameofthrones.fandom.com/wiki/Euron_Greyjoy', 'Wiki of Westeros', 'reference_page', '2026-07-10');
INSERT INTO sources (entity_key, label, url, provider, source_kind, accessed) VALUES ('character:euron-greyjoy', 'An API of Ice and Fire — character 385', 'https://anapioficeandfire.com/api/characters/385', 'An API of Ice and Fire', 'structured_database', '2026-07-10');
INSERT INTO media (entity_key, local_path, provider, source_page, asset_url, media_kind, uncertain, metadata_json) VALUES ('character:euron-greyjoy', '/images/characters/euron-greyjoy.webp', 'Wiki of Westeros', 'https://gameofthrones.fandom.com/wiki/Euron_Greyjoy', 'https://static.wikia.nocookie.net/gameofthrones/images/f/fc/Euron-Profile.PNG/revision/latest?cb=20210722093627', 'wiki_lead_image', 0, '{"provider":"Wiki of Westeros","kind":"wiki_lead_image","match":"exact_page_title","uncertain":false,"url":"https://gameofthrones.fandom.com/wiki/Euron_Greyjoy","assetUrl":"https://static.wikia.nocookie.net/gameofthrones/images/f/fc/Euron-Profile.PNG/revision/latest?cb=20210722093627","accessed":"2026-07-10","originalSha256":"0f681a893e01ec906fb5ea3dd06e47f06815f3c781607793eeffe96de467c4b7","derivativeSha256":"dd70ea37cfefdce737b68ce2da1b085259ace4c4a4dbd2a04c0646308692215b","width":1200,"height":900,"presentation":"proportional_resize_with_padding"}');
INSERT INTO entities_fts (entity_key, name, aliases, type) VALUES ('character:euron-greyjoy', 'Euron Greyjoy', '', 'character');
INSERT INTO characters (entity_key, gender, culture, born, died, actor_json, titles_json, era) VALUES ('character:euron-greyjoy', 'male', 'Ironborn', 'or before 267 AC', NULL, '["Pilou Asbæk"]', '["King of the Iron Islands"]', 8);
INSERT INTO entities (entity_key, id, type, name, description, status, verification, raw_json) VALUES ('character:olenna-tyrell', 'olenna-tyrell', 'character', 'Olenna Tyrell', 'Sharp-witted matriarch of House Tyrell.', 'dead', 'single_source_curated', '{"id":"olenna-tyrell","apiId":784,"name":"Olenna Tyrell","canonicalName":"Olenna Redwyne","aliases":["Queen of Thorns","The Queen of Thorns","Olenna Redwyne"],"actor":["Diana Rigg"],"gender":"female","culture":null,"born":"In 228 AC, at Arbor","died":null,"status":"dead","houses":["house-tyrell","house-redwyne"],"titles":["Lady","Dowager Lady of Highgarden"],"father":null,"mother":null,"spouse":null,"books":[1,2,3,5,8],"povBooks":[],"show":["game-of-thrones"],"presence":[{"show":"game-of-thrones","kind":"depicted","first":"S3E2"},{"show":"game-of-thrones","kind":"depicted","seasons":["Season 3","Season 4","Season 6"]}],"playedBy":["Diana Rigg"],"sources":[{"label":"Wiki of Westeros — Olenna Tyrell","url":"https://gameofthrones.fandom.com/wiki/Olenna_Tyrell","provider":"Wiki of Westeros","kind":"reference_page","accessed":"2026-07-10"},{"label":"An API of Ice and Fire — character 784","url":"https://anapioficeandfire.com/api/characters/784","provider":"An API of Ice and Fire","kind":"structured_database","accessed":"2026-07-10"}],"verification":"single_source_curated","image":"/images/characters/olenna-tyrell.webp","imageSource":{"provider":"Wiki of Westeros","kind":"wiki_lead_image","match":"exact_page_title","uncertain":false,"url":"https://gameofthrones.fandom.com/wiki/Olenna_Tyrell","assetUrl":"https://static.wikia.nocookie.net/gameofthrones/images/f/f2/OlennaS7E3.png/revision/latest?cb=20170803074257","accessed":"2026-07-10","originalSha256":"7af706c2f3942ba3e311e37a56bc44474ed5b99b1e300b948084e7de59bc3487","derivativeSha256":"4e95f2e8c473151a7848534ae626c767755fccca23b98c440624f2d07d719d22","width":1200,"height":900,"presentation":"proportional_resize_with_padding"},"house":"house-tyrell","parents":[],"children":["mace-tyrell"],"spouses":[],"dragon":null,"era":8,"biography":"Sharp-witted matriarch of House Tyrell.","legacyIds":["api-character-784"]}');
INSERT INTO aliases (entity_key, alias) VALUES ('character:olenna-tyrell', 'Queen of Thorns');
INSERT INTO aliases (entity_key, alias) VALUES ('character:olenna-tyrell', 'The Queen of Thorns');
INSERT INTO aliases (entity_key, alias) VALUES ('character:olenna-tyrell', 'Olenna Redwyne');
INSERT INTO appearances (entity_key, show_id, presence_kind, first_reference, details_json) VALUES ('character:olenna-tyrell', 'game-of-thrones', 'depicted', NULL, '{"show":"game-of-thrones","kind":"depicted","seasons":["Season 3","Season 4","Season 6"]}');
INSERT INTO sources (entity_key, label, url, provider, source_kind, accessed) VALUES ('character:olenna-tyrell', 'Wiki of Westeros — Olenna Tyrell', 'https://gameofthrones.fandom.com/wiki/Olenna_Tyrell', 'Wiki of Westeros', 'reference_page', '2026-07-10');
INSERT INTO sources (entity_key, label, url, provider, source_kind, accessed) VALUES ('character:olenna-tyrell', 'An API of Ice and Fire — character 784', 'https://anapioficeandfire.com/api/characters/784', 'An API of Ice and Fire', 'structured_database', '2026-07-10');
INSERT INTO media (entity_key, local_path, provider, source_page, asset_url, media_kind, uncertain, metadata_json) VALUES ('character:olenna-tyrell', '/images/characters/olenna-tyrell.webp', 'Wiki of Westeros', 'https://gameofthrones.fandom.com/wiki/Olenna_Tyrell', 'https://static.wikia.nocookie.net/gameofthrones/images/f/f2/OlennaS7E3.png/revision/latest?cb=20170803074257', 'wiki_lead_image', 0, '{"provider":"Wiki of Westeros","kind":"wiki_lead_image","match":"exact_page_title","uncertain":false,"url":"https://gameofthrones.fandom.com/wiki/Olenna_Tyrell","assetUrl":"https://static.wikia.nocookie.net/gameofthrones/images/f/f2/OlennaS7E3.png/revision/latest?cb=20170803074257","accessed":"2026-07-10","originalSha256":"7af706c2f3942ba3e311e37a56bc44474ed5b99b1e300b948084e7de59bc3487","derivativeSha256":"4e95f2e8c473151a7848534ae626c767755fccca23b98c440624f2d07d719d22","width":1200,"height":900,"presentation":"proportional_resize_with_padding"}');
INSERT INTO entities_fts (entity_key, name, aliases, type) VALUES ('character:olenna-tyrell', 'Olenna Tyrell', 'Queen of Thorns The Queen of Thorns Olenna Redwyne', 'character');
INSERT INTO characters (entity_key, gender, culture, born, died, actor_json, titles_json, era) VALUES ('character:olenna-tyrell', 'female', NULL, 'In 228 AC, at Arbor', NULL, '["Diana Rigg"]', '["Lady","Dowager Lady of Highgarden"]', 8);
INSERT INTO entities (entity_key, id, type, name, description, status, verification, raw_json) VALUES ('character:mace-tyrell', 'mace-tyrell', 'character', 'Mace Tyrell', 'Lord of Highgarden and father of Margaery and Loras.', 'dead', 'single_source_curated', '{"id":"mace-tyrell","apiId":691,"name":"Mace Tyrell","canonicalName":"Mace Tyrell","aliases":[],"actor":["Roger Ashton-Griffiths"],"gender":"male","culture":null,"born":"In After 256 AC","died":null,"status":"dead","houses":["house-tyrell"],"titles":["Lord of Highgarden"],"father":null,"mother":null,"spouse":null,"books":[1,2,3,5,8],"povBooks":[],"show":["game-of-thrones"],"presence":[{"show":"game-of-thrones","kind":"depicted","first":"S4E2"}],"playedBy":["Roger Ashton-Griffiths"],"sources":[{"label":"Wiki of Westeros — Mace Tyrell","url":"https://gameofthrones.fandom.com/wiki/Mace_Tyrell","provider":"Wiki of Westeros","kind":"reference_page","accessed":"2026-07-10"},{"label":"An API of Ice and Fire — character 691","url":"https://anapioficeandfire.com/api/characters/691","provider":"An API of Ice and Fire","kind":"structured_database","accessed":"2026-07-10"}],"verification":"single_source_curated","image":"/images/characters/mace-tyrell.webp","imageSource":{"provider":"Wiki of Westeros","kind":"wiki_lead_image","match":"exact_page_title","uncertain":false,"url":"https://gameofthrones.fandom.com/wiki/Mace_Tyrell","assetUrl":"https://static.wikia.nocookie.net/gameofthrones/images/f/f0/Profile-MaceTyrell.png/revision/latest?cb=20170729074743","accessed":"2026-07-10","originalSha256":"dd3b28c528cdf9e0dd19ed75ecc582e0b25fde2846bcea92eb62b5c17abddde2","derivativeSha256":"1f4d4f0f99351c46b21b9c5d492e071980264f0e441f21115bc6a90ce51087f1","width":1200,"height":900,"presentation":"proportional_resize_with_padding"},"house":"house-tyrell","parents":["olenna-tyrell"],"children":["margaery-tyrell","loras-tyrell"],"spouses":[],"dragon":null,"era":8,"biography":"Lord of Highgarden and father of Margaery and Loras.","legacyIds":["api-character-691"]}');
INSERT INTO appearances (entity_key, show_id, presence_kind, first_reference, details_json) VALUES ('character:mace-tyrell', 'game-of-thrones', 'depicted', 'S4E2', '{"show":"game-of-thrones","kind":"depicted","first":"S4E2"}');
INSERT INTO sources (entity_key, label, url, provider, source_kind, accessed) VALUES ('character:mace-tyrell', 'Wiki of Westeros — Mace Tyrell', 'https://gameofthrones.fandom.com/wiki/Mace_Tyrell', 'Wiki of Westeros', 'reference_page', '2026-07-10');
INSERT INTO sources (entity_key, label, url, provider, source_kind, accessed) VALUES ('character:mace-tyrell', 'An API of Ice and Fire — character 691', 'https://anapioficeandfire.com/api/characters/691', 'An API of Ice and Fire', 'structured_database', '2026-07-10');
INSERT INTO media (entity_key, local_path, provider, source_page, asset_url, media_kind, uncertain, metadata_json) VALUES ('character:mace-tyrell', '/images/characters/mace-tyrell.webp', 'Wiki of Westeros', 'https://gameofthrones.fandom.com/wiki/Mace_Tyrell', 'https://static.wikia.nocookie.net/gameofthrones/images/f/f0/Profile-MaceTyrell.png/revision/latest?cb=20170729074743', 'wiki_lead_image', 0, '{"provider":"Wiki of Westeros","kind":"wiki_lead_image","match":"exact_page_title","uncertain":false,"url":"https://gameofthrones.fandom.com/wiki/Mace_Tyrell","assetUrl":"https://static.wikia.nocookie.net/gameofthrones/images/f/f0/Profile-MaceTyrell.png/revision/latest?cb=20170729074743","accessed":"2026-07-10","originalSha256":"dd3b28c528cdf9e0dd19ed75ecc582e0b25fde2846bcea92eb62b5c17abddde2","derivativeSha256":"1f4d4f0f99351c46b21b9c5d492e071980264f0e441f21115bc6a90ce51087f1","width":1200,"height":900,"presentation":"proportional_resize_with_padding"}');
INSERT INTO entities_fts (entity_key, name, aliases, type) VALUES ('character:mace-tyrell', 'Mace Tyrell', '', 'character');
INSERT INTO characters (entity_key, gender, culture, born, died, actor_json, titles_json, era) VALUES ('character:mace-tyrell', 'male', NULL, 'In After 256 AC', NULL, '["Roger Ashton-Griffiths"]', '["Lord of Highgarden"]', 8);
INSERT INTO entities (entity_key, id, type, name, description, status, verification, raw_json) VALUES ('character:margaery-tyrell', 'margaery-tyrell', 'character', 'Margaery Tyrell', 'A politically skilled Tyrell who marries three kings.', 'dead', 'single_source_curated', '{"id":"margaery-tyrell","apiId":16,"name":"Margaery Tyrell","canonicalName":"Margaery Tyrell","aliases":[],"actor":["Natalie Dormer"],"gender":"female","culture":"Westeros","born":"In 283 AC, at Highgarden","died":null,"status":"dead","houses":["house-tyrell"],"titles":["Queen"],"father":null,"mother":null,"spouse":"renly-baratheon","books":[1,2,3,5,8],"povBooks":[],"show":["game-of-thrones"],"presence":[{"show":"game-of-thrones","kind":"depicted","first":"S2E3"}],"playedBy":["Natalie Dormer"],"sources":[{"label":"Wiki of Westeros — Margaery Tyrell","url":"https://gameofthrones.fandom.com/wiki/Margaery_Tyrell","provider":"Wiki of Westeros","kind":"reference_page","accessed":"2026-07-10"},{"label":"An API of Ice and Fire — character 16","url":"https://anapioficeandfire.com/api/characters/16","provider":"An API of Ice and Fire","kind":"structured_database","accessed":"2026-07-10"}],"verification":"single_source_curated","image":"/images/characters/margaery-tyrell.webp","imageSource":{"provider":"Wiki of Westeros","kind":"wiki_lead_image","match":"exact_page_title","uncertain":false,"url":"https://gameofthrones.fandom.com/wiki/Margaery_Tyrell","assetUrl":"https://static.wikia.nocookie.net/gameofthrones/images/b/b5/Margaery_Tyrell_S6.png/revision/latest?cb=20210722163311","accessed":"2026-07-10","originalSha256":"10e4e98c3d3bde99b0dc87d41143d3968b467e2a06652762a8633903b8df5b9f","derivativeSha256":"9731b57dde5726b86666f52a22053150e84f05d00560b4bf74e2fee531fecb0b","width":1200,"height":900,"presentation":"proportional_resize_with_padding"},"house":"house-tyrell","parents":["mace-tyrell"],"children":[],"spouses":["renly-baratheon","joffrey-baratheon","tommen-baratheon"],"dragon":null,"era":8,"biography":"A politically skilled Tyrell who marries three kings.","legacyIds":["api-character-16"]}');
INSERT INTO appearances (entity_key, show_id, presence_kind, first_reference, details_json) VALUES ('character:margaery-tyrell', 'game-of-thrones', 'depicted', 'S2E3', '{"show":"game-of-thrones","kind":"depicted","first":"S2E3"}');
INSERT INTO sources (entity_key, label, url, provider, source_kind, accessed) VALUES ('character:margaery-tyrell', 'Wiki of Westeros — Margaery Tyrell', 'https://gameofthrones.fandom.com/wiki/Margaery_Tyrell', 'Wiki of Westeros', 'reference_page', '2026-07-10');
INSERT INTO sources (entity_key, label, url, provider, source_kind, accessed) VALUES ('character:margaery-tyrell', 'An API of Ice and Fire — character 16', 'https://anapioficeandfire.com/api/characters/16', 'An API of Ice and Fire', 'structured_database', '2026-07-10');
INSERT INTO media (entity_key, local_path, provider, source_page, asset_url, media_kind, uncertain, metadata_json) VALUES ('character:margaery-tyrell', '/images/characters/margaery-tyrell.webp', 'Wiki of Westeros', 'https://gameofthrones.fandom.com/wiki/Margaery_Tyrell', 'https://static.wikia.nocookie.net/gameofthrones/images/b/b5/Margaery_Tyrell_S6.png/revision/latest?cb=20210722163311', 'wiki_lead_image', 0, '{"provider":"Wiki of Westeros","kind":"wiki_lead_image","match":"exact_page_title","uncertain":false,"url":"https://gameofthrones.fandom.com/wiki/Margaery_Tyrell","assetUrl":"https://static.wikia.nocookie.net/gameofthrones/images/b/b5/Margaery_Tyrell_S6.png/revision/latest?cb=20210722163311","accessed":"2026-07-10","originalSha256":"10e4e98c3d3bde99b0dc87d41143d3968b467e2a06652762a8633903b8df5b9f","derivativeSha256":"9731b57dde5726b86666f52a22053150e84f05d00560b4bf74e2fee531fecb0b","width":1200,"height":900,"presentation":"proportional_resize_with_padding"}');
INSERT INTO entities_fts (entity_key, name, aliases, type) VALUES ('character:margaery-tyrell', 'Margaery Tyrell', '', 'character');
INSERT INTO characters (entity_key, gender, culture, born, died, actor_json, titles_json, era) VALUES ('character:margaery-tyrell', 'female', 'Westeros', 'In 283 AC, at Highgarden', NULL, '["Natalie Dormer"]', '["Queen"]', 8);
INSERT INTO entities (entity_key, id, type, name, description, status, verification, raw_json) VALUES ('character:loras-tyrell', 'loras-tyrell', 'character', 'Loras Tyrell', 'Margaery''s brother, celebrated tourney knight and Renly''s lover.', 'dead', 'single_source_curated', '{"id":"loras-tyrell","apiId":640,"name":"Loras Tyrell","canonicalName":"Loras Tyrell","aliases":["Knight of the Flowers"],"actor":["Finn Jones"],"gender":"male","culture":"Reach","born":"In 282 AC, at Highgarden","died":null,"status":"dead","houses":["house-tyrell"],"titles":["Ser"],"father":null,"mother":null,"spouse":null,"books":[1,2,3,5,8],"povBooks":[],"show":["game-of-thrones"],"presence":[{"show":"game-of-thrones","kind":"depicted","first":"S1E5"}],"playedBy":["Finn Jones"],"sources":[{"label":"Wiki of Westeros — Loras Tyrell","url":"https://gameofthrones.fandom.com/wiki/Loras_Tyrell","provider":"Wiki of Westeros","kind":"reference_page","accessed":"2026-07-10"},{"label":"An API of Ice and Fire — character 640","url":"https://anapioficeandfire.com/api/characters/640","provider":"An API of Ice and Fire","kind":"structured_database","accessed":"2026-07-10"}],"verification":"single_source_curated","image":"/images/characters/loras-tyrell.webp","imageSource":{"provider":"Wiki of Westeros","kind":"wiki_lead_image","match":"exact_page_title","uncertain":false,"url":"https://gameofthrones.fandom.com/wiki/Loras_Tyrell","assetUrl":"https://static.wikia.nocookie.net/gameofthrones/images/0/02/LorasTyrell5X06.PNG/revision/latest?cb=20181013200613","accessed":"2026-07-10","originalSha256":"eb382c84ab13422dbd47061ea964be4c5fcbac03a3189e5b5ff715f0bef22c81","derivativeSha256":"d17b36d6a0ed0c5f4c701b9eb868d0a2ec5b8117aa92de3b2c50b7d6b22d9073","width":1200,"height":900,"presentation":"proportional_resize_with_padding"},"house":"house-tyrell","parents":["mace-tyrell"],"children":[],"spouses":[],"dragon":null,"era":8,"biography":"Margaery''s brother, celebrated tourney knight and Renly''s lover.","legacyIds":["api-character-640"]}');
INSERT INTO aliases (entity_key, alias) VALUES ('character:loras-tyrell', 'Knight of the Flowers');
INSERT INTO appearances (entity_key, show_id, presence_kind, first_reference, details_json) VALUES ('character:loras-tyrell', 'game-of-thrones', 'depicted', 'S1E5', '{"show":"game-of-thrones","kind":"depicted","first":"S1E5"}');
INSERT INTO sources (entity_key, label, url, provider, source_kind, accessed) VALUES ('character:loras-tyrell', 'Wiki of Westeros — Loras Tyrell', 'https://gameofthrones.fandom.com/wiki/Loras_Tyrell', 'Wiki of Westeros', 'reference_page', '2026-07-10');
INSERT INTO sources (entity_key, label, url, provider, source_kind, accessed) VALUES ('character:loras-tyrell', 'An API of Ice and Fire — character 640', 'https://anapioficeandfire.com/api/characters/640', 'An API of Ice and Fire', 'structured_database', '2026-07-10');
INSERT INTO media (entity_key, local_path, provider, source_page, asset_url, media_kind, uncertain, metadata_json) VALUES ('character:loras-tyrell', '/images/characters/loras-tyrell.webp', 'Wiki of Westeros', 'https://gameofthrones.fandom.com/wiki/Loras_Tyrell', 'https://static.wikia.nocookie.net/gameofthrones/images/0/02/LorasTyrell5X06.PNG/revision/latest?cb=20181013200613', 'wiki_lead_image', 0, '{"provider":"Wiki of Westeros","kind":"wiki_lead_image","match":"exact_page_title","uncertain":false,"url":"https://gameofthrones.fandom.com/wiki/Loras_Tyrell","assetUrl":"https://static.wikia.nocookie.net/gameofthrones/images/0/02/LorasTyrell5X06.PNG/revision/latest?cb=20181013200613","accessed":"2026-07-10","originalSha256":"eb382c84ab13422dbd47061ea964be4c5fcbac03a3189e5b5ff715f0bef22c81","derivativeSha256":"d17b36d6a0ed0c5f4c701b9eb868d0a2ec5b8117aa92de3b2c50b7d6b22d9073","width":1200,"height":900,"presentation":"proportional_resize_with_padding"}');
INSERT INTO entities_fts (entity_key, name, aliases, type) VALUES ('character:loras-tyrell', 'Loras Tyrell', 'Knight of the Flowers', 'character');
INSERT INTO characters (entity_key, gender, culture, born, died, actor_json, titles_json, era) VALUES ('character:loras-tyrell', 'male', 'Reach', 'In 282 AC, at Highgarden', NULL, '["Finn Jones"]', '["Ser"]', 8);
INSERT INTO entities (entity_key, id, type, name, description, status, verification, raw_json) VALUES ('character:roose-bolton', 'roose-bolton', 'character', 'Roose Bolton', 'A northern lord who betrays Robb Stark at the Red Wedding.', 'dead', 'single_source_curated', '{"id":"roose-bolton","apiId":933,"name":"Roose Bolton","canonicalName":"Roose Bolton","aliases":[],"actor":["Michael McElhatton"],"gender":"male","culture":"Northmen","born":"In 260 AC or before, at the Dreadfort","died":null,"status":"dead","houses":["house-bolton"],"titles":["Lord of the Dreadfort","Warden of the North"],"father":null,"mother":null,"spouse":null,"books":[1,2,3,5,8],"povBooks":[],"show":["game-of-thrones"],"presence":[{"show":"game-of-thrones","kind":"depicted","first":"S2E4"}],"playedBy":["Michael McElhatton"],"sources":[{"label":"Wiki of Westeros — Roose Bolton","url":"https://gameofthrones.fandom.com/wiki/Roose_Bolton","provider":"Wiki of Westeros","kind":"reference_page","accessed":"2026-07-10"},{"label":"An API of Ice and Fire — character 933","url":"https://anapioficeandfire.com/api/characters/933","provider":"An API of Ice and Fire","kind":"structured_database","accessed":"2026-07-10"}],"verification":"single_source_curated","image":"/images/characters/roose-bolton.webp","imageSource":{"provider":"Wiki of Westeros","kind":"wiki_lead_image","match":"exact_page_title","uncertain":false,"url":"https://gameofthrones.fandom.com/wiki/Roose_Bolton","assetUrl":"https://static.wikia.nocookie.net/gameofthrones/images/2/26/Profile-RooseBolton.png/revision/latest?cb=20170728090234","accessed":"2026-07-10","originalSha256":"d3fdcc7ec7605a1b85a26bfb960eac7b157ad07d6ad30fc410e6318fd65a7fbe","derivativeSha256":"6c6415fd0a20961fb95b5edbb84e41992d245edc200379c65a2a415a8403ea60","width":1200,"height":900,"presentation":"proportional_resize_with_padding"},"house":"house-bolton","parents":[],"children":["ramsay-bolton"],"spouses":["walda-bolton"],"dragon":null,"era":8,"biography":"A northern lord who betrays Robb Stark at the Red Wedding.","legacyIds":["api-character-933"]}');
INSERT INTO appearances (entity_key, show_id, presence_kind, first_reference, details_json) VALUES ('character:roose-bolton', 'game-of-thrones', 'depicted', 'S2E4', '{"show":"game-of-thrones","kind":"depicted","first":"S2E4"}');
INSERT INTO sources (entity_key, label, url, provider, source_kind, accessed) VALUES ('character:roose-bolton', 'Wiki of Westeros — Roose Bolton', 'https://gameofthrones.fandom.com/wiki/Roose_Bolton', 'Wiki of Westeros', 'reference_page', '2026-07-10');
INSERT INTO sources (entity_key, label, url, provider, source_kind, accessed) VALUES ('character:roose-bolton', 'An API of Ice and Fire — character 933', 'https://anapioficeandfire.com/api/characters/933', 'An API of Ice and Fire', 'structured_database', '2026-07-10');
INSERT INTO media (entity_key, local_path, provider, source_page, asset_url, media_kind, uncertain, metadata_json) VALUES ('character:roose-bolton', '/images/characters/roose-bolton.webp', 'Wiki of Westeros', 'https://gameofthrones.fandom.com/wiki/Roose_Bolton', 'https://static.wikia.nocookie.net/gameofthrones/images/2/26/Profile-RooseBolton.png/revision/latest?cb=20170728090234', 'wiki_lead_image', 0, '{"provider":"Wiki of Westeros","kind":"wiki_lead_image","match":"exact_page_title","uncertain":false,"url":"https://gameofthrones.fandom.com/wiki/Roose_Bolton","assetUrl":"https://static.wikia.nocookie.net/gameofthrones/images/2/26/Profile-RooseBolton.png/revision/latest?cb=20170728090234","accessed":"2026-07-10","originalSha256":"d3fdcc7ec7605a1b85a26bfb960eac7b157ad07d6ad30fc410e6318fd65a7fbe","derivativeSha256":"6c6415fd0a20961fb95b5edbb84e41992d245edc200379c65a2a415a8403ea60","width":1200,"height":900,"presentation":"proportional_resize_with_padding"}');
INSERT INTO entities_fts (entity_key, name, aliases, type) VALUES ('character:roose-bolton', 'Roose Bolton', '', 'character');
INSERT INTO characters (entity_key, gender, culture, born, died, actor_json, titles_json, era) VALUES ('character:roose-bolton', 'male', 'Northmen', 'In 260 AC or before, at the Dreadfort', NULL, '["Michael McElhatton"]', '["Lord of the Dreadfort","Warden of the North"]', 8);
INSERT INTO entities (entity_key, id, type, name, description, status, verification, raw_json) VALUES ('character:ramsay-bolton', 'ramsay-bolton', 'character', 'Ramsay Bolton', 'Roose''s legitimized son and brutal ruler of Winterfell.', 'dead', 'single_source_curated', '{"id":"ramsay-bolton","apiId":849,"name":"Ramsay Bolton","canonicalName":"Ramsay Snow","aliases":["The little monster","The abomination","Ramsay Bolton","The Bastard of Bolton","The Bastard of the Dreadfort","Reek","Red Helm","Monster","Ramsay Snow"],"actor":["Iwan Rheon"],"gender":"male","culture":"Northmen","born":"In 282 AC or before","died":null,"status":"dead","houses":["house-bolton"],"titles":["Lord of the Hornwood","Lord of Winterfell","Castellan of the Dreadfort"],"father":null,"mother":null,"spouse":null,"books":[3,5,8,2],"povBooks":[],"show":["game-of-thrones"],"presence":[{"show":"game-of-thrones","kind":"depicted","seasons":["Season 3","Season 4","Season 5","Season 6"]},{"show":"game-of-thrones","kind":"depicted","first":"S3E2"}],"playedBy":["Iwan Rheon"],"sources":[{"label":"An API of Ice and Fire — character 1137","url":"https://anapioficeandfire.com/api/characters/1137","provider":"An API of Ice and Fire","kind":"structured_database","accessed":"2026-07-10"},{"label":"An API of Ice and Fire — character 849","url":"https://anapioficeandfire.com/api/characters/849","provider":"An API of Ice and Fire","kind":"structured_database","accessed":"2026-07-10"},{"label":"Wiki of Westeros — Ramsay Bolton","url":"https://gameofthrones.fandom.com/wiki/Ramsay_Bolton","provider":"Wiki of Westeros","kind":"reference_page","accessed":"2026-07-10"}],"verification":"single_source_curated","image":"/images/characters/ramsay-bolton.webp","imageSource":{"provider":"Wiki of Westeros","kind":"wiki_lead_image","match":"exact_page_title","uncertain":false,"url":"https://gameofthrones.fandom.com/wiki/Ramsay_Bolton","assetUrl":"https://static.wikia.nocookie.net/gameofthrones/images/d/d2/Ramsay_S06E09_RESZIED_FOR_INFOBOX.jpg/revision/latest/scale-to-width-down/1206?cb=20160622071734","accessed":"2026-07-10","originalSha256":"94b979861d2eb06e319de5a10c0782325f92ea433c700cc574c5b016ac4da0e5","derivativeSha256":"41c7e7f0c238748b1a8ac86618c460173ea56ed28bf37e351903e9a1861c2154","width":1200,"height":900,"presentation":"proportional_resize_with_padding"},"house":"house-bolton","parents":["roose-bolton"],"children":[],"spouses":["sansa-stark"],"dragon":null,"era":8,"biography":"Roose''s legitimized son and brutal ruler of Winterfell.","legacyIds":["api-character-849","api-character-1137"]}');
INSERT INTO aliases (entity_key, alias) VALUES ('character:ramsay-bolton', 'The little monster');
INSERT INTO aliases (entity_key, alias) VALUES ('character:ramsay-bolton', 'The abomination');
INSERT INTO aliases (entity_key, alias) VALUES ('character:ramsay-bolton', 'Ramsay Bolton');
INSERT INTO aliases (entity_key, alias) VALUES ('character:ramsay-bolton', 'The Bastard of Bolton');
INSERT INTO aliases (entity_key, alias) VALUES ('character:ramsay-bolton', 'The Bastard of the Dreadfort');
INSERT INTO aliases (entity_key, alias) VALUES ('character:ramsay-bolton', 'Reek');
INSERT INTO aliases (entity_key, alias) VALUES ('character:ramsay-bolton', 'Red Helm');
INSERT INTO aliases (entity_key, alias) VALUES ('character:ramsay-bolton', 'Monster');
INSERT INTO aliases (entity_key, alias) VALUES ('character:ramsay-bolton', 'Ramsay Snow');
INSERT INTO appearances (entity_key, show_id, presence_kind, first_reference, details_json) VALUES ('character:ramsay-bolton', 'game-of-thrones', 'depicted', 'S3E2', '{"show":"game-of-thrones","kind":"depicted","first":"S3E2"}');
INSERT INTO sources (entity_key, label, url, provider, source_kind, accessed) VALUES ('character:ramsay-bolton', 'An API of Ice and Fire — character 1137', 'https://anapioficeandfire.com/api/characters/1137', 'An API of Ice and Fire', 'structured_database', '2026-07-10');
INSERT INTO sources (entity_key, label, url, provider, source_kind, accessed) VALUES ('character:ramsay-bolton', 'An API of Ice and Fire — character 849', 'https://anapioficeandfire.com/api/characters/849', 'An API of Ice and Fire', 'structured_database', '2026-07-10');
INSERT INTO sources (entity_key, label, url, provider, source_kind, accessed) VALUES ('character:ramsay-bolton', 'Wiki of Westeros — Ramsay Bolton', 'https://gameofthrones.fandom.com/wiki/Ramsay_Bolton', 'Wiki of Westeros', 'reference_page', '2026-07-10');
INSERT INTO media (entity_key, local_path, provider, source_page, asset_url, media_kind, uncertain, metadata_json) VALUES ('character:ramsay-bolton', '/images/characters/ramsay-bolton.webp', 'Wiki of Westeros', 'https://gameofthrones.fandom.com/wiki/Ramsay_Bolton', 'https://static.wikia.nocookie.net/gameofthrones/images/d/d2/Ramsay_S06E09_RESZIED_FOR_INFOBOX.jpg/revision/latest/scale-to-width-down/1206?cb=20160622071734', 'wiki_lead_image', 0, '{"provider":"Wiki of Westeros","kind":"wiki_lead_image","match":"exact_page_title","uncertain":false,"url":"https://gameofthrones.fandom.com/wiki/Ramsay_Bolton","assetUrl":"https://static.wikia.nocookie.net/gameofthrones/images/d/d2/Ramsay_S06E09_RESZIED_FOR_INFOBOX.jpg/revision/latest/scale-to-width-down/1206?cb=20160622071734","accessed":"2026-07-10","originalSha256":"94b979861d2eb06e319de5a10c0782325f92ea433c700cc574c5b016ac4da0e5","derivativeSha256":"41c7e7f0c238748b1a8ac86618c460173ea56ed28bf37e351903e9a1861c2154","width":1200,"height":900,"presentation":"proportional_resize_with_padding"}');
INSERT INTO entities_fts (entity_key, name, aliases, type) VALUES ('character:ramsay-bolton', 'Ramsay Bolton', 'The little monster The abomination Ramsay Bolton The Bastard of Bolton The Bastard of the Dreadfort Reek Red Helm Monster Ramsay Snow', 'character');
INSERT INTO characters (entity_key, gender, culture, born, died, actor_json, titles_json, era) VALUES ('character:ramsay-bolton', 'male', 'Northmen', 'In 282 AC or before', NULL, '["Iwan Rheon"]', '["Lord of the Hornwood","Lord of Winterfell","Castellan of the Dreadfort"]', 8);
INSERT INTO entities (entity_key, id, type, name, description, status, verification, raw_json) VALUES ('character:walda-bolton', 'walda-bolton', 'character', 'Walda Bolton', 'A Frey granddaughter of Walder Frey and wife of Roose Bolton.', 'dead', 'single_source_curated', '{"id":"walda-bolton","apiId":1084,"name":"Walda Bolton","canonicalName":"Walda Frey","aliases":["Fat Walda","Walda Bolton"],"actor":["Elizabeth Webster"],"gender":"female","culture":null,"born":"In 283 AC or 284 AC","died":null,"status":"dead","houses":["house-bolton","house-frey"],"titles":["Lady"],"father":null,"mother":null,"spouse":"roose-bolton","books":[2,3,5,8],"povBooks":[],"show":["game-of-thrones"],"presence":[{"show":"game-of-thrones","kind":"depicted","seasons":["Season 4","Season 5","Season 6"]},{"show":"game-of-thrones","kind":"depicted","first":"S4E2"}],"playedBy":["Elizabeth Webster"],"sources":[{"label":"An API of Ice and Fire — character 1084","url":"https://anapioficeandfire.com/api/characters/1084","provider":"An API of Ice and Fire","kind":"structured_database","accessed":"2026-07-10"},{"label":"Wiki of Westeros — Walda Bolton","url":"https://gameofthrones.fandom.com/wiki/Walda_Bolton","provider":"Wiki of Westeros","kind":"reference_page","accessed":"2026-07-10"}],"verification":"single_source_curated","image":"/images/characters/walda-bolton.webp","imageSource":{"provider":"Wiki of Westeros","kind":"wiki_lead_image","match":"exact_page_title","uncertain":false,"url":"https://gameofthrones.fandom.com/wiki/Walda_Bolton","assetUrl":"https://static.wikia.nocookie.net/gameofthrones/images/6/65/Walda_and_new_son_s6.jpg/revision/latest?cb=20161215030743","accessed":"2026-07-10","originalSha256":"e9e6cbe341fa4a2ef44c924f2130fa064638cbffed431490bf544e07efa1b2ae","derivativeSha256":"42ee96a2f28ccbdf5ca3a66f737341a958bdf10248325618e0c8569ae09da003","width":1200,"height":900,"presentation":"proportional_resize_with_padding"},"house":"house-frey","parents":[],"children":[],"spouses":["roose-bolton"],"dragon":null,"era":8,"biography":"A Frey granddaughter of Walder Frey and wife of Roose Bolton.","legacyIds":["api-character-1084"]}');
INSERT INTO aliases (entity_key, alias) VALUES ('character:walda-bolton', 'Fat Walda');
INSERT INTO aliases (entity_key, alias) VALUES ('character:walda-bolton', 'Walda Bolton');
INSERT INTO appearances (entity_key, show_id, presence_kind, first_reference, details_json) VALUES ('character:walda-bolton', 'game-of-thrones', 'depicted', 'S4E2', '{"show":"game-of-thrones","kind":"depicted","first":"S4E2"}');
INSERT INTO sources (entity_key, label, url, provider, source_kind, accessed) VALUES ('character:walda-bolton', 'An API of Ice and Fire — character 1084', 'https://anapioficeandfire.com/api/characters/1084', 'An API of Ice and Fire', 'structured_database', '2026-07-10');
INSERT INTO sources (entity_key, label, url, provider, source_kind, accessed) VALUES ('character:walda-bolton', 'Wiki of Westeros — Walda Bolton', 'https://gameofthrones.fandom.com/wiki/Walda_Bolton', 'Wiki of Westeros', 'reference_page', '2026-07-10');
INSERT INTO media (entity_key, local_path, provider, source_page, asset_url, media_kind, uncertain, metadata_json) VALUES ('character:walda-bolton', '/images/characters/walda-bolton.webp', 'Wiki of Westeros', 'https://gameofthrones.fandom.com/wiki/Walda_Bolton', 'https://static.wikia.nocookie.net/gameofthrones/images/6/65/Walda_and_new_son_s6.jpg/revision/latest?cb=20161215030743', 'wiki_lead_image', 0, '{"provider":"Wiki of Westeros","kind":"wiki_lead_image","match":"exact_page_title","uncertain":false,"url":"https://gameofthrones.fandom.com/wiki/Walda_Bolton","assetUrl":"https://static.wikia.nocookie.net/gameofthrones/images/6/65/Walda_and_new_son_s6.jpg/revision/latest?cb=20161215030743","accessed":"2026-07-10","originalSha256":"e9e6cbe341fa4a2ef44c924f2130fa064638cbffed431490bf544e07efa1b2ae","derivativeSha256":"42ee96a2f28ccbdf5ca3a66f737341a958bdf10248325618e0c8569ae09da003","width":1200,"height":900,"presentation":"proportional_resize_with_padding"}');
INSERT INTO entities_fts (entity_key, name, aliases, type) VALUES ('character:walda-bolton', 'Walda Bolton', 'Fat Walda Walda Bolton', 'character');
INSERT INTO characters (entity_key, gender, culture, born, died, actor_json, titles_json, era) VALUES ('character:walda-bolton', 'female', NULL, 'In 283 AC or 284 AC', NULL, '["Elizabeth Webster"]', '["Lady"]', 8);
INSERT INTO entities (entity_key, id, type, name, description, status, verification, raw_json) VALUES ('character:walder-frey', 'walder-frey', 'character', 'Walder Frey', 'Elderly lord of the Twins and architect of the Red Wedding.', 'dead', 'single_source_curated', '{"id":"walder-frey","apiId":1093,"name":"Walder Frey","canonicalName":"Walder Frey","aliases":["Black Walder","The Late Lord Frey","Old Frey"],"actor":["Tim Plester","David Bradley"],"gender":"male","culture":"Rivermen","born":"In 208 AC","died":null,"status":"dead","houses":["house-frey"],"titles":["Lord of the Crossing"],"father":null,"mother":null,"spouse":null,"books":[1,2,3,5,7,8],"povBooks":[],"show":["game-of-thrones"],"presence":[{"show":"game-of-thrones","kind":"depicted","seasons":["Season 1","Season 3","Season 6"]},{"show":"game-of-thrones","kind":"depicted","first":"S1E9"}],"playedBy":["Tim Plester","David Bradley"],"sources":[{"label":"An API of Ice and Fire — character 1090","url":"https://anapioficeandfire.com/api/characters/1090","provider":"An API of Ice and Fire","kind":"structured_database","accessed":"2026-07-10"},{"label":"An API of Ice and Fire — character 1093","url":"https://anapioficeandfire.com/api/characters/1093","provider":"An API of Ice and Fire","kind":"structured_database","accessed":"2026-07-10"},{"label":"Wiki of Westeros — Walder Frey","url":"https://gameofthrones.fandom.com/wiki/Walder_Frey","provider":"Wiki of Westeros","kind":"reference_page","accessed":"2026-07-10"}],"verification":"single_source_curated","image":"/images/characters/walder-frey.webp","imageSource":{"provider":"Wiki of Westeros","kind":"wiki_lead_image","match":"exact_page_title","uncertain":false,"url":"https://gameofthrones.fandom.com/wiki/Walder_Frey","assetUrl":"https://static.wikia.nocookie.net/gameofthrones/images/e/e4/S06E06_-_Walder_Frey_Cropped_new.jpg/revision/latest?cb=20161215025257","accessed":"2026-07-10","originalSha256":"3c767e1125febcb20cac556b63d2cb5ad9f7d51fe9d9f4e444acb602cbacc1c3","derivativeSha256":"bca3bad40d89c87bbbeeeddd25c69d63aaa0befe880fc8c104b6e9947cb9171a","width":1200,"height":900,"presentation":"proportional_resize_with_padding"},"house":"house-frey","parents":[],"children":[],"spouses":[],"dragon":null,"era":8,"biography":"Elderly lord of the Twins and architect of the Red Wedding.","legacyIds":["api-character-1093","api-character-1090"]}');
INSERT INTO aliases (entity_key, alias) VALUES ('character:walder-frey', 'Black Walder');
INSERT INTO aliases (entity_key, alias) VALUES ('character:walder-frey', 'The Late Lord Frey');
INSERT INTO aliases (entity_key, alias) VALUES ('character:walder-frey', 'Old Frey');
INSERT INTO appearances (entity_key, show_id, presence_kind, first_reference, details_json) VALUES ('character:walder-frey', 'game-of-thrones', 'depicted', 'S1E9', '{"show":"game-of-thrones","kind":"depicted","first":"S1E9"}');
INSERT INTO sources (entity_key, label, url, provider, source_kind, accessed) VALUES ('character:walder-frey', 'An API of Ice and Fire — character 1090', 'https://anapioficeandfire.com/api/characters/1090', 'An API of Ice and Fire', 'structured_database', '2026-07-10');
INSERT INTO sources (entity_key, label, url, provider, source_kind, accessed) VALUES ('character:walder-frey', 'An API of Ice and Fire — character 1093', 'https://anapioficeandfire.com/api/characters/1093', 'An API of Ice and Fire', 'structured_database', '2026-07-10');
INSERT INTO sources (entity_key, label, url, provider, source_kind, accessed) VALUES ('character:walder-frey', 'Wiki of Westeros — Walder Frey', 'https://gameofthrones.fandom.com/wiki/Walder_Frey', 'Wiki of Westeros', 'reference_page', '2026-07-10');
INSERT INTO media (entity_key, local_path, provider, source_page, asset_url, media_kind, uncertain, metadata_json) VALUES ('character:walder-frey', '/images/characters/walder-frey.webp', 'Wiki of Westeros', 'https://gameofthrones.fandom.com/wiki/Walder_Frey', 'https://static.wikia.nocookie.net/gameofthrones/images/e/e4/S06E06_-_Walder_Frey_Cropped_new.jpg/revision/latest?cb=20161215025257', 'wiki_lead_image', 0, '{"provider":"Wiki of Westeros","kind":"wiki_lead_image","match":"exact_page_title","uncertain":false,"url":"https://gameofthrones.fandom.com/wiki/Walder_Frey","assetUrl":"https://static.wikia.nocookie.net/gameofthrones/images/e/e4/S06E06_-_Walder_Frey_Cropped_new.jpg/revision/latest?cb=20161215025257","accessed":"2026-07-10","originalSha256":"3c767e1125febcb20cac556b63d2cb5ad9f7d51fe9d9f4e444acb602cbacc1c3","derivativeSha256":"bca3bad40d89c87bbbeeeddd25c69d63aaa0befe880fc8c104b6e9947cb9171a","width":1200,"height":900,"presentation":"proportional_resize_with_padding"}');
INSERT INTO entities_fts (entity_key, name, aliases, type) VALUES ('character:walder-frey', 'Walder Frey', 'Black Walder The Late Lord Frey Old Frey', 'character');
INSERT INTO characters (entity_key, gender, culture, born, died, actor_json, titles_json, era) VALUES ('character:walder-frey', 'male', 'Rivermen', 'In 208 AC', NULL, '["Tim Plester","David Bradley"]', '["Lord of the Crossing"]', 8);
INSERT INTO entities (entity_key, id, type, name, description, status, verification, raw_json) VALUES ('character:sandor-clegane', 'sandor-clegane', 'character', 'Sandor Clegane', 'A fearsome warrior scarred by his elder brother Gregor.', 'dead', 'single_source_curated', '{"id":"sandor-clegane","apiId":955,"name":"Sandor Clegane","canonicalName":"Sandor Clegane","aliases":["The Hound"],"actor":["Rory McCann"],"gender":"male","culture":null,"born":"In 270 AC or 271 AC","died":"In 300 AC (supposedly)","status":"dead","houses":["house-clegane","house-lannister"],"titles":[],"father":null,"mother":null,"spouse":null,"books":[1,2,3,5,8],"povBooks":[],"show":["game-of-thrones"],"presence":[{"show":"game-of-thrones","kind":"depicted","first":"S1E1"}],"playedBy":["Rory McCann"],"sources":[{"label":"Wiki of Westeros — Sandor Clegane","url":"https://gameofthrones.fandom.com/wiki/Sandor_Clegane","provider":"Wiki of Westeros","kind":"reference_page","accessed":"2026-07-10"},{"label":"An API of Ice and Fire — character 955","url":"https://anapioficeandfire.com/api/characters/955","provider":"An API of Ice and Fire","kind":"structured_database","accessed":"2026-07-10"}],"verification":"single_source_curated","image":"/images/characters/sandor-clegane.webp","imageSource":{"provider":"Wiki of Westeros","kind":"wiki_lead_image","match":"exact_page_title","uncertain":false,"url":"https://gameofthrones.fandom.com/wiki/Sandor_Clegane","assetUrl":"https://static.wikia.nocookie.net/gameofthrones/images/b/b5/SandorConfrontsGregor.PNG/revision/latest?cb=20210722093812","accessed":"2026-07-10","originalSha256":"2e68305d0b03d8a10b07fe177a7c57569dd0293425ff3f5a22c8288c6d3d0c8a","derivativeSha256":"65871900ab308788492254c7becf22a730f86c9a9f4ebfff2fe8bbed2f7d20b8","width":1200,"height":900,"presentation":"proportional_resize_with_padding"},"house":"house-clegane","parents":[],"children":[],"spouses":[],"dragon":null,"era":8,"biography":"A fearsome warrior scarred by his elder brother Gregor.","legacyIds":["api-character-955"]}');
INSERT INTO aliases (entity_key, alias) VALUES ('character:sandor-clegane', 'The Hound');
INSERT INTO appearances (entity_key, show_id, presence_kind, first_reference, details_json) VALUES ('character:sandor-clegane', 'game-of-thrones', 'depicted', 'S1E1', '{"show":"game-of-thrones","kind":"depicted","first":"S1E1"}');
INSERT INTO sources (entity_key, label, url, provider, source_kind, accessed) VALUES ('character:sandor-clegane', 'Wiki of Westeros — Sandor Clegane', 'https://gameofthrones.fandom.com/wiki/Sandor_Clegane', 'Wiki of Westeros', 'reference_page', '2026-07-10');
INSERT INTO sources (entity_key, label, url, provider, source_kind, accessed) VALUES ('character:sandor-clegane', 'An API of Ice and Fire — character 955', 'https://anapioficeandfire.com/api/characters/955', 'An API of Ice and Fire', 'structured_database', '2026-07-10');
INSERT INTO media (entity_key, local_path, provider, source_page, asset_url, media_kind, uncertain, metadata_json) VALUES ('character:sandor-clegane', '/images/characters/sandor-clegane.webp', 'Wiki of Westeros', 'https://gameofthrones.fandom.com/wiki/Sandor_Clegane', 'https://static.wikia.nocookie.net/gameofthrones/images/b/b5/SandorConfrontsGregor.PNG/revision/latest?cb=20210722093812', 'wiki_lead_image', 0, '{"provider":"Wiki of Westeros","kind":"wiki_lead_image","match":"exact_page_title","uncertain":false,"url":"https://gameofthrones.fandom.com/wiki/Sandor_Clegane","assetUrl":"https://static.wikia.nocookie.net/gameofthrones/images/b/b5/SandorConfrontsGregor.PNG/revision/latest?cb=20210722093812","accessed":"2026-07-10","originalSha256":"2e68305d0b03d8a10b07fe177a7c57569dd0293425ff3f5a22c8288c6d3d0c8a","derivativeSha256":"65871900ab308788492254c7becf22a730f86c9a9f4ebfff2fe8bbed2f7d20b8","width":1200,"height":900,"presentation":"proportional_resize_with_padding"}');
INSERT INTO entities_fts (entity_key, name, aliases, type) VALUES ('character:sandor-clegane', 'Sandor Clegane', 'The Hound', 'character');
INSERT INTO characters (entity_key, gender, culture, born, died, actor_json, titles_json, era) VALUES ('character:sandor-clegane', 'male', NULL, 'In 270 AC or 271 AC', 'In 300 AC (supposedly)', '["Rory McCann"]', '[]', 8);
INSERT INTO entities (entity_key, id, type, name, description, status, verification, raw_json) VALUES ('character:gregor-clegane', 'gregor-clegane', 'character', 'Gregor Clegane', 'Sandor''s monstrous elder brother and enforcer for House Lannister.', 'dead', 'single_source_curated', '{"id":"gregor-clegane","apiId":1442,"name":"Gregor Clegane","canonicalName":"Gregor Clegane","aliases":["The Mountain"],"actor":["Hafþór Júlíus Björnsson / Ian Whyte / Conan Stevens"],"gender":"male","culture":null,"born":"In 265 AC or 266 AC","died":"In 300 AC","status":"dead","houses":["house-clegane","house-lannister"],"titles":["Ser"],"father":null,"mother":null,"spouse":null,"books":[1,2,3,5,8],"povBooks":[],"show":["game-of-thrones"],"presence":[{"show":"game-of-thrones","kind":"depicted","first":"S1E4"}],"playedBy":["Conan Stevens","Ian Whyte","Hafþór Júlíus Björnsson"],"sources":[{"label":"Wiki of Westeros — Gregor Clegane","url":"https://gameofthrones.fandom.com/wiki/Gregor_Clegane","provider":"Wiki of Westeros","kind":"reference_page","accessed":"2026-07-10"},{"label":"An API of Ice and Fire — character 1442","url":"https://anapioficeandfire.com/api/characters/1442","provider":"An API of Ice and Fire","kind":"structured_database","accessed":"2026-07-10"}],"verification":"single_source_curated","image":"/images/characters/gregor-clegane.webp","imageSource":{"provider":"Wiki of Westeros","kind":"wiki_lead_image","match":"exact_page_title","uncertain":false,"url":"https://gameofthrones.fandom.com/wiki/Gregor_Clegane","assetUrl":"https://static.wikia.nocookie.net/gameofthrones/images/8/81/GregorGregorLightenedProfile.png/revision/latest?cb=20190724144505","accessed":"2026-07-10","originalSha256":"b2c5b9a86c865d98ef409ef22bfbf2398d09e853b30f06b5707d22da1d83e317","derivativeSha256":"ee043c3e125cd6785f8ede4efc1dd1e3d1e4c66d9eec045db79dbe57f91b4b88","width":1200,"height":900,"presentation":"proportional_resize_with_padding"},"house":"house-clegane","parents":[],"children":[],"spouses":[],"dragon":null,"era":8,"biography":"Sandor''s monstrous elder brother and enforcer for House Lannister.","legacyIds":["api-character-1442"]}');
INSERT INTO aliases (entity_key, alias) VALUES ('character:gregor-clegane', 'The Mountain');
INSERT INTO appearances (entity_key, show_id, presence_kind, first_reference, details_json) VALUES ('character:gregor-clegane', 'game-of-thrones', 'depicted', 'S1E4', '{"show":"game-of-thrones","kind":"depicted","first":"S1E4"}');
INSERT INTO sources (entity_key, label, url, provider, source_kind, accessed) VALUES ('character:gregor-clegane', 'Wiki of Westeros — Gregor Clegane', 'https://gameofthrones.fandom.com/wiki/Gregor_Clegane', 'Wiki of Westeros', 'reference_page', '2026-07-10');
INSERT INTO sources (entity_key, label, url, provider, source_kind, accessed) VALUES ('character:gregor-clegane', 'An API of Ice and Fire — character 1442', 'https://anapioficeandfire.com/api/characters/1442', 'An API of Ice and Fire', 'structured_database', '2026-07-10');
INSERT INTO media (entity_key, local_path, provider, source_page, asset_url, media_kind, uncertain, metadata_json) VALUES ('character:gregor-clegane', '/images/characters/gregor-clegane.webp', 'Wiki of Westeros', 'https://gameofthrones.fandom.com/wiki/Gregor_Clegane', 'https://static.wikia.nocookie.net/gameofthrones/images/8/81/GregorGregorLightenedProfile.png/revision/latest?cb=20190724144505', 'wiki_lead_image', 0, '{"provider":"Wiki of Westeros","kind":"wiki_lead_image","match":"exact_page_title","uncertain":false,"url":"https://gameofthrones.fandom.com/wiki/Gregor_Clegane","assetUrl":"https://static.wikia.nocookie.net/gameofthrones/images/8/81/GregorGregorLightenedProfile.png/revision/latest?cb=20190724144505","accessed":"2026-07-10","originalSha256":"b2c5b9a86c865d98ef409ef22bfbf2398d09e853b30f06b5707d22da1d83e317","derivativeSha256":"ee043c3e125cd6785f8ede4efc1dd1e3d1e4c66d9eec045db79dbe57f91b4b88","width":1200,"height":900,"presentation":"proportional_resize_with_padding"}');
INSERT INTO entities_fts (entity_key, name, aliases, type) VALUES ('character:gregor-clegane', 'Gregor Clegane', 'The Mountain', 'character');
INSERT INTO characters (entity_key, gender, culture, born, died, actor_json, titles_json, era) VALUES ('character:gregor-clegane', 'male', NULL, 'In 265 AC or 266 AC', 'In 300 AC', '["Hafþór Júlíus Björnsson / Ian Whyte / Conan Stevens"]', '["Ser"]', 8);
INSERT INTO entities (entity_key, id, type, name, description, status, verification, raw_json) VALUES ('character:jorah-mormont', 'jorah-mormont', 'character', 'Jorah Mormont', 'An exiled knight who becomes Daenerys''s devoted adviser.', 'dead', 'single_source_curated', '{"id":"jorah-mormont","apiId":1560,"name":"Jorah Mormont","canonicalName":"Jorah Mormont","aliases":[],"actor":["Iain Glen"],"gender":"male","culture":"Northmen","born":"In 254 AC (roughly)","died":null,"status":"dead","houses":["house-mormont","house-targaryen"],"titles":["Ser"],"father":null,"mother":null,"spouse":null,"books":[1,2,3,5,8],"povBooks":[],"show":["game-of-thrones"],"presence":[{"show":"game-of-thrones","kind":"depicted","first":"S1E1"}],"playedBy":["Iain Glen"],"sources":[{"label":"Wiki of Westeros — Jorah Mormont","url":"https://gameofthrones.fandom.com/wiki/Jorah_Mormont","provider":"Wiki of Westeros","kind":"reference_page","accessed":"2026-07-10"},{"label":"An API of Ice and Fire — character 1560","url":"https://anapioficeandfire.com/api/characters/1560","provider":"An API of Ice and Fire","kind":"structured_database","accessed":"2026-07-10"}],"verification":"single_source_curated","image":"/images/characters/jorah-mormont.webp","imageSource":{"provider":"Wiki of Westeros","kind":"wiki_lead_image","match":"exact_page_title","uncertain":false,"url":"https://gameofthrones.fandom.com/wiki/Jorah_Mormont","assetUrl":"https://static.wikia.nocookie.net/gameofthrones/images/2/26/Winterfell_ep_Jorah_s8.jpg/revision/latest?cb=20210722093523","accessed":"2026-07-10","originalSha256":"71f973850db723183e21eedc0fb2bc38f6746ea4cbfe77379c2ee730f2ec26fd","derivativeSha256":"20ed041af80beb2681e64c7ab70e3308341d584bbacfc53b3540bbd1855dd26c","width":1200,"height":900,"presentation":"proportional_resize_with_padding"},"house":"house-mormont","parents":["jeor-mormont"],"children":[],"spouses":[],"dragon":null,"era":8,"biography":"An exiled knight who becomes Daenerys''s devoted adviser.","legacyIds":["api-character-1560"]}');
INSERT INTO appearances (entity_key, show_id, presence_kind, first_reference, details_json) VALUES ('character:jorah-mormont', 'game-of-thrones', 'depicted', 'S1E1', '{"show":"game-of-thrones","kind":"depicted","first":"S1E1"}');
INSERT INTO sources (entity_key, label, url, provider, source_kind, accessed) VALUES ('character:jorah-mormont', 'Wiki of Westeros — Jorah Mormont', 'https://gameofthrones.fandom.com/wiki/Jorah_Mormont', 'Wiki of Westeros', 'reference_page', '2026-07-10');
INSERT INTO sources (entity_key, label, url, provider, source_kind, accessed) VALUES ('character:jorah-mormont', 'An API of Ice and Fire — character 1560', 'https://anapioficeandfire.com/api/characters/1560', 'An API of Ice and Fire', 'structured_database', '2026-07-10');
INSERT INTO media (entity_key, local_path, provider, source_page, asset_url, media_kind, uncertain, metadata_json) VALUES ('character:jorah-mormont', '/images/characters/jorah-mormont.webp', 'Wiki of Westeros', 'https://gameofthrones.fandom.com/wiki/Jorah_Mormont', 'https://static.wikia.nocookie.net/gameofthrones/images/2/26/Winterfell_ep_Jorah_s8.jpg/revision/latest?cb=20210722093523', 'wiki_lead_image', 0, '{"provider":"Wiki of Westeros","kind":"wiki_lead_image","match":"exact_page_title","uncertain":false,"url":"https://gameofthrones.fandom.com/wiki/Jorah_Mormont","assetUrl":"https://static.wikia.nocookie.net/gameofthrones/images/2/26/Winterfell_ep_Jorah_s8.jpg/revision/latest?cb=20210722093523","accessed":"2026-07-10","originalSha256":"71f973850db723183e21eedc0fb2bc38f6746ea4cbfe77379c2ee730f2ec26fd","derivativeSha256":"20ed041af80beb2681e64c7ab70e3308341d584bbacfc53b3540bbd1855dd26c","width":1200,"height":900,"presentation":"proportional_resize_with_padding"}');
INSERT INTO entities_fts (entity_key, name, aliases, type) VALUES ('character:jorah-mormont', 'Jorah Mormont', '', 'character');
INSERT INTO characters (entity_key, gender, culture, born, died, actor_json, titles_json, era) VALUES ('character:jorah-mormont', 'male', 'Northmen', 'In 254 AC (roughly)', NULL, '["Iain Glen"]', '["Ser"]', 8);
INSERT INTO entities (entity_key, id, type, name, description, status, verification, raw_json) VALUES ('character:jeor-mormont', 'jeor-mormont', 'character', 'Jeor Mormont', 'Lord Commander of the Night''s Watch and father of Jorah.', 'dead', 'single_source_curated', '{"id":"jeor-mormont","apiId":547,"name":"Jeor Mormont","canonicalName":"Jeor Mormont","aliases":["The Old Bear"],"actor":["James Cosmo"],"gender":"male","culture":"Northmen","born":"In 230 AC","died":"In 299 AC, at Craster''s Keep","status":"dead","houses":["house-mormont"],"titles":["Lord Commander"],"father":null,"mother":null,"spouse":null,"books":[1,2,3,5,8],"povBooks":[],"show":["game-of-thrones"],"presence":[{"show":"game-of-thrones","kind":"depicted","first":"S1E3"}],"playedBy":["James Cosmo"],"sources":[{"label":"Wiki of Westeros — Jeor Mormont","url":"https://gameofthrones.fandom.com/wiki/Jeor_Mormont","provider":"Wiki of Westeros","kind":"reference_page","accessed":"2026-07-10"},{"label":"An API of Ice and Fire — character 547","url":"https://anapioficeandfire.com/api/characters/547","provider":"An API of Ice and Fire","kind":"structured_database","accessed":"2026-07-10"}],"verification":"single_source_curated","image":"/images/characters/jeor-mormont.webp","imageSource":{"provider":"Wiki of Westeros","kind":"wiki_lead_image","match":"exact_page_title","uncertain":false,"url":"https://gameofthrones.fandom.com/wiki/Jeor_Mormont","assetUrl":"https://static.wikia.nocookie.net/gameofthrones/images/1/1b/Jeor_Mormont_Season_2.jpg/revision/latest?cb=20120705014740","accessed":"2026-07-10","originalSha256":"f919164c0f5fa32af9cabc345b28900ebef03dc4ea27ccff5d32364c16ddfc13","derivativeSha256":"56d5c81d4747ee74aa0b921ddd22057be093640b77e1b2d70b41980e2471b300","width":1200,"height":900,"presentation":"proportional_resize_with_padding"},"house":"house-mormont","parents":[],"children":["jorah-mormont"],"spouses":[],"dragon":null,"era":8,"biography":"Lord Commander of the Night''s Watch and father of Jorah.","legacyIds":["api-character-547"]}');
INSERT INTO aliases (entity_key, alias) VALUES ('character:jeor-mormont', 'The Old Bear');
INSERT INTO appearances (entity_key, show_id, presence_kind, first_reference, details_json) VALUES ('character:jeor-mormont', 'game-of-thrones', 'depicted', 'S1E3', '{"show":"game-of-thrones","kind":"depicted","first":"S1E3"}');
INSERT INTO sources (entity_key, label, url, provider, source_kind, accessed) VALUES ('character:jeor-mormont', 'Wiki of Westeros — Jeor Mormont', 'https://gameofthrones.fandom.com/wiki/Jeor_Mormont', 'Wiki of Westeros', 'reference_page', '2026-07-10');
INSERT INTO sources (entity_key, label, url, provider, source_kind, accessed) VALUES ('character:jeor-mormont', 'An API of Ice and Fire — character 547', 'https://anapioficeandfire.com/api/characters/547', 'An API of Ice and Fire', 'structured_database', '2026-07-10');
INSERT INTO media (entity_key, local_path, provider, source_page, asset_url, media_kind, uncertain, metadata_json) VALUES ('character:jeor-mormont', '/images/characters/jeor-mormont.webp', 'Wiki of Westeros', 'https://gameofthrones.fandom.com/wiki/Jeor_Mormont', 'https://static.wikia.nocookie.net/gameofthrones/images/1/1b/Jeor_Mormont_Season_2.jpg/revision/latest?cb=20120705014740', 'wiki_lead_image', 0, '{"provider":"Wiki of Westeros","kind":"wiki_lead_image","match":"exact_page_title","uncertain":false,"url":"https://gameofthrones.fandom.com/wiki/Jeor_Mormont","assetUrl":"https://static.wikia.nocookie.net/gameofthrones/images/1/1b/Jeor_Mormont_Season_2.jpg/revision/latest?cb=20120705014740","accessed":"2026-07-10","originalSha256":"f919164c0f5fa32af9cabc345b28900ebef03dc4ea27ccff5d32364c16ddfc13","derivativeSha256":"56d5c81d4747ee74aa0b921ddd22057be093640b77e1b2d70b41980e2471b300","width":1200,"height":900,"presentation":"proportional_resize_with_padding"}');
INSERT INTO entities_fts (entity_key, name, aliases, type) VALUES ('character:jeor-mormont', 'Jeor Mormont', 'The Old Bear', 'character');
INSERT INTO characters (entity_key, gender, culture, born, died, actor_json, titles_json, era) VALUES ('character:jeor-mormont', 'male', 'Northmen', 'In 230 AC', 'In 299 AC, at Craster''s Keep', '["James Cosmo"]', '["Lord Commander"]', 8);
INSERT INTO entities (entity_key, id, type, name, description, status, verification, raw_json) VALUES ('character:lyanna-mormont', 'lyanna-mormont', 'character', 'Lyanna Mormont', 'Young Lady of Bear Island and outspoken supporter of Jon Snow.', 'dead', 'single_source_curated', '{"id":"lyanna-mormont","apiId":667,"name":"Lyanna Mormont","canonicalName":"Lyanna Mormont","aliases":[],"actor":["Bella Ramsey"],"gender":"female","culture":"Northmen","born":"In 290 AC","died":null,"status":"dead","houses":["house-mormont"],"titles":["Lady of Bear Island"],"father":null,"mother":null,"spouse":null,"books":[5,8],"povBooks":[],"show":["game-of-thrones"],"presence":[{"show":"game-of-thrones","kind":"depicted","first":"S6E7"}],"playedBy":["Bella Ramsey"],"sources":[{"label":"Wiki of Westeros — Lyanna Mormont","url":"https://gameofthrones.fandom.com/wiki/Lyanna_Mormont","provider":"Wiki of Westeros","kind":"reference_page","accessed":"2026-07-10"},{"label":"An API of Ice and Fire — character 667","url":"https://anapioficeandfire.com/api/characters/667","provider":"An API of Ice and Fire","kind":"structured_database","accessed":"2026-07-10"}],"verification":"single_source_curated","image":"/images/characters/lyanna-mormont.webp","imageSource":{"provider":"Wiki of Westeros","kind":"wiki_lead_image","match":"exact_page_title","uncertain":false,"url":"https://gameofthrones.fandom.com/wiki/Lyanna_Mormont","assetUrl":"https://static.wikia.nocookie.net/gameofthrones/images/b/b9/Lyanna_S8_EP2infobox.jpg/revision/latest?cb=20190418000519","accessed":"2026-07-10","originalSha256":"9119ff0e151b79693b014a8985250257b23737efb564f18393caf86ecce8e1c0","derivativeSha256":"9ee81dc53bda989435a4ff05bee336771bcdbdcb5982a9649e1ad2b69f1d3306","width":1200,"height":900,"presentation":"proportional_resize_with_padding"},"house":"house-mormont","parents":[],"children":[],"spouses":[],"dragon":null,"era":8,"biography":"Young Lady of Bear Island and outspoken supporter of Jon Snow.","legacyIds":["api-character-667"]}');
INSERT INTO appearances (entity_key, show_id, presence_kind, first_reference, details_json) VALUES ('character:lyanna-mormont', 'game-of-thrones', 'depicted', 'S6E7', '{"show":"game-of-thrones","kind":"depicted","first":"S6E7"}');
INSERT INTO sources (entity_key, label, url, provider, source_kind, accessed) VALUES ('character:lyanna-mormont', 'Wiki of Westeros — Lyanna Mormont', 'https://gameofthrones.fandom.com/wiki/Lyanna_Mormont', 'Wiki of Westeros', 'reference_page', '2026-07-10');
INSERT INTO sources (entity_key, label, url, provider, source_kind, accessed) VALUES ('character:lyanna-mormont', 'An API of Ice and Fire — character 667', 'https://anapioficeandfire.com/api/characters/667', 'An API of Ice and Fire', 'structured_database', '2026-07-10');
INSERT INTO media (entity_key, local_path, provider, source_page, asset_url, media_kind, uncertain, metadata_json) VALUES ('character:lyanna-mormont', '/images/characters/lyanna-mormont.webp', 'Wiki of Westeros', 'https://gameofthrones.fandom.com/wiki/Lyanna_Mormont', 'https://static.wikia.nocookie.net/gameofthrones/images/b/b9/Lyanna_S8_EP2infobox.jpg/revision/latest?cb=20190418000519', 'wiki_lead_image', 0, '{"provider":"Wiki of Westeros","kind":"wiki_lead_image","match":"exact_page_title","uncertain":false,"url":"https://gameofthrones.fandom.com/wiki/Lyanna_Mormont","assetUrl":"https://static.wikia.nocookie.net/gameofthrones/images/b/b9/Lyanna_S8_EP2infobox.jpg/revision/latest?cb=20190418000519","accessed":"2026-07-10","originalSha256":"9119ff0e151b79693b014a8985250257b23737efb564f18393caf86ecce8e1c0","derivativeSha256":"9ee81dc53bda989435a4ff05bee336771bcdbdcb5982a9649e1ad2b69f1d3306","width":1200,"height":900,"presentation":"proportional_resize_with_padding"}');
INSERT INTO entities_fts (entity_key, name, aliases, type) VALUES ('character:lyanna-mormont', 'Lyanna Mormont', '', 'character');
INSERT INTO characters (entity_key, gender, culture, born, died, actor_json, titles_json, era) VALUES ('character:lyanna-mormont', 'female', 'Northmen', 'In 290 AC', NULL, '["Bella Ramsey"]', '["Lady of Bear Island"]', 8);
INSERT INTO entities (entity_key, id, type, name, description, status, verification, raw_json) VALUES ('character:samwell-tarly', 'samwell-tarly', 'character', 'Samwell Tarly', 'A Night''s Watch recruit whose scholarship helps defeat the dead.', 'alive', 'single_source_curated', '{"id":"samwell-tarly","apiId":954,"name":"Samwell Tarly","canonicalName":"Samwell Tarly","aliases":["Sam"],"actor":["John Bradley"],"gender":"male","culture":"Andal","born":"In 283 AC, at Horn Hill","died":null,"status":"alive","houses":["house-tarly"],"titles":["Grand Maester"],"father":null,"mother":null,"spouse":null,"books":[1,2,8],"povBooks":[3,5],"show":["game-of-thrones"],"presence":[{"show":"game-of-thrones","kind":"depicted","first":"S1E4","last":"S8E6"}],"playedBy":["John Bradley-West"],"sources":[{"label":"Wiki of Westeros — Samwell Tarly","url":"https://gameofthrones.fandom.com/wiki/Samwell_Tarly","provider":"Wiki of Westeros","kind":"reference_page","accessed":"2026-07-10"},{"label":"An API of Ice and Fire — character 954","url":"https://anapioficeandfire.com/api/characters/954","provider":"An API of Ice and Fire","kind":"structured_database","accessed":"2026-07-10"},{"label":"ThronesAPI — Samwell Tarly","url":"https://thronesapi.com/api/v2/Characters/1","provider":"ThronesAPI","kind":"reference_page","accessed":"2026-07-10"}],"verification":"single_source_curated","image":"/images/characters/samwell-tarly.webp","imageSource":{"provider":"ThronesAPI","kind":"direct_screen_asset","match":"exact_api_record","uncertain":false,"url":"https://thronesapi.com/api/v2/Characters/1","assetUrl":"https://thronesapi.com/assets/images/sam.jpg","accessed":"2026-07-10","originalSha256":"7def6494c73637ee7a5834f5d9066a7d05875100d4af093b978a013aabdf2b0b","derivativeSha256":"dc7983925b16e29f65021c1400edc17d21ddf2e99aa1240c4849951a82399b9b","width":1200,"height":900,"presentation":"proportional_resize_with_padding"},"house":"house-tarly","parents":["randyll-tarly"],"children":[],"spouses":[],"dragon":null,"era":8,"biography":"A Night''s Watch recruit whose scholarship helps defeat the dead.","legacyIds":["api-character-954"]}');
INSERT INTO aliases (entity_key, alias) VALUES ('character:samwell-tarly', 'Sam');
INSERT INTO appearances (entity_key, show_id, presence_kind, first_reference, details_json) VALUES ('character:samwell-tarly', 'game-of-thrones', 'depicted', 'S1E4', '{"show":"game-of-thrones","kind":"depicted","first":"S1E4","last":"S8E6"}');
INSERT INTO sources (entity_key, label, url, provider, source_kind, accessed) VALUES ('character:samwell-tarly', 'Wiki of Westeros — Samwell Tarly', 'https://gameofthrones.fandom.com/wiki/Samwell_Tarly', 'Wiki of Westeros', 'reference_page', '2026-07-10');
INSERT INTO sources (entity_key, label, url, provider, source_kind, accessed) VALUES ('character:samwell-tarly', 'An API of Ice and Fire — character 954', 'https://anapioficeandfire.com/api/characters/954', 'An API of Ice and Fire', 'structured_database', '2026-07-10');
INSERT INTO sources (entity_key, label, url, provider, source_kind, accessed) VALUES ('character:samwell-tarly', 'ThronesAPI — Samwell Tarly', 'https://thronesapi.com/api/v2/Characters/1', 'ThronesAPI', 'reference_page', '2026-07-10');
INSERT INTO media (entity_key, local_path, provider, source_page, asset_url, media_kind, uncertain, metadata_json) VALUES ('character:samwell-tarly', '/images/characters/samwell-tarly.webp', 'ThronesAPI', 'https://thronesapi.com/api/v2/Characters/1', 'https://thronesapi.com/assets/images/sam.jpg', 'direct_screen_asset', 0, '{"provider":"ThronesAPI","kind":"direct_screen_asset","match":"exact_api_record","uncertain":false,"url":"https://thronesapi.com/api/v2/Characters/1","assetUrl":"https://thronesapi.com/assets/images/sam.jpg","accessed":"2026-07-10","originalSha256":"7def6494c73637ee7a5834f5d9066a7d05875100d4af093b978a013aabdf2b0b","derivativeSha256":"dc7983925b16e29f65021c1400edc17d21ddf2e99aa1240c4849951a82399b9b","width":1200,"height":900,"presentation":"proportional_resize_with_padding"}');
INSERT INTO entities_fts (entity_key, name, aliases, type) VALUES ('character:samwell-tarly', 'Samwell Tarly', 'Sam', 'character');
INSERT INTO characters (entity_key, gender, culture, born, died, actor_json, titles_json, era) VALUES ('character:samwell-tarly', 'male', 'Andal', 'In 283 AC, at Horn Hill', NULL, '["John Bradley"]', '["Grand Maester"]', 8);
INSERT INTO entities (entity_key, id, type, name, description, status, verification, raw_json) VALUES ('character:randyll-tarly', 'randyll-tarly', 'character', 'Randyll Tarly', 'Severe lord of Horn Hill and father of Samwell and Dickon.', 'dead', 'single_source_curated', '{"id":"randyll-tarly","apiId":850,"name":"Randyll Tarly","canonicalName":"Randyll Tarly","aliases":[],"actor":["James Faulkner"],"gender":"male","culture":null,"born":null,"died":null,"status":"dead","houses":["house-tarly"],"titles":["Lord of Horn Hill"],"father":null,"mother":null,"spouse":"api-character-742","books":[1,2,3,5,8],"povBooks":[],"show":["game-of-thrones"],"presence":[{"show":"game-of-thrones","kind":"depicted","first":"S6E6"}],"playedBy":["James Faulkner"],"sources":[{"label":"Wiki of Westeros — Randyll Tarly","url":"https://gameofthrones.fandom.com/wiki/Randyll_Tarly","provider":"Wiki of Westeros","kind":"reference_page","accessed":"2026-07-10"},{"label":"An API of Ice and Fire — character 850","url":"https://anapioficeandfire.com/api/characters/850","provider":"An API of Ice and Fire","kind":"structured_database","accessed":"2026-07-10"}],"verification":"single_source_curated","image":"/images/characters/randyll-tarly.webp","imageSource":{"provider":"Wiki of Westeros","kind":"wiki_lead_image","match":"exact_page_title","uncertain":false,"url":"https://gameofthrones.fandom.com/wiki/Randyll_Tarly","assetUrl":"https://static.wikia.nocookie.net/gameofthrones/images/7/78/Randyll-Tarly-Profile.png/revision/latest?cb=20170815052729","accessed":"2026-07-10","originalSha256":"db01c6cf3a9b44cb79a1272ec0c9885fbb0ea0271e3b063577489855a1599fee","derivativeSha256":"67fc4b28f82af5f27e4d3c177ad81ac58c8b120a55f56fd12d43e7b3d861eeb9","width":1200,"height":900,"presentation":"proportional_resize_with_padding"},"house":"house-tarly","parents":[],"children":["samwell-tarly","dickon-tarly"],"spouses":[],"dragon":null,"era":8,"biography":"Severe lord of Horn Hill and father of Samwell and Dickon.","legacyIds":["api-character-850"]}');
INSERT INTO appearances (entity_key, show_id, presence_kind, first_reference, details_json) VALUES ('character:randyll-tarly', 'game-of-thrones', 'depicted', 'S6E6', '{"show":"game-of-thrones","kind":"depicted","first":"S6E6"}');
INSERT INTO sources (entity_key, label, url, provider, source_kind, accessed) VALUES ('character:randyll-tarly', 'Wiki of Westeros — Randyll Tarly', 'https://gameofthrones.fandom.com/wiki/Randyll_Tarly', 'Wiki of Westeros', 'reference_page', '2026-07-10');
INSERT INTO sources (entity_key, label, url, provider, source_kind, accessed) VALUES ('character:randyll-tarly', 'An API of Ice and Fire — character 850', 'https://anapioficeandfire.com/api/characters/850', 'An API of Ice and Fire', 'structured_database', '2026-07-10');
INSERT INTO media (entity_key, local_path, provider, source_page, asset_url, media_kind, uncertain, metadata_json) VALUES ('character:randyll-tarly', '/images/characters/randyll-tarly.webp', 'Wiki of Westeros', 'https://gameofthrones.fandom.com/wiki/Randyll_Tarly', 'https://static.wikia.nocookie.net/gameofthrones/images/7/78/Randyll-Tarly-Profile.png/revision/latest?cb=20170815052729', 'wiki_lead_image', 0, '{"provider":"Wiki of Westeros","kind":"wiki_lead_image","match":"exact_page_title","uncertain":false,"url":"https://gameofthrones.fandom.com/wiki/Randyll_Tarly","assetUrl":"https://static.wikia.nocookie.net/gameofthrones/images/7/78/Randyll-Tarly-Profile.png/revision/latest?cb=20170815052729","accessed":"2026-07-10","originalSha256":"db01c6cf3a9b44cb79a1272ec0c9885fbb0ea0271e3b063577489855a1599fee","derivativeSha256":"67fc4b28f82af5f27e4d3c177ad81ac58c8b120a55f56fd12d43e7b3d861eeb9","width":1200,"height":900,"presentation":"proportional_resize_with_padding"}');
INSERT INTO entities_fts (entity_key, name, aliases, type) VALUES ('character:randyll-tarly', 'Randyll Tarly', '', 'character');
INSERT INTO characters (entity_key, gender, culture, born, died, actor_json, titles_json, era) VALUES ('character:randyll-tarly', 'male', NULL, NULL, NULL, '["James Faulkner"]', '["Lord of Horn Hill"]', 8);
INSERT INTO entities (entity_key, id, type, name, description, status, verification, raw_json) VALUES ('character:dickon-tarly', 'dickon-tarly', 'character', 'Dickon Tarly', 'Samwell''s younger brother and Randyll''s favored heir.', 'dead', 'single_source_curated', '{"id":"dickon-tarly","apiId":313,"name":"Dickon Tarly","canonicalName":"Dickon Tarly","aliases":[],"actor":["Tom Hopper / Freddie Stroma"],"gender":"male","culture":null,"born":"In or between 287 AC and 290 AC","died":null,"status":"dead","houses":["house-tarly"],"titles":[],"father":null,"mother":null,"spouse":null,"books":[1,5,8],"povBooks":[],"show":["game-of-thrones"],"presence":[{"show":"game-of-thrones","kind":"depicted","first":"S6E6"}],"playedBy":["Freddie Stroma"],"sources":[{"label":"Wiki of Westeros — Dickon Tarly","url":"https://gameofthrones.fandom.com/wiki/Dickon_Tarly","provider":"Wiki of Westeros","kind":"reference_page","accessed":"2026-07-10"},{"label":"An API of Ice and Fire — character 313","url":"https://anapioficeandfire.com/api/characters/313","provider":"An API of Ice and Fire","kind":"structured_database","accessed":"2026-07-10"}],"verification":"single_source_curated","image":"/images/characters/dickon-tarly.webp","imageSource":{"provider":"Wiki of Westeros","kind":"wiki_lead_image","match":"exact_page_title","uncertain":false,"url":"https://gameofthrones.fandom.com/wiki/Dickon_Tarly","assetUrl":"https://static.wikia.nocookie.net/gameofthrones/images/0/0f/Profile-DickonTarly.png/revision/latest?cb=20170814064209","accessed":"2026-07-10","originalSha256":"45dc81bfaf1162752d4bdd748335444f692a741591e42bf7764db0adc0459407","derivativeSha256":"1817b4c82c4bdbbb72783b4e2e3ed454c99de227cdbed66591bf1f55d0bda939","width":1200,"height":900,"presentation":"proportional_resize_with_padding"},"house":"house-tarly","parents":["randyll-tarly"],"children":[],"spouses":[],"dragon":null,"era":8,"biography":"Samwell''s younger brother and Randyll''s favored heir.","legacyIds":["api-character-313"]}');
INSERT INTO appearances (entity_key, show_id, presence_kind, first_reference, details_json) VALUES ('character:dickon-tarly', 'game-of-thrones', 'depicted', 'S6E6', '{"show":"game-of-thrones","kind":"depicted","first":"S6E6"}');
INSERT INTO sources (entity_key, label, url, provider, source_kind, accessed) VALUES ('character:dickon-tarly', 'Wiki of Westeros — Dickon Tarly', 'https://gameofthrones.fandom.com/wiki/Dickon_Tarly', 'Wiki of Westeros', 'reference_page', '2026-07-10');
INSERT INTO sources (entity_key, label, url, provider, source_kind, accessed) VALUES ('character:dickon-tarly', 'An API of Ice and Fire — character 313', 'https://anapioficeandfire.com/api/characters/313', 'An API of Ice and Fire', 'structured_database', '2026-07-10');
INSERT INTO media (entity_key, local_path, provider, source_page, asset_url, media_kind, uncertain, metadata_json) VALUES ('character:dickon-tarly', '/images/characters/dickon-tarly.webp', 'Wiki of Westeros', 'https://gameofthrones.fandom.com/wiki/Dickon_Tarly', 'https://static.wikia.nocookie.net/gameofthrones/images/0/0f/Profile-DickonTarly.png/revision/latest?cb=20170814064209', 'wiki_lead_image', 0, '{"provider":"Wiki of Westeros","kind":"wiki_lead_image","match":"exact_page_title","uncertain":false,"url":"https://gameofthrones.fandom.com/wiki/Dickon_Tarly","assetUrl":"https://static.wikia.nocookie.net/gameofthrones/images/0/0f/Profile-DickonTarly.png/revision/latest?cb=20170814064209","accessed":"2026-07-10","originalSha256":"45dc81bfaf1162752d4bdd748335444f692a741591e42bf7764db0adc0459407","derivativeSha256":"1817b4c82c4bdbbb72783b4e2e3ed454c99de227cdbed66591bf1f55d0bda939","width":1200,"height":900,"presentation":"proportional_resize_with_padding"}');
INSERT INTO entities_fts (entity_key, name, aliases, type) VALUES ('character:dickon-tarly', 'Dickon Tarly', '', 'character');
INSERT INTO characters (entity_key, gender, culture, born, died, actor_json, titles_json, era) VALUES ('character:dickon-tarly', 'male', NULL, 'In or between 287 AC and 290 AC', NULL, '["Tom Hopper / Freddie Stroma"]', '[]', 8);
INSERT INTO entities (entity_key, id, type, name, description, status, verification, raw_json) VALUES ('character:talisa-stark', 'talisa-stark', 'character', 'Talisa Stark', 'A healer from Volantis who marries Robb Stark.', 'dead', 'single_source_curated', '{"id":"talisa-stark","name":"Talisa Stark","aliases":["Talisa Maegyr"],"actor":["Oona Chaplin"],"gender":"female","status":"dead","house":"house-stark","titles":["Queen in the North"],"parents":[],"children":[],"spouses":["robb-stark"],"dragon":null,"show":["game-of-thrones"],"presence":[{"show":"game-of-thrones","kind":"depicted","first":"S2E4"}],"era":8,"biography":"A healer from Volantis who marries Robb Stark.","sources":[{"label":"Wiki of Westeros — Talisa Stark","url":"https://gameofthrones.fandom.com/wiki/Talisa_Stark","provider":"Wiki of Westeros","kind":"reference_page","accessed":"2026-07-10"}],"verification":"single_source_curated","image":"/images/characters/talisa-stark.webp","imageSource":{"provider":"Wiki of Westeros","kind":"wiki_lead_image","match":"exact_page_title","uncertain":false,"url":"https://gameofthrones.fandom.com/wiki/Talisa_Stark","assetUrl":"https://static.wikia.nocookie.net/gameofthrones/images/c/ca/Talisa3x9.jpg/revision/latest/scale-to-width-down/1009?cb=20150515053353","accessed":"2026-07-10","originalSha256":"07bbc69674f2a329e560bbc786ee62fdb4c5b1f31b87c46aadf9fccabe0304b4","derivativeSha256":"98415c674524a6d0f8267b74fa26e012fdf5d96fa306c52cd8c19eeec04eedad","width":1200,"height":900,"presentation":"proportional_resize_with_padding"},"apiId":null,"houses":["house-stark"],"legacyIds":[],"father":null,"mother":null,"spouse":null}');
INSERT INTO aliases (entity_key, alias) VALUES ('character:talisa-stark', 'Talisa Maegyr');
INSERT INTO appearances (entity_key, show_id, presence_kind, first_reference, details_json) VALUES ('character:talisa-stark', 'game-of-thrones', 'depicted', 'S2E4', '{"show":"game-of-thrones","kind":"depicted","first":"S2E4"}');
INSERT INTO sources (entity_key, label, url, provider, source_kind, accessed) VALUES ('character:talisa-stark', 'Wiki of Westeros — Talisa Stark', 'https://gameofthrones.fandom.com/wiki/Talisa_Stark', 'Wiki of Westeros', 'reference_page', '2026-07-10');
INSERT INTO media (entity_key, local_path, provider, source_page, asset_url, media_kind, uncertain, metadata_json) VALUES ('character:talisa-stark', '/images/characters/talisa-stark.webp', 'Wiki of Westeros', 'https://gameofthrones.fandom.com/wiki/Talisa_Stark', 'https://static.wikia.nocookie.net/gameofthrones/images/c/ca/Talisa3x9.jpg/revision/latest/scale-to-width-down/1009?cb=20150515053353', 'wiki_lead_image', 0, '{"provider":"Wiki of Westeros","kind":"wiki_lead_image","match":"exact_page_title","uncertain":false,"url":"https://gameofthrones.fandom.com/wiki/Talisa_Stark","assetUrl":"https://static.wikia.nocookie.net/gameofthrones/images/c/ca/Talisa3x9.jpg/revision/latest/scale-to-width-down/1009?cb=20150515053353","accessed":"2026-07-10","originalSha256":"07bbc69674f2a329e560bbc786ee62fdb4c5b1f31b87c46aadf9fccabe0304b4","derivativeSha256":"98415c674524a6d0f8267b74fa26e012fdf5d96fa306c52cd8c19eeec04eedad","width":1200,"height":900,"presentation":"proportional_resize_with_padding"}');
INSERT INTO entities_fts (entity_key, name, aliases, type) VALUES ('character:talisa-stark', 'Talisa Stark', 'Talisa Maegyr', 'character');
INSERT INTO characters (entity_key, gender, culture, born, died, actor_json, titles_json, era) VALUES ('character:talisa-stark', 'female', NULL, NULL, NULL, '["Oona Chaplin"]', '["Queen in the North"]', 8);
INSERT INTO entities (entity_key, id, type, name, description, status, verification, raw_json) VALUES ('character:selyse-baratheon', 'selyse-baratheon', 'character', 'Selyse Baratheon', 'Stannis Baratheon''s wife and mother of Shireen.', 'dead', 'single_source_curated', '{"id":"selyse-baratheon","apiId":1935,"name":"Selyse Baratheon","canonicalName":"Selyse Florent","aliases":["Light of the North","Selyse Florent"],"actor":["Sarah MacKeever","Tara Fitzgerald"],"gender":"female","culture":null,"born":null,"died":null,"status":"dead","houses":["house-baratheon","house-florent"],"titles":["Lady","Queen"],"father":null,"mother":null,"spouse":"stannis-baratheon","books":[1,2,3,5,8],"povBooks":[],"show":["game-of-thrones"],"presence":[{"show":"game-of-thrones","kind":"depicted","seasons":["Season 2","Season 3","Season 4"]},{"show":"game-of-thrones","kind":"depicted","first":"S2E1"}],"playedBy":["Sarah MacKeever","Tara Fitzgerald"],"sources":[{"label":"An API of Ice and Fire — character 1935","url":"https://anapioficeandfire.com/api/characters/1935","provider":"An API of Ice and Fire","kind":"structured_database","accessed":"2026-07-10"},{"label":"Wiki of Westeros — Selyse Baratheon","url":"https://gameofthrones.fandom.com/wiki/Selyse_Baratheon","provider":"Wiki of Westeros","kind":"reference_page","accessed":"2026-07-10"}],"verification":"single_source_curated","image":"/images/characters/selyse-baratheon.webp","imageSource":{"provider":"Wiki of Westeros","kind":"wiki_lead_image","match":"exact_page_title","uncertain":false,"url":"https://gameofthrones.fandom.com/wiki/Selyse_Baratheon","assetUrl":"https://static.wikia.nocookie.net/gameofthrones/images/6/65/SelyseS05E05.png/revision/latest?cb=20150515051443","accessed":"2026-07-10","originalSha256":"7bb5628f465293fb14e2693446ae563e79b7c0083300d4ca16ed972eaf746313","derivativeSha256":"3102c3c963962a7273af27c986036c0efca5232096dc5c79ba31f7064dd4edc1","width":1200,"height":900,"presentation":"proportional_resize_with_padding"},"house":"house-florent","parents":[],"children":["shireen-baratheon"],"spouses":["stannis-baratheon"],"dragon":null,"era":8,"biography":"Stannis Baratheon''s wife and mother of Shireen.","legacyIds":["api-character-1935"]}');
INSERT INTO aliases (entity_key, alias) VALUES ('character:selyse-baratheon', 'Light of the North');
INSERT INTO aliases (entity_key, alias) VALUES ('character:selyse-baratheon', 'Selyse Florent');
INSERT INTO appearances (entity_key, show_id, presence_kind, first_reference, details_json) VALUES ('character:selyse-baratheon', 'game-of-thrones', 'depicted', 'S2E1', '{"show":"game-of-thrones","kind":"depicted","first":"S2E1"}');
INSERT INTO sources (entity_key, label, url, provider, source_kind, accessed) VALUES ('character:selyse-baratheon', 'An API of Ice and Fire — character 1935', 'https://anapioficeandfire.com/api/characters/1935', 'An API of Ice and Fire', 'structured_database', '2026-07-10');
INSERT INTO sources (entity_key, label, url, provider, source_kind, accessed) VALUES ('character:selyse-baratheon', 'Wiki of Westeros — Selyse Baratheon', 'https://gameofthrones.fandom.com/wiki/Selyse_Baratheon', 'Wiki of Westeros', 'reference_page', '2026-07-10');
INSERT INTO media (entity_key, local_path, provider, source_page, asset_url, media_kind, uncertain, metadata_json) VALUES ('character:selyse-baratheon', '/images/characters/selyse-baratheon.webp', 'Wiki of Westeros', 'https://gameofthrones.fandom.com/wiki/Selyse_Baratheon', 'https://static.wikia.nocookie.net/gameofthrones/images/6/65/SelyseS05E05.png/revision/latest?cb=20150515051443', 'wiki_lead_image', 0, '{"provider":"Wiki of Westeros","kind":"wiki_lead_image","match":"exact_page_title","uncertain":false,"url":"https://gameofthrones.fandom.com/wiki/Selyse_Baratheon","assetUrl":"https://static.wikia.nocookie.net/gameofthrones/images/6/65/SelyseS05E05.png/revision/latest?cb=20150515051443","accessed":"2026-07-10","originalSha256":"7bb5628f465293fb14e2693446ae563e79b7c0083300d4ca16ed972eaf746313","derivativeSha256":"3102c3c963962a7273af27c986036c0efca5232096dc5c79ba31f7064dd4edc1","width":1200,"height":900,"presentation":"proportional_resize_with_padding"}');
INSERT INTO entities_fts (entity_key, name, aliases, type) VALUES ('character:selyse-baratheon', 'Selyse Baratheon', 'Light of the North Selyse Florent', 'character');
INSERT INTO characters (entity_key, gender, culture, born, died, actor_json, titles_json, era) VALUES ('character:selyse-baratheon', 'female', NULL, NULL, NULL, '["Sarah MacKeever","Tara Fitzgerald"]', '["Lady","Queen"]', 8);
INSERT INTO entities (entity_key, id, type, name, description, status, verification, raw_json) VALUES ('character:shireen-baratheon', 'shireen-baratheon', 'character', 'Shireen Baratheon', 'The only child of Stannis and Selyse Baratheon.', 'dead', 'single_source_curated', '{"id":"shireen-baratheon","apiId":975,"name":"Shireen Baratheon","canonicalName":"Shireen Baratheon","aliases":[],"actor":["Kerry Ingram"],"gender":"female","culture":null,"born":"In 289 AC, at Dragonstone","died":null,"status":"dead","houses":["house-baratheon"],"titles":["Princess"],"father":null,"mother":null,"spouse":null,"books":[1,2,3,5,8],"povBooks":[],"show":["game-of-thrones"],"presence":[{"show":"game-of-thrones","kind":"depicted","first":"S3E1"}],"playedBy":["Kerry Ingram"],"sources":[{"label":"Wiki of Westeros — Shireen Baratheon","url":"https://gameofthrones.fandom.com/wiki/Shireen_Baratheon","provider":"Wiki of Westeros","kind":"reference_page","accessed":"2026-07-10"},{"label":"An API of Ice and Fire — character 975","url":"https://anapioficeandfire.com/api/characters/975","provider":"An API of Ice and Fire","kind":"structured_database","accessed":"2026-07-10"}],"verification":"single_source_curated","image":"/images/characters/shireen-baratheon.webp","imageSource":{"provider":"Wiki of Westeros","kind":"wiki_lead_image","match":"exact_page_title","uncertain":false,"url":"https://gameofthrones.fandom.com/wiki/Shireen_Baratheon","assetUrl":"https://static.wikia.nocookie.net/gameofthrones/images/e/eb/Shireen_Baratheon_Season_4_profile.jpg/revision/latest?cb=20210722092809","accessed":"2026-07-10","originalSha256":"eb63a29f25913c7c6828214f86239eed2de0fb21f48da7539d959bad43390ce8","derivativeSha256":"c7b4aa88fdde9c94e8f317bc9e0313280854c774cc028b497bafacf1c418ef76","width":1200,"height":900,"presentation":"proportional_resize_with_padding"},"house":"house-baratheon","parents":["stannis-baratheon","selyse-baratheon"],"children":[],"spouses":[],"dragon":null,"era":8,"biography":"The only child of Stannis and Selyse Baratheon.","legacyIds":["api-character-975"]}');
INSERT INTO appearances (entity_key, show_id, presence_kind, first_reference, details_json) VALUES ('character:shireen-baratheon', 'game-of-thrones', 'depicted', 'S3E1', '{"show":"game-of-thrones","kind":"depicted","first":"S3E1"}');
INSERT INTO sources (entity_key, label, url, provider, source_kind, accessed) VALUES ('character:shireen-baratheon', 'Wiki of Westeros — Shireen Baratheon', 'https://gameofthrones.fandom.com/wiki/Shireen_Baratheon', 'Wiki of Westeros', 'reference_page', '2026-07-10');
INSERT INTO sources (entity_key, label, url, provider, source_kind, accessed) VALUES ('character:shireen-baratheon', 'An API of Ice and Fire — character 975', 'https://anapioficeandfire.com/api/characters/975', 'An API of Ice and Fire', 'structured_database', '2026-07-10');
INSERT INTO media (entity_key, local_path, provider, source_page, asset_url, media_kind, uncertain, metadata_json) VALUES ('character:shireen-baratheon', '/images/characters/shireen-baratheon.webp', 'Wiki of Westeros', 'https://gameofthrones.fandom.com/wiki/Shireen_Baratheon', 'https://static.wikia.nocookie.net/gameofthrones/images/e/eb/Shireen_Baratheon_Season_4_profile.jpg/revision/latest?cb=20210722092809', 'wiki_lead_image', 0, '{"provider":"Wiki of Westeros","kind":"wiki_lead_image","match":"exact_page_title","uncertain":false,"url":"https://gameofthrones.fandom.com/wiki/Shireen_Baratheon","assetUrl":"https://static.wikia.nocookie.net/gameofthrones/images/e/eb/Shireen_Baratheon_Season_4_profile.jpg/revision/latest?cb=20210722092809","accessed":"2026-07-10","originalSha256":"eb63a29f25913c7c6828214f86239eed2de0fb21f48da7539d959bad43390ce8","derivativeSha256":"c7b4aa88fdde9c94e8f317bc9e0313280854c774cc028b497bafacf1c418ef76","width":1200,"height":900,"presentation":"proportional_resize_with_padding"}');
INSERT INTO entities_fts (entity_key, name, aliases, type) VALUES ('character:shireen-baratheon', 'Shireen Baratheon', '', 'character');
INSERT INTO characters (entity_key, gender, culture, born, died, actor_json, titles_json, era) VALUES ('character:shireen-baratheon', 'female', NULL, 'In 289 AC, at Dragonstone', NULL, '["Kerry Ingram"]', '["Princess"]', 8);
INSERT INTO entities (entity_key, id, type, name, description, status, verification, raw_json) VALUES ('character:criston-cole', 'criston-cole', 'character', 'Criston Cole', 'A Kingsguard knight who rises to command the green armies.', 'alive_as_of_cutoff', 'single_source_curated', '{"id":"criston-cole","apiId":1511,"name":"Criston Cole","canonicalName":"Criston Cole","aliases":["Kingmaker"],"actor":["Fabien Frankel"],"gender":"male","culture":"Stormlands","born":"In 82 AC, at Blackhaven","died":"In 130 AC, at the Butcher''s Ball south of the Gods Eye","status":"alive_as_of_cutoff","houses":[],"titles":["Ser","Hand of the King"],"father":null,"mother":null,"spouse":null,"books":[5,9,10,11],"povBooks":[],"show":["house-of-the-dragon"],"presence":[{"show":"house-of-the-dragon","kind":"depicted","first":"S1E1"}],"playedBy":[],"sources":[{"label":"Wiki of Westeros — Criston Cole","url":"https://gameofthrones.fandom.com/wiki/Criston_Cole","provider":"Wiki of Westeros","kind":"reference_page","accessed":"2026-07-10"},{"label":"An API of Ice and Fire — character 1511","url":"https://anapioficeandfire.com/api/characters/1511","provider":"An API of Ice and Fire","kind":"structured_database","accessed":"2026-07-10"}],"verification":"single_source_curated","image":"/images/characters/criston-cole.webp","imageSource":{"provider":"Wiki of Westeros","kind":"wiki_lead_image","match":"exact_page_title","uncertain":false,"url":"https://gameofthrones.fandom.com/wiki/Criston_Cole","assetUrl":"https://static.wikia.nocookie.net/gameofthrones/images/d/d3/Criston_Hand_of_the_King.jpg/revision/latest?cb=20240628122731","accessed":"2026-07-10","originalSha256":"67cfaa881cac5d07c30b3e7878171b635e75a3eac34542c3f3c101aa1f4bc7ab","derivativeSha256":"915e3db0b68dd2f493b97c0d52b1b93f8dd90e12075d561f7a5b99aff2e13619","width":1200,"height":900,"presentation":"proportional_resize_with_padding"},"house":null,"parents":[],"children":[],"spouses":[],"dragon":null,"era":3,"biography":"A Kingsguard knight who rises to command the green armies.","legacyIds":["api-character-1511"]}');
INSERT INTO aliases (entity_key, alias) VALUES ('character:criston-cole', 'Kingmaker');
INSERT INTO appearances (entity_key, show_id, presence_kind, first_reference, details_json) VALUES ('character:criston-cole', 'house-of-the-dragon', 'depicted', 'S1E1', '{"show":"house-of-the-dragon","kind":"depicted","first":"S1E1"}');
INSERT INTO sources (entity_key, label, url, provider, source_kind, accessed) VALUES ('character:criston-cole', 'Wiki of Westeros — Criston Cole', 'https://gameofthrones.fandom.com/wiki/Criston_Cole', 'Wiki of Westeros', 'reference_page', '2026-07-10');
INSERT INTO sources (entity_key, label, url, provider, source_kind, accessed) VALUES ('character:criston-cole', 'An API of Ice and Fire — character 1511', 'https://anapioficeandfire.com/api/characters/1511', 'An API of Ice and Fire', 'structured_database', '2026-07-10');
INSERT INTO media (entity_key, local_path, provider, source_page, asset_url, media_kind, uncertain, metadata_json) VALUES ('character:criston-cole', '/images/characters/criston-cole.webp', 'Wiki of Westeros', 'https://gameofthrones.fandom.com/wiki/Criston_Cole', 'https://static.wikia.nocookie.net/gameofthrones/images/d/d3/Criston_Hand_of_the_King.jpg/revision/latest?cb=20240628122731', 'wiki_lead_image', 0, '{"provider":"Wiki of Westeros","kind":"wiki_lead_image","match":"exact_page_title","uncertain":false,"url":"https://gameofthrones.fandom.com/wiki/Criston_Cole","assetUrl":"https://static.wikia.nocookie.net/gameofthrones/images/d/d3/Criston_Hand_of_the_King.jpg/revision/latest?cb=20240628122731","accessed":"2026-07-10","originalSha256":"67cfaa881cac5d07c30b3e7878171b635e75a3eac34542c3f3c101aa1f4bc7ab","derivativeSha256":"915e3db0b68dd2f493b97c0d52b1b93f8dd90e12075d561f7a5b99aff2e13619","width":1200,"height":900,"presentation":"proportional_resize_with_padding"}');
INSERT INTO entities_fts (entity_key, name, aliases, type) VALUES ('character:criston-cole', 'Criston Cole', 'Kingmaker', 'character');
INSERT INTO characters (entity_key, gender, culture, born, died, actor_json, titles_json, era) VALUES ('character:criston-cole', 'male', 'Stormlands', 'In 82 AC, at Blackhaven', 'In 130 AC, at the Butcher''s Ball south of the Gods Eye', '["Fabien Frankel"]', '["Ser","Hand of the King"]', 3);
INSERT INTO entities (entity_key, id, type, name, description, status, verification, raw_json) VALUES ('character:mysaria', 'mysaria', 'character', 'Mysaria', 'A former sex worker who becomes a powerful intelligence broker.', 'alive_as_of_cutoff', 'single_source_curated', '{"id":"mysaria","apiId":1746,"name":"Mysaria","canonicalName":"Mysaria","aliases":["The White Worm"],"actor":["Sonoya Mizuno"],"gender":"female","culture":"Lysene","born":"At Lys","died":null,"status":"alive_as_of_cutoff","houses":[],"titles":[],"father":null,"mother":null,"spouse":null,"books":[9,10,11],"povBooks":[],"show":["house-of-the-dragon"],"presence":[{"show":"house-of-the-dragon","kind":"depicted","first":"S1E1"}],"playedBy":[],"sources":[{"label":"Wiki of Westeros — Mysaria","url":"https://gameofthrones.fandom.com/wiki/Mysaria","provider":"Wiki of Westeros","kind":"reference_page","accessed":"2026-07-10"},{"label":"An API of Ice and Fire — character 1746","url":"https://anapioficeandfire.com/api/characters/1746","provider":"An API of Ice and Fire","kind":"structured_database","accessed":"2026-07-10"}],"verification":"single_source_curated","image":"/images/characters/mysaria.webp","imageSource":{"provider":"Wiki of Westeros","kind":"wiki_lead_image","match":"exact_page_title","uncertain":false,"url":"https://gameofthrones.fandom.com/wiki/Mysaria","assetUrl":"https://static.wikia.nocookie.net/gameofthrones/images/2/26/1x9_Mysaria.jpg/revision/latest/scale-to-width-down/1215?cb=20221204124508","accessed":"2026-07-10","originalSha256":"6f088a1e0f8971311ef5170c94005f303a108d510006266a76f75b193b0fc211","derivativeSha256":"2519cd08643157f5177d930f95e7b038469183740f8a5707dc2f8b8218111d6e","width":1200,"height":900,"presentation":"proportional_resize_with_padding"},"house":null,"parents":[],"children":[],"spouses":[],"dragon":null,"era":3,"biography":"A former sex worker who becomes a powerful intelligence broker.","legacyIds":["api-character-1746"]}');
INSERT INTO aliases (entity_key, alias) VALUES ('character:mysaria', 'The White Worm');
INSERT INTO appearances (entity_key, show_id, presence_kind, first_reference, details_json) VALUES ('character:mysaria', 'house-of-the-dragon', 'depicted', 'S1E1', '{"show":"house-of-the-dragon","kind":"depicted","first":"S1E1"}');
INSERT INTO sources (entity_key, label, url, provider, source_kind, accessed) VALUES ('character:mysaria', 'Wiki of Westeros — Mysaria', 'https://gameofthrones.fandom.com/wiki/Mysaria', 'Wiki of Westeros', 'reference_page', '2026-07-10');
INSERT INTO sources (entity_key, label, url, provider, source_kind, accessed) VALUES ('character:mysaria', 'An API of Ice and Fire — character 1746', 'https://anapioficeandfire.com/api/characters/1746', 'An API of Ice and Fire', 'structured_database', '2026-07-10');
INSERT INTO media (entity_key, local_path, provider, source_page, asset_url, media_kind, uncertain, metadata_json) VALUES ('character:mysaria', '/images/characters/mysaria.webp', 'Wiki of Westeros', 'https://gameofthrones.fandom.com/wiki/Mysaria', 'https://static.wikia.nocookie.net/gameofthrones/images/2/26/1x9_Mysaria.jpg/revision/latest/scale-to-width-down/1215?cb=20221204124508', 'wiki_lead_image', 0, '{"provider":"Wiki of Westeros","kind":"wiki_lead_image","match":"exact_page_title","uncertain":false,"url":"https://gameofthrones.fandom.com/wiki/Mysaria","assetUrl":"https://static.wikia.nocookie.net/gameofthrones/images/2/26/1x9_Mysaria.jpg/revision/latest/scale-to-width-down/1215?cb=20221204124508","accessed":"2026-07-10","originalSha256":"6f088a1e0f8971311ef5170c94005f303a108d510006266a76f75b193b0fc211","derivativeSha256":"2519cd08643157f5177d930f95e7b038469183740f8a5707dc2f8b8218111d6e","width":1200,"height":900,"presentation":"proportional_resize_with_padding"}');
INSERT INTO entities_fts (entity_key, name, aliases, type) VALUES ('character:mysaria', 'Mysaria', 'The White Worm', 'character');
INSERT INTO characters (entity_key, gender, culture, born, died, actor_json, titles_json, era) VALUES ('character:mysaria', 'female', 'Lysene', 'At Lys', NULL, '["Sonoya Mizuno"]', '[]', 3);
INSERT INTO entities (entity_key, id, type, name, description, status, verification, raw_json) VALUES ('character:larys-strong', 'larys-strong', 'character', 'Larys Strong', 'A calculating courtier and covert ally of Alicent and Aegon II.', 'alive_as_of_cutoff', 'single_source_curated', '{"id":"larys-strong","apiId":618,"name":"Larys Strong","canonicalName":"Larys Strong","aliases":["The Clubfoot"],"actor":["Matthew Needham"],"gender":"male","culture":null,"born":"In 91 AC or before","died":null,"status":"alive_as_of_cutoff","houses":["house-strong"],"titles":["Lord of Harrenhal","Master of Whisperers"],"father":null,"mother":null,"spouse":null,"books":[9,10],"povBooks":[],"show":["house-of-the-dragon"],"presence":[{"show":"house-of-the-dragon","kind":"depicted","first":"S1E3"}],"playedBy":[],"sources":[{"label":"Wiki of Westeros — Larys Strong","url":"https://gameofthrones.fandom.com/wiki/Larys_Strong","provider":"Wiki of Westeros","kind":"reference_page","accessed":"2026-07-10"},{"label":"An API of Ice and Fire — character 618","url":"https://anapioficeandfire.com/api/characters/618","provider":"An API of Ice and Fire","kind":"structured_database","accessed":"2026-07-10"}],"verification":"single_source_curated","image":"/images/characters/larys-strong.webp","imageSource":{"provider":"Wiki of Westeros","kind":"wiki_lead_image","match":"exact_page_title","uncertain":false,"url":"https://gameofthrones.fandom.com/wiki/Larys_Strong","assetUrl":"https://static.wikia.nocookie.net/gameofthrones/images/7/76/Larys_Strong_S2.jpg/revision/latest/scale-to-width-down/1192?cb=20240606091503","accessed":"2026-07-10","originalSha256":"07bdec2b8116a0b095446ed87e3d13a09fd1074646c1bafa3a5c8999a414cd80","derivativeSha256":"ed27b7ab89268b84b5eabbc555325d29e61dbb6aaf259078989c844d3475ad9b","width":1200,"height":900,"presentation":"proportional_resize_with_padding"},"house":"house-strong","parents":[],"children":[],"spouses":[],"dragon":null,"era":3,"biography":"A calculating courtier and covert ally of Alicent and Aegon II.","legacyIds":["api-character-618"]}');
INSERT INTO aliases (entity_key, alias) VALUES ('character:larys-strong', 'The Clubfoot');
INSERT INTO appearances (entity_key, show_id, presence_kind, first_reference, details_json) VALUES ('character:larys-strong', 'house-of-the-dragon', 'depicted', 'S1E3', '{"show":"house-of-the-dragon","kind":"depicted","first":"S1E3"}');
INSERT INTO sources (entity_key, label, url, provider, source_kind, accessed) VALUES ('character:larys-strong', 'Wiki of Westeros — Larys Strong', 'https://gameofthrones.fandom.com/wiki/Larys_Strong', 'Wiki of Westeros', 'reference_page', '2026-07-10');
INSERT INTO sources (entity_key, label, url, provider, source_kind, accessed) VALUES ('character:larys-strong', 'An API of Ice and Fire — character 618', 'https://anapioficeandfire.com/api/characters/618', 'An API of Ice and Fire', 'structured_database', '2026-07-10');
INSERT INTO media (entity_key, local_path, provider, source_page, asset_url, media_kind, uncertain, metadata_json) VALUES ('character:larys-strong', '/images/characters/larys-strong.webp', 'Wiki of Westeros', 'https://gameofthrones.fandom.com/wiki/Larys_Strong', 'https://static.wikia.nocookie.net/gameofthrones/images/7/76/Larys_Strong_S2.jpg/revision/latest/scale-to-width-down/1192?cb=20240606091503', 'wiki_lead_image', 0, '{"provider":"Wiki of Westeros","kind":"wiki_lead_image","match":"exact_page_title","uncertain":false,"url":"https://gameofthrones.fandom.com/wiki/Larys_Strong","assetUrl":"https://static.wikia.nocookie.net/gameofthrones/images/7/76/Larys_Strong_S2.jpg/revision/latest/scale-to-width-down/1192?cb=20240606091503","accessed":"2026-07-10","originalSha256":"07bdec2b8116a0b095446ed87e3d13a09fd1074646c1bafa3a5c8999a414cd80","derivativeSha256":"ed27b7ab89268b84b5eabbc555325d29e61dbb6aaf259078989c844d3475ad9b","width":1200,"height":900,"presentation":"proportional_resize_with_padding"}');
INSERT INTO entities_fts (entity_key, name, aliases, type) VALUES ('character:larys-strong', 'Larys Strong', 'The Clubfoot', 'character');
INSERT INTO characters (entity_key, gender, culture, born, died, actor_json, titles_json, era) VALUES ('character:larys-strong', 'male', NULL, 'In 91 AC or before', NULL, '["Matthew Needham"]', '["Lord of Harrenhal","Master of Whisperers"]', 3);
INSERT INTO entities (entity_key, id, type, name, description, status, verification, raw_json) VALUES ('character:lyonel-strong', 'lyonel-strong', 'character', 'Lyonel Strong', 'A respected councillor who serves as Viserys''s Hand.', 'dead', 'single_source_curated', '{"id":"lyonel-strong","apiId":684,"name":"Lyonel Strong","canonicalName":"Lyonel Strong","aliases":[],"actor":["Gavin Spokes"],"gender":"male","culture":null,"born":null,"died":"In 120 AC, at Harrenhal","status":"dead","houses":["house-strong"],"titles":["Lord of Harrenhal","Hand of the King"],"father":null,"mother":null,"spouse":null,"books":[10],"povBooks":[],"show":["house-of-the-dragon"],"presence":[{"show":"house-of-the-dragon","kind":"depicted","first":"S1E1"}],"playedBy":[],"sources":[{"label":"Wiki of Westeros — Lyonel Strong","url":"https://gameofthrones.fandom.com/wiki/Lyonel_Strong","provider":"Wiki of Westeros","kind":"reference_page","accessed":"2026-07-10"},{"label":"An API of Ice and Fire — character 684","url":"https://anapioficeandfire.com/api/characters/684","provider":"An API of Ice and Fire","kind":"structured_database","accessed":"2026-07-10"}],"verification":"single_source_curated","image":"/images/characters/lyonel-strong.webp","imageSource":{"provider":"Wiki of Westeros","kind":"wiki_lead_image","match":"exact_page_title","uncertain":false,"url":"https://gameofthrones.fandom.com/wiki/Lyonel_Strong","assetUrl":"https://static.wikia.nocookie.net/gameofthrones/images/0/0e/Lyonel_Strong_TPATQ.jpg/revision/latest/scale-to-width-down/1200?cb=20221115082105","accessed":"2026-07-10","originalSha256":"9bbda4d3c9205b134be39d82e8ec4a10a6a1a1e32136d6f3f625c4bfbb780fc5","derivativeSha256":"ed918c941cf2378ff9133784bde24c81d281ccf77dcc249f2a0905ee4fe4ab78","width":1200,"height":900,"presentation":"proportional_resize_with_padding"},"house":"house-strong","parents":[],"children":["harwin-strong","larys-strong"],"spouses":[],"dragon":null,"era":2,"biography":"A respected councillor who serves as Viserys''s Hand.","legacyIds":["api-character-684"]}');
INSERT INTO appearances (entity_key, show_id, presence_kind, first_reference, details_json) VALUES ('character:lyonel-strong', 'house-of-the-dragon', 'depicted', 'S1E1', '{"show":"house-of-the-dragon","kind":"depicted","first":"S1E1"}');
INSERT INTO sources (entity_key, label, url, provider, source_kind, accessed) VALUES ('character:lyonel-strong', 'Wiki of Westeros — Lyonel Strong', 'https://gameofthrones.fandom.com/wiki/Lyonel_Strong', 'Wiki of Westeros', 'reference_page', '2026-07-10');
INSERT INTO sources (entity_key, label, url, provider, source_kind, accessed) VALUES ('character:lyonel-strong', 'An API of Ice and Fire — character 684', 'https://anapioficeandfire.com/api/characters/684', 'An API of Ice and Fire', 'structured_database', '2026-07-10');
INSERT INTO media (entity_key, local_path, provider, source_page, asset_url, media_kind, uncertain, metadata_json) VALUES ('character:lyonel-strong', '/images/characters/lyonel-strong.webp', 'Wiki of Westeros', 'https://gameofthrones.fandom.com/wiki/Lyonel_Strong', 'https://static.wikia.nocookie.net/gameofthrones/images/0/0e/Lyonel_Strong_TPATQ.jpg/revision/latest/scale-to-width-down/1200?cb=20221115082105', 'wiki_lead_image', 0, '{"provider":"Wiki of Westeros","kind":"wiki_lead_image","match":"exact_page_title","uncertain":false,"url":"https://gameofthrones.fandom.com/wiki/Lyonel_Strong","assetUrl":"https://static.wikia.nocookie.net/gameofthrones/images/0/0e/Lyonel_Strong_TPATQ.jpg/revision/latest/scale-to-width-down/1200?cb=20221115082105","accessed":"2026-07-10","originalSha256":"9bbda4d3c9205b134be39d82e8ec4a10a6a1a1e32136d6f3f625c4bfbb780fc5","derivativeSha256":"ed918c941cf2378ff9133784bde24c81d281ccf77dcc249f2a0905ee4fe4ab78","width":1200,"height":900,"presentation":"proportional_resize_with_padding"}');
INSERT INTO entities_fts (entity_key, name, aliases, type) VALUES ('character:lyonel-strong', 'Lyonel Strong', '', 'character');
INSERT INTO characters (entity_key, gender, culture, born, died, actor_json, titles_json, era) VALUES ('character:lyonel-strong', 'male', NULL, NULL, 'In 120 AC, at Harrenhal', '["Gavin Spokes"]', '["Lord of Harrenhal","Hand of the King"]', 2);
INSERT INTO entities (entity_key, id, type, name, description, status, verification, raw_json) VALUES ('character:alys-rivers', 'alys-rivers', 'character', 'Alys Rivers', 'A mysterious healer at Harrenhal who guides Daemon through visions.', 'alive_as_of_cutoff', 'single_source_curated', '{"id":"alys-rivers","name":"Alys Rivers","aliases":[],"actor":["Gayle Rankin"],"gender":"female","status":"alive_as_of_cutoff","house":null,"titles":[],"parents":[],"children":[],"spouses":[],"dragon":null,"show":["house-of-the-dragon"],"presence":[{"show":"house-of-the-dragon","kind":"depicted","first":"S2E3"}],"era":3,"biography":"A mysterious healer at Harrenhal who guides Daemon through visions.","sources":[{"label":"Wiki of Westeros — Alys Rivers","url":"https://gameofthrones.fandom.com/wiki/Alys_Rivers","provider":"Wiki of Westeros","kind":"reference_page","accessed":"2026-07-10"}],"verification":"single_source_curated","image":"/images/characters/alys-rivers.webp","imageSource":{"provider":"Wiki of Westeros","kind":"wiki_lead_image","match":"exact_page_title","uncertain":false,"url":"https://gameofthrones.fandom.com/wiki/Alys_Rivers","assetUrl":"https://static.wikia.nocookie.net/gameofthrones/images/8/8b/Alys_Rivers.jpg/revision/latest?cb=20240701070733","accessed":"2026-07-10","originalSha256":"79e98675db31adcaad645d656e79ded0353df75440b069decc24a6b4311fa2af","derivativeSha256":"437271c229957370cbbfffff40afc5fcb7902d3a5470001cedda85a2c4f64066","width":1200,"height":900,"presentation":"proportional_resize_with_padding"},"apiId":null,"houses":[],"legacyIds":[],"father":null,"mother":null,"spouse":null}');
INSERT INTO appearances (entity_key, show_id, presence_kind, first_reference, details_json) VALUES ('character:alys-rivers', 'house-of-the-dragon', 'depicted', 'S2E3', '{"show":"house-of-the-dragon","kind":"depicted","first":"S2E3"}');
INSERT INTO sources (entity_key, label, url, provider, source_kind, accessed) VALUES ('character:alys-rivers', 'Wiki of Westeros — Alys Rivers', 'https://gameofthrones.fandom.com/wiki/Alys_Rivers', 'Wiki of Westeros', 'reference_page', '2026-07-10');
INSERT INTO media (entity_key, local_path, provider, source_page, asset_url, media_kind, uncertain, metadata_json) VALUES ('character:alys-rivers', '/images/characters/alys-rivers.webp', 'Wiki of Westeros', 'https://gameofthrones.fandom.com/wiki/Alys_Rivers', 'https://static.wikia.nocookie.net/gameofthrones/images/8/8b/Alys_Rivers.jpg/revision/latest?cb=20240701070733', 'wiki_lead_image', 0, '{"provider":"Wiki of Westeros","kind":"wiki_lead_image","match":"exact_page_title","uncertain":false,"url":"https://gameofthrones.fandom.com/wiki/Alys_Rivers","assetUrl":"https://static.wikia.nocookie.net/gameofthrones/images/8/8b/Alys_Rivers.jpg/revision/latest?cb=20240701070733","accessed":"2026-07-10","originalSha256":"79e98675db31adcaad645d656e79ded0353df75440b069decc24a6b4311fa2af","derivativeSha256":"437271c229957370cbbfffff40afc5fcb7902d3a5470001cedda85a2c4f64066","width":1200,"height":900,"presentation":"proportional_resize_with_padding"}');
INSERT INTO entities_fts (entity_key, name, aliases, type) VALUES ('character:alys-rivers', 'Alys Rivers', '', 'character');
INSERT INTO characters (entity_key, gender, culture, born, died, actor_json, titles_json, era) VALUES ('character:alys-rivers', 'female', NULL, NULL, NULL, '["Gayle Rankin"]', '[]', 3);
INSERT INTO entities (entity_key, id, type, name, description, status, verification, raw_json) VALUES ('character:addam-of-hull', 'addam-of-hull', 'character', 'Addam of Hull', 'A shipwright of Hull chosen by Seasmoke as a rider.', 'alive_as_of_cutoff', 'single_source_curated', '{"id":"addam-of-hull","apiId":33,"name":"Addam of Hull","canonicalName":"Addam Velaryon","aliases":["Addam of Hull","Addam Velaryon"],"actor":["Clinton Liberty"],"gender":"male","culture":"Valyrian","born":"In 114 AC, at Hull","died":"In 130 AC, at Tumbleton","status":"alive_as_of_cutoff","houses":["house-targaryen","house-velaryon"],"titles":["Ser"],"father":null,"mother":null,"spouse":null,"books":[9,11],"povBooks":[],"show":["house-of-the-dragon"],"presence":[{"show":"house-of-the-dragon","kind":"depicted","first":"S2E2"}],"playedBy":[],"sources":[{"label":"An API of Ice and Fire — character 33","url":"https://anapioficeandfire.com/api/characters/33","provider":"An API of Ice and Fire","kind":"structured_database","accessed":"2026-07-10"},{"label":"Wiki of Westeros — Addam of Hull","url":"https://gameofthrones.fandom.com/wiki/Addam_of_Hull","provider":"Wiki of Westeros","kind":"reference_page","accessed":"2026-07-10"}],"verification":"single_source_curated","image":"/images/characters/addam-of-hull.webp","imageSource":{"provider":"Wiki of Westeros","kind":"wiki_lead_image","match":"exact_page_title","uncertain":false,"url":"https://gameofthrones.fandom.com/wiki/Addam_of_Hull","assetUrl":"https://static.wikia.nocookie.net/gameofthrones/images/5/59/2x7_Addam_of_Hull_Infobox.jpg/revision/latest?cb=20240729052444","accessed":"2026-07-10","originalSha256":"a6489bec08133a1fcc3b2df96bc1c9c5ad14b85f628947f32c6cddd89b6a22f3","derivativeSha256":"8b50fa6fd85937b897c9031688aae3c0a66462f0a868a17d82067a3873aea89a","width":1200,"height":900,"presentation":"proportional_resize_with_padding"},"house":"house-velaryon","parents":[],"children":[],"spouses":[],"dragon":"seasmoke","era":3,"biography":"A shipwright of Hull chosen by Seasmoke as a rider.","legacyIds":["api-character-33"]}');
INSERT INTO aliases (entity_key, alias) VALUES ('character:addam-of-hull', 'Addam of Hull');
INSERT INTO aliases (entity_key, alias) VALUES ('character:addam-of-hull', 'Addam Velaryon');
INSERT INTO appearances (entity_key, show_id, presence_kind, first_reference, details_json) VALUES ('character:addam-of-hull', 'house-of-the-dragon', 'depicted', 'S2E2', '{"show":"house-of-the-dragon","kind":"depicted","first":"S2E2"}');
INSERT INTO sources (entity_key, label, url, provider, source_kind, accessed) VALUES ('character:addam-of-hull', 'An API of Ice and Fire — character 33', 'https://anapioficeandfire.com/api/characters/33', 'An API of Ice and Fire', 'structured_database', '2026-07-10');
INSERT INTO sources (entity_key, label, url, provider, source_kind, accessed) VALUES ('character:addam-of-hull', 'Wiki of Westeros — Addam of Hull', 'https://gameofthrones.fandom.com/wiki/Addam_of_Hull', 'Wiki of Westeros', 'reference_page', '2026-07-10');
INSERT INTO media (entity_key, local_path, provider, source_page, asset_url, media_kind, uncertain, metadata_json) VALUES ('character:addam-of-hull', '/images/characters/addam-of-hull.webp', 'Wiki of Westeros', 'https://gameofthrones.fandom.com/wiki/Addam_of_Hull', 'https://static.wikia.nocookie.net/gameofthrones/images/5/59/2x7_Addam_of_Hull_Infobox.jpg/revision/latest?cb=20240729052444', 'wiki_lead_image', 0, '{"provider":"Wiki of Westeros","kind":"wiki_lead_image","match":"exact_page_title","uncertain":false,"url":"https://gameofthrones.fandom.com/wiki/Addam_of_Hull","assetUrl":"https://static.wikia.nocookie.net/gameofthrones/images/5/59/2x7_Addam_of_Hull_Infobox.jpg/revision/latest?cb=20240729052444","accessed":"2026-07-10","originalSha256":"a6489bec08133a1fcc3b2df96bc1c9c5ad14b85f628947f32c6cddd89b6a22f3","derivativeSha256":"8b50fa6fd85937b897c9031688aae3c0a66462f0a868a17d82067a3873aea89a","width":1200,"height":900,"presentation":"proportional_resize_with_padding"}');
INSERT INTO entities_fts (entity_key, name, aliases, type) VALUES ('character:addam-of-hull', 'Addam of Hull', 'Addam of Hull Addam Velaryon', 'character');
INSERT INTO characters (entity_key, gender, culture, born, died, actor_json, titles_json, era) VALUES ('character:addam-of-hull', 'male', 'Valyrian', 'In 114 AC, at Hull', 'In 130 AC, at Tumbleton', '["Clinton Liberty"]', '["Ser"]', 3);
INSERT INTO entities (entity_key, id, type, name, description, status, verification, raw_json) VALUES ('character:alyn-of-hull', 'alyn-of-hull', 'character', 'Alyn of Hull', 'A sailor of Hull and brother of Addam.', 'alive_as_of_cutoff', 'single_source_curated', '{"id":"alyn-of-hull","apiId":91,"name":"Alyn of Hull","canonicalName":"Alyn Velaryon","aliases":["Alyn of Hull","The Oakenfist","Lord Oakenfist","Alyn Velaryon"],"actor":["Abubakar Salim"],"gender":"male","culture":"Valyrian","born":"In 115 AC or later, at Hull, Driftmark","died":"In or between 171 AC and 176 AC, at sea","status":"alive_as_of_cutoff","houses":["house-targaryen","house-velaryon"],"titles":["Lord of the Tides","Master of Driftmark","Admiral","Master of ships"],"father":null,"mother":null,"spouse":"baela-targaryen","books":[5,8,9,11],"povBooks":[],"show":["house-of-the-dragon"],"presence":[{"show":"house-of-the-dragon","kind":"depicted","first":"S2E1"}],"playedBy":[],"sources":[{"label":"An API of Ice and Fire — character 91","url":"https://anapioficeandfire.com/api/characters/91","provider":"An API of Ice and Fire","kind":"structured_database","accessed":"2026-07-10"},{"label":"Wiki of Westeros — Alyn of Hull","url":"https://gameofthrones.fandom.com/wiki/Alyn_of_Hull","provider":"Wiki of Westeros","kind":"reference_page","accessed":"2026-07-10"}],"verification":"single_source_curated","image":"/images/characters/alyn-of-hull.webp","imageSource":{"provider":"Wiki of Westeros","kind":"wiki_lead_image","match":"exact_page_title","uncertain":false,"url":"https://gameofthrones.fandom.com/wiki/Alyn_of_Hull","assetUrl":"https://static.wikia.nocookie.net/gameofthrones/images/3/33/Alyn_of_Hull.png/revision/latest?cb=20240605031249","accessed":"2026-07-10","originalSha256":"27a4cbc2f16150e696936bfa0411ffbf3f20ad00268a44001c9f8166854811cf","derivativeSha256":"f69a86fe085e3d1786d6bbff45d4d973efa8fef4826c2d0e968eba716ccd7602","width":1200,"height":900,"presentation":"proportional_resize_with_padding"},"house":"house-velaryon","parents":[],"children":[],"spouses":[],"dragon":null,"era":3,"biography":"A sailor of Hull and brother of Addam.","legacyIds":["api-character-91"]}');
INSERT INTO aliases (entity_key, alias) VALUES ('character:alyn-of-hull', 'Alyn of Hull');
INSERT INTO aliases (entity_key, alias) VALUES ('character:alyn-of-hull', 'The Oakenfist');
INSERT INTO aliases (entity_key, alias) VALUES ('character:alyn-of-hull', 'Lord Oakenfist');
INSERT INTO aliases (entity_key, alias) VALUES ('character:alyn-of-hull', 'Alyn Velaryon');
INSERT INTO appearances (entity_key, show_id, presence_kind, first_reference, details_json) VALUES ('character:alyn-of-hull', 'house-of-the-dragon', 'depicted', 'S2E1', '{"show":"house-of-the-dragon","kind":"depicted","first":"S2E1"}');
INSERT INTO sources (entity_key, label, url, provider, source_kind, accessed) VALUES ('character:alyn-of-hull', 'An API of Ice and Fire — character 91', 'https://anapioficeandfire.com/api/characters/91', 'An API of Ice and Fire', 'structured_database', '2026-07-10');
INSERT INTO sources (entity_key, label, url, provider, source_kind, accessed) VALUES ('character:alyn-of-hull', 'Wiki of Westeros — Alyn of Hull', 'https://gameofthrones.fandom.com/wiki/Alyn_of_Hull', 'Wiki of Westeros', 'reference_page', '2026-07-10');
INSERT INTO media (entity_key, local_path, provider, source_page, asset_url, media_kind, uncertain, metadata_json) VALUES ('character:alyn-of-hull', '/images/characters/alyn-of-hull.webp', 'Wiki of Westeros', 'https://gameofthrones.fandom.com/wiki/Alyn_of_Hull', 'https://static.wikia.nocookie.net/gameofthrones/images/3/33/Alyn_of_Hull.png/revision/latest?cb=20240605031249', 'wiki_lead_image', 0, '{"provider":"Wiki of Westeros","kind":"wiki_lead_image","match":"exact_page_title","uncertain":false,"url":"https://gameofthrones.fandom.com/wiki/Alyn_of_Hull","assetUrl":"https://static.wikia.nocookie.net/gameofthrones/images/3/33/Alyn_of_Hull.png/revision/latest?cb=20240605031249","accessed":"2026-07-10","originalSha256":"27a4cbc2f16150e696936bfa0411ffbf3f20ad00268a44001c9f8166854811cf","derivativeSha256":"f69a86fe085e3d1786d6bbff45d4d973efa8fef4826c2d0e968eba716ccd7602","width":1200,"height":900,"presentation":"proportional_resize_with_padding"}');
INSERT INTO entities_fts (entity_key, name, aliases, type) VALUES ('character:alyn-of-hull', 'Alyn of Hull', 'Alyn of Hull The Oakenfist Lord Oakenfist Alyn Velaryon', 'character');
INSERT INTO characters (entity_key, gender, culture, born, died, actor_json, titles_json, era) VALUES ('character:alyn-of-hull', 'male', 'Valyrian', 'In 115 AC or later, at Hull, Driftmark', 'In or between 171 AC and 176 AC, at sea', '["Abubakar Salim"]', '["Lord of the Tides","Master of Driftmark","Admiral","Master of ships"]', 3);
INSERT INTO entities (entity_key, id, type, name, description, status, verification, raw_json) VALUES ('character:hugh-hammer', 'hugh-hammer', 'character', 'Hugh Hammer', 'A King''s Landing blacksmith who claims Vermithor.', 'alive_as_of_cutoff', 'single_source_curated', '{"id":"hugh-hammer","apiId":1513,"name":"Hugh Hammer","canonicalName":"Hugh Hammer","aliases":[],"actor":["Kieran Bew"],"gender":"male","culture":null,"born":null,"died":"In 130 AC, at Tumbleton","status":"alive_as_of_cutoff","houses":[],"titles":[],"father":null,"mother":null,"spouse":null,"books":[9,11],"povBooks":[],"show":["house-of-the-dragon"],"presence":[{"show":"house-of-the-dragon","kind":"depicted","first":"S2E1"}],"playedBy":[],"sources":[{"label":"Wiki of Westeros — Hugh Hammer","url":"https://gameofthrones.fandom.com/wiki/Hugh_Hammer","provider":"Wiki of Westeros","kind":"reference_page","accessed":"2026-07-10"},{"label":"An API of Ice and Fire — character 1513","url":"https://anapioficeandfire.com/api/characters/1513","provider":"An API of Ice and Fire","kind":"structured_database","accessed":"2026-07-10"}],"verification":"single_source_curated","image":"/images/fallback-character.svg","imageSource":{"provider":"Local archive fallback","kind":"fallback","match":"none","uncertain":false,"reason":"Canonical title mismatch: expected [\"Hugh Hammer\"], received \"Hugh the Hammer\"","url":null,"assetUrl":null},"house":null,"parents":[],"children":[],"spouses":[],"dragon":"vermithor","era":3,"biography":"A King''s Landing blacksmith who claims Vermithor.","legacyIds":["api-character-1513"]}');
INSERT INTO appearances (entity_key, show_id, presence_kind, first_reference, details_json) VALUES ('character:hugh-hammer', 'house-of-the-dragon', 'depicted', 'S2E1', '{"show":"house-of-the-dragon","kind":"depicted","first":"S2E1"}');
INSERT INTO sources (entity_key, label, url, provider, source_kind, accessed) VALUES ('character:hugh-hammer', 'Wiki of Westeros — Hugh Hammer', 'https://gameofthrones.fandom.com/wiki/Hugh_Hammer', 'Wiki of Westeros', 'reference_page', '2026-07-10');
INSERT INTO sources (entity_key, label, url, provider, source_kind, accessed) VALUES ('character:hugh-hammer', 'An API of Ice and Fire — character 1513', 'https://anapioficeandfire.com/api/characters/1513', 'An API of Ice and Fire', 'structured_database', '2026-07-10');
INSERT INTO media (entity_key, local_path, provider, source_page, asset_url, media_kind, uncertain, metadata_json) VALUES ('character:hugh-hammer', '/images/fallback-character.svg', 'Local archive fallback', NULL, NULL, 'fallback', 0, '{"provider":"Local archive fallback","kind":"fallback","match":"none","uncertain":false,"reason":"Canonical title mismatch: expected [\"Hugh Hammer\"], received \"Hugh the Hammer\"","url":null,"assetUrl":null}');
INSERT INTO entities_fts (entity_key, name, aliases, type) VALUES ('character:hugh-hammer', 'Hugh Hammer', '', 'character');
INSERT INTO characters (entity_key, gender, culture, born, died, actor_json, titles_json, era) VALUES ('character:hugh-hammer', 'male', NULL, NULL, 'In 130 AC, at Tumbleton', '["Kieran Bew"]', '[]', 3);
INSERT INTO entities (entity_key, id, type, name, description, status, verification, raw_json) VALUES ('character:ulf-white', 'ulf-white', 'character', 'Ulf White', 'A King''s Landing tavern regular who claims Silverwing.', 'alive_as_of_cutoff', 'single_source_curated', '{"id":"ulf-white","apiId":2048,"name":"Ulf White","canonicalName":"Ulf the White","aliases":["Ulf White","Ulf the Sot","The Betrayer","Ulf the White"],"actor":["Tom Bennett"],"gender":"male","culture":null,"born":null,"died":"In 130 AC, at Tumbleton","status":"alive_as_of_cutoff","houses":[],"titles":["Ser","Lord of Bitterbridge"],"father":null,"mother":null,"spouse":null,"books":[9,11],"povBooks":[],"show":["house-of-the-dragon"],"presence":[{"show":"house-of-the-dragon","kind":"depicted","first":"S2E3"}],"playedBy":[],"sources":[{"label":"An API of Ice and Fire — character 2048","url":"https://anapioficeandfire.com/api/characters/2048","provider":"An API of Ice and Fire","kind":"structured_database","accessed":"2026-07-10"},{"label":"Wiki of Westeros — Ulf White","url":"https://gameofthrones.fandom.com/wiki/Ulf_White","provider":"Wiki of Westeros","kind":"reference_page","accessed":"2026-07-10"},{"label":"Wiki of Westeros — Ulf the White","url":"https://gameofthrones.fandom.com/wiki/Ulf_the_White","provider":"Wiki of Westeros","kind":"reference_page","accessed":"2026-07-10"}],"verification":"single_source_curated","image":"/images/characters/ulf-white.webp","imageSource":{"provider":"Wiki of Westeros","kind":"wiki_lead_image","match":"exact_page_title","uncertain":false,"url":"https://gameofthrones.fandom.com/wiki/Ulf_the_White","assetUrl":"https://static.wikia.nocookie.net/gameofthrones/images/5/5f/2x7_Ulf_Infobox.jpg/revision/latest?cb=20240729052514","accessed":"2026-07-10","originalSha256":"20e7fbb6b2b8f07dbfd74878511a91eb23a5beb37a995a9be040fba6d8f26f42","derivativeSha256":"6bed469a8092c68e5bedc20af5000c32d91423721c452c4449374a4329e189c6","width":1200,"height":900,"presentation":"proportional_resize_with_padding"},"house":null,"parents":[],"children":[],"spouses":[],"dragon":"silverwing","era":3,"biography":"A King''s Landing tavern regular who claims Silverwing.","legacyIds":["api-character-2048"]}');
INSERT INTO aliases (entity_key, alias) VALUES ('character:ulf-white', 'Ulf White');
INSERT INTO aliases (entity_key, alias) VALUES ('character:ulf-white', 'Ulf the Sot');
INSERT INTO aliases (entity_key, alias) VALUES ('character:ulf-white', 'The Betrayer');
INSERT INTO aliases (entity_key, alias) VALUES ('character:ulf-white', 'Ulf the White');
INSERT INTO appearances (entity_key, show_id, presence_kind, first_reference, details_json) VALUES ('character:ulf-white', 'house-of-the-dragon', 'depicted', 'S2E3', '{"show":"house-of-the-dragon","kind":"depicted","first":"S2E3"}');
INSERT INTO sources (entity_key, label, url, provider, source_kind, accessed) VALUES ('character:ulf-white', 'An API of Ice and Fire — character 2048', 'https://anapioficeandfire.com/api/characters/2048', 'An API of Ice and Fire', 'structured_database', '2026-07-10');
INSERT INTO sources (entity_key, label, url, provider, source_kind, accessed) VALUES ('character:ulf-white', 'Wiki of Westeros — Ulf White', 'https://gameofthrones.fandom.com/wiki/Ulf_White', 'Wiki of Westeros', 'reference_page', '2026-07-10');
INSERT INTO sources (entity_key, label, url, provider, source_kind, accessed) VALUES ('character:ulf-white', 'Wiki of Westeros — Ulf the White', 'https://gameofthrones.fandom.com/wiki/Ulf_the_White', 'Wiki of Westeros', 'reference_page', '2026-07-10');
INSERT INTO media (entity_key, local_path, provider, source_page, asset_url, media_kind, uncertain, metadata_json) VALUES ('character:ulf-white', '/images/characters/ulf-white.webp', 'Wiki of Westeros', 'https://gameofthrones.fandom.com/wiki/Ulf_the_White', 'https://static.wikia.nocookie.net/gameofthrones/images/5/5f/2x7_Ulf_Infobox.jpg/revision/latest?cb=20240729052514', 'wiki_lead_image', 0, '{"provider":"Wiki of Westeros","kind":"wiki_lead_image","match":"exact_page_title","uncertain":false,"url":"https://gameofthrones.fandom.com/wiki/Ulf_the_White","assetUrl":"https://static.wikia.nocookie.net/gameofthrones/images/5/5f/2x7_Ulf_Infobox.jpg/revision/latest?cb=20240729052514","accessed":"2026-07-10","originalSha256":"20e7fbb6b2b8f07dbfd74878511a91eb23a5beb37a995a9be040fba6d8f26f42","derivativeSha256":"6bed469a8092c68e5bedc20af5000c32d91423721c452c4449374a4329e189c6","width":1200,"height":900,"presentation":"proportional_resize_with_padding"}');
INSERT INTO entities_fts (entity_key, name, aliases, type) VALUES ('character:ulf-white', 'Ulf White', 'Ulf White Ulf the Sot The Betrayer Ulf the White', 'character');
INSERT INTO characters (entity_key, gender, culture, born, died, actor_json, titles_json, era) VALUES ('character:ulf-white', 'male', NULL, NULL, 'In 130 AC, at Tumbleton', '["Tom Bennett"]', '["Ser","Lord of Bitterbridge"]', 3);
INSERT INTO entities (entity_key, id, type, name, description, status, verification, raw_json) VALUES ('character:erryk-cargyll', 'erryk-cargyll', 'character', 'Erryk Cargyll', 'A Kingsguard knight who supports Rhaenyra against his twin.', 'dead', 'single_source_curated', '{"id":"erryk-cargyll","name":"Erryk Cargyll","aliases":[],"actor":["Elliott Tittensor"],"gender":"male","status":"dead","house":null,"titles":["Ser","Kingsguard"],"parents":[],"children":[],"spouses":[],"dragon":null,"show":["house-of-the-dragon"],"presence":[{"show":"house-of-the-dragon","kind":"depicted","first":"S1E1"}],"era":3,"biography":"A Kingsguard knight who supports Rhaenyra against his twin.","sources":[{"label":"Wiki of Westeros — Erryk Cargyll","url":"https://gameofthrones.fandom.com/wiki/Erryk_Cargyll","provider":"Wiki of Westeros","kind":"reference_page","accessed":"2026-07-10"}],"verification":"single_source_curated","image":"/images/characters/erryk-cargyll.webp","imageSource":{"provider":"Wiki of Westeros","kind":"wiki_lead_image","match":"exact_page_title","uncertain":false,"url":"https://gameofthrones.fandom.com/wiki/Erryk_Cargyll","assetUrl":"https://static.wikia.nocookie.net/gameofthrones/images/3/3a/Erryk_Cargyll_Official_Guide.jpg/revision/latest?cb=20221010040653","accessed":"2026-07-10","originalSha256":"9bc2230c180b0e1db686d15d395c378849f8c1877fd6b87ef249c22ae383f46e","derivativeSha256":"9b75911ede5add26c67d4bb0180ee187df47c3c02e396bed942c91ff49cc5759","width":1200,"height":900,"presentation":"proportional_resize_with_padding"},"apiId":null,"houses":[],"legacyIds":[],"father":null,"mother":null,"spouse":null}');
INSERT INTO appearances (entity_key, show_id, presence_kind, first_reference, details_json) VALUES ('character:erryk-cargyll', 'house-of-the-dragon', 'depicted', 'S1E1', '{"show":"house-of-the-dragon","kind":"depicted","first":"S1E1"}');
INSERT INTO sources (entity_key, label, url, provider, source_kind, accessed) VALUES ('character:erryk-cargyll', 'Wiki of Westeros — Erryk Cargyll', 'https://gameofthrones.fandom.com/wiki/Erryk_Cargyll', 'Wiki of Westeros', 'reference_page', '2026-07-10');
INSERT INTO media (entity_key, local_path, provider, source_page, asset_url, media_kind, uncertain, metadata_json) VALUES ('character:erryk-cargyll', '/images/characters/erryk-cargyll.webp', 'Wiki of Westeros', 'https://gameofthrones.fandom.com/wiki/Erryk_Cargyll', 'https://static.wikia.nocookie.net/gameofthrones/images/3/3a/Erryk_Cargyll_Official_Guide.jpg/revision/latest?cb=20221010040653', 'wiki_lead_image', 0, '{"provider":"Wiki of Westeros","kind":"wiki_lead_image","match":"exact_page_title","uncertain":false,"url":"https://gameofthrones.fandom.com/wiki/Erryk_Cargyll","assetUrl":"https://static.wikia.nocookie.net/gameofthrones/images/3/3a/Erryk_Cargyll_Official_Guide.jpg/revision/latest?cb=20221010040653","accessed":"2026-07-10","originalSha256":"9bc2230c180b0e1db686d15d395c378849f8c1877fd6b87ef249c22ae383f46e","derivativeSha256":"9b75911ede5add26c67d4bb0180ee187df47c3c02e396bed942c91ff49cc5759","width":1200,"height":900,"presentation":"proportional_resize_with_padding"}');
INSERT INTO entities_fts (entity_key, name, aliases, type) VALUES ('character:erryk-cargyll', 'Erryk Cargyll', '', 'character');
INSERT INTO characters (entity_key, gender, culture, born, died, actor_json, titles_json, era) VALUES ('character:erryk-cargyll', 'male', NULL, NULL, NULL, '["Elliott Tittensor"]', '["Ser","Kingsguard"]', 3);
INSERT INTO entities (entity_key, id, type, name, description, status, verification, raw_json) VALUES ('character:arryk-cargyll', 'arryk-cargyll', 'character', 'Arryk Cargyll', 'A Kingsguard knight loyal to Aegon II and twin brother of Erryk.', 'dead', 'single_source_curated', '{"id":"arryk-cargyll","name":"Arryk Cargyll","aliases":[],"actor":["Luke Tittensor"],"gender":"male","status":"dead","house":null,"titles":["Ser","Kingsguard"],"parents":[],"children":[],"spouses":[],"dragon":null,"show":["house-of-the-dragon"],"presence":[{"show":"house-of-the-dragon","kind":"depicted","first":"S1E1"}],"era":3,"biography":"A Kingsguard knight loyal to Aegon II and twin brother of Erryk.","sources":[{"label":"Wiki of Westeros — Arryk Cargyll","url":"https://gameofthrones.fandom.com/wiki/Arryk_Cargyll","provider":"Wiki of Westeros","kind":"reference_page","accessed":"2026-07-10"}],"verification":"single_source_curated","image":"/images/characters/arryk-cargyll.webp","imageSource":{"provider":"Wiki of Westeros","kind":"wiki_lead_image","match":"exact_page_title","uncertain":false,"url":"https://gameofthrones.fandom.com/wiki/Arryk_Cargyll","assetUrl":"https://static.wikia.nocookie.net/gameofthrones/images/3/33/Arryk_Cargyll_Official_Guide.jpg/revision/latest?cb=20221010040541","accessed":"2026-07-10","originalSha256":"7c7065057a36fd10d68bb12528e1ac5da66d1d1e0ef8ebe1aa8a14cc103925e7","derivativeSha256":"94a5e8b6a71049fe089e8f8a200a88ea98c688f9c5a65f2804155d7c3807f20f","width":1200,"height":900,"presentation":"proportional_resize_with_padding"},"apiId":null,"houses":[],"legacyIds":[],"father":null,"mother":null,"spouse":null}');
INSERT INTO appearances (entity_key, show_id, presence_kind, first_reference, details_json) VALUES ('character:arryk-cargyll', 'house-of-the-dragon', 'depicted', 'S1E1', '{"show":"house-of-the-dragon","kind":"depicted","first":"S1E1"}');
INSERT INTO sources (entity_key, label, url, provider, source_kind, accessed) VALUES ('character:arryk-cargyll', 'Wiki of Westeros — Arryk Cargyll', 'https://gameofthrones.fandom.com/wiki/Arryk_Cargyll', 'Wiki of Westeros', 'reference_page', '2026-07-10');
INSERT INTO media (entity_key, local_path, provider, source_page, asset_url, media_kind, uncertain, metadata_json) VALUES ('character:arryk-cargyll', '/images/characters/arryk-cargyll.webp', 'Wiki of Westeros', 'https://gameofthrones.fandom.com/wiki/Arryk_Cargyll', 'https://static.wikia.nocookie.net/gameofthrones/images/3/33/Arryk_Cargyll_Official_Guide.jpg/revision/latest?cb=20221010040541', 'wiki_lead_image', 0, '{"provider":"Wiki of Westeros","kind":"wiki_lead_image","match":"exact_page_title","uncertain":false,"url":"https://gameofthrones.fandom.com/wiki/Arryk_Cargyll","assetUrl":"https://static.wikia.nocookie.net/gameofthrones/images/3/33/Arryk_Cargyll_Official_Guide.jpg/revision/latest?cb=20221010040541","accessed":"2026-07-10","originalSha256":"7c7065057a36fd10d68bb12528e1ac5da66d1d1e0ef8ebe1aa8a14cc103925e7","derivativeSha256":"94a5e8b6a71049fe089e8f8a200a88ea98c688f9c5a65f2804155d7c3807f20f","width":1200,"height":900,"presentation":"proportional_resize_with_padding"}');
INSERT INTO entities_fts (entity_key, name, aliases, type) VALUES ('character:arryk-cargyll', 'Arryk Cargyll', '', 'character');
INSERT INTO characters (entity_key, gender, culture, born, died, actor_json, titles_json, era) VALUES ('character:arryk-cargyll', 'male', NULL, NULL, NULL, '["Luke Tittensor"]', '["Ser","Kingsguard"]', 3);
INSERT INTO entities (entity_key, id, type, name, description, status, verification, raw_json) VALUES ('character:tyland-lannister', 'tyland-lannister', 'character', 'Tyland Lannister', 'A Lannister councillor serving Aegon II''s government.', 'alive_as_of_cutoff', 'single_source_curated', '{"id":"tyland-lannister","apiId":1050,"name":"Tyland Lannister","canonicalName":"Tyland Lannister","aliases":[],"actor":["Jefferson Hall"],"gender":"male","culture":null,"born":null,"died":"In 133 AC","status":"alive_as_of_cutoff","houses":["house-lannister"],"titles":["Master of Ships"],"father":null,"mother":null,"spouse":null,"books":[9,10,11],"povBooks":[],"show":["house-of-the-dragon"],"presence":[{"show":"house-of-the-dragon","kind":"depicted","first":"S1E3"}],"playedBy":[],"sources":[{"label":"Wiki of Westeros — Tyland Lannister","url":"https://gameofthrones.fandom.com/wiki/Tyland_Lannister","provider":"Wiki of Westeros","kind":"reference_page","accessed":"2026-07-10"},{"label":"An API of Ice and Fire — character 1050","url":"https://anapioficeandfire.com/api/characters/1050","provider":"An API of Ice and Fire","kind":"structured_database","accessed":"2026-07-10"}],"verification":"single_source_curated","image":"/images/characters/tyland-lannister.webp","imageSource":{"provider":"Wiki of Westeros","kind":"wiki_lead_image","match":"exact_page_title","uncertain":false,"url":"https://gameofthrones.fandom.com/wiki/Tyland_Lannister","assetUrl":"https://static.wikia.nocookie.net/gameofthrones/images/3/3c/TylandASfASInfobox.PNG/revision/latest?cb=20240621111210","accessed":"2026-07-10","originalSha256":"449dfd0b6ff383949ecd3712bc0fca54f53650ecbfd6ca3dbe2c49715ee0d21d","derivativeSha256":"c73fa8a5b9070553c03e9a2498ffa6859985ff991fc604e9923c608037f158f3","width":1200,"height":900,"presentation":"proportional_resize_with_padding"},"house":"house-lannister","parents":[],"children":[],"spouses":[],"dragon":null,"era":3,"biography":"A Lannister councillor serving Aegon II''s government.","legacyIds":["api-character-1050"]}');
INSERT INTO appearances (entity_key, show_id, presence_kind, first_reference, details_json) VALUES ('character:tyland-lannister', 'house-of-the-dragon', 'depicted', 'S1E3', '{"show":"house-of-the-dragon","kind":"depicted","first":"S1E3"}');
INSERT INTO sources (entity_key, label, url, provider, source_kind, accessed) VALUES ('character:tyland-lannister', 'Wiki of Westeros — Tyland Lannister', 'https://gameofthrones.fandom.com/wiki/Tyland_Lannister', 'Wiki of Westeros', 'reference_page', '2026-07-10');
INSERT INTO sources (entity_key, label, url, provider, source_kind, accessed) VALUES ('character:tyland-lannister', 'An API of Ice and Fire — character 1050', 'https://anapioficeandfire.com/api/characters/1050', 'An API of Ice and Fire', 'structured_database', '2026-07-10');
INSERT INTO media (entity_key, local_path, provider, source_page, asset_url, media_kind, uncertain, metadata_json) VALUES ('character:tyland-lannister', '/images/characters/tyland-lannister.webp', 'Wiki of Westeros', 'https://gameofthrones.fandom.com/wiki/Tyland_Lannister', 'https://static.wikia.nocookie.net/gameofthrones/images/3/3c/TylandASfASInfobox.PNG/revision/latest?cb=20240621111210', 'wiki_lead_image', 0, '{"provider":"Wiki of Westeros","kind":"wiki_lead_image","match":"exact_page_title","uncertain":false,"url":"https://gameofthrones.fandom.com/wiki/Tyland_Lannister","assetUrl":"https://static.wikia.nocookie.net/gameofthrones/images/3/3c/TylandASfASInfobox.PNG/revision/latest?cb=20240621111210","accessed":"2026-07-10","originalSha256":"449dfd0b6ff383949ecd3712bc0fca54f53650ecbfd6ca3dbe2c49715ee0d21d","derivativeSha256":"c73fa8a5b9070553c03e9a2498ffa6859985ff991fc604e9923c608037f158f3","width":1200,"height":900,"presentation":"proportional_resize_with_padding"}');
INSERT INTO entities_fts (entity_key, name, aliases, type) VALUES ('character:tyland-lannister', 'Tyland Lannister', '', 'character');
INSERT INTO characters (entity_key, gender, culture, born, died, actor_json, titles_json, era) VALUES ('character:tyland-lannister', 'male', NULL, NULL, 'In 133 AC', '["Jefferson Hall"]', '["Master of Ships"]', 3);
INSERT INTO entities (entity_key, id, type, name, description, status, verification, raw_json) VALUES ('character:jason-lannister', 'jason-lannister', 'character', 'Jason Lannister', 'Lord of Casterly Rock and twin brother of Tyland.', 'alive_as_of_cutoff', 'single_source_curated', '{"id":"jason-lannister","apiId":538,"name":"Jason Lannister","canonicalName":"Jason Lannister","aliases":[],"actor":["Jefferson Hall"],"gender":"male","culture":null,"born":null,"died":"In 130 AC, at the Red Fork","status":"alive_as_of_cutoff","houses":["house-lannister"],"titles":["Lord of Casterly Rock"],"father":null,"mother":null,"spouse":null,"books":[9,10,11],"povBooks":[],"show":["house-of-the-dragon"],"presence":[{"show":"house-of-the-dragon","kind":"depicted","first":"S1E3"}],"playedBy":[],"sources":[{"label":"Wiki of Westeros — Jason Lannister","url":"https://gameofthrones.fandom.com/wiki/Jason_Lannister","provider":"Wiki of Westeros","kind":"reference_page","accessed":"2026-07-10"},{"label":"An API of Ice and Fire — character 538","url":"https://anapioficeandfire.com/api/characters/538","provider":"An API of Ice and Fire","kind":"structured_database","accessed":"2026-07-10"}],"verification":"single_source_curated","image":"/images/characters/jason-lannister.webp","imageSource":{"provider":"Wiki of Westeros","kind":"wiki_lead_image","match":"exact_page_title","uncertain":false,"url":"https://gameofthrones.fandom.com/wiki/Jason_Lannister","assetUrl":"https://static.wikia.nocookie.net/gameofthrones/images/d/da/Jason_Lannister_Official_Guide.jpg/revision/latest?cb=20220905141333","accessed":"2026-07-10","originalSha256":"6dbc9fb0201c36201c704fa4a609e043faaafc366b10095f2c328abf6563003e","derivativeSha256":"ebc75efbd0648cdcbefec6196edd1f7056b3840a4d973a8e0d7eb8304789bfa0","width":1200,"height":900,"presentation":"proportional_resize_with_padding"},"house":"house-lannister","parents":[],"children":[],"spouses":[],"dragon":null,"era":3,"biography":"Lord of Casterly Rock and twin brother of Tyland.","legacyIds":["api-character-538"]}');
INSERT INTO appearances (entity_key, show_id, presence_kind, first_reference, details_json) VALUES ('character:jason-lannister', 'house-of-the-dragon', 'depicted', 'S1E3', '{"show":"house-of-the-dragon","kind":"depicted","first":"S1E3"}');
INSERT INTO sources (entity_key, label, url, provider, source_kind, accessed) VALUES ('character:jason-lannister', 'Wiki of Westeros — Jason Lannister', 'https://gameofthrones.fandom.com/wiki/Jason_Lannister', 'Wiki of Westeros', 'reference_page', '2026-07-10');
INSERT INTO sources (entity_key, label, url, provider, source_kind, accessed) VALUES ('character:jason-lannister', 'An API of Ice and Fire — character 538', 'https://anapioficeandfire.com/api/characters/538', 'An API of Ice and Fire', 'structured_database', '2026-07-10');
INSERT INTO media (entity_key, local_path, provider, source_page, asset_url, media_kind, uncertain, metadata_json) VALUES ('character:jason-lannister', '/images/characters/jason-lannister.webp', 'Wiki of Westeros', 'https://gameofthrones.fandom.com/wiki/Jason_Lannister', 'https://static.wikia.nocookie.net/gameofthrones/images/d/da/Jason_Lannister_Official_Guide.jpg/revision/latest?cb=20220905141333', 'wiki_lead_image', 0, '{"provider":"Wiki of Westeros","kind":"wiki_lead_image","match":"exact_page_title","uncertain":false,"url":"https://gameofthrones.fandom.com/wiki/Jason_Lannister","assetUrl":"https://static.wikia.nocookie.net/gameofthrones/images/d/da/Jason_Lannister_Official_Guide.jpg/revision/latest?cb=20220905141333","accessed":"2026-07-10","originalSha256":"6dbc9fb0201c36201c704fa4a609e043faaafc366b10095f2c328abf6563003e","derivativeSha256":"ebc75efbd0648cdcbefec6196edd1f7056b3840a4d973a8e0d7eb8304789bfa0","width":1200,"height":900,"presentation":"proportional_resize_with_padding"}');
INSERT INTO entities_fts (entity_key, name, aliases, type) VALUES ('character:jason-lannister', 'Jason Lannister', '', 'character');
INSERT INTO characters (entity_key, gender, culture, born, died, actor_json, titles_json, era) VALUES ('character:jason-lannister', 'male', NULL, NULL, 'In 130 AC, at the Red Fork', '["Jefferson Hall"]', '["Lord of Casterly Rock"]', 3);
INSERT INTO entities (entity_key, id, type, name, description, status, verification, raw_json) VALUES ('character:borros-baratheon', 'borros-baratheon', 'character', 'Borros Baratheon', 'Lord of Storm''s End courted by both sides of the Targaryen conflict.', 'alive_as_of_cutoff', 'single_source_curated', '{"id":"borros-baratheon","name":"Borros Baratheon","aliases":[],"actor":["Roger Evans"],"gender":"male","status":"alive_as_of_cutoff","house":"house-baratheon","titles":["Lord of Storm''s End"],"parents":[],"children":[],"spouses":[],"dragon":null,"show":["house-of-the-dragon"],"presence":[{"show":"house-of-the-dragon","kind":"depicted","first":"S1E10"}],"era":3,"biography":"Lord of Storm''s End courted by both sides of the Targaryen conflict.","sources":[{"label":"Wiki of Westeros — Borros Baratheon","url":"https://gameofthrones.fandom.com/wiki/Borros_Baratheon","provider":"Wiki of Westeros","kind":"reference_page","accessed":"2026-07-10"}],"verification":"single_source_curated","image":"/images/characters/borros-baratheon.webp","imageSource":{"provider":"Wiki of Westeros","kind":"wiki_lead_image","match":"exact_page_title","uncertain":false,"url":"https://gameofthrones.fandom.com/wiki/Borros_Baratheon","assetUrl":"https://static.wikia.nocookie.net/gameofthrones/images/0/01/Borros_Baratheon_Official_Guide.jpg/revision/latest?cb=20221024022055","accessed":"2026-07-10","originalSha256":"13d49ab2be571d830bdec5307c45caa3d123cb80977a04618c16553cbfd1640d","derivativeSha256":"a200a035710094be9c65c3889a402e1a64f47810183eec57c4e7a5d23ddae0e1","width":1200,"height":900,"presentation":"proportional_resize_with_padding"},"apiId":null,"houses":["house-baratheon"],"legacyIds":[],"father":null,"mother":null,"spouse":null}');
INSERT INTO appearances (entity_key, show_id, presence_kind, first_reference, details_json) VALUES ('character:borros-baratheon', 'house-of-the-dragon', 'depicted', 'S1E10', '{"show":"house-of-the-dragon","kind":"depicted","first":"S1E10"}');
INSERT INTO sources (entity_key, label, url, provider, source_kind, accessed) VALUES ('character:borros-baratheon', 'Wiki of Westeros — Borros Baratheon', 'https://gameofthrones.fandom.com/wiki/Borros_Baratheon', 'Wiki of Westeros', 'reference_page', '2026-07-10');
INSERT INTO media (entity_key, local_path, provider, source_page, asset_url, media_kind, uncertain, metadata_json) VALUES ('character:borros-baratheon', '/images/characters/borros-baratheon.webp', 'Wiki of Westeros', 'https://gameofthrones.fandom.com/wiki/Borros_Baratheon', 'https://static.wikia.nocookie.net/gameofthrones/images/0/01/Borros_Baratheon_Official_Guide.jpg/revision/latest?cb=20221024022055', 'wiki_lead_image', 0, '{"provider":"Wiki of Westeros","kind":"wiki_lead_image","match":"exact_page_title","uncertain":false,"url":"https://gameofthrones.fandom.com/wiki/Borros_Baratheon","assetUrl":"https://static.wikia.nocookie.net/gameofthrones/images/0/01/Borros_Baratheon_Official_Guide.jpg/revision/latest?cb=20221024022055","accessed":"2026-07-10","originalSha256":"13d49ab2be571d830bdec5307c45caa3d123cb80977a04618c16553cbfd1640d","derivativeSha256":"a200a035710094be9c65c3889a402e1a64f47810183eec57c4e7a5d23ddae0e1","width":1200,"height":900,"presentation":"proportional_resize_with_padding"}');
INSERT INTO entities_fts (entity_key, name, aliases, type) VALUES ('character:borros-baratheon', 'Borros Baratheon', '', 'character');
INSERT INTO characters (entity_key, gender, culture, born, died, actor_json, titles_json, era) VALUES ('character:borros-baratheon', 'male', NULL, NULL, NULL, '["Roger Evans"]', '["Lord of Storm''s End"]', 3);
INSERT INTO entities (entity_key, id, type, name, description, status, verification, raw_json) VALUES ('character:cregan-stark', 'cregan-stark', 'character', 'Cregan Stark', 'Young Lord of Winterfell who receives Jacaerys at the Wall.', 'alive_as_of_cutoff', 'single_source_curated', '{"id":"cregan-stark","apiId":259,"name":"Cregan Stark","canonicalName":"Cregan Stark","aliases":[],"actor":["Tom Taylor"],"gender":"male","culture":"Northmen","born":null,"died":"In or after 157 AC","status":"alive_as_of_cutoff","houses":["house-stark"],"titles":["Lord of Winterfell"],"father":null,"mother":null,"spouse":null,"books":[1,2,9,11],"povBooks":[],"show":["house-of-the-dragon"],"presence":[{"show":"house-of-the-dragon","kind":"depicted","first":"S2E1"}],"playedBy":[],"sources":[{"label":"Wiki of Westeros — Cregan Stark","url":"https://gameofthrones.fandom.com/wiki/Cregan_Stark","provider":"Wiki of Westeros","kind":"reference_page","accessed":"2026-07-10"},{"label":"An API of Ice and Fire — character 259","url":"https://anapioficeandfire.com/api/characters/259","provider":"An API of Ice and Fire","kind":"structured_database","accessed":"2026-07-10"}],"verification":"single_source_curated","image":"/images/characters/cregan-stark.webp","imageSource":{"provider":"Wiki of Westeros","kind":"wiki_lead_image","match":"exact_page_title","uncertain":false,"url":"https://gameofthrones.fandom.com/wiki/Cregan_Stark","assetUrl":"https://static.wikia.nocookie.net/gameofthrones/images/8/83/Cregan-portrait.png/revision/latest?cb=20240624094700","accessed":"2026-07-10","originalSha256":"9b747b5dfac02ea74e42dd751fb8c0cdd2bf887d8fcbd90c89209b4e84900469","derivativeSha256":"ce8fc6cff11dd3d64f495908a1a224d2f92b673f2ae8ac770dd027e8e1ee310e","width":1200,"height":900,"presentation":"proportional_resize_with_padding"},"house":"house-stark","parents":[],"children":[],"spouses":[],"dragon":null,"era":3,"biography":"Young Lord of Winterfell who receives Jacaerys at the Wall.","legacyIds":["api-character-259"]}');
INSERT INTO appearances (entity_key, show_id, presence_kind, first_reference, details_json) VALUES ('character:cregan-stark', 'house-of-the-dragon', 'depicted', 'S2E1', '{"show":"house-of-the-dragon","kind":"depicted","first":"S2E1"}');
INSERT INTO sources (entity_key, label, url, provider, source_kind, accessed) VALUES ('character:cregan-stark', 'Wiki of Westeros — Cregan Stark', 'https://gameofthrones.fandom.com/wiki/Cregan_Stark', 'Wiki of Westeros', 'reference_page', '2026-07-10');
INSERT INTO sources (entity_key, label, url, provider, source_kind, accessed) VALUES ('character:cregan-stark', 'An API of Ice and Fire — character 259', 'https://anapioficeandfire.com/api/characters/259', 'An API of Ice and Fire', 'structured_database', '2026-07-10');
INSERT INTO media (entity_key, local_path, provider, source_page, asset_url, media_kind, uncertain, metadata_json) VALUES ('character:cregan-stark', '/images/characters/cregan-stark.webp', 'Wiki of Westeros', 'https://gameofthrones.fandom.com/wiki/Cregan_Stark', 'https://static.wikia.nocookie.net/gameofthrones/images/8/83/Cregan-portrait.png/revision/latest?cb=20240624094700', 'wiki_lead_image', 0, '{"provider":"Wiki of Westeros","kind":"wiki_lead_image","match":"exact_page_title","uncertain":false,"url":"https://gameofthrones.fandom.com/wiki/Cregan_Stark","assetUrl":"https://static.wikia.nocookie.net/gameofthrones/images/8/83/Cregan-portrait.png/revision/latest?cb=20240624094700","accessed":"2026-07-10","originalSha256":"9b747b5dfac02ea74e42dd751fb8c0cdd2bf887d8fcbd90c89209b4e84900469","derivativeSha256":"ce8fc6cff11dd3d64f495908a1a224d2f92b673f2ae8ac770dd027e8e1ee310e","width":1200,"height":900,"presentation":"proportional_resize_with_padding"}');
INSERT INTO entities_fts (entity_key, name, aliases, type) VALUES ('character:cregan-stark', 'Cregan Stark', '', 'character');
INSERT INTO characters (entity_key, gender, culture, born, died, actor_json, titles_json, era) VALUES ('character:cregan-stark', 'male', 'Northmen', NULL, 'In or after 157 AC', '["Tom Taylor"]', '["Lord of Winterfell"]', 3);
INSERT INTO entities (entity_key, id, type, name, description, status, verification, raw_json) VALUES ('character:jeyne-arryn', 'jeyne-arryn', 'character', 'Jeyne Arryn', 'Ruler of the Vale who negotiates support for Rhaenyra.', 'alive_as_of_cutoff', 'single_source_curated', '{"id":"jeyne-arryn","apiId":548,"name":"Jeyne Arryn","canonicalName":"Jeyne Arryn","aliases":["The Maiden of the Vale"],"actor":["Amanda Collin"],"gender":"female","culture":"Valemen","born":null,"died":"In 134 AC, at Gulltown","status":"alive_as_of_cutoff","houses":["house-arryn"],"titles":["Lady of the Eyrie"],"father":null,"mother":null,"spouse":null,"books":[9,10,11],"povBooks":[],"show":["house-of-the-dragon"],"presence":[{"show":"house-of-the-dragon","kind":"depicted","first":"S2E5"}],"playedBy":[],"sources":[{"label":"Wiki of Westeros — Jeyne Arryn","url":"https://gameofthrones.fandom.com/wiki/Jeyne_Arryn","provider":"Wiki of Westeros","kind":"reference_page","accessed":"2026-07-10"},{"label":"An API of Ice and Fire — character 548","url":"https://anapioficeandfire.com/api/characters/548","provider":"An API of Ice and Fire","kind":"structured_database","accessed":"2026-07-10"}],"verification":"single_source_curated","image":"/images/characters/jeyne-arryn.webp","imageSource":{"provider":"Wiki of Westeros","kind":"wiki_lead_image","match":"exact_page_title","uncertain":false,"url":"https://gameofthrones.fandom.com/wiki/Jeyne_Arryn","assetUrl":"https://static.wikia.nocookie.net/gameofthrones/images/1/1d/Jeyne_Arryn.png/revision/latest?cb=20240502172801","accessed":"2026-07-10","originalSha256":"bbeaf150af68cc7fdc5967ac9f7f9c11e14764a44ffdd2b53c90b1fb86b7311b","derivativeSha256":"6f8d8250a4b8f31b39abb5eae403c431c210e67b97022fb1d87f407f64862492","width":1200,"height":900,"presentation":"proportional_resize_with_padding"},"house":"house-arryn","parents":[],"children":[],"spouses":[],"dragon":null,"era":3,"biography":"Ruler of the Vale who negotiates support for Rhaenyra.","legacyIds":["api-character-548"]}');
INSERT INTO aliases (entity_key, alias) VALUES ('character:jeyne-arryn', 'The Maiden of the Vale');
INSERT INTO appearances (entity_key, show_id, presence_kind, first_reference, details_json) VALUES ('character:jeyne-arryn', 'house-of-the-dragon', 'depicted', 'S2E5', '{"show":"house-of-the-dragon","kind":"depicted","first":"S2E5"}');
INSERT INTO sources (entity_key, label, url, provider, source_kind, accessed) VALUES ('character:jeyne-arryn', 'Wiki of Westeros — Jeyne Arryn', 'https://gameofthrones.fandom.com/wiki/Jeyne_Arryn', 'Wiki of Westeros', 'reference_page', '2026-07-10');
INSERT INTO sources (entity_key, label, url, provider, source_kind, accessed) VALUES ('character:jeyne-arryn', 'An API of Ice and Fire — character 548', 'https://anapioficeandfire.com/api/characters/548', 'An API of Ice and Fire', 'structured_database', '2026-07-10');
INSERT INTO media (entity_key, local_path, provider, source_page, asset_url, media_kind, uncertain, metadata_json) VALUES ('character:jeyne-arryn', '/images/characters/jeyne-arryn.webp', 'Wiki of Westeros', 'https://gameofthrones.fandom.com/wiki/Jeyne_Arryn', 'https://static.wikia.nocookie.net/gameofthrones/images/1/1d/Jeyne_Arryn.png/revision/latest?cb=20240502172801', 'wiki_lead_image', 0, '{"provider":"Wiki of Westeros","kind":"wiki_lead_image","match":"exact_page_title","uncertain":false,"url":"https://gameofthrones.fandom.com/wiki/Jeyne_Arryn","assetUrl":"https://static.wikia.nocookie.net/gameofthrones/images/1/1d/Jeyne_Arryn.png/revision/latest?cb=20240502172801","accessed":"2026-07-10","originalSha256":"bbeaf150af68cc7fdc5967ac9f7f9c11e14764a44ffdd2b53c90b1fb86b7311b","derivativeSha256":"6f8d8250a4b8f31b39abb5eae403c431c210e67b97022fb1d87f407f64862492","width":1200,"height":900,"presentation":"proportional_resize_with_padding"}');
INSERT INTO entities_fts (entity_key, name, aliases, type) VALUES ('character:jeyne-arryn', 'Jeyne Arryn', 'The Maiden of the Vale', 'character');
INSERT INTO characters (entity_key, gender, culture, born, died, actor_json, titles_json, era) VALUES ('character:jeyne-arryn', 'female', 'Valemen', NULL, 'In 134 AC, at Gulltown', '["Amanda Collin"]', '["Lady of the Eyrie"]', 3);
INSERT INTO entities (entity_key, id, type, name, description, status, verification, raw_json) VALUES ('character:gwayne-hightower', 'gwayne-hightower', 'character', 'Gwayne Hightower', 'Alicent''s brother and a knight in the green army.', 'alive_as_of_cutoff', 'single_source_curated', '{"id":"gwayne-hightower","apiId":449,"name":"Gwayne Hightower","canonicalName":"Gwayne Hightower","aliases":[],"actor":["Freddie Fox"],"gender":"male","culture":null,"born":"In or between 88 AC and 96 AC","died":"In 130 AC, at King''s Landing","status":"alive_as_of_cutoff","houses":["house-hightower"],"titles":["Ser"],"father":null,"mother":null,"spouse":null,"books":[9],"povBooks":[],"show":["house-of-the-dragon"],"presence":[{"show":"house-of-the-dragon","kind":"depicted","first":"S1E1"}],"playedBy":[],"sources":[{"label":"Wiki of Westeros — Gwayne Hightower","url":"https://gameofthrones.fandom.com/wiki/Gwayne_Hightower","provider":"Wiki of Westeros","kind":"reference_page","accessed":"2026-07-10"},{"label":"An API of Ice and Fire — character 449","url":"https://anapioficeandfire.com/api/characters/449","provider":"An API of Ice and Fire","kind":"structured_database","accessed":"2026-07-10"}],"verification":"single_source_curated","image":"/images/characters/gwayne-hightower.webp","imageSource":{"provider":"Wiki of Westeros","kind":"wiki_lead_image","match":"exact_page_title","uncertain":false,"url":"https://gameofthrones.fandom.com/wiki/Gwayne_Hightower","assetUrl":"https://static.wikia.nocookie.net/gameofthrones/images/1/1f/GwayneHightowerADoD.PNG/revision/latest?cb=20240703211323","accessed":"2026-07-10","originalSha256":"393b3aeadd523959f5b9fb06f1974cb31bd08ce03fe6836adf733286eb4c1ed6","derivativeSha256":"ff8b287df0b15850ee61732caaf503de43bf492f158bfefbb6e0777058c832ee","width":1200,"height":900,"presentation":"proportional_resize_with_padding"},"house":"house-hightower","parents":["otto-hightower"],"children":[],"spouses":[],"dragon":null,"era":3,"biography":"Alicent''s brother and a knight in the green army.","legacyIds":["api-character-449"]}');
INSERT INTO appearances (entity_key, show_id, presence_kind, first_reference, details_json) VALUES ('character:gwayne-hightower', 'house-of-the-dragon', 'depicted', 'S1E1', '{"show":"house-of-the-dragon","kind":"depicted","first":"S1E1"}');
INSERT INTO sources (entity_key, label, url, provider, source_kind, accessed) VALUES ('character:gwayne-hightower', 'Wiki of Westeros — Gwayne Hightower', 'https://gameofthrones.fandom.com/wiki/Gwayne_Hightower', 'Wiki of Westeros', 'reference_page', '2026-07-10');
INSERT INTO sources (entity_key, label, url, provider, source_kind, accessed) VALUES ('character:gwayne-hightower', 'An API of Ice and Fire — character 449', 'https://anapioficeandfire.com/api/characters/449', 'An API of Ice and Fire', 'structured_database', '2026-07-10');
INSERT INTO media (entity_key, local_path, provider, source_page, asset_url, media_kind, uncertain, metadata_json) VALUES ('character:gwayne-hightower', '/images/characters/gwayne-hightower.webp', 'Wiki of Westeros', 'https://gameofthrones.fandom.com/wiki/Gwayne_Hightower', 'https://static.wikia.nocookie.net/gameofthrones/images/1/1f/GwayneHightowerADoD.PNG/revision/latest?cb=20240703211323', 'wiki_lead_image', 0, '{"provider":"Wiki of Westeros","kind":"wiki_lead_image","match":"exact_page_title","uncertain":false,"url":"https://gameofthrones.fandom.com/wiki/Gwayne_Hightower","assetUrl":"https://static.wikia.nocookie.net/gameofthrones/images/1/1f/GwayneHightowerADoD.PNG/revision/latest?cb=20240703211323","accessed":"2026-07-10","originalSha256":"393b3aeadd523959f5b9fb06f1974cb31bd08ce03fe6836adf733286eb4c1ed6","derivativeSha256":"ff8b287df0b15850ee61732caaf503de43bf492f158bfefbb6e0777058c832ee","width":1200,"height":900,"presentation":"proportional_resize_with_padding"}');
INSERT INTO entities_fts (entity_key, name, aliases, type) VALUES ('character:gwayne-hightower', 'Gwayne Hightower', '', 'character');
INSERT INTO characters (entity_key, gender, culture, born, died, actor_json, titles_json, era) VALUES ('character:gwayne-hightower', 'male', NULL, 'In or between 88 AC and 96 AC', 'In 130 AC, at King''s Landing', '["Freddie Fox"]', '["Ser"]', 3);
INSERT INTO entities (entity_key, id, type, name, description, status, verification, raw_json) VALUES ('character:ser-arlan', 'ser-arlan', 'character', 'Arlan of Pennytree', 'The hedge knight who raised and trained Dunk.', 'dead', 'single_source_curated', '{"id":"ser-arlan","apiId":132,"name":"Arlan of Pennytree","canonicalName":"Arlan of Pennytree","aliases":["Ser Arlan"],"actor":["Danny Webb"],"gender":"male","culture":null,"born":"In or between 149 AC and 153 AC, at Pennytree","died":"In 209 AC, at the Reach","status":"dead","houses":[],"titles":["Hedge knight"],"father":null,"mother":null,"spouse":null,"books":[4,6,7],"povBooks":[],"show":["a-knight-of-the-seven-kingdoms"],"presence":[{"show":"a-knight-of-the-seven-kingdoms","kind":"depicted","first":"S1E1"}],"playedBy":[],"sources":[{"label":"Wiki of Westeros — Arlan of Pennytree","url":"https://gameofthrones.fandom.com/wiki/Arlan_of_Pennytree","provider":"Wiki of Westeros","kind":"reference_page","accessed":"2026-07-10"},{"label":"An API of Ice and Fire — character 132","url":"https://anapioficeandfire.com/api/characters/132","provider":"An API of Ice and Fire","kind":"structured_database","accessed":"2026-07-10"}],"verification":"single_source_curated","image":"/images/characters/ser-arlan.webp","imageSource":{"provider":"Wiki of Westeros","kind":"wiki_lead_image","match":"exact_page_title","uncertain":false,"url":"https://gameofthrones.fandom.com/wiki/Arlan_of_Pennytree","assetUrl":"https://static.wikia.nocookie.net/gameofthrones/images/6/64/Arlan_of_Pennytree.png/revision/latest?cb=20251216193514","accessed":"2026-07-10","originalSha256":"cca147976a9c12549f97c5b9b2544d04ada82f5d1ce3715b6b7ffe73fb74b5cb","derivativeSha256":"59eaeb0e6fb52da1da9465fbcba6fdc7f3e52722cb42027e45bcc5c5fb3c66d7","width":1200,"height":900,"presentation":"proportional_resize_with_padding"},"house":null,"parents":[],"children":[],"spouses":[],"dragon":null,"era":5,"biography":"The hedge knight who raised and trained Dunk.","legacyIds":["api-character-132"]}');
INSERT INTO aliases (entity_key, alias) VALUES ('character:ser-arlan', 'Ser Arlan');
INSERT INTO appearances (entity_key, show_id, presence_kind, first_reference, details_json) VALUES ('character:ser-arlan', 'a-knight-of-the-seven-kingdoms', 'depicted', 'S1E1', '{"show":"a-knight-of-the-seven-kingdoms","kind":"depicted","first":"S1E1"}');
INSERT INTO sources (entity_key, label, url, provider, source_kind, accessed) VALUES ('character:ser-arlan', 'Wiki of Westeros — Arlan of Pennytree', 'https://gameofthrones.fandom.com/wiki/Arlan_of_Pennytree', 'Wiki of Westeros', 'reference_page', '2026-07-10');
INSERT INTO sources (entity_key, label, url, provider, source_kind, accessed) VALUES ('character:ser-arlan', 'An API of Ice and Fire — character 132', 'https://anapioficeandfire.com/api/characters/132', 'An API of Ice and Fire', 'structured_database', '2026-07-10');
INSERT INTO media (entity_key, local_path, provider, source_page, asset_url, media_kind, uncertain, metadata_json) VALUES ('character:ser-arlan', '/images/characters/ser-arlan.webp', 'Wiki of Westeros', 'https://gameofthrones.fandom.com/wiki/Arlan_of_Pennytree', 'https://static.wikia.nocookie.net/gameofthrones/images/6/64/Arlan_of_Pennytree.png/revision/latest?cb=20251216193514', 'wiki_lead_image', 0, '{"provider":"Wiki of Westeros","kind":"wiki_lead_image","match":"exact_page_title","uncertain":false,"url":"https://gameofthrones.fandom.com/wiki/Arlan_of_Pennytree","assetUrl":"https://static.wikia.nocookie.net/gameofthrones/images/6/64/Arlan_of_Pennytree.png/revision/latest?cb=20251216193514","accessed":"2026-07-10","originalSha256":"cca147976a9c12549f97c5b9b2544d04ada82f5d1ce3715b6b7ffe73fb74b5cb","derivativeSha256":"59eaeb0e6fb52da1da9465fbcba6fdc7f3e52722cb42027e45bcc5c5fb3c66d7","width":1200,"height":900,"presentation":"proportional_resize_with_padding"}');
INSERT INTO entities_fts (entity_key, name, aliases, type) VALUES ('character:ser-arlan', 'Arlan of Pennytree', 'Ser Arlan', 'character');
INSERT INTO characters (entity_key, gender, culture, born, died, actor_json, titles_json, era) VALUES ('character:ser-arlan', 'male', NULL, 'In or between 149 AC and 153 AC, at Pennytree', 'In 209 AC, at the Reach', '["Danny Webb"]', '["Hedge knight"]', 5);
INSERT INTO entities (entity_key, id, type, name, description, status, verification, raw_json) VALUES ('character:tanselle', 'tanselle', 'character', 'Tanselle', 'A Dornish puppeteer defended by Dunk from Aerion.', 'alive_as_of_show', 'single_source_curated', '{"id":"tanselle","apiId":1983,"name":"Tanselle","canonicalName":"Tanselle","aliases":["Tanselle Too-Tall"],"actor":["Tanzyn Crawford"],"gender":"female","culture":"Dornish","born":null,"died":null,"status":"alive_as_of_show","houses":[],"titles":[],"father":null,"mother":null,"spouse":null,"books":[4,6,7],"povBooks":[],"show":["a-knight-of-the-seven-kingdoms"],"presence":[{"show":"a-knight-of-the-seven-kingdoms","kind":"depicted","first":"S1E1"}],"playedBy":[],"sources":[{"label":"Wiki of Westeros — Tanselle","url":"https://gameofthrones.fandom.com/wiki/Tanselle","provider":"Wiki of Westeros","kind":"reference_page","accessed":"2026-07-10"},{"label":"An API of Ice and Fire — character 1983","url":"https://anapioficeandfire.com/api/characters/1983","provider":"An API of Ice and Fire","kind":"structured_database","accessed":"2026-07-10"}],"verification":"single_source_curated","image":"/images/characters/tanselle.webp","imageSource":{"provider":"Wiki of Westeros","kind":"wiki_lead_image","match":"exact_page_title","uncertain":false,"url":"https://gameofthrones.fandom.com/wiki/Tanselle","assetUrl":"https://static.wikia.nocookie.net/gameofthrones/images/9/96/Tanselle-Hard_Salt_Beef.png/revision/latest?cb=20260119092517","accessed":"2026-07-10","originalSha256":"99e8f2f424f57f76bcb29bd802837b12a90901e7edbcb864d059e395fb0cf9fb","derivativeSha256":"b172bce5bc375bee8edf68a0605e5420bd20aa5a0f382998744b9d912d1eb834","width":1200,"height":900,"presentation":"proportional_resize_with_padding"},"house":null,"parents":[],"children":[],"spouses":[],"dragon":null,"era":5,"biography":"A Dornish puppeteer defended by Dunk from Aerion.","legacyIds":["api-character-1983"]}');
INSERT INTO aliases (entity_key, alias) VALUES ('character:tanselle', 'Tanselle Too-Tall');
INSERT INTO appearances (entity_key, show_id, presence_kind, first_reference, details_json) VALUES ('character:tanselle', 'a-knight-of-the-seven-kingdoms', 'depicted', 'S1E1', '{"show":"a-knight-of-the-seven-kingdoms","kind":"depicted","first":"S1E1"}');
INSERT INTO sources (entity_key, label, url, provider, source_kind, accessed) VALUES ('character:tanselle', 'Wiki of Westeros — Tanselle', 'https://gameofthrones.fandom.com/wiki/Tanselle', 'Wiki of Westeros', 'reference_page', '2026-07-10');
INSERT INTO sources (entity_key, label, url, provider, source_kind, accessed) VALUES ('character:tanselle', 'An API of Ice and Fire — character 1983', 'https://anapioficeandfire.com/api/characters/1983', 'An API of Ice and Fire', 'structured_database', '2026-07-10');
INSERT INTO media (entity_key, local_path, provider, source_page, asset_url, media_kind, uncertain, metadata_json) VALUES ('character:tanselle', '/images/characters/tanselle.webp', 'Wiki of Westeros', 'https://gameofthrones.fandom.com/wiki/Tanselle', 'https://static.wikia.nocookie.net/gameofthrones/images/9/96/Tanselle-Hard_Salt_Beef.png/revision/latest?cb=20260119092517', 'wiki_lead_image', 0, '{"provider":"Wiki of Westeros","kind":"wiki_lead_image","match":"exact_page_title","uncertain":false,"url":"https://gameofthrones.fandom.com/wiki/Tanselle","assetUrl":"https://static.wikia.nocookie.net/gameofthrones/images/9/96/Tanselle-Hard_Salt_Beef.png/revision/latest?cb=20260119092517","accessed":"2026-07-10","originalSha256":"99e8f2f424f57f76bcb29bd802837b12a90901e7edbcb864d059e395fb0cf9fb","derivativeSha256":"b172bce5bc375bee8edf68a0605e5420bd20aa5a0f382998744b9d912d1eb834","width":1200,"height":900,"presentation":"proportional_resize_with_padding"}');
INSERT INTO entities_fts (entity_key, name, aliases, type) VALUES ('character:tanselle', 'Tanselle', 'Tanselle Too-Tall', 'character');
INSERT INTO characters (entity_key, gender, culture, born, died, actor_json, titles_json, era) VALUES ('character:tanselle', 'female', 'Dornish', NULL, NULL, '["Tanzyn Crawford"]', '[]', 5);
INSERT INTO entities (entity_key, id, type, name, description, status, verification, raw_json) VALUES ('character:lyonel-baratheon', 'lyonel-baratheon', 'character', 'Lyonel Baratheon', 'A jovial but formidable knight who fights beside Dunk.', 'alive_as_of_show', 'single_source_curated', '{"id":"lyonel-baratheon","apiId":679,"name":"Lyonel Baratheon","canonicalName":"Lyonel Baratheon","aliases":["The Laughing Storm"],"actor":["Daniel Ings"],"gender":"male","culture":null,"born":null,"died":"In or between 239 AC and 245 AC","status":"alive_as_of_show","houses":["house-baratheon"],"titles":["Ser"],"father":null,"mother":null,"spouse":null,"books":[4,11],"povBooks":[],"show":["a-knight-of-the-seven-kingdoms"],"presence":[{"show":"a-knight-of-the-seven-kingdoms","kind":"depicted","first":"S1E2"}],"playedBy":[],"sources":[{"label":"Wiki of Westeros — Lyonel Baratheon","url":"https://gameofthrones.fandom.com/wiki/Lyonel_Baratheon","provider":"Wiki of Westeros","kind":"reference_page","accessed":"2026-07-10"},{"label":"An API of Ice and Fire — character 679","url":"https://anapioficeandfire.com/api/characters/679","provider":"An API of Ice and Fire","kind":"structured_database","accessed":"2026-07-10"}],"verification":"single_source_curated","image":"/images/characters/lyonel-baratheon.webp","imageSource":{"provider":"Wiki of Westeros","kind":"wiki_lead_image","match":"exact_page_title","uncertain":false,"url":"https://gameofthrones.fandom.com/wiki/Lyonel_Baratheon","assetUrl":"https://static.wikia.nocookie.net/gameofthrones/images/3/33/The_Laughing_Storm.png/revision/latest?cb=20251009163733","accessed":"2026-07-10","originalSha256":"71ba1b1cfd4f08f859daf1da224b7231b97c9571b556da9721eb33b7043521ab","derivativeSha256":"14180132e274d07d4703fa2344c290c50ea447d16c258a1a7e37c395ca89979d","width":1200,"height":900,"presentation":"proportional_resize_with_padding"},"house":"house-baratheon","parents":[],"children":[],"spouses":[],"dragon":null,"era":5,"biography":"A jovial but formidable knight who fights beside Dunk.","legacyIds":["api-character-679"]}');
INSERT INTO aliases (entity_key, alias) VALUES ('character:lyonel-baratheon', 'The Laughing Storm');
INSERT INTO appearances (entity_key, show_id, presence_kind, first_reference, details_json) VALUES ('character:lyonel-baratheon', 'a-knight-of-the-seven-kingdoms', 'depicted', 'S1E2', '{"show":"a-knight-of-the-seven-kingdoms","kind":"depicted","first":"S1E2"}');
INSERT INTO sources (entity_key, label, url, provider, source_kind, accessed) VALUES ('character:lyonel-baratheon', 'Wiki of Westeros — Lyonel Baratheon', 'https://gameofthrones.fandom.com/wiki/Lyonel_Baratheon', 'Wiki of Westeros', 'reference_page', '2026-07-10');
INSERT INTO sources (entity_key, label, url, provider, source_kind, accessed) VALUES ('character:lyonel-baratheon', 'An API of Ice and Fire — character 679', 'https://anapioficeandfire.com/api/characters/679', 'An API of Ice and Fire', 'structured_database', '2026-07-10');
INSERT INTO media (entity_key, local_path, provider, source_page, asset_url, media_kind, uncertain, metadata_json) VALUES ('character:lyonel-baratheon', '/images/characters/lyonel-baratheon.webp', 'Wiki of Westeros', 'https://gameofthrones.fandom.com/wiki/Lyonel_Baratheon', 'https://static.wikia.nocookie.net/gameofthrones/images/3/33/The_Laughing_Storm.png/revision/latest?cb=20251009163733', 'wiki_lead_image', 0, '{"provider":"Wiki of Westeros","kind":"wiki_lead_image","match":"exact_page_title","uncertain":false,"url":"https://gameofthrones.fandom.com/wiki/Lyonel_Baratheon","assetUrl":"https://static.wikia.nocookie.net/gameofthrones/images/3/33/The_Laughing_Storm.png/revision/latest?cb=20251009163733","accessed":"2026-07-10","originalSha256":"71ba1b1cfd4f08f859daf1da224b7231b97c9571b556da9721eb33b7043521ab","derivativeSha256":"14180132e274d07d4703fa2344c290c50ea447d16c258a1a7e37c395ca89979d","width":1200,"height":900,"presentation":"proportional_resize_with_padding"}');
INSERT INTO entities_fts (entity_key, name, aliases, type) VALUES ('character:lyonel-baratheon', 'Lyonel Baratheon', 'The Laughing Storm', 'character');
INSERT INTO characters (entity_key, gender, culture, born, died, actor_json, titles_json, era) VALUES ('character:lyonel-baratheon', 'male', NULL, NULL, 'In or between 239 AC and 245 AC', '["Daniel Ings"]', '["Ser"]', 5);
INSERT INTO entities (entity_key, id, type, name, description, status, verification, raw_json) VALUES ('character:raymun-fossoway', 'raymun-fossoway', 'character', 'Raymun Fossoway', 'A young Fossoway who befriends Dunk at Ashford.', 'alive_as_of_show', 'single_source_curated', '{"id":"raymun-fossoway","apiId":853,"name":"Raymun Fossoway","canonicalName":"Raymun Fossoway","aliases":[],"actor":["Shaun Thomas"],"gender":"male","culture":null,"born":null,"died":null,"status":"alive_as_of_show","houses":["house-fossoway"],"titles":[],"father":null,"mother":null,"spouse":null,"books":[4],"povBooks":[],"show":["a-knight-of-the-seven-kingdoms"],"presence":[{"show":"a-knight-of-the-seven-kingdoms","kind":"depicted","first":"S1E2"}],"playedBy":[],"sources":[{"label":"Wiki of Westeros — Raymun Fossoway","url":"https://gameofthrones.fandom.com/wiki/Raymun_Fossoway","provider":"Wiki of Westeros","kind":"reference_page","accessed":"2026-07-10"},{"label":"An API of Ice and Fire — character 853","url":"https://anapioficeandfire.com/api/characters/853","provider":"An API of Ice and Fire","kind":"structured_database","accessed":"2026-07-10"}],"verification":"single_source_curated","image":"/images/characters/raymun-fossoway.webp","imageSource":{"provider":"Wiki of Westeros","kind":"wiki_lead_image","match":"exact_page_title","uncertain":false,"url":"https://gameofthrones.fandom.com/wiki/Raymun_Fossoway","assetUrl":"https://static.wikia.nocookie.net/gameofthrones/images/5/54/Raymun_Fossoway-AKotSK.png/revision/latest?cb=20251204082725","accessed":"2026-07-10","originalSha256":"934b43c03bb6bc2f035e8e6f05e50d9b90f6c48e138523da86132d925548d76a","derivativeSha256":"e6f0672c717211c44b02b4cfa5dfdcd1cc34238ac3997fa6bfff127f8eaaa042","width":1200,"height":900,"presentation":"proportional_resize_with_padding"},"house":"house-fossoway","parents":[],"children":[],"spouses":[],"dragon":null,"era":5,"biography":"A young Fossoway who befriends Dunk at Ashford.","legacyIds":["api-character-853"]}');
INSERT INTO appearances (entity_key, show_id, presence_kind, first_reference, details_json) VALUES ('character:raymun-fossoway', 'a-knight-of-the-seven-kingdoms', 'depicted', 'S1E2', '{"show":"a-knight-of-the-seven-kingdoms","kind":"depicted","first":"S1E2"}');
INSERT INTO sources (entity_key, label, url, provider, source_kind, accessed) VALUES ('character:raymun-fossoway', 'Wiki of Westeros — Raymun Fossoway', 'https://gameofthrones.fandom.com/wiki/Raymun_Fossoway', 'Wiki of Westeros', 'reference_page', '2026-07-10');
INSERT INTO sources (entity_key, label, url, provider, source_kind, accessed) VALUES ('character:raymun-fossoway', 'An API of Ice and Fire — character 853', 'https://anapioficeandfire.com/api/characters/853', 'An API of Ice and Fire', 'structured_database', '2026-07-10');
INSERT INTO media (entity_key, local_path, provider, source_page, asset_url, media_kind, uncertain, metadata_json) VALUES ('character:raymun-fossoway', '/images/characters/raymun-fossoway.webp', 'Wiki of Westeros', 'https://gameofthrones.fandom.com/wiki/Raymun_Fossoway', 'https://static.wikia.nocookie.net/gameofthrones/images/5/54/Raymun_Fossoway-AKotSK.png/revision/latest?cb=20251204082725', 'wiki_lead_image', 0, '{"provider":"Wiki of Westeros","kind":"wiki_lead_image","match":"exact_page_title","uncertain":false,"url":"https://gameofthrones.fandom.com/wiki/Raymun_Fossoway","assetUrl":"https://static.wikia.nocookie.net/gameofthrones/images/5/54/Raymun_Fossoway-AKotSK.png/revision/latest?cb=20251204082725","accessed":"2026-07-10","originalSha256":"934b43c03bb6bc2f035e8e6f05e50d9b90f6c48e138523da86132d925548d76a","derivativeSha256":"e6f0672c717211c44b02b4cfa5dfdcd1cc34238ac3997fa6bfff127f8eaaa042","width":1200,"height":900,"presentation":"proportional_resize_with_padding"}');
INSERT INTO entities_fts (entity_key, name, aliases, type) VALUES ('character:raymun-fossoway', 'Raymun Fossoway', '', 'character');
INSERT INTO characters (entity_key, gender, culture, born, died, actor_json, titles_json, era) VALUES ('character:raymun-fossoway', 'male', NULL, NULL, NULL, '["Shaun Thomas"]', '[]', 5);
INSERT INTO entities (entity_key, id, type, name, description, status, verification, raw_json) VALUES ('character:steffon-fossoway', 'steffon-fossoway', 'character', 'Steffon Fossoway', 'Raymun''s cousin and a knight at the Ashford tourney.', 'alive_as_of_show', 'single_source_curated', '{"id":"steffon-fossoway","apiId":988,"name":"Steffon Fossoway","canonicalName":"Steffon Fossoway","aliases":[],"actor":["Edward Ashley"],"gender":"male","culture":null,"born":null,"died":null,"status":"alive_as_of_show","houses":["house-fossoway"],"titles":["Ser"],"father":null,"mother":null,"spouse":null,"books":[4],"povBooks":[],"show":["a-knight-of-the-seven-kingdoms"],"presence":[{"show":"a-knight-of-the-seven-kingdoms","kind":"depicted"}],"playedBy":[],"sources":[{"label":"Wiki of Westeros — Steffon Fossoway","url":"https://gameofthrones.fandom.com/wiki/Steffon_Fossoway","provider":"Wiki of Westeros","kind":"reference_page","accessed":"2026-07-10"},{"label":"An API of Ice and Fire — character 988","url":"https://anapioficeandfire.com/api/characters/988","provider":"An API of Ice and Fire","kind":"structured_database","accessed":"2026-07-10"}],"verification":"single_source_curated","image":"/images/characters/steffon-fossoway.webp","imageSource":{"provider":"Wiki of Westeros","kind":"wiki_lead_image","match":"exact_page_title","uncertain":false,"url":"https://gameofthrones.fandom.com/wiki/Steffon_Fossoway","assetUrl":"https://static.wikia.nocookie.net/gameofthrones/images/3/3c/Steffon_Fossoway-ITNOTM.png/revision/latest?cb=20260219091707","accessed":"2026-07-10","originalSha256":"3a32fcfb7659dfdff502f64dce722fb9a45e6fc2033861bb9c258b6fbc7adee5","derivativeSha256":"9441c3e2398c3a0a3d2fccb900797c0f39d65d3f968baa2370228a4e7b90dd99","width":1200,"height":900,"presentation":"proportional_resize_with_padding"},"house":"house-fossoway","parents":[],"children":[],"spouses":[],"dragon":null,"era":5,"biography":"Raymun''s cousin and a knight at the Ashford tourney.","legacyIds":["api-character-988"]}');
INSERT INTO appearances (entity_key, show_id, presence_kind, first_reference, details_json) VALUES ('character:steffon-fossoway', 'a-knight-of-the-seven-kingdoms', 'depicted', NULL, '{"show":"a-knight-of-the-seven-kingdoms","kind":"depicted"}');
INSERT INTO sources (entity_key, label, url, provider, source_kind, accessed) VALUES ('character:steffon-fossoway', 'Wiki of Westeros — Steffon Fossoway', 'https://gameofthrones.fandom.com/wiki/Steffon_Fossoway', 'Wiki of Westeros', 'reference_page', '2026-07-10');
INSERT INTO sources (entity_key, label, url, provider, source_kind, accessed) VALUES ('character:steffon-fossoway', 'An API of Ice and Fire — character 988', 'https://anapioficeandfire.com/api/characters/988', 'An API of Ice and Fire', 'structured_database', '2026-07-10');
INSERT INTO media (entity_key, local_path, provider, source_page, asset_url, media_kind, uncertain, metadata_json) VALUES ('character:steffon-fossoway', '/images/characters/steffon-fossoway.webp', 'Wiki of Westeros', 'https://gameofthrones.fandom.com/wiki/Steffon_Fossoway', 'https://static.wikia.nocookie.net/gameofthrones/images/3/3c/Steffon_Fossoway-ITNOTM.png/revision/latest?cb=20260219091707', 'wiki_lead_image', 0, '{"provider":"Wiki of Westeros","kind":"wiki_lead_image","match":"exact_page_title","uncertain":false,"url":"https://gameofthrones.fandom.com/wiki/Steffon_Fossoway","assetUrl":"https://static.wikia.nocookie.net/gameofthrones/images/3/3c/Steffon_Fossoway-ITNOTM.png/revision/latest?cb=20260219091707","accessed":"2026-07-10","originalSha256":"3a32fcfb7659dfdff502f64dce722fb9a45e6fc2033861bb9c258b6fbc7adee5","derivativeSha256":"9441c3e2398c3a0a3d2fccb900797c0f39d65d3f968baa2370228a4e7b90dd99","width":1200,"height":900,"presentation":"proportional_resize_with_padding"}');
INSERT INTO entities_fts (entity_key, name, aliases, type) VALUES ('character:steffon-fossoway', 'Steffon Fossoway', '', 'character');
INSERT INTO characters (entity_key, gender, culture, born, died, actor_json, titles_json, era) VALUES ('character:steffon-fossoway', 'male', NULL, NULL, NULL, '["Edward Ashley"]', '["Ser"]', 5);
INSERT INTO entities (entity_key, id, type, name, description, status, verification, raw_json) VALUES ('character:manfred-dondarrion', 'manfred-dondarrion', 'character', 'Manfred Dondarrion', 'A tourney knight from House Dondarrion.', 'alive_as_of_show', 'single_source', '{"id":"manfred-dondarrion","apiId":702,"name":"Manfred Dondarrion","canonicalName":"Manfred Dondarrion","aliases":[],"actor":["Daniel Monks"],"gender":"male","culture":null,"born":null,"died":null,"status":"alive_as_of_show","houses":["house-dondarrion"],"titles":["Ser"],"father":null,"mother":null,"spouse":null,"books":[4],"povBooks":[],"show":["a-knight-of-the-seven-kingdoms"],"presence":[{"show":"a-knight-of-the-seven-kingdoms","kind":"depicted"}],"playedBy":[],"sources":[{"label":"Wiki of Westeros — Manfred Dondarrion","url":"https://gameofthrones.fandom.com/wiki/Manfred_Dondarrion","provider":"Wiki of Westeros","kind":"reference_page","accessed":"2026-07-10"},{"label":"An API of Ice and Fire — character 702","url":"https://anapioficeandfire.com/api/characters/702","provider":"An API of Ice and Fire","kind":"structured_database","accessed":"2026-07-10"}],"verification":"single_source","image":"/images/characters/manfred-dondarrion.webp","imageSource":{"provider":"Wiki of Westeros","kind":"wiki_lead_image","match":"exact_page_title","uncertain":false,"url":"https://gameofthrones.fandom.com/wiki/Manfred_Dondarrion","assetUrl":"https://static.wikia.nocookie.net/gameofthrones/images/2/22/Manfred_Dondarrion.png/revision/latest?cb=20251226091527","accessed":"2026-07-10","originalSha256":"069005fe2ea06ec46e342eeb71fe8b07be238c2f855283eddc00f37cbb3f135e","derivativeSha256":"579a9bd93a070ea45fbd3d3c2732bf9a99325bf08836d3c13a4825268be0c3ea","width":1200,"height":900,"presentation":"proportional_resize_with_padding"},"house":"house-dondarrion","parents":[],"children":[],"spouses":[],"dragon":null,"era":5,"biography":"A tourney knight from House Dondarrion.","legacyIds":["api-character-702"]}');
INSERT INTO appearances (entity_key, show_id, presence_kind, first_reference, details_json) VALUES ('character:manfred-dondarrion', 'a-knight-of-the-seven-kingdoms', 'depicted', NULL, '{"show":"a-knight-of-the-seven-kingdoms","kind":"depicted"}');
INSERT INTO sources (entity_key, label, url, provider, source_kind, accessed) VALUES ('character:manfred-dondarrion', 'Wiki of Westeros — Manfred Dondarrion', 'https://gameofthrones.fandom.com/wiki/Manfred_Dondarrion', 'Wiki of Westeros', 'reference_page', '2026-07-10');
INSERT INTO sources (entity_key, label, url, provider, source_kind, accessed) VALUES ('character:manfred-dondarrion', 'An API of Ice and Fire — character 702', 'https://anapioficeandfire.com/api/characters/702', 'An API of Ice and Fire', 'structured_database', '2026-07-10');
INSERT INTO media (entity_key, local_path, provider, source_page, asset_url, media_kind, uncertain, metadata_json) VALUES ('character:manfred-dondarrion', '/images/characters/manfred-dondarrion.webp', 'Wiki of Westeros', 'https://gameofthrones.fandom.com/wiki/Manfred_Dondarrion', 'https://static.wikia.nocookie.net/gameofthrones/images/2/22/Manfred_Dondarrion.png/revision/latest?cb=20251226091527', 'wiki_lead_image', 0, '{"provider":"Wiki of Westeros","kind":"wiki_lead_image","match":"exact_page_title","uncertain":false,"url":"https://gameofthrones.fandom.com/wiki/Manfred_Dondarrion","assetUrl":"https://static.wikia.nocookie.net/gameofthrones/images/2/22/Manfred_Dondarrion.png/revision/latest?cb=20251226091527","accessed":"2026-07-10","originalSha256":"069005fe2ea06ec46e342eeb71fe8b07be238c2f855283eddc00f37cbb3f135e","derivativeSha256":"579a9bd93a070ea45fbd3d3c2732bf9a99325bf08836d3c13a4825268be0c3ea","width":1200,"height":900,"presentation":"proportional_resize_with_padding"}');
INSERT INTO entities_fts (entity_key, name, aliases, type) VALUES ('character:manfred-dondarrion', 'Manfred Dondarrion', '', 'character');
INSERT INTO characters (entity_key, gender, culture, born, died, actor_json, titles_json, era) VALUES ('character:manfred-dondarrion', 'male', NULL, NULL, NULL, '["Daniel Monks"]', '["Ser"]', 5);
INSERT INTO entities (entity_key, id, type, name, description, status, verification, raw_json) VALUES ('character:humfrey-beesbury', 'humfrey-beesbury', 'character', 'Humfrey Beesbury', 'A knight of House Beesbury present at Ashford.', 'alive_as_of_show', 'single_source', '{"id":"humfrey-beesbury","apiId":513,"name":"Humfrey Beesbury","canonicalName":"Humfrey Beesbury","aliases":[],"actor":[],"gender":"male","culture":null,"born":null,"died":"In 209 AC, at Ashford","status":"alive_as_of_show","houses":["house-beesbury"],"titles":["Ser"],"father":null,"mother":null,"spouse":null,"books":[4,6],"povBooks":[],"show":["a-knight-of-the-seven-kingdoms"],"presence":[{"show":"a-knight-of-the-seven-kingdoms","kind":"depicted"}],"playedBy":[],"sources":[{"label":"Wiki of Westeros — Humfrey Beesbury","url":"https://gameofthrones.fandom.com/wiki/Humfrey_Beesbury","provider":"Wiki of Westeros","kind":"reference_page","accessed":"2026-07-10"},{"label":"An API of Ice and Fire — character 513","url":"https://anapioficeandfire.com/api/characters/513","provider":"An API of Ice and Fire","kind":"structured_database","accessed":"2026-07-10"}],"verification":"single_source","image":"/images/characters/humfrey-beesbury.webp","imageSource":{"provider":"Wiki of Westeros","kind":"wiki_lead_image","match":"exact_page_title","uncertain":false,"url":"https://gameofthrones.fandom.com/wiki/Humfrey_Beesbury","assetUrl":"https://static.wikia.nocookie.net/gameofthrones/images/3/33/Beesbury_Trial_of_Seven.png/revision/latest?cb=20260217150652","accessed":"2026-07-10","originalSha256":"1c688f57e25d126832e3d1e14cb6024190c2e0f59d9a53ef4882b9b10b9ce6e1","derivativeSha256":"c4cb64fb3eaf5292f9f5e61deaefdf6574c36db1e8e70f07199e5cc1f349862f","width":1200,"height":900,"presentation":"proportional_resize_with_padding"},"house":"house-beesbury","parents":[],"children":[],"spouses":[],"dragon":null,"era":5,"biography":"A knight of House Beesbury present at Ashford.","legacyIds":["api-character-513"]}');
INSERT INTO appearances (entity_key, show_id, presence_kind, first_reference, details_json) VALUES ('character:humfrey-beesbury', 'a-knight-of-the-seven-kingdoms', 'depicted', NULL, '{"show":"a-knight-of-the-seven-kingdoms","kind":"depicted"}');
INSERT INTO sources (entity_key, label, url, provider, source_kind, accessed) VALUES ('character:humfrey-beesbury', 'Wiki of Westeros — Humfrey Beesbury', 'https://gameofthrones.fandom.com/wiki/Humfrey_Beesbury', 'Wiki of Westeros', 'reference_page', '2026-07-10');
INSERT INTO sources (entity_key, label, url, provider, source_kind, accessed) VALUES ('character:humfrey-beesbury', 'An API of Ice and Fire — character 513', 'https://anapioficeandfire.com/api/characters/513', 'An API of Ice and Fire', 'structured_database', '2026-07-10');
INSERT INTO media (entity_key, local_path, provider, source_page, asset_url, media_kind, uncertain, metadata_json) VALUES ('character:humfrey-beesbury', '/images/characters/humfrey-beesbury.webp', 'Wiki of Westeros', 'https://gameofthrones.fandom.com/wiki/Humfrey_Beesbury', 'https://static.wikia.nocookie.net/gameofthrones/images/3/33/Beesbury_Trial_of_Seven.png/revision/latest?cb=20260217150652', 'wiki_lead_image', 0, '{"provider":"Wiki of Westeros","kind":"wiki_lead_image","match":"exact_page_title","uncertain":false,"url":"https://gameofthrones.fandom.com/wiki/Humfrey_Beesbury","assetUrl":"https://static.wikia.nocookie.net/gameofthrones/images/3/33/Beesbury_Trial_of_Seven.png/revision/latest?cb=20260217150652","accessed":"2026-07-10","originalSha256":"1c688f57e25d126832e3d1e14cb6024190c2e0f59d9a53ef4882b9b10b9ce6e1","derivativeSha256":"c4cb64fb3eaf5292f9f5e61deaefdf6574c36db1e8e70f07199e5cc1f349862f","width":1200,"height":900,"presentation":"proportional_resize_with_padding"}');
INSERT INTO entities_fts (entity_key, name, aliases, type) VALUES ('character:humfrey-beesbury', 'Humfrey Beesbury', '', 'character');
INSERT INTO characters (entity_key, gender, culture, born, died, actor_json, titles_json, era) VALUES ('character:humfrey-beesbury', 'male', NULL, NULL, 'In 209 AC, at Ashford', '[]', '["Ser"]', 5);
INSERT INTO entities (entity_key, id, type, name, description, status, verification, raw_json) VALUES ('character:steely-pate', 'steely-pate', 'character', 'Steely Pate', 'An armorer working at the Ashford tourney grounds.', 'alive_as_of_show', 'single_source', '{"id":"steely-pate","apiId":1966,"name":"Steely Pate","canonicalName":"Steely Pate","aliases":[],"actor":[],"gender":"male","culture":null,"born":null,"died":null,"status":"alive_as_of_show","houses":[],"titles":[],"father":null,"mother":null,"spouse":null,"books":[4,7],"povBooks":[],"show":["a-knight-of-the-seven-kingdoms"],"presence":[{"show":"a-knight-of-the-seven-kingdoms","kind":"depicted"}],"playedBy":[],"sources":[{"label":"Wiki of Westeros — Steely Pate","url":"https://gameofthrones.fandom.com/wiki/Steely_Pate","provider":"Wiki of Westeros","kind":"reference_page","accessed":"2026-07-10"},{"label":"An API of Ice and Fire — character 1966","url":"https://anapioficeandfire.com/api/characters/1966","provider":"An API of Ice and Fire","kind":"structured_database","accessed":"2026-07-10"}],"verification":"single_source","image":"/images/characters/steely-pate.webp","imageSource":{"provider":"Wiki of Westeros","kind":"wiki_lead_image","match":"exact_page_title","uncertain":false,"url":"https://gameofthrones.fandom.com/wiki/Steely_Pate","assetUrl":"https://static.wikia.nocookie.net/gameofthrones/images/8/8a/Steely_Pate.png/revision/latest?cb=20251221090821","accessed":"2026-07-10","originalSha256":"d58924ea6ca91414ee773de2c76355f29200332c9bd4350a7398143dcf0edeb6","derivativeSha256":"e92312775eba942b26f6dc948e536ff5338d9d40307cd0e4443eccc0a342d4a5","width":1200,"height":900,"presentation":"proportional_resize_with_padding"},"house":null,"parents":[],"children":[],"spouses":[],"dragon":null,"era":5,"biography":"An armorer working at the Ashford tourney grounds.","legacyIds":["api-character-1966"]}');
INSERT INTO appearances (entity_key, show_id, presence_kind, first_reference, details_json) VALUES ('character:steely-pate', 'a-knight-of-the-seven-kingdoms', 'depicted', NULL, '{"show":"a-knight-of-the-seven-kingdoms","kind":"depicted"}');
INSERT INTO sources (entity_key, label, url, provider, source_kind, accessed) VALUES ('character:steely-pate', 'Wiki of Westeros — Steely Pate', 'https://gameofthrones.fandom.com/wiki/Steely_Pate', 'Wiki of Westeros', 'reference_page', '2026-07-10');
INSERT INTO sources (entity_key, label, url, provider, source_kind, accessed) VALUES ('character:steely-pate', 'An API of Ice and Fire — character 1966', 'https://anapioficeandfire.com/api/characters/1966', 'An API of Ice and Fire', 'structured_database', '2026-07-10');
INSERT INTO media (entity_key, local_path, provider, source_page, asset_url, media_kind, uncertain, metadata_json) VALUES ('character:steely-pate', '/images/characters/steely-pate.webp', 'Wiki of Westeros', 'https://gameofthrones.fandom.com/wiki/Steely_Pate', 'https://static.wikia.nocookie.net/gameofthrones/images/8/8a/Steely_Pate.png/revision/latest?cb=20251221090821', 'wiki_lead_image', 0, '{"provider":"Wiki of Westeros","kind":"wiki_lead_image","match":"exact_page_title","uncertain":false,"url":"https://gameofthrones.fandom.com/wiki/Steely_Pate","assetUrl":"https://static.wikia.nocookie.net/gameofthrones/images/8/8a/Steely_Pate.png/revision/latest?cb=20251221090821","accessed":"2026-07-10","originalSha256":"d58924ea6ca91414ee773de2c76355f29200332c9bd4350a7398143dcf0edeb6","derivativeSha256":"e92312775eba942b26f6dc948e536ff5338d9d40307cd0e4443eccc0a342d4a5","width":1200,"height":900,"presentation":"proportional_resize_with_padding"}');
INSERT INTO entities_fts (entity_key, name, aliases, type) VALUES ('character:steely-pate', 'Steely Pate', '', 'character');
INSERT INTO characters (entity_key, gender, culture, born, died, actor_json, titles_json, era) VALUES ('character:steely-pate', 'male', NULL, NULL, NULL, '[]', '[]', 5);
INSERT INTO entities (entity_key, id, type, name, description, status, verification, raw_json) VALUES ('character:api-character-2', 'api-character-2', 'character', 'Walder', NULL, 'unknown', 'upstream_record', '{"id":"api-character-2","apiId":2,"name":"Walder","canonicalName":"Walder","aliases":["Hodor"],"actor":["Kristian Nairn"],"gender":"male","culture":null,"born":null,"died":null,"status":"unknown","houses":["house-stark"],"titles":[],"father":null,"mother":null,"spouse":null,"books":[1,2,3,5,8],"povBooks":[],"show":["game-of-thrones"],"presence":[{"show":"game-of-thrones","kind":"depicted","seasons":["Season 1","Season 2","Season 3","Season 4","Season 6"]}],"playedBy":["Kristian Nairn"],"sources":[{"label":"An API of Ice and Fire — character 2","url":"https://anapioficeandfire.com/api/characters/2","provider":"An API of Ice and Fire","kind":"structured_database","accessed":"2026-07-10"}],"verification":"upstream_record","image":"/images/fallback-character.svg","imageSource":{"provider":"Local archive fallback","kind":"fallback","match":"none","uncertain":false,"reason":"No exact verified image-page mapping is available.","url":null,"assetUrl":null},"parents":[],"children":[],"spouses":[],"house":null,"dragon":null}');
INSERT INTO aliases (entity_key, alias) VALUES ('character:api-character-2', 'Hodor');
INSERT INTO appearances (entity_key, show_id, presence_kind, first_reference, details_json) VALUES ('character:api-character-2', 'game-of-thrones', 'depicted', NULL, '{"show":"game-of-thrones","kind":"depicted","seasons":["Season 1","Season 2","Season 3","Season 4","Season 6"]}');
INSERT INTO sources (entity_key, label, url, provider, source_kind, accessed) VALUES ('character:api-character-2', 'An API of Ice and Fire — character 2', 'https://anapioficeandfire.com/api/characters/2', 'An API of Ice and Fire', 'structured_database', '2026-07-10');
INSERT INTO media (entity_key, local_path, provider, source_page, asset_url, media_kind, uncertain, metadata_json) VALUES ('character:api-character-2', '/images/fallback-character.svg', 'Local archive fallback', NULL, NULL, 'fallback', 0, '{"provider":"Local archive fallback","kind":"fallback","match":"none","uncertain":false,"reason":"No exact verified image-page mapping is available.","url":null,"assetUrl":null}');
INSERT INTO entities_fts (entity_key, name, aliases, type) VALUES ('character:api-character-2', 'Walder', 'Hodor', 'character');
INSERT INTO characters (entity_key, gender, culture, born, died, actor_json, titles_json, era) VALUES ('character:api-character-2', 'male', NULL, NULL, NULL, '["Kristian Nairn"]', '[]', NULL);
INSERT INTO entities (entity_key, id, type, name, description, status, verification, raw_json) VALUES ('character:api-character-11', 'api-character-11', 'character', 'The waif', NULL, 'unknown', 'upstream_record', '{"id":"api-character-11","apiId":11,"name":"The waif","canonicalName":null,"aliases":["The waif"],"actor":["Faye Marsay"],"gender":"female","culture":"Braavosi","born":"In 263 AC or 264 AC","died":null,"status":"unknown","houses":[],"titles":[],"father":null,"mother":null,"spouse":null,"books":[5,8],"povBooks":[],"show":["game-of-thrones"],"presence":[{"show":"game-of-thrones","kind":"depicted","seasons":["Season 5","Season 6"]}],"playedBy":["Faye Marsay"],"sources":[{"label":"An API of Ice and Fire — character 11","url":"https://anapioficeandfire.com/api/characters/11","provider":"An API of Ice and Fire","kind":"structured_database","accessed":"2026-07-10"}],"verification":"upstream_record","image":"/images/fallback-character.svg","imageSource":{"provider":"Local archive fallback","kind":"fallback","match":"none","uncertain":false,"reason":"No exact verified image-page mapping is available.","url":null,"assetUrl":null},"parents":[],"children":[],"spouses":[],"house":null,"dragon":null}');
INSERT INTO aliases (entity_key, alias) VALUES ('character:api-character-11', 'The waif');
INSERT INTO appearances (entity_key, show_id, presence_kind, first_reference, details_json) VALUES ('character:api-character-11', 'game-of-thrones', 'depicted', NULL, '{"show":"game-of-thrones","kind":"depicted","seasons":["Season 5","Season 6"]}');
INSERT INTO sources (entity_key, label, url, provider, source_kind, accessed) VALUES ('character:api-character-11', 'An API of Ice and Fire — character 11', 'https://anapioficeandfire.com/api/characters/11', 'An API of Ice and Fire', 'structured_database', '2026-07-10');
INSERT INTO media (entity_key, local_path, provider, source_page, asset_url, media_kind, uncertain, metadata_json) VALUES ('character:api-character-11', '/images/fallback-character.svg', 'Local archive fallback', NULL, NULL, 'fallback', 0, '{"provider":"Local archive fallback","kind":"fallback","match":"none","uncertain":false,"reason":"No exact verified image-page mapping is available.","url":null,"assetUrl":null}');
INSERT INTO entities_fts (entity_key, name, aliases, type) VALUES ('character:api-character-11', 'The waif', 'The waif', 'character');
INSERT INTO characters (entity_key, gender, culture, born, died, actor_json, titles_json, era) VALUES ('character:api-character-11', 'female', 'Braavosi', 'In 263 AC or 264 AC', NULL, '["Faye Marsay"]', '[]', NULL);
INSERT INTO entities (entity_key, id, type, name, description, status, verification, raw_json) VALUES ('character:api-character-15', 'api-character-15', 'character', 'High Septon', NULL, 'unknown', 'upstream_record', '{"id":"api-character-15","apiId":15,"name":"High Septon","canonicalName":"High Septon","aliases":["The High Sparrow"],"actor":["Jonathan Pryce"],"gender":"male","culture":null,"born":null,"died":null,"status":"unknown","houses":[],"titles":["High Septon","His High Holiness","Father of the Faithful","Voice of the Seven on Earth"],"father":null,"mother":null,"spouse":null,"books":[5,8],"povBooks":[],"show":["game-of-thrones"],"presence":[{"show":"game-of-thrones","kind":"depicted","seasons":["Season 5","Season 6"]}],"playedBy":["Jonathan Pryce"],"sources":[{"label":"An API of Ice and Fire — character 15","url":"https://anapioficeandfire.com/api/characters/15","provider":"An API of Ice and Fire","kind":"structured_database","accessed":"2026-07-10"}],"verification":"upstream_record","image":"/images/fallback-character.svg","imageSource":{"provider":"Local archive fallback","kind":"fallback","match":"none","uncertain":false,"reason":"No exact verified image-page mapping is available.","url":null,"assetUrl":null},"parents":[],"children":[],"spouses":[],"house":null,"dragon":null}');
INSERT INTO aliases (entity_key, alias) VALUES ('character:api-character-15', 'The High Sparrow');
INSERT INTO appearances (entity_key, show_id, presence_kind, first_reference, details_json) VALUES ('character:api-character-15', 'game-of-thrones', 'depicted', NULL, '{"show":"game-of-thrones","kind":"depicted","seasons":["Season 5","Season 6"]}');
INSERT INTO sources (entity_key, label, url, provider, source_kind, accessed) VALUES ('character:api-character-15', 'An API of Ice and Fire — character 15', 'https://anapioficeandfire.com/api/characters/15', 'An API of Ice and Fire', 'structured_database', '2026-07-10');
INSERT INTO media (entity_key, local_path, provider, source_page, asset_url, media_kind, uncertain, metadata_json) VALUES ('character:api-character-15', '/images/fallback-character.svg', 'Local archive fallback', NULL, NULL, 'fallback', 0, '{"provider":"Local archive fallback","kind":"fallback","match":"none","uncertain":false,"reason":"No exact verified image-page mapping is available.","url":null,"assetUrl":null}');
INSERT INTO entities_fts (entity_key, name, aliases, type) VALUES ('character:api-character-15', 'High Septon', 'The High Sparrow', 'character');
INSERT INTO characters (entity_key, gender, culture, born, died, actor_json, titles_json, era) VALUES ('character:api-character-15', 'male', NULL, NULL, NULL, '["Jonathan Pryce"]', '["High Septon","His High Holiness","Father of the Faithful","Voice of the Seven on Earth"]', NULL);
INSERT INTO entities (entity_key, id, type, name, description, status, verification, raw_json) VALUES ('character:api-character-20', 'api-character-20', 'character', 'Mordane', NULL, 'dead', 'upstream_record', '{"id":"api-character-20","apiId":20,"name":"Mordane","canonicalName":"Mordane","aliases":[],"actor":["Susan Brown"],"gender":"female","culture":null,"born":null,"died":"In 298 AC, at King''s Landing","status":"dead","houses":["house-stark"],"titles":["Septa"],"father":null,"mother":null,"spouse":null,"books":[1,2,3],"povBooks":[],"show":["game-of-thrones"],"presence":[{"show":"game-of-thrones","kind":"depicted","seasons":["Season 1"]}],"playedBy":["Susan Brown"],"sources":[{"label":"An API of Ice and Fire — character 20","url":"https://anapioficeandfire.com/api/characters/20","provider":"An API of Ice and Fire","kind":"structured_database","accessed":"2026-07-10"},{"label":"A Song of Ice and Fire Wiki — Mordane","url":"https://iceandfire.fandom.com/wiki/Mordane","provider":"A Song of Ice and Fire Wiki","kind":"reference_page","accessed":"2026-07-10"}],"verification":"upstream_record","image":"/images/characters/api-character-20.webp","imageSource":{"provider":"A Song of Ice and Fire Wiki","kind":"wiki_lead_image","match":"exact_page_title","uncertain":false,"url":"https://iceandfire.fandom.com/wiki/Mordane","assetUrl":"https://static.wikia.nocookie.net/iceandfire/images/2/26/Septa_Mordana.png/revision/latest?cb=20250211161322","accessed":"2026-07-10","originalSha256":"267af458886cd27bd373a5382da8ff7455db479ca6e70c0b7fd478578383287d","derivativeSha256":"3b8141a409b9647781f76da1c5ee1dd81618a1afb5e8e16c947233a78dea4517","width":1200,"height":900,"presentation":"proportional_resize_with_padding"},"parents":[],"children":[],"spouses":[],"house":null,"dragon":null}');
INSERT INTO appearances (entity_key, show_id, presence_kind, first_reference, details_json) VALUES ('character:api-character-20', 'game-of-thrones', 'depicted', NULL, '{"show":"game-of-thrones","kind":"depicted","seasons":["Season 1"]}');
INSERT INTO sources (entity_key, label, url, provider, source_kind, accessed) VALUES ('character:api-character-20', 'An API of Ice and Fire — character 20', 'https://anapioficeandfire.com/api/characters/20', 'An API of Ice and Fire', 'structured_database', '2026-07-10');
INSERT INTO sources (entity_key, label, url, provider, source_kind, accessed) VALUES ('character:api-character-20', 'A Song of Ice and Fire Wiki — Mordane', 'https://iceandfire.fandom.com/wiki/Mordane', 'A Song of Ice and Fire Wiki', 'reference_page', '2026-07-10');
INSERT INTO media (entity_key, local_path, provider, source_page, asset_url, media_kind, uncertain, metadata_json) VALUES ('character:api-character-20', '/images/characters/api-character-20.webp', 'A Song of Ice and Fire Wiki', 'https://iceandfire.fandom.com/wiki/Mordane', 'https://static.wikia.nocookie.net/iceandfire/images/2/26/Septa_Mordana.png/revision/latest?cb=20250211161322', 'wiki_lead_image', 0, '{"provider":"A Song of Ice and Fire Wiki","kind":"wiki_lead_image","match":"exact_page_title","uncertain":false,"url":"https://iceandfire.fandom.com/wiki/Mordane","assetUrl":"https://static.wikia.nocookie.net/iceandfire/images/2/26/Septa_Mordana.png/revision/latest?cb=20250211161322","accessed":"2026-07-10","originalSha256":"267af458886cd27bd373a5382da8ff7455db479ca6e70c0b7fd478578383287d","derivativeSha256":"3b8141a409b9647781f76da1c5ee1dd81618a1afb5e8e16c947233a78dea4517","width":1200,"height":900,"presentation":"proportional_resize_with_padding"}');
INSERT INTO entities_fts (entity_key, name, aliases, type) VALUES ('character:api-character-20', 'Mordane', '', 'character');
INSERT INTO characters (entity_key, gender, culture, born, died, actor_json, titles_json, era) VALUES ('character:api-character-20', 'female', NULL, NULL, 'In 298 AC, at King''s Landing', '["Susan Brown"]', '["Septa"]', NULL);
INSERT INTO entities (entity_key, id, type, name, description, status, verification, raw_json) VALUES ('character:api-character-28', 'api-character-28', 'character', 'Unella', NULL, 'unknown', 'upstream_record', '{"id":"api-character-28","apiId":28,"name":"Unella","canonicalName":"Unella","aliases":[],"actor":["Hannah Waddingham"],"gender":"female","culture":null,"born":null,"died":null,"status":"unknown","houses":[],"titles":["Septa"],"father":null,"mother":null,"spouse":null,"books":[5,8],"povBooks":[],"show":["game-of-thrones"],"presence":[{"show":"game-of-thrones","kind":"depicted","seasons":["Season 5","Season 6"]}],"playedBy":["Hannah Waddingham"],"sources":[{"label":"An API of Ice and Fire — character 28","url":"https://anapioficeandfire.com/api/characters/28","provider":"An API of Ice and Fire","kind":"structured_database","accessed":"2026-07-10"}],"verification":"upstream_record","image":"/images/fallback-character.svg","imageSource":{"provider":"Local archive fallback","kind":"fallback","match":"none","uncertain":false,"reason":"No exact verified image-page mapping is available.","url":null,"assetUrl":null},"parents":[],"children":[],"spouses":[],"house":null,"dragon":null}');
INSERT INTO appearances (entity_key, show_id, presence_kind, first_reference, details_json) VALUES ('character:api-character-28', 'game-of-thrones', 'depicted', NULL, '{"show":"game-of-thrones","kind":"depicted","seasons":["Season 5","Season 6"]}');
INSERT INTO sources (entity_key, label, url, provider, source_kind, accessed) VALUES ('character:api-character-28', 'An API of Ice and Fire — character 28', 'https://anapioficeandfire.com/api/characters/28', 'An API of Ice and Fire', 'structured_database', '2026-07-10');
INSERT INTO media (entity_key, local_path, provider, source_page, asset_url, media_kind, uncertain, metadata_json) VALUES ('character:api-character-28', '/images/fallback-character.svg', 'Local archive fallback', NULL, NULL, 'fallback', 0, '{"provider":"Local archive fallback","kind":"fallback","match":"none","uncertain":false,"reason":"No exact verified image-page mapping is available.","url":null,"assetUrl":null}');
INSERT INTO entities_fts (entity_key, name, aliases, type) VALUES ('character:api-character-28', 'Unella', '', 'character');
INSERT INTO characters (entity_key, gender, culture, born, died, actor_json, titles_json, era) VALUES ('character:api-character-28', 'female', NULL, NULL, NULL, '["Hannah Waddingham"]', '["Septa"]', NULL);
INSERT INTO entities (entity_key, id, type, name, description, status, verification, raw_json) VALUES ('character:api-character-31', 'api-character-31', 'character', 'Addam Marbrand', NULL, 'unknown', 'upstream_record', '{"id":"api-character-31","apiId":31,"name":"Addam Marbrand","canonicalName":"Addam Marbrand","aliases":[],"actor":["B.J. Hogg"],"gender":"male","culture":null,"born":null,"died":null,"status":"unknown","houses":[],"titles":["Ser","Commander of the City Watch"],"father":null,"mother":null,"spouse":null,"books":[1,2,3,5,8],"povBooks":[],"show":["game-of-thrones"],"presence":[{"show":"game-of-thrones","kind":"depicted","seasons":["Season 1"]}],"playedBy":["B.J. Hogg"],"sources":[{"label":"An API of Ice and Fire — character 31","url":"https://anapioficeandfire.com/api/characters/31","provider":"An API of Ice and Fire","kind":"structured_database","accessed":"2026-07-10"},{"label":"A Song of Ice and Fire Wiki — Addam Marbrand","url":"https://iceandfire.fandom.com/wiki/Addam_Marbrand","provider":"A Song of Ice and Fire Wiki","kind":"reference_page","accessed":"2026-07-10"}],"verification":"upstream_record","image":"/images/characters/api-character-31.webp","imageSource":{"provider":"A Song of Ice and Fire Wiki","kind":"wiki_lead_image","match":"exact_page_title","uncertain":false,"url":"https://iceandfire.fandom.com/wiki/Addam_Marbrand","assetUrl":"https://static.wikia.nocookie.net/iceandfire/images/1/1d/Adam_Marbrand_%282%29.png/revision/latest?cb=20250127224450","accessed":"2026-07-10","originalSha256":"14284e9e2147c8d1c553585e37301c806d9202ff312cd513d551d1223c2ac7e7","derivativeSha256":"0485fd6d51e887da36612ef75508fe4a4c049e0d8874ad7b8abbd84f83434e5a","width":1200,"height":900,"presentation":"proportional_resize_with_padding"},"parents":[],"children":[],"spouses":[],"house":null,"dragon":null}');
INSERT INTO appearances (entity_key, show_id, presence_kind, first_reference, details_json) VALUES ('character:api-character-31', 'game-of-thrones', 'depicted', NULL, '{"show":"game-of-thrones","kind":"depicted","seasons":["Season 1"]}');
INSERT INTO sources (entity_key, label, url, provider, source_kind, accessed) VALUES ('character:api-character-31', 'An API of Ice and Fire — character 31', 'https://anapioficeandfire.com/api/characters/31', 'An API of Ice and Fire', 'structured_database', '2026-07-10');
INSERT INTO sources (entity_key, label, url, provider, source_kind, accessed) VALUES ('character:api-character-31', 'A Song of Ice and Fire Wiki — Addam Marbrand', 'https://iceandfire.fandom.com/wiki/Addam_Marbrand', 'A Song of Ice and Fire Wiki', 'reference_page', '2026-07-10');
INSERT INTO media (entity_key, local_path, provider, source_page, asset_url, media_kind, uncertain, metadata_json) VALUES ('character:api-character-31', '/images/characters/api-character-31.webp', 'A Song of Ice and Fire Wiki', 'https://iceandfire.fandom.com/wiki/Addam_Marbrand', 'https://static.wikia.nocookie.net/iceandfire/images/1/1d/Adam_Marbrand_%282%29.png/revision/latest?cb=20250127224450', 'wiki_lead_image', 0, '{"provider":"A Song of Ice and Fire Wiki","kind":"wiki_lead_image","match":"exact_page_title","uncertain":false,"url":"https://iceandfire.fandom.com/wiki/Addam_Marbrand","assetUrl":"https://static.wikia.nocookie.net/iceandfire/images/1/1d/Adam_Marbrand_%282%29.png/revision/latest?cb=20250127224450","accessed":"2026-07-10","originalSha256":"14284e9e2147c8d1c553585e37301c806d9202ff312cd513d551d1223c2ac7e7","derivativeSha256":"0485fd6d51e887da36612ef75508fe4a4c049e0d8874ad7b8abbd84f83434e5a","width":1200,"height":900,"presentation":"proportional_resize_with_padding"}');
INSERT INTO entities_fts (entity_key, name, aliases, type) VALUES ('character:api-character-31', 'Addam Marbrand', '', 'character');
INSERT INTO characters (entity_key, gender, culture, born, died, actor_json, titles_json, era) VALUES ('character:api-character-31', 'male', NULL, NULL, NULL, '["B.J. Hogg"]', '["Ser","Commander of the City Watch"]', NULL);
INSERT INTO entities (entity_key, id, type, name, description, status, verification, raw_json) VALUES ('character:api-character-42', 'api-character-42', 'character', 'Aegon VI Targaryen', 'A young man of Valyrian origin who claims to be the surviving son of Prince Rhaegar Targaryen and Elia Martell.', 'alive_as_of_source', 'user_supplied_exception', '{"id":"api-character-42","name":"Aegon VI Targaryen","canonicalName":"Aegon VI Targaryen","aliases":["Young Griff","Aegon Targaryen","Aegon VI"],"actor":[],"gender":"male","culture":"Valyrian","born":"In 281 AC or 282 AC, at Dragonstone","died":null,"status":"alive_as_of_source","houses":["house-targaryen"],"titles":[],"father":null,"mother":null,"spouse":null,"books":[],"povBooks":[],"show":[],"presence":[],"playedBy":[],"sources":[{"label":"A Wiki of Ice and Fire — Aegon Targaryen (Young Griff)","url":"https://awoiaf.westeros.org/index.php/Aegon_Targaryen_(Young_Griff)","provider":"A Wiki of Ice and Fire","kind":"reference_page","accessed":"2026-07-10"}],"verification":"user_supplied_exception","biography":"A young man of Valyrian origin who claims to be the surviving son of Prince Rhaegar Targaryen and Elia Martell.","image":"/images/characters/api-character-42.webp","imageSource":{"provider":"A Wiki of Ice and Fire","kind":"wiki_lead_image","match":"exact_page_title","uncertain":false,"url":"https://awoiaf.westeros.org/index.php/Aegon_Targaryen_(Young_Griff)","assetUrl":"https://awoiaf.westeros.org/images/1/16/Paolo_Puggioni_aegontargaryen.jpg","accessed":"2026-07-10","originalSha256":"f8947e88d0d5fb525961d69cc63bf80f545d7784edc66843857dbf8fdc68a8c3","derivativeSha256":"cbb95879117eadd7bfe42c2d35c58311c0aa700497ecae89f4b84536fa491701","width":1200,"height":900,"presentation":"proportional_resize_with_padding"},"parents":[],"children":[],"spouses":[],"house":null,"dragon":null}');
INSERT INTO aliases (entity_key, alias) VALUES ('character:api-character-42', 'Young Griff');
INSERT INTO aliases (entity_key, alias) VALUES ('character:api-character-42', 'Aegon Targaryen');
INSERT INTO aliases (entity_key, alias) VALUES ('character:api-character-42', 'Aegon VI');
INSERT INTO sources (entity_key, label, url, provider, source_kind, accessed) VALUES ('character:api-character-42', 'A Wiki of Ice and Fire — Aegon Targaryen (Young Griff)', 'https://awoiaf.westeros.org/index.php/Aegon_Targaryen_(Young_Griff)', 'A Wiki of Ice and Fire', 'reference_page', '2026-07-10');
INSERT INTO media (entity_key, local_path, provider, source_page, asset_url, media_kind, uncertain, metadata_json) VALUES ('character:api-character-42', '/images/characters/api-character-42.webp', 'A Wiki of Ice and Fire', 'https://awoiaf.westeros.org/index.php/Aegon_Targaryen_(Young_Griff)', 'https://awoiaf.westeros.org/images/1/16/Paolo_Puggioni_aegontargaryen.jpg', 'wiki_lead_image', 0, '{"provider":"A Wiki of Ice and Fire","kind":"wiki_lead_image","match":"exact_page_title","uncertain":false,"url":"https://awoiaf.westeros.org/index.php/Aegon_Targaryen_(Young_Griff)","assetUrl":"https://awoiaf.westeros.org/images/1/16/Paolo_Puggioni_aegontargaryen.jpg","accessed":"2026-07-10","originalSha256":"f8947e88d0d5fb525961d69cc63bf80f545d7784edc66843857dbf8fdc68a8c3","derivativeSha256":"cbb95879117eadd7bfe42c2d35c58311c0aa700497ecae89f4b84536fa491701","width":1200,"height":900,"presentation":"proportional_resize_with_padding"}');
INSERT INTO entities_fts (entity_key, name, aliases, type) VALUES ('character:api-character-42', 'Aegon VI Targaryen', 'Young Griff Aegon Targaryen Aegon VI', 'character');
INSERT INTO characters (entity_key, gender, culture, born, died, actor_json, titles_json, era) VALUES ('character:api-character-42', 'male', 'Valyrian', 'In 281 AC or 282 AC, at Dragonstone', NULL, '[]', '[]', NULL);
INSERT INTO entities (entity_key, id, type, name, description, status, verification, raw_json) VALUES ('character:api-character-60', 'api-character-60', 'character', 'Aeron Greyjoy', NULL, 'unknown', 'upstream_record', '{"id":"api-character-60","apiId":60,"name":"Aeron Greyjoy","canonicalName":"Aeron Greyjoy","aliases":["The Damphair","Aeron Damphair"],"actor":["Michael Feast"],"gender":"male","culture":"Ironborn","born":"In or between 269 AC and 273 AC, at Pyke","died":null,"status":"unknown","houses":["house-greyjoy"],"titles":["Priest of the Drowned God","Captain of the Golden Storm (formerly)"],"father":null,"mother":null,"spouse":null,"books":[1,2,3,8],"povBooks":[5],"show":["game-of-thrones"],"presence":[{"show":"game-of-thrones","kind":"depicted","seasons":["Season 6"]}],"playedBy":["Michael Feast"],"sources":[{"label":"An API of Ice and Fire — character 60","url":"https://anapioficeandfire.com/api/characters/60","provider":"An API of Ice and Fire","kind":"structured_database","accessed":"2026-07-10"},{"label":"A Song of Ice and Fire Wiki — Aeron Greyjoy","url":"https://iceandfire.fandom.com/wiki/Aeron_Greyjoy","provider":"A Song of Ice and Fire Wiki","kind":"reference_page","accessed":"2026-07-10"}],"verification":"upstream_record","image":"/images/characters/api-character-60.webp","imageSource":{"provider":"A Song of Ice and Fire Wiki","kind":"wiki_lead_image","match":"exact_page_title","uncertain":false,"url":"https://iceandfire.fandom.com/wiki/Aeron_Greyjoy","assetUrl":"https://static.wikia.nocookie.net/iceandfire/images/a/a0/Aeron_by_amoka.jpg/revision/latest?cb=20150515223713","accessed":"2026-07-10","originalSha256":"c023bdc8cefb703186a64af5405e45ce3227ce1bc898abaca87c5a55f7c56dd0","derivativeSha256":"2700e09df006b417bbdd7833c143399356069e0e1eb50e072320d0f394633d46","width":1200,"height":900,"presentation":"proportional_resize_with_padding"},"parents":[],"children":[],"spouses":[],"house":null,"dragon":null}');
INSERT INTO aliases (entity_key, alias) VALUES ('character:api-character-60', 'The Damphair');
INSERT INTO aliases (entity_key, alias) VALUES ('character:api-character-60', 'Aeron Damphair');
INSERT INTO appearances (entity_key, show_id, presence_kind, first_reference, details_json) VALUES ('character:api-character-60', 'game-of-thrones', 'depicted', NULL, '{"show":"game-of-thrones","kind":"depicted","seasons":["Season 6"]}');
INSERT INTO sources (entity_key, label, url, provider, source_kind, accessed) VALUES ('character:api-character-60', 'An API of Ice and Fire — character 60', 'https://anapioficeandfire.com/api/characters/60', 'An API of Ice and Fire', 'structured_database', '2026-07-10');
INSERT INTO sources (entity_key, label, url, provider, source_kind, accessed) VALUES ('character:api-character-60', 'A Song of Ice and Fire Wiki — Aeron Greyjoy', 'https://iceandfire.fandom.com/wiki/Aeron_Greyjoy', 'A Song of Ice and Fire Wiki', 'reference_page', '2026-07-10');
INSERT INTO media (entity_key, local_path, provider, source_page, asset_url, media_kind, uncertain, metadata_json) VALUES ('character:api-character-60', '/images/characters/api-character-60.webp', 'A Song of Ice and Fire Wiki', 'https://iceandfire.fandom.com/wiki/Aeron_Greyjoy', 'https://static.wikia.nocookie.net/iceandfire/images/a/a0/Aeron_by_amoka.jpg/revision/latest?cb=20150515223713', 'wiki_lead_image', 0, '{"provider":"A Song of Ice and Fire Wiki","kind":"wiki_lead_image","match":"exact_page_title","uncertain":false,"url":"https://iceandfire.fandom.com/wiki/Aeron_Greyjoy","assetUrl":"https://static.wikia.nocookie.net/iceandfire/images/a/a0/Aeron_by_amoka.jpg/revision/latest?cb=20150515223713","accessed":"2026-07-10","originalSha256":"c023bdc8cefb703186a64af5405e45ce3227ce1bc898abaca87c5a55f7c56dd0","derivativeSha256":"2700e09df006b417bbdd7833c143399356069e0e1eb50e072320d0f394633d46","width":1200,"height":900,"presentation":"proportional_resize_with_padding"}');
INSERT INTO entities_fts (entity_key, name, aliases, type) VALUES ('character:api-character-60', 'Aeron Greyjoy', 'The Damphair Aeron Damphair', 'character');
INSERT INTO characters (entity_key, gender, culture, born, died, actor_json, titles_json, era) VALUES ('character:api-character-60', 'male', 'Ironborn', 'In or between 269 AC and 273 AC, at Pyke', NULL, '["Michael Feast"]', '["Priest of the Drowned God","Captain of the Golden Storm (formerly)"]', NULL);
INSERT INTO entities (entity_key, id, type, name, description, status, verification, raw_json) VALUES ('character:api-character-79', 'api-character-79', 'character', 'Alliser Thorne', NULL, 'unknown', 'upstream_record', '{"id":"api-character-79","apiId":79,"name":"Alliser Thorne","canonicalName":"Alliser Thorne","aliases":[],"actor":["Owen Teale"],"gender":"male","culture":null,"born":"In 248 AC (roughly)","died":null,"status":"unknown","houses":[],"titles":["Ser"],"father":null,"mother":null,"spouse":null,"books":[1,2,3,5,8],"povBooks":[],"show":["game-of-thrones"],"presence":[{"show":"game-of-thrones","kind":"depicted","seasons":["Season 1","Season 4","Season 5","Season 6"]}],"playedBy":["Owen Teale"],"sources":[{"label":"An API of Ice and Fire — character 79","url":"https://anapioficeandfire.com/api/characters/79","provider":"An API of Ice and Fire","kind":"structured_database","accessed":"2026-07-10"},{"label":"A Song of Ice and Fire Wiki — Alliser Thorne","url":"https://iceandfire.fandom.com/wiki/Alliser_Thorne","provider":"A Song of Ice and Fire Wiki","kind":"reference_page","accessed":"2026-07-10"}],"verification":"upstream_record","image":"/images/characters/api-character-79.webp","imageSource":{"provider":"A Song of Ice and Fire Wiki","kind":"wiki_lead_image","match":"exact_page_title","uncertain":false,"url":"https://iceandfire.fandom.com/wiki/Alliser_Thorne","assetUrl":"https://static.wikia.nocookie.net/iceandfire/images/4/47/Alliser_Thorne.png/revision/latest?cb=20250128092321","accessed":"2026-07-10","originalSha256":"85d0fe2783bd63f65e44fa9a6933669ea2bb3813f771864bf91a02c427904c3e","derivativeSha256":"7d7fae9a64556c8bb60a20b0a7f8aeb5c0339f0c1f4318790667afafdf3d9822","width":1200,"height":900,"presentation":"proportional_resize_with_padding"},"parents":[],"children":[],"spouses":[],"house":null,"dragon":null}');
INSERT INTO appearances (entity_key, show_id, presence_kind, first_reference, details_json) VALUES ('character:api-character-79', 'game-of-thrones', 'depicted', NULL, '{"show":"game-of-thrones","kind":"depicted","seasons":["Season 1","Season 4","Season 5","Season 6"]}');
INSERT INTO sources (entity_key, label, url, provider, source_kind, accessed) VALUES ('character:api-character-79', 'An API of Ice and Fire — character 79', 'https://anapioficeandfire.com/api/characters/79', 'An API of Ice and Fire', 'structured_database', '2026-07-10');
INSERT INTO sources (entity_key, label, url, provider, source_kind, accessed) VALUES ('character:api-character-79', 'A Song of Ice and Fire Wiki — Alliser Thorne', 'https://iceandfire.fandom.com/wiki/Alliser_Thorne', 'A Song of Ice and Fire Wiki', 'reference_page', '2026-07-10');
INSERT INTO media (entity_key, local_path, provider, source_page, asset_url, media_kind, uncertain, metadata_json) VALUES ('character:api-character-79', '/images/characters/api-character-79.webp', 'A Song of Ice and Fire Wiki', 'https://iceandfire.fandom.com/wiki/Alliser_Thorne', 'https://static.wikia.nocookie.net/iceandfire/images/4/47/Alliser_Thorne.png/revision/latest?cb=20250128092321', 'wiki_lead_image', 0, '{"provider":"A Song of Ice and Fire Wiki","kind":"wiki_lead_image","match":"exact_page_title","uncertain":false,"url":"https://iceandfire.fandom.com/wiki/Alliser_Thorne","assetUrl":"https://static.wikia.nocookie.net/iceandfire/images/4/47/Alliser_Thorne.png/revision/latest?cb=20250128092321","accessed":"2026-07-10","originalSha256":"85d0fe2783bd63f65e44fa9a6933669ea2bb3813f771864bf91a02c427904c3e","derivativeSha256":"7d7fae9a64556c8bb60a20b0a7f8aeb5c0339f0c1f4318790667afafdf3d9822","width":1200,"height":900,"presentation":"proportional_resize_with_padding"}');
INSERT INTO entities_fts (entity_key, name, aliases, type) VALUES ('character:api-character-79', 'Alliser Thorne', '', 'character');
INSERT INTO characters (entity_key, gender, culture, born, died, actor_json, titles_json, era) VALUES ('character:api-character-79', 'male', NULL, 'In 248 AC (roughly)', NULL, '["Owen Teale"]', '["Ser"]', NULL);
INSERT INTO entities (entity_key, id, type, name, description, status, verification, raw_json) VALUES ('character:api-character-115', 'api-character-115', 'character', 'Amory Lorch', NULL, 'dead', 'upstream_record', '{"id":"api-character-115","apiId":115,"name":"Amory Lorch","canonicalName":"Amory Lorch","aliases":["The Manticore"],"actor":["Fintan McKeown"],"gender":"male","culture":null,"born":null,"died":"In 299 AC, at Harrenhal","status":"dead","houses":["house-lannister"],"titles":["Ser","Castellan of Harrenhal"],"father":null,"mother":null,"spouse":null,"books":[1,2,3,5,8],"povBooks":[],"show":["game-of-thrones"],"presence":[{"show":"game-of-thrones","kind":"depicted","seasons":["Season 2"]}],"playedBy":["Fintan McKeown"],"sources":[{"label":"An API of Ice and Fire — character 115","url":"https://anapioficeandfire.com/api/characters/115","provider":"An API of Ice and Fire","kind":"structured_database","accessed":"2026-07-10"},{"label":"A Song of Ice and Fire Wiki — Amory Lorch","url":"https://iceandfire.fandom.com/wiki/Amory_Lorch","provider":"A Song of Ice and Fire Wiki","kind":"reference_page","accessed":"2026-07-10"}],"verification":"upstream_record","image":"/images/characters/api-character-115.webp","imageSource":{"provider":"A Song of Ice and Fire Wiki","kind":"wiki_lead_image","match":"exact_page_title","uncertain":false,"url":"https://iceandfire.fandom.com/wiki/Amory_Lorch","assetUrl":"https://static.wikia.nocookie.net/iceandfire/images/0/02/Amory_Lorch.png/revision/latest?cb=20250211143817","accessed":"2026-07-10","originalSha256":"485cd693a4a044dfaa2b45c3b52c53764e8dfbde0fe46877550e9cdc0e9e1cfa","derivativeSha256":"20cdb6ba358a664ebff8134a23f45ad31cfadc151778c5de3535443d572773aa","width":1200,"height":900,"presentation":"proportional_resize_with_padding"},"parents":[],"children":[],"spouses":[],"house":null,"dragon":null}');
INSERT INTO aliases (entity_key, alias) VALUES ('character:api-character-115', 'The Manticore');
INSERT INTO appearances (entity_key, show_id, presence_kind, first_reference, details_json) VALUES ('character:api-character-115', 'game-of-thrones', 'depicted', NULL, '{"show":"game-of-thrones","kind":"depicted","seasons":["Season 2"]}');
INSERT INTO sources (entity_key, label, url, provider, source_kind, accessed) VALUES ('character:api-character-115', 'An API of Ice and Fire — character 115', 'https://anapioficeandfire.com/api/characters/115', 'An API of Ice and Fire', 'structured_database', '2026-07-10');
INSERT INTO sources (entity_key, label, url, provider, source_kind, accessed) VALUES ('character:api-character-115', 'A Song of Ice and Fire Wiki — Amory Lorch', 'https://iceandfire.fandom.com/wiki/Amory_Lorch', 'A Song of Ice and Fire Wiki', 'reference_page', '2026-07-10');
INSERT INTO media (entity_key, local_path, provider, source_page, asset_url, media_kind, uncertain, metadata_json) VALUES ('character:api-character-115', '/images/characters/api-character-115.webp', 'A Song of Ice and Fire Wiki', 'https://iceandfire.fandom.com/wiki/Amory_Lorch', 'https://static.wikia.nocookie.net/iceandfire/images/0/02/Amory_Lorch.png/revision/latest?cb=20250211143817', 'wiki_lead_image', 0, '{"provider":"A Song of Ice and Fire Wiki","kind":"wiki_lead_image","match":"exact_page_title","uncertain":false,"url":"https://iceandfire.fandom.com/wiki/Amory_Lorch","assetUrl":"https://static.wikia.nocookie.net/iceandfire/images/0/02/Amory_Lorch.png/revision/latest?cb=20250211143817","accessed":"2026-07-10","originalSha256":"485cd693a4a044dfaa2b45c3b52c53764e8dfbde0fe46877550e9cdc0e9e1cfa","derivativeSha256":"20cdb6ba358a664ebff8134a23f45ad31cfadc151778c5de3535443d572773aa","width":1200,"height":900,"presentation":"proportional_resize_with_padding"}');
INSERT INTO entities_fts (entity_key, name, aliases, type) VALUES ('character:api-character-115', 'Amory Lorch', 'The Manticore', 'character');
INSERT INTO characters (entity_key, gender, culture, born, died, actor_json, titles_json, era) VALUES ('character:api-character-115', 'male', NULL, NULL, 'In 299 AC, at Harrenhal', '["Fintan McKeown"]', '["Ser","Castellan of Harrenhal"]', NULL);
INSERT INTO entities (entity_key, id, type, name, description, status, verification, raw_json) VALUES ('character:api-character-125', 'api-character-125', 'character', 'Anya Waynwood', NULL, 'unknown', 'upstream_record', '{"id":"api-character-125","apiId":125,"name":"Anya Waynwood","canonicalName":"Anya Waynwood","aliases":[],"actor":["Paola Dionisotti"],"gender":"female","culture":null,"born":null,"died":null,"status":"unknown","houses":[],"titles":["Lady of Ironoaks"],"father":null,"mother":null,"spouse":null,"books":[1,2,3,5,8],"povBooks":[],"show":["game-of-thrones"],"presence":[{"show":"game-of-thrones","kind":"depicted","seasons":["Season 4"]}],"playedBy":["Paola Dionisotti"],"sources":[{"label":"An API of Ice and Fire — character 125","url":"https://anapioficeandfire.com/api/characters/125","provider":"An API of Ice and Fire","kind":"structured_database","accessed":"2026-07-10"},{"label":"A Song of Ice and Fire Wiki — Anya Waynwood","url":"https://iceandfire.fandom.com/wiki/Anya_Waynwood","provider":"A Song of Ice and Fire Wiki","kind":"reference_page","accessed":"2026-07-10"}],"verification":"upstream_record","image":"/images/characters/api-character-125.webp","imageSource":{"provider":"A Song of Ice and Fire Wiki","kind":"wiki_lead_image","match":"exact_page_title","uncertain":false,"url":"https://iceandfire.fandom.com/wiki/Anya_Waynwood","assetUrl":"https://static.wikia.nocookie.net/iceandfire/images/5/56/Anya_Waynwood.png/revision/latest?cb=20250128161310","accessed":"2026-07-10","originalSha256":"f890204f426a420def141c3bb1861a4b2a123db3c4942dcc6d83c755b0859a9b","derivativeSha256":"3f8c9d2369265cc5c115c837b502ecd04ad34cb3d06c2933a442c5628cb57ca7","width":1200,"height":900,"presentation":"proportional_resize_with_padding"},"parents":[],"children":[],"spouses":[],"house":null,"dragon":null}');
INSERT INTO appearances (entity_key, show_id, presence_kind, first_reference, details_json) VALUES ('character:api-character-125', 'game-of-thrones', 'depicted', NULL, '{"show":"game-of-thrones","kind":"depicted","seasons":["Season 4"]}');
INSERT INTO sources (entity_key, label, url, provider, source_kind, accessed) VALUES ('character:api-character-125', 'An API of Ice and Fire — character 125', 'https://anapioficeandfire.com/api/characters/125', 'An API of Ice and Fire', 'structured_database', '2026-07-10');
INSERT INTO sources (entity_key, label, url, provider, source_kind, accessed) VALUES ('character:api-character-125', 'A Song of Ice and Fire Wiki — Anya Waynwood', 'https://iceandfire.fandom.com/wiki/Anya_Waynwood', 'A Song of Ice and Fire Wiki', 'reference_page', '2026-07-10');
INSERT INTO media (entity_key, local_path, provider, source_page, asset_url, media_kind, uncertain, metadata_json) VALUES ('character:api-character-125', '/images/characters/api-character-125.webp', 'A Song of Ice and Fire Wiki', 'https://iceandfire.fandom.com/wiki/Anya_Waynwood', 'https://static.wikia.nocookie.net/iceandfire/images/5/56/Anya_Waynwood.png/revision/latest?cb=20250128161310', 'wiki_lead_image', 0, '{"provider":"A Song of Ice and Fire Wiki","kind":"wiki_lead_image","match":"exact_page_title","uncertain":false,"url":"https://iceandfire.fandom.com/wiki/Anya_Waynwood","assetUrl":"https://static.wikia.nocookie.net/iceandfire/images/5/56/Anya_Waynwood.png/revision/latest?cb=20250128161310","accessed":"2026-07-10","originalSha256":"f890204f426a420def141c3bb1861a4b2a123db3c4942dcc6d83c755b0859a9b","derivativeSha256":"3f8c9d2369265cc5c115c837b502ecd04ad34cb3d06c2933a442c5628cb57ca7","width":1200,"height":900,"presentation":"proportional_resize_with_padding"}');
INSERT INTO entities_fts (entity_key, name, aliases, type) VALUES ('character:api-character-125', 'Anya Waynwood', '', 'character');
INSERT INTO characters (entity_key, gender, culture, born, died, actor_json, titles_json, era) VALUES ('character:api-character-125', 'female', NULL, NULL, NULL, '["Paola Dionisotti"]', '["Lady of Ironoaks"]', NULL);
INSERT INTO entities (entity_key, id, type, name, description, status, verification, raw_json) VALUES ('character:api-character-142', 'api-character-142', 'character', 'Arthur Dayne', NULL, 'dead', 'upstream_record', '{"id":"api-character-142","apiId":142,"name":"Arthur Dayne","canonicalName":"Arthur Dayne","aliases":[],"actor":["Luke Roberts"],"gender":"male","culture":null,"born":null,"died":"In 283 AC, at the Tower of Joy","status":"dead","houses":["house-dayne"],"titles":["Ser","Sword of the Morning"],"father":null,"mother":null,"spouse":null,"books":[1,2,3,5,8,11],"povBooks":[],"show":["game-of-thrones"],"presence":[{"show":"game-of-thrones","kind":"depicted","seasons":["Season 6"]}],"playedBy":["Luke Roberts"],"sources":[{"label":"An API of Ice and Fire — character 142","url":"https://anapioficeandfire.com/api/characters/142","provider":"An API of Ice and Fire","kind":"structured_database","accessed":"2026-07-10"},{"label":"A Song of Ice and Fire Wiki — Arthur Dayne","url":"https://iceandfire.fandom.com/wiki/Arthur_Dayne","provider":"A Song of Ice and Fire Wiki","kind":"reference_page","accessed":"2026-07-10"}],"verification":"upstream_record","image":"/images/characters/api-character-142.webp","imageSource":{"provider":"A Song of Ice and Fire Wiki","kind":"wiki_lead_image","match":"exact_page_title","uncertain":false,"url":"https://iceandfire.fandom.com/wiki/Arthur_Dayne","assetUrl":"https://static.wikia.nocookie.net/iceandfire/images/6/61/Morningsword.png/revision/latest/scale-to-width-down/1600?cb=20160205022330","accessed":"2026-07-10","originalSha256":"f58898e0d211839b2a1a419db111a5cc2500b22fed257c1ef0edc1371e2db8da","derivativeSha256":"2d1e3b3252e967e592acc3af9b66b5318ce1b7849c9cb615a47fd030ea42ee95","width":1200,"height":900,"presentation":"proportional_resize_with_padding"},"parents":[],"children":[],"spouses":[],"house":null,"dragon":null}');
INSERT INTO appearances (entity_key, show_id, presence_kind, first_reference, details_json) VALUES ('character:api-character-142', 'game-of-thrones', 'depicted', NULL, '{"show":"game-of-thrones","kind":"depicted","seasons":["Season 6"]}');
INSERT INTO sources (entity_key, label, url, provider, source_kind, accessed) VALUES ('character:api-character-142', 'An API of Ice and Fire — character 142', 'https://anapioficeandfire.com/api/characters/142', 'An API of Ice and Fire', 'structured_database', '2026-07-10');
INSERT INTO sources (entity_key, label, url, provider, source_kind, accessed) VALUES ('character:api-character-142', 'A Song of Ice and Fire Wiki — Arthur Dayne', 'https://iceandfire.fandom.com/wiki/Arthur_Dayne', 'A Song of Ice and Fire Wiki', 'reference_page', '2026-07-10');
INSERT INTO media (entity_key, local_path, provider, source_page, asset_url, media_kind, uncertain, metadata_json) VALUES ('character:api-character-142', '/images/characters/api-character-142.webp', 'A Song of Ice and Fire Wiki', 'https://iceandfire.fandom.com/wiki/Arthur_Dayne', 'https://static.wikia.nocookie.net/iceandfire/images/6/61/Morningsword.png/revision/latest/scale-to-width-down/1600?cb=20160205022330', 'wiki_lead_image', 0, '{"provider":"A Song of Ice and Fire Wiki","kind":"wiki_lead_image","match":"exact_page_title","uncertain":false,"url":"https://iceandfire.fandom.com/wiki/Arthur_Dayne","assetUrl":"https://static.wikia.nocookie.net/iceandfire/images/6/61/Morningsword.png/revision/latest/scale-to-width-down/1600?cb=20160205022330","accessed":"2026-07-10","originalSha256":"f58898e0d211839b2a1a419db111a5cc2500b22fed257c1ef0edc1371e2db8da","derivativeSha256":"2d1e3b3252e967e592acc3af9b66b5318ce1b7849c9cb615a47fd030ea42ee95","width":1200,"height":900,"presentation":"proportional_resize_with_padding"}');
INSERT INTO entities_fts (entity_key, name, aliases, type) VALUES ('character:api-character-142', 'Arthur Dayne', '', 'character');
INSERT INTO characters (entity_key, gender, culture, born, died, actor_json, titles_json, era) VALUES ('character:api-character-142', 'male', NULL, NULL, 'In 283 AC, at the Tower of Joy', '["Luke Roberts"]', '["Ser","Sword of the Morning"]', NULL);
INSERT INTO entities (entity_key, id, type, name, description, status, verification, raw_json) VALUES ('character:api-character-168', 'api-character-168', 'character', 'Barristan Selmy', NULL, 'unknown', 'upstream_record', '{"id":"api-character-168","apiId":168,"name":"Barristan Selmy","canonicalName":"Barristan Selmy","aliases":["Barristan the Bold","Arstan Whitebeard","Ser Grandfather","Barristan the Old","Old Ser"],"actor":["Ian McElhinney"],"gender":"male","culture":"Westeros","born":"In 237 AC","died":null,"status":"unknown","houses":["house-selmy","house-targaryen"],"titles":["Ser","Hand of the Queen"],"father":null,"mother":null,"spouse":null,"books":[1,2,3,5,11],"povBooks":[8],"show":["game-of-thrones"],"presence":[{"show":"game-of-thrones","kind":"depicted","seasons":["Season 1","Season 3","Season 4","Season 5"]}],"playedBy":["Ian McElhinney"],"sources":[{"label":"An API of Ice and Fire — character 168","url":"https://anapioficeandfire.com/api/characters/168","provider":"An API of Ice and Fire","kind":"structured_database","accessed":"2026-07-10"},{"label":"A Song of Ice and Fire Wiki — Barristan Selmy","url":"https://iceandfire.fandom.com/wiki/Barristan_Selmy","provider":"A Song of Ice and Fire Wiki","kind":"reference_page","accessed":"2026-07-10"}],"verification":"upstream_record","image":"/images/characters/api-character-168.webp","imageSource":{"provider":"A Song of Ice and Fire Wiki","kind":"wiki_lead_image","match":"exact_page_title","uncertain":false,"url":"https://iceandfire.fandom.com/wiki/Barristan_Selmy","assetUrl":"https://static.wikia.nocookie.net/iceandfire/images/f/ff/Barristan_by_amoka.jpg/revision/latest?cb=20150515223848","accessed":"2026-07-10","originalSha256":"3656727ad74719fda17ff32f43e780f662fdbc0a9048e783b2f226a15fe841ff","derivativeSha256":"5f417102560d8b893cc8e03a23af01875697153cfb76c819f292c6b1e1465361","width":1200,"height":900,"presentation":"proportional_resize_with_padding"},"parents":[],"children":[],"spouses":[],"house":null,"dragon":null}');
INSERT INTO aliases (entity_key, alias) VALUES ('character:api-character-168', 'Barristan the Bold');
INSERT INTO aliases (entity_key, alias) VALUES ('character:api-character-168', 'Arstan Whitebeard');
INSERT INTO aliases (entity_key, alias) VALUES ('character:api-character-168', 'Ser Grandfather');
INSERT INTO aliases (entity_key, alias) VALUES ('character:api-character-168', 'Barristan the Old');
INSERT INTO aliases (entity_key, alias) VALUES ('character:api-character-168', 'Old Ser');
INSERT INTO appearances (entity_key, show_id, presence_kind, first_reference, details_json) VALUES ('character:api-character-168', 'game-of-thrones', 'depicted', NULL, '{"show":"game-of-thrones","kind":"depicted","seasons":["Season 1","Season 3","Season 4","Season 5"]}');
INSERT INTO sources (entity_key, label, url, provider, source_kind, accessed) VALUES ('character:api-character-168', 'An API of Ice and Fire — character 168', 'https://anapioficeandfire.com/api/characters/168', 'An API of Ice and Fire', 'structured_database', '2026-07-10');
INSERT INTO sources (entity_key, label, url, provider, source_kind, accessed) VALUES ('character:api-character-168', 'A Song of Ice and Fire Wiki — Barristan Selmy', 'https://iceandfire.fandom.com/wiki/Barristan_Selmy', 'A Song of Ice and Fire Wiki', 'reference_page', '2026-07-10');
INSERT INTO media (entity_key, local_path, provider, source_page, asset_url, media_kind, uncertain, metadata_json) VALUES ('character:api-character-168', '/images/characters/api-character-168.webp', 'A Song of Ice and Fire Wiki', 'https://iceandfire.fandom.com/wiki/Barristan_Selmy', 'https://static.wikia.nocookie.net/iceandfire/images/f/ff/Barristan_by_amoka.jpg/revision/latest?cb=20150515223848', 'wiki_lead_image', 0, '{"provider":"A Song of Ice and Fire Wiki","kind":"wiki_lead_image","match":"exact_page_title","uncertain":false,"url":"https://iceandfire.fandom.com/wiki/Barristan_Selmy","assetUrl":"https://static.wikia.nocookie.net/iceandfire/images/f/ff/Barristan_by_amoka.jpg/revision/latest?cb=20150515223848","accessed":"2026-07-10","originalSha256":"3656727ad74719fda17ff32f43e780f662fdbc0a9048e783b2f226a15fe841ff","derivativeSha256":"5f417102560d8b893cc8e03a23af01875697153cfb76c819f292c6b1e1465361","width":1200,"height":900,"presentation":"proportional_resize_with_padding"}');
INSERT INTO entities_fts (entity_key, name, aliases, type) VALUES ('character:api-character-168', 'Barristan Selmy', 'Barristan the Bold Arstan Whitebeard Ser Grandfather Barristan the Old Old Ser', 'character');
INSERT INTO characters (entity_key, gender, culture, born, died, actor_json, titles_json, era) VALUES ('character:api-character-168', 'male', 'Westeros', 'In 237 AC', NULL, '["Ian McElhinney"]', '["Ser","Hand of the Queen"]', NULL);
INSERT INTO entities (entity_key, id, type, name, description, status, verification, raw_json) VALUES ('character:api-character-190', 'api-character-190', 'character', 'Beric Dondarrion', NULL, 'dead', 'upstream_record', '{"id":"api-character-190","apiId":190,"name":"Beric Dondarrion","canonicalName":"Beric Dondarrion","aliases":["The lightning lord","The Lord of Corpses","Lord Derik"],"actor":["David Michael Scott","Richard Dormer"],"gender":"male","culture":null,"born":"In 276 AC or 277 AC, at Blackhaven","died":"In 300 AC (his seventh and final death), at the riverlands","status":"dead","houses":["house-dondarrion"],"titles":["Lord of Blackhaven"],"father":null,"mother":null,"spouse":null,"books":[1,2,3,5,8],"povBooks":[],"show":["game-of-thrones"],"presence":[{"show":"game-of-thrones","kind":"depicted","seasons":["Season 1","Season 3","Season 4","Season 6"]}],"playedBy":["David Michael Scott","Richard Dormer"],"sources":[{"label":"An API of Ice and Fire — character 190","url":"https://anapioficeandfire.com/api/characters/190","provider":"An API of Ice and Fire","kind":"structured_database","accessed":"2026-07-10"},{"label":"A Song of Ice and Fire Wiki — Beric Dondarrion","url":"https://iceandfire.fandom.com/wiki/Beric_Dondarrion","provider":"A Song of Ice and Fire Wiki","kind":"reference_page","accessed":"2026-07-10"}],"verification":"upstream_record","image":"/images/characters/api-character-190.webp","imageSource":{"provider":"A Song of Ice and Fire Wiki","kind":"wiki_lead_image","match":"exact_page_title","uncertain":false,"url":"https://iceandfire.fandom.com/wiki/Beric_Dondarrion","assetUrl":"https://static.wikia.nocookie.net/iceandfire/images/e/e1/Beric_by_amoka.jpg/revision/latest?cb=20150517081252","accessed":"2026-07-10","originalSha256":"6b18d76fd6df1310add03008562bc4d9969247e9f5a7539c719481acd208c4b3","derivativeSha256":"f6f331a2342e5b0f48ab15bfb9dcd3eb6e91190b71e06d926fa6cfafad3158f3","width":1200,"height":900,"presentation":"proportional_resize_with_padding"},"parents":[],"children":[],"spouses":[],"house":null,"dragon":null}');
INSERT INTO aliases (entity_key, alias) VALUES ('character:api-character-190', 'The lightning lord');
INSERT INTO aliases (entity_key, alias) VALUES ('character:api-character-190', 'The Lord of Corpses');
INSERT INTO aliases (entity_key, alias) VALUES ('character:api-character-190', 'Lord Derik');
INSERT INTO appearances (entity_key, show_id, presence_kind, first_reference, details_json) VALUES ('character:api-character-190', 'game-of-thrones', 'depicted', NULL, '{"show":"game-of-thrones","kind":"depicted","seasons":["Season 1","Season 3","Season 4","Season 6"]}');
INSERT INTO sources (entity_key, label, url, provider, source_kind, accessed) VALUES ('character:api-character-190', 'An API of Ice and Fire — character 190', 'https://anapioficeandfire.com/api/characters/190', 'An API of Ice and Fire', 'structured_database', '2026-07-10');
INSERT INTO sources (entity_key, label, url, provider, source_kind, accessed) VALUES ('character:api-character-190', 'A Song of Ice and Fire Wiki — Beric Dondarrion', 'https://iceandfire.fandom.com/wiki/Beric_Dondarrion', 'A Song of Ice and Fire Wiki', 'reference_page', '2026-07-10');
INSERT INTO media (entity_key, local_path, provider, source_page, asset_url, media_kind, uncertain, metadata_json) VALUES ('character:api-character-190', '/images/characters/api-character-190.webp', 'A Song of Ice and Fire Wiki', 'https://iceandfire.fandom.com/wiki/Beric_Dondarrion', 'https://static.wikia.nocookie.net/iceandfire/images/e/e1/Beric_by_amoka.jpg/revision/latest?cb=20150517081252', 'wiki_lead_image', 0, '{"provider":"A Song of Ice and Fire Wiki","kind":"wiki_lead_image","match":"exact_page_title","uncertain":false,"url":"https://iceandfire.fandom.com/wiki/Beric_Dondarrion","assetUrl":"https://static.wikia.nocookie.net/iceandfire/images/e/e1/Beric_by_amoka.jpg/revision/latest?cb=20150517081252","accessed":"2026-07-10","originalSha256":"6b18d76fd6df1310add03008562bc4d9969247e9f5a7539c719481acd208c4b3","derivativeSha256":"f6f331a2342e5b0f48ab15bfb9dcd3eb6e91190b71e06d926fa6cfafad3158f3","width":1200,"height":900,"presentation":"proportional_resize_with_padding"}');
INSERT INTO entities_fts (entity_key, name, aliases, type) VALUES ('character:api-character-190', 'Beric Dondarrion', 'The lightning lord The Lord of Corpses Lord Derik', 'character');
INSERT INTO characters (entity_key, gender, culture, born, died, actor_json, titles_json, era) VALUES ('character:api-character-190', 'male', NULL, 'In 276 AC or 277 AC, at Blackhaven', 'In 300 AC (his seventh and final death), at the riverlands', '["David Michael Scott","Richard Dormer"]', '["Lord of Blackhaven"]', NULL);
INSERT INTO entities (entity_key, id, type, name, description, status, verification, raw_json) VALUES ('character:api-character-203', 'api-character-203', 'character', 'Bowen Marsh', NULL, 'unknown', 'upstream_record', '{"id":"api-character-203","apiId":203,"name":"Bowen Marsh","canonicalName":"Bowen Marsh","aliases":["Old Pomegranate"],"actor":["Michael Condron"],"gender":"male","culture":null,"born":null,"died":null,"status":"unknown","houses":[],"titles":["Lord Steward","First Steward"],"father":null,"mother":null,"spouse":null,"books":[1,2,3,5,8],"povBooks":[],"show":["game-of-thrones"],"presence":[{"show":"game-of-thrones","kind":"depicted","seasons":["Season 5"]}],"playedBy":["Michael Condron"],"sources":[{"label":"An API of Ice and Fire — character 203","url":"https://anapioficeandfire.com/api/characters/203","provider":"An API of Ice and Fire","kind":"structured_database","accessed":"2026-07-10"},{"label":"A Song of Ice and Fire Wiki — Bowen Marsh","url":"https://iceandfire.fandom.com/wiki/Bowen_Marsh","provider":"A Song of Ice and Fire Wiki","kind":"reference_page","accessed":"2026-07-10"}],"verification":"upstream_record","image":"/images/characters/api-character-203.webp","imageSource":{"provider":"A Song of Ice and Fire Wiki","kind":"wiki_lead_image","match":"exact_page_title","uncertain":false,"url":"https://iceandfire.fandom.com/wiki/Bowen_Marsh","assetUrl":"https://static.wikia.nocookie.net/iceandfire/images/b/bc/250px-Bowen_Marsh_TheMico.jpg/revision/latest?cb=20200626093151","accessed":"2026-07-10","originalSha256":"e4f7cd6e5e96d5e2fa1a6af9da6852d1ffe8c126ebc802c77d5ddbbec9c96234","derivativeSha256":"269b7b241725443a88f60ac4fb6063032d9b160939250f8dc3ea51f7db96bec6","width":1200,"height":900,"presentation":"proportional_resize_with_padding"},"parents":[],"children":[],"spouses":[],"house":null,"dragon":null}');
INSERT INTO aliases (entity_key, alias) VALUES ('character:api-character-203', 'Old Pomegranate');
INSERT INTO appearances (entity_key, show_id, presence_kind, first_reference, details_json) VALUES ('character:api-character-203', 'game-of-thrones', 'depicted', NULL, '{"show":"game-of-thrones","kind":"depicted","seasons":["Season 5"]}');
INSERT INTO sources (entity_key, label, url, provider, source_kind, accessed) VALUES ('character:api-character-203', 'An API of Ice and Fire — character 203', 'https://anapioficeandfire.com/api/characters/203', 'An API of Ice and Fire', 'structured_database', '2026-07-10');
INSERT INTO sources (entity_key, label, url, provider, source_kind, accessed) VALUES ('character:api-character-203', 'A Song of Ice and Fire Wiki — Bowen Marsh', 'https://iceandfire.fandom.com/wiki/Bowen_Marsh', 'A Song of Ice and Fire Wiki', 'reference_page', '2026-07-10');
INSERT INTO media (entity_key, local_path, provider, source_page, asset_url, media_kind, uncertain, metadata_json) VALUES ('character:api-character-203', '/images/characters/api-character-203.webp', 'A Song of Ice and Fire Wiki', 'https://iceandfire.fandom.com/wiki/Bowen_Marsh', 'https://static.wikia.nocookie.net/iceandfire/images/b/bc/250px-Bowen_Marsh_TheMico.jpg/revision/latest?cb=20200626093151', 'wiki_lead_image', 0, '{"provider":"A Song of Ice and Fire Wiki","kind":"wiki_lead_image","match":"exact_page_title","uncertain":false,"url":"https://iceandfire.fandom.com/wiki/Bowen_Marsh","assetUrl":"https://static.wikia.nocookie.net/iceandfire/images/b/bc/250px-Bowen_Marsh_TheMico.jpg/revision/latest?cb=20200626093151","accessed":"2026-07-10","originalSha256":"e4f7cd6e5e96d5e2fa1a6af9da6852d1ffe8c126ebc802c77d5ddbbec9c96234","derivativeSha256":"269b7b241725443a88f60ac4fb6063032d9b160939250f8dc3ea51f7db96bec6","width":1200,"height":900,"presentation":"proportional_resize_with_padding"}');
INSERT INTO entities_fts (entity_key, name, aliases, type) VALUES ('character:api-character-203', 'Bowen Marsh', 'Old Pomegranate', 'character');
INSERT INTO characters (entity_key, gender, culture, born, died, actor_json, titles_json, era) VALUES ('character:api-character-203', 'male', NULL, NULL, NULL, '["Michael Condron"]', '["Lord Steward","First Steward"]', NULL);
INSERT INTO entities (entity_key, id, type, name, description, status, verification, raw_json) VALUES ('character:api-character-216', 'api-character-216', 'character', 'Brienne of Tarth', NULL, 'unknown', 'upstream_record', '{"id":"api-character-216","apiId":216,"name":"Brienne of Tarth","canonicalName":"Brienne of Tarth","aliases":["The Maid of Tarth","Brienne the Beauty","Brienne the Blue"],"actor":["Gwendoline Christie"],"gender":"female","culture":null,"born":"In 280 AC","died":null,"status":"unknown","houses":["house-baratheon","house-stark","house-tarth"],"titles":[],"father":null,"mother":null,"spouse":null,"books":[2,3,8],"povBooks":[5],"show":["game-of-thrones"],"presence":[{"show":"game-of-thrones","kind":"depicted","seasons":["Season 2","Season 3","Season 4","Season 5","Season 6"]}],"playedBy":["Gwendoline Christie"],"sources":[{"label":"An API of Ice and Fire — character 216","url":"https://anapioficeandfire.com/api/characters/216","provider":"An API of Ice and Fire","kind":"structured_database","accessed":"2026-07-10"}],"verification":"upstream_record","image":"/images/fallback-character.svg","imageSource":{"provider":"Local archive fallback","kind":"fallback","match":"none","uncertain":false,"reason":"Canonical title mismatch: expected [\"Brienne of Tarth\",\"The Maid of Tarth\",\"Brienne the Beauty\",\"Brienne the Blue\"], received \"Brienne Tarth\"","url":null,"assetUrl":null},"parents":[],"children":[],"spouses":[],"house":null,"dragon":null}');
INSERT INTO aliases (entity_key, alias) VALUES ('character:api-character-216', 'The Maid of Tarth');
INSERT INTO aliases (entity_key, alias) VALUES ('character:api-character-216', 'Brienne the Beauty');
INSERT INTO aliases (entity_key, alias) VALUES ('character:api-character-216', 'Brienne the Blue');
INSERT INTO appearances (entity_key, show_id, presence_kind, first_reference, details_json) VALUES ('character:api-character-216', 'game-of-thrones', 'depicted', NULL, '{"show":"game-of-thrones","kind":"depicted","seasons":["Season 2","Season 3","Season 4","Season 5","Season 6"]}');
INSERT INTO sources (entity_key, label, url, provider, source_kind, accessed) VALUES ('character:api-character-216', 'An API of Ice and Fire — character 216', 'https://anapioficeandfire.com/api/characters/216', 'An API of Ice and Fire', 'structured_database', '2026-07-10');
INSERT INTO media (entity_key, local_path, provider, source_page, asset_url, media_kind, uncertain, metadata_json) VALUES ('character:api-character-216', '/images/fallback-character.svg', 'Local archive fallback', NULL, NULL, 'fallback', 0, '{"provider":"Local archive fallback","kind":"fallback","match":"none","uncertain":false,"reason":"Canonical title mismatch: expected [\"Brienne of Tarth\",\"The Maid of Tarth\",\"Brienne the Beauty\",\"Brienne the Blue\"], received \"Brienne Tarth\"","url":null,"assetUrl":null}');
INSERT INTO entities_fts (entity_key, name, aliases, type) VALUES ('character:api-character-216', 'Brienne of Tarth', 'The Maid of Tarth Brienne the Beauty Brienne the Blue', 'character');
INSERT INTO characters (entity_key, gender, culture, born, died, actor_json, titles_json, era) VALUES ('character:api-character-216', 'female', NULL, 'In 280 AC', NULL, '["Gwendoline Christie"]', '[]', NULL);
INSERT INTO entities (entity_key, id, type, name, description, status, verification, raw_json) VALUES ('character:api-character-217', 'api-character-217', 'character', 'Bronn', NULL, 'unknown', 'upstream_record', '{"id":"api-character-217","apiId":217,"name":"Bronn","canonicalName":"Bronn","aliases":["Ser Bronn of the Blackwater","Lord Stokeworth"],"actor":["Jerome Flynn"],"gender":"male","culture":null,"born":"In or between 264 AC and 268 AC","died":null,"status":"unknown","houses":[],"titles":["Ser","Lord Protector of Stokeworth"],"father":null,"mother":null,"spouse":null,"books":[1,2,3,5,8],"povBooks":[],"show":["game-of-thrones"],"presence":[{"show":"game-of-thrones","kind":"depicted","seasons":["Season 1","Season 2","Season 3","Season 4","Season 6"]}],"playedBy":["Jerome Flynn"],"sources":[{"label":"An API of Ice and Fire — character 217","url":"https://anapioficeandfire.com/api/characters/217","provider":"An API of Ice and Fire","kind":"structured_database","accessed":"2026-07-10"},{"label":"A Song of Ice and Fire Wiki — Bronn","url":"https://iceandfire.fandom.com/wiki/Bronn","provider":"A Song of Ice and Fire Wiki","kind":"reference_page","accessed":"2026-07-10"}],"verification":"upstream_record","image":"/images/characters/api-character-217.webp","imageSource":{"provider":"A Song of Ice and Fire Wiki","kind":"wiki_lead_image","match":"exact_page_title","uncertain":false,"url":"https://iceandfire.fandom.com/wiki/Bronn","assetUrl":"https://static.wikia.nocookie.net/iceandfire/images/d/d9/Bronn_by_amoka.jpg/revision/latest?cb=20150516155343","accessed":"2026-07-10","originalSha256":"fce2d6c19a8a5c7561cf876e21767da16c226f2fc2d7a31524f20f91dc45616a","derivativeSha256":"29a1a614c733c4e2326be2cb0900f3359f30304ba89be0cfa1db32a21054e22b","width":1200,"height":900,"presentation":"proportional_resize_with_padding"},"parents":[],"children":[],"spouses":[],"house":null,"dragon":null}');
INSERT INTO aliases (entity_key, alias) VALUES ('character:api-character-217', 'Ser Bronn of the Blackwater');
INSERT INTO aliases (entity_key, alias) VALUES ('character:api-character-217', 'Lord Stokeworth');
INSERT INTO appearances (entity_key, show_id, presence_kind, first_reference, details_json) VALUES ('character:api-character-217', 'game-of-thrones', 'depicted', NULL, '{"show":"game-of-thrones","kind":"depicted","seasons":["Season 1","Season 2","Season 3","Season 4","Season 6"]}');
INSERT INTO sources (entity_key, label, url, provider, source_kind, accessed) VALUES ('character:api-character-217', 'An API of Ice and Fire — character 217', 'https://anapioficeandfire.com/api/characters/217', 'An API of Ice and Fire', 'structured_database', '2026-07-10');
INSERT INTO sources (entity_key, label, url, provider, source_kind, accessed) VALUES ('character:api-character-217', 'A Song of Ice and Fire Wiki — Bronn', 'https://iceandfire.fandom.com/wiki/Bronn', 'A Song of Ice and Fire Wiki', 'reference_page', '2026-07-10');
INSERT INTO media (entity_key, local_path, provider, source_page, asset_url, media_kind, uncertain, metadata_json) VALUES ('character:api-character-217', '/images/characters/api-character-217.webp', 'A Song of Ice and Fire Wiki', 'https://iceandfire.fandom.com/wiki/Bronn', 'https://static.wikia.nocookie.net/iceandfire/images/d/d9/Bronn_by_amoka.jpg/revision/latest?cb=20150516155343', 'wiki_lead_image', 0, '{"provider":"A Song of Ice and Fire Wiki","kind":"wiki_lead_image","match":"exact_page_title","uncertain":false,"url":"https://iceandfire.fandom.com/wiki/Bronn","assetUrl":"https://static.wikia.nocookie.net/iceandfire/images/d/d9/Bronn_by_amoka.jpg/revision/latest?cb=20150516155343","accessed":"2026-07-10","originalSha256":"fce2d6c19a8a5c7561cf876e21767da16c226f2fc2d7a31524f20f91dc45616a","derivativeSha256":"29a1a614c733c4e2326be2cb0900f3359f30304ba89be0cfa1db32a21054e22b","width":1200,"height":900,"presentation":"proportional_resize_with_padding"}');
INSERT INTO entities_fts (entity_key, name, aliases, type) VALUES ('character:api-character-217', 'Bronn', 'Ser Bronn of the Blackwater Lord Stokeworth', 'character');
INSERT INTO characters (entity_key, gender, culture, born, died, actor_json, titles_json, era) VALUES ('character:api-character-217', 'male', NULL, 'In or between 264 AC and 268 AC', NULL, '["Jerome Flynn"]', '["Ser","Lord Protector of Stokeworth"]', NULL);
INSERT INTO entities (entity_key, id, type, name, description, status, verification, raw_json) VALUES ('character:api-character-223', 'api-character-223', 'character', 'Brynden Tully', NULL, 'unknown', 'upstream_record', '{"id":"api-character-223","apiId":223,"name":"Brynden Tully","canonicalName":"Brynden Tully","aliases":["Blackfish","Ser Brynden the Blackfish","Brynden Blackfish"],"actor":["Clive Russell"],"gender":"male","culture":"Rivermen","born":"In or between 242 AC and 245 AC","died":null,"status":"unknown","houses":["house-arryn","house-tully"],"titles":["Ser","Warden of the Southern Marches","Knight of the Gate (formerly)"],"father":null,"mother":null,"spouse":null,"books":[1,2,3,5,8],"povBooks":[],"show":["game-of-thrones"],"presence":[{"show":"game-of-thrones","kind":"depicted","seasons":["Season 3","Season 4","Season 6"]}],"playedBy":["Clive Russell"],"sources":[{"label":"An API of Ice and Fire — character 223","url":"https://anapioficeandfire.com/api/characters/223","provider":"An API of Ice and Fire","kind":"structured_database","accessed":"2026-07-10"},{"label":"A Song of Ice and Fire Wiki — Brynden Tully","url":"https://iceandfire.fandom.com/wiki/Brynden_Tully","provider":"A Song of Ice and Fire Wiki","kind":"reference_page","accessed":"2026-07-10"}],"verification":"upstream_record","image":"/images/characters/api-character-223.webp","imageSource":{"provider":"A Song of Ice and Fire Wiki","kind":"wiki_lead_image","match":"exact_page_title","uncertain":false,"url":"https://iceandfire.fandom.com/wiki/Brynden_Tully","assetUrl":"https://static.wikia.nocookie.net/iceandfire/images/8/8d/Blackfish_by_amoka.jpg/revision/latest?cb=20150515032542","accessed":"2026-07-10","originalSha256":"43936fefb34f662a2ae08ad182886c737ada15d1a43fe0139577bb45c7620979","derivativeSha256":"d8e17fd397fc8e777479b1cba43e45a7416835434659e65317aa3d33c0441513","width":1200,"height":900,"presentation":"proportional_resize_with_padding"},"parents":[],"children":[],"spouses":[],"house":null,"dragon":null}');
INSERT INTO aliases (entity_key, alias) VALUES ('character:api-character-223', 'Blackfish');
INSERT INTO aliases (entity_key, alias) VALUES ('character:api-character-223', 'Ser Brynden the Blackfish');
INSERT INTO aliases (entity_key, alias) VALUES ('character:api-character-223', 'Brynden Blackfish');
INSERT INTO appearances (entity_key, show_id, presence_kind, first_reference, details_json) VALUES ('character:api-character-223', 'game-of-thrones', 'depicted', NULL, '{"show":"game-of-thrones","kind":"depicted","seasons":["Season 3","Season 4","Season 6"]}');
INSERT INTO sources (entity_key, label, url, provider, source_kind, accessed) VALUES ('character:api-character-223', 'An API of Ice and Fire — character 223', 'https://anapioficeandfire.com/api/characters/223', 'An API of Ice and Fire', 'structured_database', '2026-07-10');
INSERT INTO sources (entity_key, label, url, provider, source_kind, accessed) VALUES ('character:api-character-223', 'A Song of Ice and Fire Wiki — Brynden Tully', 'https://iceandfire.fandom.com/wiki/Brynden_Tully', 'A Song of Ice and Fire Wiki', 'reference_page', '2026-07-10');
INSERT INTO media (entity_key, local_path, provider, source_page, asset_url, media_kind, uncertain, metadata_json) VALUES ('character:api-character-223', '/images/characters/api-character-223.webp', 'A Song of Ice and Fire Wiki', 'https://iceandfire.fandom.com/wiki/Brynden_Tully', 'https://static.wikia.nocookie.net/iceandfire/images/8/8d/Blackfish_by_amoka.jpg/revision/latest?cb=20150515032542', 'wiki_lead_image', 0, '{"provider":"A Song of Ice and Fire Wiki","kind":"wiki_lead_image","match":"exact_page_title","uncertain":false,"url":"https://iceandfire.fandom.com/wiki/Brynden_Tully","assetUrl":"https://static.wikia.nocookie.net/iceandfire/images/8/8d/Blackfish_by_amoka.jpg/revision/latest?cb=20150515032542","accessed":"2026-07-10","originalSha256":"43936fefb34f662a2ae08ad182886c737ada15d1a43fe0139577bb45c7620979","derivativeSha256":"d8e17fd397fc8e777479b1cba43e45a7416835434659e65317aa3d33c0441513","width":1200,"height":900,"presentation":"proportional_resize_with_padding"}');
INSERT INTO entities_fts (entity_key, name, aliases, type) VALUES ('character:api-character-223', 'Brynden Tully', 'Blackfish Ser Brynden the Blackfish Brynden Blackfish', 'character');
INSERT INTO characters (entity_key, gender, culture, born, died, actor_json, titles_json, era) VALUES ('character:api-character-223', 'male', 'Rivermen', 'In or between 242 AC and 245 AC', NULL, '["Clive Russell"]', '["Ser","Warden of the Southern Marches","Knight of the Gate (formerly)"]', NULL);
INSERT INTO entities (entity_key, id, type, name, description, status, verification, raw_json) VALUES ('character:api-character-325', 'api-character-325', 'character', 'Dontos Hollard', NULL, 'dead', 'upstream_record', '{"id":"api-character-325","apiId":325,"name":"Dontos Hollard","canonicalName":"Dontos Hollard","aliases":["Dontos the Red","Dontos the Drunk","Florian"],"actor":["Tony Way"],"gender":"male","culture":null,"born":"In or between 261 AC and 263 AC, at near Duskendale","died":"In 300 AC, at Blackwater Bay","status":"dead","houses":[],"titles":["Ser"],"father":null,"mother":null,"spouse":null,"books":[1,2,3,5],"povBooks":[],"show":["game-of-thrones"],"presence":[{"show":"game-of-thrones","kind":"depicted","seasons":["Season 2","Season 4"]}],"playedBy":["Tony Way"],"sources":[{"label":"An API of Ice and Fire — character 325","url":"https://anapioficeandfire.com/api/characters/325","provider":"An API of Ice and Fire","kind":"structured_database","accessed":"2026-07-10"},{"label":"A Song of Ice and Fire Wiki — Dontos Hollard","url":"https://iceandfire.fandom.com/wiki/Dontos_Hollard","provider":"A Song of Ice and Fire Wiki","kind":"reference_page","accessed":"2026-07-10"}],"verification":"upstream_record","image":"/images/characters/api-character-325.webp","imageSource":{"provider":"A Song of Ice and Fire Wiki","kind":"wiki_lead_image","match":"exact_page_title","uncertain":false,"url":"https://iceandfire.fandom.com/wiki/Dontos_Hollard","assetUrl":"https://static.wikia.nocookie.net/iceandfire/images/b/b5/Dontos_Hollard.png/revision/latest?cb=20250211145652","accessed":"2026-07-10","originalSha256":"af4f7e6a2a9a74ef2745b7ac8446dd03c431a31e7d5d119357a88385481ab367","derivativeSha256":"5b3f364214ac26ae2918711296ecdd5537be270e526952bb8cc72a59c700b2d9","width":1200,"height":900,"presentation":"proportional_resize_with_padding"},"parents":[],"children":[],"spouses":[],"house":null,"dragon":null}');
INSERT INTO aliases (entity_key, alias) VALUES ('character:api-character-325', 'Dontos the Red');
INSERT INTO aliases (entity_key, alias) VALUES ('character:api-character-325', 'Dontos the Drunk');
INSERT INTO aliases (entity_key, alias) VALUES ('character:api-character-325', 'Florian');
INSERT INTO appearances (entity_key, show_id, presence_kind, first_reference, details_json) VALUES ('character:api-character-325', 'game-of-thrones', 'depicted', NULL, '{"show":"game-of-thrones","kind":"depicted","seasons":["Season 2","Season 4"]}');
INSERT INTO sources (entity_key, label, url, provider, source_kind, accessed) VALUES ('character:api-character-325', 'An API of Ice and Fire — character 325', 'https://anapioficeandfire.com/api/characters/325', 'An API of Ice and Fire', 'structured_database', '2026-07-10');
INSERT INTO sources (entity_key, label, url, provider, source_kind, accessed) VALUES ('character:api-character-325', 'A Song of Ice and Fire Wiki — Dontos Hollard', 'https://iceandfire.fandom.com/wiki/Dontos_Hollard', 'A Song of Ice and Fire Wiki', 'reference_page', '2026-07-10');
INSERT INTO media (entity_key, local_path, provider, source_page, asset_url, media_kind, uncertain, metadata_json) VALUES ('character:api-character-325', '/images/characters/api-character-325.webp', 'A Song of Ice and Fire Wiki', 'https://iceandfire.fandom.com/wiki/Dontos_Hollard', 'https://static.wikia.nocookie.net/iceandfire/images/b/b5/Dontos_Hollard.png/revision/latest?cb=20250211145652', 'wiki_lead_image', 0, '{"provider":"A Song of Ice and Fire Wiki","kind":"wiki_lead_image","match":"exact_page_title","uncertain":false,"url":"https://iceandfire.fandom.com/wiki/Dontos_Hollard","assetUrl":"https://static.wikia.nocookie.net/iceandfire/images/b/b5/Dontos_Hollard.png/revision/latest?cb=20250211145652","accessed":"2026-07-10","originalSha256":"af4f7e6a2a9a74ef2745b7ac8446dd03c431a31e7d5d119357a88385481ab367","derivativeSha256":"5b3f364214ac26ae2918711296ecdd5537be270e526952bb8cc72a59c700b2d9","width":1200,"height":900,"presentation":"proportional_resize_with_padding"}');
INSERT INTO entities_fts (entity_key, name, aliases, type) VALUES ('character:api-character-325', 'Dontos Hollard', 'Dontos the Red Dontos the Drunk Florian', 'character');
INSERT INTO characters (entity_key, gender, culture, born, died, actor_json, titles_json, era) VALUES ('character:api-character-325', 'male', NULL, 'In or between 261 AC and 263 AC, at near Duskendale', 'In 300 AC, at Blackwater Bay', '["Tony Way"]', '["Ser"]', NULL);
INSERT INTO entities (entity_key, id, type, name, description, status, verification, raw_json) VALUES ('character:api-character-326', 'api-character-326', 'character', 'Doran Martell', NULL, 'unknown', 'upstream_record', '{"id":"api-character-326","apiId":326,"name":"Doran Martell","canonicalName":"Doran Martell","aliases":[],"actor":["Alexander Siddig"],"gender":"male","culture":"Dornish","born":"In 247 AC or 248 AC, at Sunspear","died":null,"status":"unknown","houses":[],"titles":["Prince of Dorne"],"father":null,"mother":null,"spouse":null,"books":[1,2,3,5,8],"povBooks":[],"show":["game-of-thrones"],"presence":[{"show":"game-of-thrones","kind":"depicted","seasons":["Season 5","Season 6"]}],"playedBy":["Alexander Siddig"],"sources":[{"label":"An API of Ice and Fire — character 326","url":"https://anapioficeandfire.com/api/characters/326","provider":"An API of Ice and Fire","kind":"structured_database","accessed":"2026-07-10"},{"label":"A Song of Ice and Fire Wiki — Doran Martell","url":"https://iceandfire.fandom.com/wiki/Doran_Martell","provider":"A Song of Ice and Fire Wiki","kind":"reference_page","accessed":"2026-07-10"}],"verification":"upstream_record","image":"/images/characters/api-character-326.webp","imageSource":{"provider":"A Song of Ice and Fire Wiki","kind":"wiki_lead_image","match":"exact_page_title","uncertain":false,"url":"https://iceandfire.fandom.com/wiki/Doran_Martell","assetUrl":"https://static.wikia.nocookie.net/iceandfire/images/7/7e/Mathia_Arkoniel_DoranM.jpg/revision/latest?cb=20160620084649","accessed":"2026-07-10","originalSha256":"cc802ba77f42fdc5df8d44fc94ed9b9531b3dcf10fdda2c7dfa2d79495329a3c","derivativeSha256":"432ba5dc66a62dcae8d12af1835a39fc19d067735e9f553578c1a9ef90470895","width":1200,"height":900,"presentation":"proportional_resize_with_padding"},"parents":[],"children":[],"spouses":[],"house":null,"dragon":null}');
INSERT INTO appearances (entity_key, show_id, presence_kind, first_reference, details_json) VALUES ('character:api-character-326', 'game-of-thrones', 'depicted', NULL, '{"show":"game-of-thrones","kind":"depicted","seasons":["Season 5","Season 6"]}');
INSERT INTO sources (entity_key, label, url, provider, source_kind, accessed) VALUES ('character:api-character-326', 'An API of Ice and Fire — character 326', 'https://anapioficeandfire.com/api/characters/326', 'An API of Ice and Fire', 'structured_database', '2026-07-10');
INSERT INTO sources (entity_key, label, url, provider, source_kind, accessed) VALUES ('character:api-character-326', 'A Song of Ice and Fire Wiki — Doran Martell', 'https://iceandfire.fandom.com/wiki/Doran_Martell', 'A Song of Ice and Fire Wiki', 'reference_page', '2026-07-10');
INSERT INTO media (entity_key, local_path, provider, source_page, asset_url, media_kind, uncertain, metadata_json) VALUES ('character:api-character-326', '/images/characters/api-character-326.webp', 'A Song of Ice and Fire Wiki', 'https://iceandfire.fandom.com/wiki/Doran_Martell', 'https://static.wikia.nocookie.net/iceandfire/images/7/7e/Mathia_Arkoniel_DoranM.jpg/revision/latest?cb=20160620084649', 'wiki_lead_image', 0, '{"provider":"A Song of Ice and Fire Wiki","kind":"wiki_lead_image","match":"exact_page_title","uncertain":false,"url":"https://iceandfire.fandom.com/wiki/Doran_Martell","assetUrl":"https://static.wikia.nocookie.net/iceandfire/images/7/7e/Mathia_Arkoniel_DoranM.jpg/revision/latest?cb=20160620084649","accessed":"2026-07-10","originalSha256":"cc802ba77f42fdc5df8d44fc94ed9b9531b3dcf10fdda2c7dfa2d79495329a3c","derivativeSha256":"432ba5dc66a62dcae8d12af1835a39fc19d067735e9f553578c1a9ef90470895","width":1200,"height":900,"presentation":"proportional_resize_with_padding"}');
INSERT INTO entities_fts (entity_key, name, aliases, type) VALUES ('character:api-character-326', 'Doran Martell', '', 'character');
INSERT INTO characters (entity_key, gender, culture, born, died, actor_json, titles_json, era) VALUES ('character:api-character-326', 'male', 'Dornish', 'In 247 AC or 248 AC, at Sunspear', NULL, '["Alexander Siddig"]', '["Prince of Dorne"]', NULL);
INSERT INTO entities (entity_key, id, type, name, description, status, verification, raw_json) VALUES ('character:api-character-341', 'api-character-341', 'character', 'Eddison Tollet', NULL, 'unknown', 'upstream_record', '{"id":"api-character-341","apiId":341,"name":"Eddison Tollet","canonicalName":"Eddison Tollet","aliases":["Dolorous Edd"],"actor":["Ben Crompton"],"gender":"male","culture":"Valemen","born":null,"died":null,"status":"unknown","houses":[],"titles":[],"father":null,"mother":null,"spouse":null,"books":[2,3,5,8],"povBooks":[],"show":["game-of-thrones"],"presence":[{"show":"game-of-thrones","kind":"depicted","seasons":["Season 2","Season 3","Season 4","Season 5","Season 6"]}],"playedBy":["Ben Crompton"],"sources":[{"label":"An API of Ice and Fire — character 341","url":"https://anapioficeandfire.com/api/characters/341","provider":"An API of Ice and Fire","kind":"structured_database","accessed":"2026-07-10"}],"verification":"upstream_record","image":"/images/fallback-character.svg","imageSource":{"provider":"Local archive fallback","kind":"fallback","match":"none","uncertain":false,"reason":"No exact verified image-page mapping is available.","url":null,"assetUrl":null},"parents":[],"children":[],"spouses":[],"house":null,"dragon":null}');
INSERT INTO aliases (entity_key, alias) VALUES ('character:api-character-341', 'Dolorous Edd');
INSERT INTO appearances (entity_key, show_id, presence_kind, first_reference, details_json) VALUES ('character:api-character-341', 'game-of-thrones', 'depicted', NULL, '{"show":"game-of-thrones","kind":"depicted","seasons":["Season 2","Season 3","Season 4","Season 5","Season 6"]}');
INSERT INTO sources (entity_key, label, url, provider, source_kind, accessed) VALUES ('character:api-character-341', 'An API of Ice and Fire — character 341', 'https://anapioficeandfire.com/api/characters/341', 'An API of Ice and Fire', 'structured_database', '2026-07-10');
INSERT INTO media (entity_key, local_path, provider, source_page, asset_url, media_kind, uncertain, metadata_json) VALUES ('character:api-character-341', '/images/fallback-character.svg', 'Local archive fallback', NULL, NULL, 'fallback', 0, '{"provider":"Local archive fallback","kind":"fallback","match":"none","uncertain":false,"reason":"No exact verified image-page mapping is available.","url":null,"assetUrl":null}');
INSERT INTO entities_fts (entity_key, name, aliases, type) VALUES ('character:api-character-341', 'Eddison Tollet', 'Dolorous Edd', 'character');
INSERT INTO characters (entity_key, gender, culture, born, died, actor_json, titles_json, era) VALUES ('character:api-character-341', 'male', 'Valemen', NULL, NULL, '["Ben Crompton"]', '[]', NULL);
INSERT INTO entities (entity_key, id, type, name, description, status, verification, raw_json) VALUES ('character:api-character-346', 'api-character-346', 'character', 'Edmure Tully', NULL, 'unknown', 'upstream_record', '{"id":"api-character-346","apiId":346,"name":"Edmure Tully","canonicalName":"Edmure Tully","aliases":[],"actor":["Tobias Menzies"],"gender":"male","culture":"Rivermen","born":"In or between 267 AC and 274 AC","died":null,"status":"unknown","houses":["house-tully"],"titles":["Ser","Lord of Riverrun (lost to Emmon Frey)"],"father":null,"mother":null,"spouse":"api-character-937","books":[1,2,3,5,8],"povBooks":[],"show":["game-of-thrones"],"presence":[{"show":"game-of-thrones","kind":"depicted","seasons":["Season 3","Season 6"]}],"playedBy":["Tobias Menzies"],"sources":[{"label":"An API of Ice and Fire — character 346","url":"https://anapioficeandfire.com/api/characters/346","provider":"An API of Ice and Fire","kind":"structured_database","accessed":"2026-07-10"},{"label":"A Song of Ice and Fire Wiki — Edmure Tully","url":"https://iceandfire.fandom.com/wiki/Edmure_Tully","provider":"A Song of Ice and Fire Wiki","kind":"reference_page","accessed":"2026-07-10"}],"verification":"upstream_record","image":"/images/characters/api-character-346.webp","imageSource":{"provider":"A Song of Ice and Fire Wiki","kind":"wiki_lead_image","match":"exact_page_title","uncertain":false,"url":"https://iceandfire.fandom.com/wiki/Edmure_Tully","assetUrl":"https://static.wikia.nocookie.net/iceandfire/images/8/88/Edmure_by_amoka.jpg/revision/latest?cb=20150517212052","accessed":"2026-07-10","originalSha256":"53a2ef87f03777b060f6743bdf8910ca29ee57e71fd36ffd4efce88347de884f","derivativeSha256":"03d8ff5d0ae540d3b1ef4c3739c5e889b9b0d0be7d9d27e77f3b0332b532d103","width":1200,"height":900,"presentation":"proportional_resize_with_padding"},"parents":[],"children":[],"spouses":[],"house":null,"dragon":null}');
INSERT INTO appearances (entity_key, show_id, presence_kind, first_reference, details_json) VALUES ('character:api-character-346', 'game-of-thrones', 'depicted', NULL, '{"show":"game-of-thrones","kind":"depicted","seasons":["Season 3","Season 6"]}');
INSERT INTO sources (entity_key, label, url, provider, source_kind, accessed) VALUES ('character:api-character-346', 'An API of Ice and Fire — character 346', 'https://anapioficeandfire.com/api/characters/346', 'An API of Ice and Fire', 'structured_database', '2026-07-10');
INSERT INTO sources (entity_key, label, url, provider, source_kind, accessed) VALUES ('character:api-character-346', 'A Song of Ice and Fire Wiki — Edmure Tully', 'https://iceandfire.fandom.com/wiki/Edmure_Tully', 'A Song of Ice and Fire Wiki', 'reference_page', '2026-07-10');
INSERT INTO media (entity_key, local_path, provider, source_page, asset_url, media_kind, uncertain, metadata_json) VALUES ('character:api-character-346', '/images/characters/api-character-346.webp', 'A Song of Ice and Fire Wiki', 'https://iceandfire.fandom.com/wiki/Edmure_Tully', 'https://static.wikia.nocookie.net/iceandfire/images/8/88/Edmure_by_amoka.jpg/revision/latest?cb=20150517212052', 'wiki_lead_image', 0, '{"provider":"A Song of Ice and Fire Wiki","kind":"wiki_lead_image","match":"exact_page_title","uncertain":false,"url":"https://iceandfire.fandom.com/wiki/Edmure_Tully","assetUrl":"https://static.wikia.nocookie.net/iceandfire/images/8/88/Edmure_by_amoka.jpg/revision/latest?cb=20150517212052","accessed":"2026-07-10","originalSha256":"53a2ef87f03777b060f6743bdf8910ca29ee57e71fd36ffd4efce88347de884f","derivativeSha256":"03d8ff5d0ae540d3b1ef4c3739c5e889b9b0d0be7d9d27e77f3b0332b532d103","width":1200,"height":900,"presentation":"proportional_resize_with_padding"}');
INSERT INTO entities_fts (entity_key, name, aliases, type) VALUES ('character:api-character-346', 'Edmure Tully', '', 'character');
INSERT INTO characters (entity_key, gender, culture, born, died, actor_json, titles_json, era) VALUES ('character:api-character-346', 'male', 'Rivermen', 'In or between 267 AC and 274 AC', NULL, '["Tobias Menzies"]', '["Ser","Lord of Riverrun (lost to Emmon Frey)"]', NULL);
INSERT INTO entities (entity_key, id, type, name, description, status, verification, raw_json) VALUES ('character:api-character-364', 'api-character-364', 'character', 'Ellaria Sand', NULL, 'unknown', 'upstream_record', '{"id":"api-character-364","apiId":364,"name":"Ellaria Sand","canonicalName":"Ellaria Sand","aliases":["The serpent''s whore"],"actor":["Indira Varma"],"gender":"female","culture":"Dornish","born":null,"died":null,"status":"unknown","houses":[],"titles":[],"father":null,"mother":null,"spouse":"api-character-1770","books":[3,5,8],"povBooks":[],"show":["game-of-thrones"],"presence":[{"show":"game-of-thrones","kind":"depicted","seasons":["Season 4","Season 5"]}],"playedBy":["Indira Varma"],"sources":[{"label":"An API of Ice and Fire — character 364","url":"https://anapioficeandfire.com/api/characters/364","provider":"An API of Ice and Fire","kind":"structured_database","accessed":"2026-07-10"},{"label":"A Song of Ice and Fire Wiki — Ellaria Sand","url":"https://iceandfire.fandom.com/wiki/Ellaria_Sand","provider":"A Song of Ice and Fire Wiki","kind":"reference_page","accessed":"2026-07-10"}],"verification":"upstream_record","image":"/images/characters/api-character-364.webp","imageSource":{"provider":"A Song of Ice and Fire Wiki","kind":"wiki_lead_image","match":"exact_page_title","uncertain":false,"url":"https://iceandfire.fandom.com/wiki/Ellaria_Sand","assetUrl":"https://static.wikia.nocookie.net/iceandfire/images/1/17/Ellaria_by_amoka.jpg/revision/latest?cb=20150517212102","accessed":"2026-07-10","originalSha256":"a08f1288ff10f93c6c70947cf2e604836bd8016ec648a907b812b994057bfb8e","derivativeSha256":"d42b47513486a604938241baa8043a9cb2c53d64b275e4cc0a67ebce3cdb15ec","width":1200,"height":900,"presentation":"proportional_resize_with_padding"},"parents":[],"children":[],"spouses":[],"house":null,"dragon":null}');
INSERT INTO aliases (entity_key, alias) VALUES ('character:api-character-364', 'The serpent''s whore');
INSERT INTO appearances (entity_key, show_id, presence_kind, first_reference, details_json) VALUES ('character:api-character-364', 'game-of-thrones', 'depicted', NULL, '{"show":"game-of-thrones","kind":"depicted","seasons":["Season 4","Season 5"]}');
INSERT INTO sources (entity_key, label, url, provider, source_kind, accessed) VALUES ('character:api-character-364', 'An API of Ice and Fire — character 364', 'https://anapioficeandfire.com/api/characters/364', 'An API of Ice and Fire', 'structured_database', '2026-07-10');
INSERT INTO sources (entity_key, label, url, provider, source_kind, accessed) VALUES ('character:api-character-364', 'A Song of Ice and Fire Wiki — Ellaria Sand', 'https://iceandfire.fandom.com/wiki/Ellaria_Sand', 'A Song of Ice and Fire Wiki', 'reference_page', '2026-07-10');
INSERT INTO media (entity_key, local_path, provider, source_page, asset_url, media_kind, uncertain, metadata_json) VALUES ('character:api-character-364', '/images/characters/api-character-364.webp', 'A Song of Ice and Fire Wiki', 'https://iceandfire.fandom.com/wiki/Ellaria_Sand', 'https://static.wikia.nocookie.net/iceandfire/images/1/17/Ellaria_by_amoka.jpg/revision/latest?cb=20150517212102', 'wiki_lead_image', 0, '{"provider":"A Song of Ice and Fire Wiki","kind":"wiki_lead_image","match":"exact_page_title","uncertain":false,"url":"https://iceandfire.fandom.com/wiki/Ellaria_Sand","assetUrl":"https://static.wikia.nocookie.net/iceandfire/images/1/17/Ellaria_by_amoka.jpg/revision/latest?cb=20150517212102","accessed":"2026-07-10","originalSha256":"a08f1288ff10f93c6c70947cf2e604836bd8016ec648a907b812b994057bfb8e","derivativeSha256":"d42b47513486a604938241baa8043a9cb2c53d64b275e4cc0a67ebce3cdb15ec","width":1200,"height":900,"presentation":"proportional_resize_with_padding"}');
INSERT INTO entities_fts (entity_key, name, aliases, type) VALUES ('character:api-character-364', 'Ellaria Sand', 'The serpent''s whore', 'character');
INSERT INTO characters (entity_key, gender, culture, born, died, actor_json, titles_json, era) VALUES ('character:api-character-364', 'female', 'Dornish', NULL, NULL, '["Indira Varma"]', '[]', NULL);
INSERT INTO entities (entity_key, id, type, name, description, status, verification, raw_json) VALUES ('character:api-character-397', 'api-character-397', 'character', 'Galbart Glover', NULL, 'unknown', 'upstream_record', '{"id":"api-character-397","apiId":397,"name":"Galbart Glover","canonicalName":"Galbart Glover","aliases":[],"actor":["Mark Coney"],"gender":"male","culture":"Northmen","born":"At Deepwood Motte","died":null,"status":"unknown","houses":["house-glover"],"titles":["Master of Deepwood Motte"],"father":null,"mother":null,"spouse":null,"books":[1,2,3,5,8],"povBooks":[],"show":["game-of-thrones"],"presence":[{"show":"game-of-thrones","kind":"depicted","seasons":["Season 1"]}],"playedBy":["Mark Coney"],"sources":[{"label":"An API of Ice and Fire — character 397","url":"https://anapioficeandfire.com/api/characters/397","provider":"An API of Ice and Fire","kind":"structured_database","accessed":"2026-07-10"}],"verification":"upstream_record","image":"/images/fallback-character.svg","imageSource":{"provider":"Local archive fallback","kind":"fallback","match":"none","uncertain":false,"reason":"No exact verified image-page mapping is available.","url":null,"assetUrl":null},"parents":[],"children":[],"spouses":[],"house":null,"dragon":null}');
INSERT INTO appearances (entity_key, show_id, presence_kind, first_reference, details_json) VALUES ('character:api-character-397', 'game-of-thrones', 'depicted', NULL, '{"show":"game-of-thrones","kind":"depicted","seasons":["Season 1"]}');
INSERT INTO sources (entity_key, label, url, provider, source_kind, accessed) VALUES ('character:api-character-397', 'An API of Ice and Fire — character 397', 'https://anapioficeandfire.com/api/characters/397', 'An API of Ice and Fire', 'structured_database', '2026-07-10');
INSERT INTO media (entity_key, local_path, provider, source_page, asset_url, media_kind, uncertain, metadata_json) VALUES ('character:api-character-397', '/images/fallback-character.svg', 'Local archive fallback', NULL, NULL, 'fallback', 0, '{"provider":"Local archive fallback","kind":"fallback","match":"none","uncertain":false,"reason":"No exact verified image-page mapping is available.","url":null,"assetUrl":null}');
INSERT INTO entities_fts (entity_key, name, aliases, type) VALUES ('character:api-character-397', 'Galbart Glover', '', 'character');
INSERT INTO characters (entity_key, gender, culture, born, died, actor_json, titles_json, era) VALUES ('character:api-character-397', 'male', 'Northmen', 'At Deepwood Motte', NULL, '["Mark Coney"]', '["Master of Deepwood Motte"]', NULL);
INSERT INTO entities (entity_key, id, type, name, description, status, verification, raw_json) VALUES ('character:api-character-421', 'api-character-421', 'character', 'Gerold Hightower', NULL, 'dead', 'upstream_record', '{"id":"api-character-421","apiId":421,"name":"Gerold Hightower","canonicalName":"Gerold Hightower","aliases":["The White Bull"],"actor":["Eddie Eyre"],"gender":"male","culture":null,"born":null,"died":"In 283 AC, at Tower of Joy","status":"dead","houses":["house-hightower"],"titles":["Ser","Lord Commander of the Kingsguard"],"father":null,"mother":null,"spouse":null,"books":[1,2,3],"povBooks":[],"show":["game-of-thrones"],"presence":[{"show":"game-of-thrones","kind":"depicted","seasons":["Season 6"]}],"playedBy":["Eddie Eyre"],"sources":[{"label":"An API of Ice and Fire — character 421","url":"https://anapioficeandfire.com/api/characters/421","provider":"An API of Ice and Fire","kind":"structured_database","accessed":"2026-07-10"}],"verification":"upstream_record","image":"/images/fallback-character.svg","imageSource":{"provider":"Local archive fallback","kind":"fallback","match":"none","uncertain":false,"reason":"No exact verified image-page mapping is available.","url":null,"assetUrl":null},"parents":[],"children":[],"spouses":[],"house":null,"dragon":null}');
INSERT INTO aliases (entity_key, alias) VALUES ('character:api-character-421', 'The White Bull');
INSERT INTO appearances (entity_key, show_id, presence_kind, first_reference, details_json) VALUES ('character:api-character-421', 'game-of-thrones', 'depicted', NULL, '{"show":"game-of-thrones","kind":"depicted","seasons":["Season 6"]}');
INSERT INTO sources (entity_key, label, url, provider, source_kind, accessed) VALUES ('character:api-character-421', 'An API of Ice and Fire — character 421', 'https://anapioficeandfire.com/api/characters/421', 'An API of Ice and Fire', 'structured_database', '2026-07-10');
INSERT INTO media (entity_key, local_path, provider, source_page, asset_url, media_kind, uncertain, metadata_json) VALUES ('character:api-character-421', '/images/fallback-character.svg', 'Local archive fallback', NULL, NULL, 'fallback', 0, '{"provider":"Local archive fallback","kind":"fallback","match":"none","uncertain":false,"reason":"No exact verified image-page mapping is available.","url":null,"assetUrl":null}');
INSERT INTO entities_fts (entity_key, name, aliases, type) VALUES ('character:api-character-421', 'Gerold Hightower', 'The White Bull', 'character');
INSERT INTO characters (entity_key, gender, culture, born, died, actor_json, titles_json, era) VALUES ('character:api-character-421', 'male', NULL, NULL, 'In 283 AC, at Tower of Joy', '["Eddie Eyre"]', '["Ser","Lord Commander of the Kingsguard"]', NULL);
INSERT INTO entities (entity_key, id, type, name, description, status, verification, raw_json) VALUES ('character:api-character-439', 'api-character-439', 'character', 'Grenn', NULL, 'unknown', 'upstream_record', '{"id":"api-character-439","apiId":439,"name":"Grenn","canonicalName":"Grenn","aliases":["Aurochs"],"actor":["Mark Stanley"],"gender":"male","culture":"Westeros","born":"In 281 AC or 282 AC","died":null,"status":"unknown","houses":[],"titles":[],"father":null,"mother":null,"spouse":null,"books":[1,2,3,5,8],"povBooks":[],"show":["game-of-thrones"],"presence":[{"show":"game-of-thrones","kind":"depicted","seasons":["Season 1","Season 2","Season 3","Season 4"]}],"playedBy":["Mark Stanley"],"sources":[{"label":"An API of Ice and Fire — character 439","url":"https://anapioficeandfire.com/api/characters/439","provider":"An API of Ice and Fire","kind":"structured_database","accessed":"2026-07-10"},{"label":"A Song of Ice and Fire Wiki — Grenn","url":"https://iceandfire.fandom.com/wiki/Grenn","provider":"A Song of Ice and Fire Wiki","kind":"reference_page","accessed":"2026-07-10"}],"verification":"upstream_record","image":"/images/characters/api-character-439.webp","imageSource":{"provider":"A Song of Ice and Fire Wiki","kind":"wiki_lead_image","match":"exact_page_title","uncertain":false,"url":"https://iceandfire.fandom.com/wiki/Grenn","assetUrl":"https://static.wikia.nocookie.net/iceandfire/images/0/07/Grenn_by_amoka.jpg/revision/latest?cb=20150516155524","accessed":"2026-07-10","originalSha256":"22d462f0a48f582d6e3238b604aa709ef938ab898406193ba5ced875e9b5f682","derivativeSha256":"62fa3489897174e4fa202d7aa6c46b076d6fcc853119fd9706e90e82ab091046","width":1200,"height":900,"presentation":"proportional_resize_with_padding"},"parents":[],"children":[],"spouses":[],"house":null,"dragon":null}');
INSERT INTO aliases (entity_key, alias) VALUES ('character:api-character-439', 'Aurochs');
INSERT INTO appearances (entity_key, show_id, presence_kind, first_reference, details_json) VALUES ('character:api-character-439', 'game-of-thrones', 'depicted', NULL, '{"show":"game-of-thrones","kind":"depicted","seasons":["Season 1","Season 2","Season 3","Season 4"]}');
INSERT INTO sources (entity_key, label, url, provider, source_kind, accessed) VALUES ('character:api-character-439', 'An API of Ice and Fire — character 439', 'https://anapioficeandfire.com/api/characters/439', 'An API of Ice and Fire', 'structured_database', '2026-07-10');
INSERT INTO sources (entity_key, label, url, provider, source_kind, accessed) VALUES ('character:api-character-439', 'A Song of Ice and Fire Wiki — Grenn', 'https://iceandfire.fandom.com/wiki/Grenn', 'A Song of Ice and Fire Wiki', 'reference_page', '2026-07-10');
INSERT INTO media (entity_key, local_path, provider, source_page, asset_url, media_kind, uncertain, metadata_json) VALUES ('character:api-character-439', '/images/characters/api-character-439.webp', 'A Song of Ice and Fire Wiki', 'https://iceandfire.fandom.com/wiki/Grenn', 'https://static.wikia.nocookie.net/iceandfire/images/0/07/Grenn_by_amoka.jpg/revision/latest?cb=20150516155524', 'wiki_lead_image', 0, '{"provider":"A Song of Ice and Fire Wiki","kind":"wiki_lead_image","match":"exact_page_title","uncertain":false,"url":"https://iceandfire.fandom.com/wiki/Grenn","assetUrl":"https://static.wikia.nocookie.net/iceandfire/images/0/07/Grenn_by_amoka.jpg/revision/latest?cb=20150516155524","accessed":"2026-07-10","originalSha256":"22d462f0a48f582d6e3238b604aa709ef938ab898406193ba5ced875e9b5f682","derivativeSha256":"62fa3489897174e4fa202d7aa6c46b076d6fcc853119fd9706e90e82ab091046","width":1200,"height":900,"presentation":"proportional_resize_with_padding"}');
INSERT INTO entities_fts (entity_key, name, aliases, type) VALUES ('character:api-character-439', 'Grenn', 'Aurochs', 'character');
INSERT INTO characters (entity_key, gender, culture, born, died, actor_json, titles_json, era) VALUES ('character:api-character-439', 'male', 'Westeros', 'In 281 AC or 282 AC', NULL, '["Mark Stanley"]', '[]', NULL);
INSERT INTO entities (entity_key, id, type, name, description, status, verification, raw_json) VALUES ('character:api-character-506', 'api-character-506', 'character', 'Howland Reed', NULL, 'unknown', 'upstream_record', '{"id":"api-character-506","apiId":506,"name":"Howland Reed","canonicalName":"Howland Reed","aliases":[],"actor":["Leo Woodruff"],"gender":"male","culture":"Crannogmen","born":"In or between 260 AC and 265 AC, at Greywater Watch","died":null,"status":"unknown","houses":["house-reed"],"titles":["Lord of Greywater Watch"],"father":null,"mother":null,"spouse":null,"books":[1,2,3,5,8],"povBooks":[],"show":["game-of-thrones"],"presence":[{"show":"game-of-thrones","kind":"depicted","seasons":["Season 6"]}],"playedBy":["Leo Woodruff"],"sources":[{"label":"An API of Ice and Fire — character 506","url":"https://anapioficeandfire.com/api/characters/506","provider":"An API of Ice and Fire","kind":"structured_database","accessed":"2026-07-10"}],"verification":"upstream_record","image":"/images/fallback-character.svg","imageSource":{"provider":"Local archive fallback","kind":"fallback","match":"none","uncertain":false,"reason":"No exact verified image-page mapping is available.","url":null,"assetUrl":null},"parents":[],"children":[],"spouses":[],"house":null,"dragon":null}');
INSERT INTO appearances (entity_key, show_id, presence_kind, first_reference, details_json) VALUES ('character:api-character-506', 'game-of-thrones', 'depicted', NULL, '{"show":"game-of-thrones","kind":"depicted","seasons":["Season 6"]}');
INSERT INTO sources (entity_key, label, url, provider, source_kind, accessed) VALUES ('character:api-character-506', 'An API of Ice and Fire — character 506', 'https://anapioficeandfire.com/api/characters/506', 'An API of Ice and Fire', 'structured_database', '2026-07-10');
INSERT INTO media (entity_key, local_path, provider, source_page, asset_url, media_kind, uncertain, metadata_json) VALUES ('character:api-character-506', '/images/fallback-character.svg', 'Local archive fallback', NULL, NULL, 'fallback', 0, '{"provider":"Local archive fallback","kind":"fallback","match":"none","uncertain":false,"reason":"No exact verified image-page mapping is available.","url":null,"assetUrl":null}');
INSERT INTO entities_fts (entity_key, name, aliases, type) VALUES ('character:api-character-506', 'Howland Reed', '', 'character');
INSERT INTO characters (entity_key, gender, culture, born, died, actor_json, titles_json, era) VALUES ('character:api-character-506', 'male', 'Crannogmen', 'In or between 260 AC and 265 AC, at Greywater Watch', NULL, '["Leo Woodruff"]', '["Lord of Greywater Watch"]', NULL);
INSERT INTO entities (entity_key, id, type, name, description, status, verification, raw_json) VALUES ('character:api-character-521', 'api-character-521', 'character', 'Ilyn Payne', NULL, 'unknown', 'upstream_record', '{"id":"api-character-521","apiId":521,"name":"Ilyn Payne","canonicalName":"Ilyn Payne","aliases":[],"actor":["Wilko Johnson"],"gender":"male","culture":"Westeros","born":null,"died":null,"status":"unknown","houses":[],"titles":["Ser King''s Justice"],"father":null,"mother":null,"spouse":null,"books":[1,2,3,5,8],"povBooks":[],"show":["game-of-thrones"],"presence":[{"show":"game-of-thrones","kind":"depicted","seasons":["Season 1","Season 2"]}],"playedBy":["Wilko Johnson"],"sources":[{"label":"An API of Ice and Fire — character 521","url":"https://anapioficeandfire.com/api/characters/521","provider":"An API of Ice and Fire","kind":"structured_database","accessed":"2026-07-10"},{"label":"A Song of Ice and Fire Wiki — Ilyn Payne","url":"https://iceandfire.fandom.com/wiki/Ilyn_Payne","provider":"A Song of Ice and Fire Wiki","kind":"reference_page","accessed":"2026-07-10"}],"verification":"upstream_record","image":"/images/characters/api-character-521.webp","imageSource":{"provider":"A Song of Ice and Fire Wiki","kind":"wiki_lead_image","match":"exact_page_title","uncertain":false,"url":"https://iceandfire.fandom.com/wiki/Ilyn_Payne","assetUrl":"https://static.wikia.nocookie.net/iceandfire/images/c/c6/Illyn_Payne.png/revision/latest?cb=20250128161804","accessed":"2026-07-10","originalSha256":"d9ee43edfb70d6963ae331c401e9a958498595c6f78096769f4e75b02a823ff3","derivativeSha256":"2f74e6bea1a86e7e6880ce8a556648ab84b87ca95498ec5e2fa4f1f02692ba1a","width":1200,"height":900,"presentation":"proportional_resize_with_padding"},"parents":[],"children":[],"spouses":[],"house":null,"dragon":null}');
INSERT INTO appearances (entity_key, show_id, presence_kind, first_reference, details_json) VALUES ('character:api-character-521', 'game-of-thrones', 'depicted', NULL, '{"show":"game-of-thrones","kind":"depicted","seasons":["Season 1","Season 2"]}');
INSERT INTO sources (entity_key, label, url, provider, source_kind, accessed) VALUES ('character:api-character-521', 'An API of Ice and Fire — character 521', 'https://anapioficeandfire.com/api/characters/521', 'An API of Ice and Fire', 'structured_database', '2026-07-10');
INSERT INTO sources (entity_key, label, url, provider, source_kind, accessed) VALUES ('character:api-character-521', 'A Song of Ice and Fire Wiki — Ilyn Payne', 'https://iceandfire.fandom.com/wiki/Ilyn_Payne', 'A Song of Ice and Fire Wiki', 'reference_page', '2026-07-10');
INSERT INTO media (entity_key, local_path, provider, source_page, asset_url, media_kind, uncertain, metadata_json) VALUES ('character:api-character-521', '/images/characters/api-character-521.webp', 'A Song of Ice and Fire Wiki', 'https://iceandfire.fandom.com/wiki/Ilyn_Payne', 'https://static.wikia.nocookie.net/iceandfire/images/c/c6/Illyn_Payne.png/revision/latest?cb=20250128161804', 'wiki_lead_image', 0, '{"provider":"A Song of Ice and Fire Wiki","kind":"wiki_lead_image","match":"exact_page_title","uncertain":false,"url":"https://iceandfire.fandom.com/wiki/Ilyn_Payne","assetUrl":"https://static.wikia.nocookie.net/iceandfire/images/c/c6/Illyn_Payne.png/revision/latest?cb=20250128161804","accessed":"2026-07-10","originalSha256":"d9ee43edfb70d6963ae331c401e9a958498595c6f78096769f4e75b02a823ff3","derivativeSha256":"2f74e6bea1a86e7e6880ce8a556648ab84b87ca95498ec5e2fa4f1f02692ba1a","width":1200,"height":900,"presentation":"proportional_resize_with_padding"}');
INSERT INTO entities_fts (entity_key, name, aliases, type) VALUES ('character:api-character-521', 'Ilyn Payne', '', 'character');
INSERT INTO characters (entity_key, gender, culture, born, died, actor_json, titles_json, era) VALUES ('character:api-character-521', 'male', 'Westeros', NULL, NULL, '["Wilko Johnson"]', '["Ser King''s Justice"]', NULL);
INSERT INTO entities (entity_key, id, type, name, description, status, verification, raw_json) VALUES ('character:api-character-522', 'api-character-522', 'character', 'Imry Florent', NULL, 'dead', 'upstream_record', '{"id":"api-character-522","apiId":522,"name":"Imry Florent","canonicalName":"Imry Florent","aliases":["The Fool of Florent"],"actor":["Gordon Mahon"],"gender":"male","culture":null,"born":null,"died":"In 299 AC, at the Blackwater Rush","status":"dead","houses":["house-florent"],"titles":["Ser","Lord High Captain"],"father":null,"mother":null,"spouse":null,"books":[2,3,5],"povBooks":[],"show":["game-of-thrones"],"presence":[{"show":"game-of-thrones","kind":"depicted","seasons":["Season 2"]}],"playedBy":["Gordon Mahon"],"sources":[{"label":"An API of Ice and Fire — character 522","url":"https://anapioficeandfire.com/api/characters/522","provider":"An API of Ice and Fire","kind":"structured_database","accessed":"2026-07-10"}],"verification":"upstream_record","image":"/images/fallback-character.svg","imageSource":{"provider":"Local archive fallback","kind":"fallback","match":"none","uncertain":false,"reason":"No exact verified image-page mapping is available.","url":null,"assetUrl":null},"parents":[],"children":[],"spouses":[],"house":null,"dragon":null}');
INSERT INTO aliases (entity_key, alias) VALUES ('character:api-character-522', 'The Fool of Florent');
INSERT INTO appearances (entity_key, show_id, presence_kind, first_reference, details_json) VALUES ('character:api-character-522', 'game-of-thrones', 'depicted', NULL, '{"show":"game-of-thrones","kind":"depicted","seasons":["Season 2"]}');
INSERT INTO sources (entity_key, label, url, provider, source_kind, accessed) VALUES ('character:api-character-522', 'An API of Ice and Fire — character 522', 'https://anapioficeandfire.com/api/characters/522', 'An API of Ice and Fire', 'structured_database', '2026-07-10');
INSERT INTO media (entity_key, local_path, provider, source_page, asset_url, media_kind, uncertain, metadata_json) VALUES ('character:api-character-522', '/images/fallback-character.svg', 'Local archive fallback', NULL, NULL, 'fallback', 0, '{"provider":"Local archive fallback","kind":"fallback","match":"none","uncertain":false,"reason":"No exact verified image-page mapping is available.","url":null,"assetUrl":null}');
INSERT INTO entities_fts (entity_key, name, aliases, type) VALUES ('character:api-character-522', 'Imry Florent', 'The Fool of Florent', 'character');
INSERT INTO characters (entity_key, gender, culture, born, died, actor_json, titles_json, era) VALUES ('character:api-character-522', 'male', NULL, NULL, 'In 299 AC, at the Blackwater Rush', '["Gordon Mahon"]', '["Ser","Lord High Captain"]', NULL);
INSERT INTO entities (entity_key, id, type, name, description, status, verification, raw_json) VALUES ('character:api-character-533', 'api-character-533', 'character', 'Janos Slynt', NULL, 'dead', 'upstream_record', '{"id":"api-character-533","apiId":533,"name":"Janos Slynt","canonicalName":"Janos Slynt","aliases":[],"actor":["Dominic Carter"],"gender":"male","culture":null,"born":"In or between 278 AC and 260 AC, at King''s Landing","died":"In 300 AC, at Castle Black","status":"dead","houses":[],"titles":["Commander of the City Watch Lord of Harrenhal"],"father":null,"mother":null,"spouse":null,"books":[1,2,3,5,8],"povBooks":[],"show":["game-of-thrones"],"presence":[{"show":"game-of-thrones","kind":"depicted","seasons":["Season 1","Season 2","Season 4","Season 5"]}],"playedBy":["Dominic Carter"],"sources":[{"label":"An API of Ice and Fire — character 533","url":"https://anapioficeandfire.com/api/characters/533","provider":"An API of Ice and Fire","kind":"structured_database","accessed":"2026-07-10"},{"label":"A Song of Ice and Fire Wiki — Janos Slynt","url":"https://iceandfire.fandom.com/wiki/Janos_Slynt","provider":"A Song of Ice and Fire Wiki","kind":"reference_page","accessed":"2026-07-10"}],"verification":"upstream_record","image":"/images/characters/api-character-533.webp","imageSource":{"provider":"A Song of Ice and Fire Wiki","kind":"wiki_lead_image","match":"exact_page_title","uncertain":false,"url":"https://iceandfire.fandom.com/wiki/Janos_Slynt","assetUrl":"https://static.wikia.nocookie.net/iceandfire/images/9/9c/Janos_Slynth.jpeg/revision/latest?cb=20250211152058","accessed":"2026-07-10","originalSha256":"5ac46dc2ab22e52159ce9a039ede3121612efc7f4116ad328ae1398bcaa25a8f","derivativeSha256":"f54ef6dc80d8825cb79f96cd9274101acb7550534546e1ab481a03054f2cb382","width":1200,"height":900,"presentation":"proportional_resize_with_padding"},"parents":[],"children":[],"spouses":[],"house":null,"dragon":null}');
INSERT INTO appearances (entity_key, show_id, presence_kind, first_reference, details_json) VALUES ('character:api-character-533', 'game-of-thrones', 'depicted', NULL, '{"show":"game-of-thrones","kind":"depicted","seasons":["Season 1","Season 2","Season 4","Season 5"]}');
INSERT INTO sources (entity_key, label, url, provider, source_kind, accessed) VALUES ('character:api-character-533', 'An API of Ice and Fire — character 533', 'https://anapioficeandfire.com/api/characters/533', 'An API of Ice and Fire', 'structured_database', '2026-07-10');
INSERT INTO sources (entity_key, label, url, provider, source_kind, accessed) VALUES ('character:api-character-533', 'A Song of Ice and Fire Wiki — Janos Slynt', 'https://iceandfire.fandom.com/wiki/Janos_Slynt', 'A Song of Ice and Fire Wiki', 'reference_page', '2026-07-10');
INSERT INTO media (entity_key, local_path, provider, source_page, asset_url, media_kind, uncertain, metadata_json) VALUES ('character:api-character-533', '/images/characters/api-character-533.webp', 'A Song of Ice and Fire Wiki', 'https://iceandfire.fandom.com/wiki/Janos_Slynt', 'https://static.wikia.nocookie.net/iceandfire/images/9/9c/Janos_Slynth.jpeg/revision/latest?cb=20250211152058', 'wiki_lead_image', 0, '{"provider":"A Song of Ice and Fire Wiki","kind":"wiki_lead_image","match":"exact_page_title","uncertain":false,"url":"https://iceandfire.fandom.com/wiki/Janos_Slynt","assetUrl":"https://static.wikia.nocookie.net/iceandfire/images/9/9c/Janos_Slynth.jpeg/revision/latest?cb=20250211152058","accessed":"2026-07-10","originalSha256":"5ac46dc2ab22e52159ce9a039ede3121612efc7f4116ad328ae1398bcaa25a8f","derivativeSha256":"f54ef6dc80d8825cb79f96cd9274101acb7550534546e1ab481a03054f2cb382","width":1200,"height":900,"presentation":"proportional_resize_with_padding"}');
INSERT INTO entities_fts (entity_key, name, aliases, type) VALUES ('character:api-character-533', 'Janos Slynt', '', 'character');
INSERT INTO characters (entity_key, gender, culture, born, died, actor_json, titles_json, era) VALUES ('character:api-character-533', 'male', NULL, 'In or between 278 AC and 260 AC, at King''s Landing', 'In 300 AC, at Castle Black', '["Dominic Carter"]', '["Commander of the City Watch Lord of Harrenhal"]', NULL);
INSERT INTO entities (entity_key, id, type, name, description, status, verification, raw_json) VALUES ('character:api-character-571', 'api-character-571', 'character', 'Jojen Reed', NULL, 'unknown', 'upstream_record', '{"id":"api-character-571","apiId":571,"name":"Jojen Reed","canonicalName":"Jojen Reed","aliases":["Little Grandfather"],"actor":["Thomas Brodie-Sangster"],"gender":"male","culture":"Crannogmen","born":"In 286 AC, at Greywater Watch","died":null,"status":"unknown","houses":["house-reed"],"titles":[],"father":null,"mother":null,"spouse":null,"books":[2,3,5,8],"povBooks":[],"show":["game-of-thrones"],"presence":[{"show":"game-of-thrones","kind":"depicted","seasons":["Season 3","Season 4"]}],"playedBy":["Thomas Brodie-Sangster"],"sources":[{"label":"An API of Ice and Fire — character 571","url":"https://anapioficeandfire.com/api/characters/571","provider":"An API of Ice and Fire","kind":"structured_database","accessed":"2026-07-10"},{"label":"A Song of Ice and Fire Wiki — Jojen Reed","url":"https://iceandfire.fandom.com/wiki/Jojen_Reed","provider":"A Song of Ice and Fire Wiki","kind":"reference_page","accessed":"2026-07-10"}],"verification":"upstream_record","image":"/images/characters/api-character-571.webp","imageSource":{"provider":"A Song of Ice and Fire Wiki","kind":"wiki_lead_image","match":"exact_page_title","uncertain":false,"url":"https://iceandfire.fandom.com/wiki/Jojen_Reed","assetUrl":"https://static.wikia.nocookie.net/iceandfire/images/1/13/Jojen_Reed.png/revision/latest?cb=20250128162233","accessed":"2026-07-10","originalSha256":"3598676360365a23fe9dfdde225d83cc5f69cff4a762014e4ccdefb6009e9499","derivativeSha256":"b571a46d6a967827b8bb5362063b50bb514eb1f03b944be6c4647770d1575b43","width":1200,"height":900,"presentation":"proportional_resize_with_padding"},"parents":[],"children":[],"spouses":[],"house":null,"dragon":null}');
INSERT INTO aliases (entity_key, alias) VALUES ('character:api-character-571', 'Little Grandfather');
INSERT INTO appearances (entity_key, show_id, presence_kind, first_reference, details_json) VALUES ('character:api-character-571', 'game-of-thrones', 'depicted', NULL, '{"show":"game-of-thrones","kind":"depicted","seasons":["Season 3","Season 4"]}');
INSERT INTO sources (entity_key, label, url, provider, source_kind, accessed) VALUES ('character:api-character-571', 'An API of Ice and Fire — character 571', 'https://anapioficeandfire.com/api/characters/571', 'An API of Ice and Fire', 'structured_database', '2026-07-10');
INSERT INTO sources (entity_key, label, url, provider, source_kind, accessed) VALUES ('character:api-character-571', 'A Song of Ice and Fire Wiki — Jojen Reed', 'https://iceandfire.fandom.com/wiki/Jojen_Reed', 'A Song of Ice and Fire Wiki', 'reference_page', '2026-07-10');
INSERT INTO media (entity_key, local_path, provider, source_page, asset_url, media_kind, uncertain, metadata_json) VALUES ('character:api-character-571', '/images/characters/api-character-571.webp', 'A Song of Ice and Fire Wiki', 'https://iceandfire.fandom.com/wiki/Jojen_Reed', 'https://static.wikia.nocookie.net/iceandfire/images/1/13/Jojen_Reed.png/revision/latest?cb=20250128162233', 'wiki_lead_image', 0, '{"provider":"A Song of Ice and Fire Wiki","kind":"wiki_lead_image","match":"exact_page_title","uncertain":false,"url":"https://iceandfire.fandom.com/wiki/Jojen_Reed","assetUrl":"https://static.wikia.nocookie.net/iceandfire/images/1/13/Jojen_Reed.png/revision/latest?cb=20250128162233","accessed":"2026-07-10","originalSha256":"3598676360365a23fe9dfdde225d83cc5f69cff4a762014e4ccdefb6009e9499","derivativeSha256":"b571a46d6a967827b8bb5362063b50bb514eb1f03b944be6c4647770d1575b43","width":1200,"height":900,"presentation":"proportional_resize_with_padding"}');
INSERT INTO entities_fts (entity_key, name, aliases, type) VALUES ('character:api-character-571', 'Jojen Reed', 'Little Grandfather', 'character');
INSERT INTO characters (entity_key, gender, culture, born, died, actor_json, titles_json, era) VALUES ('character:api-character-571', 'male', 'Crannogmen', 'In 286 AC, at Greywater Watch', NULL, '["Thomas Brodie-Sangster"]', '[]', NULL);
INSERT INTO entities (entity_key, id, type, name, description, status, verification, raw_json) VALUES ('character:api-character-572', 'api-character-572', 'character', 'Jon Arryn', NULL, 'dead', 'upstream_record', '{"id":"api-character-572","apiId":572,"name":"Jon Arryn","canonicalName":"Jon Arryn","aliases":[],"actor":["John Standing"],"gender":"male","culture":"Valemen","born":"In or between 217 AC and 220 AC (roughly), at the Eyrie","died":"In 298 AC, at King''s Landing","status":"dead","houses":["house-arryn"],"titles":["Lord of the Eyrie","Defender of the Vale","Warden of the East","Hand of the King"],"father":null,"mother":null,"spouse":null,"books":[1,2,3,5,8,11],"povBooks":[],"show":["game-of-thrones"],"presence":[{"show":"game-of-thrones","kind":"depicted","seasons":["Season 1"]}],"playedBy":["John Standing"],"sources":[{"label":"An API of Ice and Fire — character 572","url":"https://anapioficeandfire.com/api/characters/572","provider":"An API of Ice and Fire","kind":"structured_database","accessed":"2026-07-10"},{"label":"A Song of Ice and Fire Wiki — Jon Arryn","url":"https://iceandfire.fandom.com/wiki/Jon_Arryn","provider":"A Song of Ice and Fire Wiki","kind":"reference_page","accessed":"2026-07-10"}],"verification":"upstream_record","image":"/images/characters/api-character-572.webp","imageSource":{"provider":"A Song of Ice and Fire Wiki","kind":"wiki_lead_image","match":"exact_page_title","uncertain":false,"url":"https://iceandfire.fandom.com/wiki/Jon_Arryn","assetUrl":"https://static.wikia.nocookie.net/iceandfire/images/5/5f/Jon_Arryn.png/revision/latest?cb=20250127225854","accessed":"2026-07-10","originalSha256":"37b8af319938e7e15734130e4dd456064125a1b1f70ccd60b4c29a393dcf6a3e","derivativeSha256":"3007d2a44a1462dbc6a89a8379a5e4626e04399c789fb41f579d27566b228113","width":1200,"height":900,"presentation":"proportional_resize_with_padding"},"parents":[],"children":[],"spouses":[],"house":null,"dragon":null}');
INSERT INTO appearances (entity_key, show_id, presence_kind, first_reference, details_json) VALUES ('character:api-character-572', 'game-of-thrones', 'depicted', NULL, '{"show":"game-of-thrones","kind":"depicted","seasons":["Season 1"]}');
INSERT INTO sources (entity_key, label, url, provider, source_kind, accessed) VALUES ('character:api-character-572', 'An API of Ice and Fire — character 572', 'https://anapioficeandfire.com/api/characters/572', 'An API of Ice and Fire', 'structured_database', '2026-07-10');
INSERT INTO sources (entity_key, label, url, provider, source_kind, accessed) VALUES ('character:api-character-572', 'A Song of Ice and Fire Wiki — Jon Arryn', 'https://iceandfire.fandom.com/wiki/Jon_Arryn', 'A Song of Ice and Fire Wiki', 'reference_page', '2026-07-10');
INSERT INTO media (entity_key, local_path, provider, source_page, asset_url, media_kind, uncertain, metadata_json) VALUES ('character:api-character-572', '/images/characters/api-character-572.webp', 'A Song of Ice and Fire Wiki', 'https://iceandfire.fandom.com/wiki/Jon_Arryn', 'https://static.wikia.nocookie.net/iceandfire/images/5/5f/Jon_Arryn.png/revision/latest?cb=20250127225854', 'wiki_lead_image', 0, '{"provider":"A Song of Ice and Fire Wiki","kind":"wiki_lead_image","match":"exact_page_title","uncertain":false,"url":"https://iceandfire.fandom.com/wiki/Jon_Arryn","assetUrl":"https://static.wikia.nocookie.net/iceandfire/images/5/5f/Jon_Arryn.png/revision/latest?cb=20250127225854","accessed":"2026-07-10","originalSha256":"37b8af319938e7e15734130e4dd456064125a1b1f70ccd60b4c29a393dcf6a3e","derivativeSha256":"3007d2a44a1462dbc6a89a8379a5e4626e04399c789fb41f579d27566b228113","width":1200,"height":900,"presentation":"proportional_resize_with_padding"}');
INSERT INTO entities_fts (entity_key, name, aliases, type) VALUES ('character:api-character-572', 'Jon Arryn', '', 'character');
INSERT INTO characters (entity_key, gender, culture, born, died, actor_json, titles_json, era) VALUES ('character:api-character-572', 'male', 'Valemen', 'In or between 217 AC and 220 AC (roughly), at the Eyrie', 'In 298 AC, at King''s Landing', '["John Standing"]', '["Lord of the Eyrie","Defender of the Vale","Warden of the East","Hand of the King"]', NULL);
INSERT INTO entities (entity_key, id, type, name, description, status, verification, raw_json) VALUES ('character:api-character-585', 'api-character-585', 'character', 'Greatjon Umber', NULL, 'unknown', 'upstream_record', '{"id":"api-character-585","apiId":585,"name":"Greatjon Umber","canonicalName":"Greatjon Umber","aliases":["The Greatjon","Greatjon Umber","Jon Umber"],"actor":["Clive Mantle"],"gender":"male","culture":"Northmen","born":"At the Last Hearth","died":null,"status":"unknown","houses":["house-umber"],"titles":["Lord of the Last Hearth"],"father":null,"mother":null,"spouse":null,"books":[1,2,3,5,8],"povBooks":[],"show":["game-of-thrones"],"presence":[{"show":"game-of-thrones","kind":"depicted","seasons":["Season 1"]}],"playedBy":["Clive Mantle"],"sources":[{"label":"An API of Ice and Fire — character 585","url":"https://anapioficeandfire.com/api/characters/585","provider":"An API of Ice and Fire","kind":"structured_database","accessed":"2026-07-10"}],"verification":"upstream_record","image":"/images/fallback-character.svg","imageSource":{"provider":"Local archive fallback","kind":"fallback","match":"none","uncertain":false,"reason":"No exact verified image-page mapping is available.","url":null,"assetUrl":null},"parents":[],"children":[],"spouses":[],"house":null,"dragon":null}');
INSERT INTO aliases (entity_key, alias) VALUES ('character:api-character-585', 'The Greatjon');
INSERT INTO aliases (entity_key, alias) VALUES ('character:api-character-585', 'Greatjon Umber');
INSERT INTO aliases (entity_key, alias) VALUES ('character:api-character-585', 'Jon Umber');
INSERT INTO appearances (entity_key, show_id, presence_kind, first_reference, details_json) VALUES ('character:api-character-585', 'game-of-thrones', 'depicted', NULL, '{"show":"game-of-thrones","kind":"depicted","seasons":["Season 1"]}');
INSERT INTO sources (entity_key, label, url, provider, source_kind, accessed) VALUES ('character:api-character-585', 'An API of Ice and Fire — character 585', 'https://anapioficeandfire.com/api/characters/585', 'An API of Ice and Fire', 'structured_database', '2026-07-10');
INSERT INTO media (entity_key, local_path, provider, source_page, asset_url, media_kind, uncertain, metadata_json) VALUES ('character:api-character-585', '/images/fallback-character.svg', 'Local archive fallback', NULL, NULL, 'fallback', 0, '{"provider":"Local archive fallback","kind":"fallback","match":"none","uncertain":false,"reason":"No exact verified image-page mapping is available.","url":null,"assetUrl":null}');
INSERT INTO entities_fts (entity_key, name, aliases, type) VALUES ('character:api-character-585', 'Greatjon Umber', 'The Greatjon Greatjon Umber Jon Umber', 'character');
INSERT INTO characters (entity_key, gender, culture, born, died, actor_json, titles_json, era) VALUES ('character:api-character-585', 'male', 'Northmen', 'At the Last Hearth', NULL, '["Clive Mantle"]', '["Lord of the Last Hearth"]', NULL);
INSERT INTO entities (entity_key, id, type, name, description, status, verification, raw_json) VALUES ('character:api-character-586', 'api-character-586', 'character', 'Smalljon Umber', NULL, 'dead', 'upstream_record', '{"id":"api-character-586","apiId":586,"name":"Smalljon Umber","canonicalName":"Smalljon Umber","aliases":["The Smalljon","Smalljon Umber","Jon Umber"],"actor":["Dean Jagger"],"gender":"male","culture":"Northmen","born":null,"died":"In 299 AC, at the Twins","status":"dead","houses":["house-umber"],"titles":[],"father":null,"mother":null,"spouse":null,"books":[1,2,3,5,8],"povBooks":[],"show":["game-of-thrones"],"presence":[{"show":"game-of-thrones","kind":"depicted","seasons":["Season 6"]}],"playedBy":["Dean Jagger"],"sources":[{"label":"An API of Ice and Fire — character 586","url":"https://anapioficeandfire.com/api/characters/586","provider":"An API of Ice and Fire","kind":"structured_database","accessed":"2026-07-10"}],"verification":"upstream_record","image":"/images/fallback-character.svg","imageSource":{"provider":"Local archive fallback","kind":"fallback","match":"none","uncertain":false,"reason":"No exact verified image-page mapping is available.","url":null,"assetUrl":null},"parents":[],"children":[],"spouses":[],"house":null,"dragon":null}');
INSERT INTO aliases (entity_key, alias) VALUES ('character:api-character-586', 'The Smalljon');
INSERT INTO aliases (entity_key, alias) VALUES ('character:api-character-586', 'Smalljon Umber');
INSERT INTO aliases (entity_key, alias) VALUES ('character:api-character-586', 'Jon Umber');
INSERT INTO appearances (entity_key, show_id, presence_kind, first_reference, details_json) VALUES ('character:api-character-586', 'game-of-thrones', 'depicted', NULL, '{"show":"game-of-thrones","kind":"depicted","seasons":["Season 6"]}');
INSERT INTO sources (entity_key, label, url, provider, source_kind, accessed) VALUES ('character:api-character-586', 'An API of Ice and Fire — character 586', 'https://anapioficeandfire.com/api/characters/586', 'An API of Ice and Fire', 'structured_database', '2026-07-10');
INSERT INTO media (entity_key, local_path, provider, source_page, asset_url, media_kind, uncertain, metadata_json) VALUES ('character:api-character-586', '/images/fallback-character.svg', 'Local archive fallback', NULL, NULL, 'fallback', 0, '{"provider":"Local archive fallback","kind":"fallback","match":"none","uncertain":false,"reason":"No exact verified image-page mapping is available.","url":null,"assetUrl":null}');
INSERT INTO entities_fts (entity_key, name, aliases, type) VALUES ('character:api-character-586', 'Smalljon Umber', 'The Smalljon Smalljon Umber Jon Umber', 'character');
INSERT INTO characters (entity_key, gender, culture, born, died, actor_json, titles_json, era) VALUES ('character:api-character-586', 'male', 'Northmen', NULL, 'In 299 AC, at the Twins', '["Dean Jagger"]', '[]', NULL);
INSERT INTO entities (entity_key, id, type, name, description, status, verification, raw_json) VALUES ('character:api-character-595', 'api-character-595', 'character', 'Jory Cassel', NULL, 'dead', 'upstream_record', '{"id":"api-character-595","apiId":595,"name":"Jory Cassel","canonicalName":"Jory Cassel","aliases":[],"actor":["Jamie Sives"],"gender":"male","culture":"Northmen","born":"At Winterfell","died":"In 298 AC, at King''s Landing","status":"dead","houses":[],"titles":["Captain of the guard"],"father":null,"mother":null,"spouse":null,"books":[1,2,3,8],"povBooks":[],"show":["game-of-thrones"],"presence":[{"show":"game-of-thrones","kind":"depicted","seasons":["Season 1"]}],"playedBy":["Jamie Sives"],"sources":[{"label":"An API of Ice and Fire — character 595","url":"https://anapioficeandfire.com/api/characters/595","provider":"An API of Ice and Fire","kind":"structured_database","accessed":"2026-07-10"}],"verification":"upstream_record","image":"/images/fallback-character.svg","imageSource":{"provider":"Local archive fallback","kind":"fallback","match":"none","uncertain":false,"reason":"No exact verified image-page mapping is available.","url":null,"assetUrl":null},"parents":[],"children":[],"spouses":[],"house":null,"dragon":null}');
INSERT INTO appearances (entity_key, show_id, presence_kind, first_reference, details_json) VALUES ('character:api-character-595', 'game-of-thrones', 'depicted', NULL, '{"show":"game-of-thrones","kind":"depicted","seasons":["Season 1"]}');
INSERT INTO sources (entity_key, label, url, provider, source_kind, accessed) VALUES ('character:api-character-595', 'An API of Ice and Fire — character 595', 'https://anapioficeandfire.com/api/characters/595', 'An API of Ice and Fire', 'structured_database', '2026-07-10');
INSERT INTO media (entity_key, local_path, provider, source_page, asset_url, media_kind, uncertain, metadata_json) VALUES ('character:api-character-595', '/images/fallback-character.svg', 'Local archive fallback', NULL, NULL, 'fallback', 0, '{"provider":"Local archive fallback","kind":"fallback","match":"none","uncertain":false,"reason":"No exact verified image-page mapping is available.","url":null,"assetUrl":null}');
INSERT INTO entities_fts (entity_key, name, aliases, type) VALUES ('character:api-character-595', 'Jory Cassel', '', 'character');
INSERT INTO characters (entity_key, gender, culture, born, died, actor_json, titles_json, era) VALUES ('character:api-character-595', 'male', 'Northmen', 'At Winterfell', 'In 298 AC, at King''s Landing', '["Jamie Sives"]', '["Captain of the guard"]', NULL);
INSERT INTO entities (entity_key, id, type, name, description, status, verification, raw_json) VALUES ('character:api-character-600', 'api-character-600', 'character', 'Joyeuse Erenford', NULL, 'unknown', 'upstream_record', '{"id":"api-character-600","apiId":600,"name":"Joyeuse Erenford","canonicalName":"Joyeuse Erenford","aliases":[],"actor":["Kelly Long"],"gender":"female","culture":null,"born":"In 282 AC or 283 AC","died":null,"status":"unknown","houses":["house-frey"],"titles":["Lady of the Crossing"],"father":null,"mother":null,"spouse":"walder-frey","books":[1,2,3,5,8],"povBooks":[],"show":["game-of-thrones"],"presence":[{"show":"game-of-thrones","kind":"depicted","seasons":["Season 1","Season 3"]}],"playedBy":["Kelly Long"],"sources":[{"label":"An API of Ice and Fire — character 600","url":"https://anapioficeandfire.com/api/characters/600","provider":"An API of Ice and Fire","kind":"structured_database","accessed":"2026-07-10"}],"verification":"upstream_record","image":"/images/fallback-character.svg","imageSource":{"provider":"Local archive fallback","kind":"fallback","match":"none","uncertain":false,"reason":"No exact verified image-page mapping is available.","url":null,"assetUrl":null},"parents":[],"children":[],"spouses":[],"house":null,"dragon":null}');
INSERT INTO appearances (entity_key, show_id, presence_kind, first_reference, details_json) VALUES ('character:api-character-600', 'game-of-thrones', 'depicted', NULL, '{"show":"game-of-thrones","kind":"depicted","seasons":["Season 1","Season 3"]}');
INSERT INTO sources (entity_key, label, url, provider, source_kind, accessed) VALUES ('character:api-character-600', 'An API of Ice and Fire — character 600', 'https://anapioficeandfire.com/api/characters/600', 'An API of Ice and Fire', 'structured_database', '2026-07-10');
INSERT INTO media (entity_key, local_path, provider, source_page, asset_url, media_kind, uncertain, metadata_json) VALUES ('character:api-character-600', '/images/fallback-character.svg', 'Local archive fallback', NULL, NULL, 'fallback', 0, '{"provider":"Local archive fallback","kind":"fallback","match":"none","uncertain":false,"reason":"No exact verified image-page mapping is available.","url":null,"assetUrl":null}');
INSERT INTO entities_fts (entity_key, name, aliases, type) VALUES ('character:api-character-600', 'Joyeuse Erenford', '', 'character');
INSERT INTO characters (entity_key, gender, culture, born, died, actor_json, titles_json, era) VALUES ('character:api-character-600', 'female', NULL, 'In 282 AC or 283 AC', NULL, '["Kelly Long"]', '["Lady of the Crossing"]', NULL);
INSERT INTO entities (entity_key, id, type, name, description, status, verification, raw_json) VALUES ('character:api-character-605', 'api-character-605', 'character', 'Kevan Lannister', NULL, 'dead', 'upstream_record', '{"id":"api-character-605","apiId":605,"name":"Kevan Lannister","canonicalName":"Kevan Lannister","aliases":[],"actor":["Ian Gelder"],"gender":"male","culture":null,"born":"In 244 AC","died":"In 300 AC, at King''s Landing","status":"dead","houses":["house-lannister"],"titles":["Ser","Master of laws","Lord Regent","Protector of the Realm"],"father":null,"mother":null,"spouse":null,"books":[1,2,3,5],"povBooks":[8],"show":["game-of-thrones"],"presence":[{"show":"game-of-thrones","kind":"depicted","seasons":["Season 1","Season 2","Season 5","Season 6"]}],"playedBy":["Ian Gelder"],"sources":[{"label":"An API of Ice and Fire — character 605","url":"https://anapioficeandfire.com/api/characters/605","provider":"An API of Ice and Fire","kind":"structured_database","accessed":"2026-07-10"},{"label":"A Song of Ice and Fire Wiki — Kevan Lannister","url":"https://iceandfire.fandom.com/wiki/Kevan_Lannister","provider":"A Song of Ice and Fire Wiki","kind":"reference_page","accessed":"2026-07-10"}],"verification":"upstream_record","image":"/images/characters/api-character-605.webp","imageSource":{"provider":"A Song of Ice and Fire Wiki","kind":"wiki_lead_image","match":"exact_page_title","uncertain":false,"url":"https://iceandfire.fandom.com/wiki/Kevan_Lannister","assetUrl":"https://static.wikia.nocookie.net/iceandfire/images/2/28/Kevan_by_amoka.jpg/revision/latest?cb=20150516155546","accessed":"2026-07-10","originalSha256":"d6aff3ce1ef6b111c8438d1c819bc9da3844db2d029482b4811d5b444d84e62e","derivativeSha256":"2f633174e3f2868e1d38b9b1a0cc5f5528efd9dcd9bde3c3f28751b52a3b5e25","width":1200,"height":900,"presentation":"proportional_resize_with_padding"},"parents":[],"children":[],"spouses":[],"house":null,"dragon":null}');
INSERT INTO appearances (entity_key, show_id, presence_kind, first_reference, details_json) VALUES ('character:api-character-605', 'game-of-thrones', 'depicted', NULL, '{"show":"game-of-thrones","kind":"depicted","seasons":["Season 1","Season 2","Season 5","Season 6"]}');
INSERT INTO sources (entity_key, label, url, provider, source_kind, accessed) VALUES ('character:api-character-605', 'An API of Ice and Fire — character 605', 'https://anapioficeandfire.com/api/characters/605', 'An API of Ice and Fire', 'structured_database', '2026-07-10');
INSERT INTO sources (entity_key, label, url, provider, source_kind, accessed) VALUES ('character:api-character-605', 'A Song of Ice and Fire Wiki — Kevan Lannister', 'https://iceandfire.fandom.com/wiki/Kevan_Lannister', 'A Song of Ice and Fire Wiki', 'reference_page', '2026-07-10');
INSERT INTO media (entity_key, local_path, provider, source_page, asset_url, media_kind, uncertain, metadata_json) VALUES ('character:api-character-605', '/images/characters/api-character-605.webp', 'A Song of Ice and Fire Wiki', 'https://iceandfire.fandom.com/wiki/Kevan_Lannister', 'https://static.wikia.nocookie.net/iceandfire/images/2/28/Kevan_by_amoka.jpg/revision/latest?cb=20150516155546', 'wiki_lead_image', 0, '{"provider":"A Song of Ice and Fire Wiki","kind":"wiki_lead_image","match":"exact_page_title","uncertain":false,"url":"https://iceandfire.fandom.com/wiki/Kevan_Lannister","assetUrl":"https://static.wikia.nocookie.net/iceandfire/images/2/28/Kevan_by_amoka.jpg/revision/latest?cb=20150516155546","accessed":"2026-07-10","originalSha256":"d6aff3ce1ef6b111c8438d1c819bc9da3844db2d029482b4811d5b444d84e62e","derivativeSha256":"2f633174e3f2868e1d38b9b1a0cc5f5528efd9dcd9bde3c3f28751b52a3b5e25","width":1200,"height":900,"presentation":"proportional_resize_with_padding"}');
INSERT INTO entities_fts (entity_key, name, aliases, type) VALUES ('character:api-character-605', 'Kevan Lannister', '', 'character');
INSERT INTO characters (entity_key, gender, culture, born, died, actor_json, titles_json, era) VALUES ('character:api-character-605', 'male', NULL, 'In 244 AC', 'In 300 AC, at King''s Landing', '["Ian Gelder"]', '["Ser","Master of laws","Lord Regent","Protector of the Realm"]', NULL);
INSERT INTO entities (entity_key, id, type, name, description, status, verification, raw_json) VALUES ('character:api-character-613', 'api-character-613', 'character', 'Lancel Lannister', NULL, 'unknown', 'upstream_record', '{"id":"api-character-613","apiId":613,"name":"Lancel Lannister","canonicalName":"Lancel Lannister","aliases":[],"actor":["Eugene Simon"],"gender":"male","culture":null,"born":"In 282 AC","died":null,"status":"unknown","houses":["house-lannister"],"titles":["Ser","Lord of Darry"],"father":null,"mother":null,"spouse":null,"books":[1,2,3,5,8],"povBooks":[],"show":["game-of-thrones"],"presence":[{"show":"game-of-thrones","kind":"depicted","seasons":["Season 1","Season 2","Season 5"]}],"playedBy":["Eugene Simon"],"sources":[{"label":"An API of Ice and Fire — character 613","url":"https://anapioficeandfire.com/api/characters/613","provider":"An API of Ice and Fire","kind":"structured_database","accessed":"2026-07-10"},{"label":"A Song of Ice and Fire Wiki — Lancel Lannister","url":"https://iceandfire.fandom.com/wiki/Lancel_Lannister","provider":"A Song of Ice and Fire Wiki","kind":"reference_page","accessed":"2026-07-10"}],"verification":"upstream_record","image":"/images/characters/api-character-613.webp","imageSource":{"provider":"A Song of Ice and Fire Wiki","kind":"wiki_lead_image","match":"exact_page_title","uncertain":false,"url":"https://iceandfire.fandom.com/wiki/Lancel_Lannister","assetUrl":"https://static.wikia.nocookie.net/iceandfire/images/6/61/424px-Ser_Lancel_Lannister_TheMico.jpg/revision/latest?cb=20160601110148","accessed":"2026-07-10","originalSha256":"f3dc58895c197b64f7e51d233d76a857123b0ba6b9c751dcf50aa7dcd3809a93","derivativeSha256":"5c100e81ffef3c219cdf1e325973359475442f7e29e83a65a1a304ec5ac04108","width":1200,"height":900,"presentation":"proportional_resize_with_padding"},"parents":[],"children":[],"spouses":[],"house":null,"dragon":null}');
INSERT INTO appearances (entity_key, show_id, presence_kind, first_reference, details_json) VALUES ('character:api-character-613', 'game-of-thrones', 'depicted', NULL, '{"show":"game-of-thrones","kind":"depicted","seasons":["Season 1","Season 2","Season 5"]}');
INSERT INTO sources (entity_key, label, url, provider, source_kind, accessed) VALUES ('character:api-character-613', 'An API of Ice and Fire — character 613', 'https://anapioficeandfire.com/api/characters/613', 'An API of Ice and Fire', 'structured_database', '2026-07-10');
INSERT INTO sources (entity_key, label, url, provider, source_kind, accessed) VALUES ('character:api-character-613', 'A Song of Ice and Fire Wiki — Lancel Lannister', 'https://iceandfire.fandom.com/wiki/Lancel_Lannister', 'A Song of Ice and Fire Wiki', 'reference_page', '2026-07-10');
INSERT INTO media (entity_key, local_path, provider, source_page, asset_url, media_kind, uncertain, metadata_json) VALUES ('character:api-character-613', '/images/characters/api-character-613.webp', 'A Song of Ice and Fire Wiki', 'https://iceandfire.fandom.com/wiki/Lancel_Lannister', 'https://static.wikia.nocookie.net/iceandfire/images/6/61/424px-Ser_Lancel_Lannister_TheMico.jpg/revision/latest?cb=20160601110148', 'wiki_lead_image', 0, '{"provider":"A Song of Ice and Fire Wiki","kind":"wiki_lead_image","match":"exact_page_title","uncertain":false,"url":"https://iceandfire.fandom.com/wiki/Lancel_Lannister","assetUrl":"https://static.wikia.nocookie.net/iceandfire/images/6/61/424px-Ser_Lancel_Lannister_TheMico.jpg/revision/latest?cb=20160601110148","accessed":"2026-07-10","originalSha256":"f3dc58895c197b64f7e51d233d76a857123b0ba6b9c751dcf50aa7dcd3809a93","derivativeSha256":"5c100e81ffef3c219cdf1e325973359475442f7e29e83a65a1a304ec5ac04108","width":1200,"height":900,"presentation":"proportional_resize_with_padding"}');
INSERT INTO entities_fts (entity_key, name, aliases, type) VALUES ('character:api-character-613', 'Lancel Lannister', '', 'character');
INSERT INTO characters (entity_key, gender, culture, born, died, actor_json, titles_json, era) VALUES ('character:api-character-613', 'male', NULL, 'In 282 AC', NULL, '["Eugene Simon"]', '["Ser","Lord of Darry"]', NULL);
INSERT INTO entities (entity_key, id, type, name, description, status, verification, raw_json) VALUES ('character:api-character-649', 'api-character-649', 'character', 'Lothar Frey', NULL, 'unknown', 'upstream_record', '{"id":"api-character-649","apiId":649,"name":"Lothar Frey","canonicalName":"Lothar Frey","aliases":["Lame Lothar"],"actor":["Tom Brooke"],"gender":"male","culture":"Rivermen","born":"In 265 AC or 266 AC, at Twins","died":null,"status":"unknown","houses":["house-frey"],"titles":["Steward of the Twins"],"father":null,"mother":null,"spouse":null,"books":[1,2,3,5,8],"povBooks":[],"show":["game-of-thrones"],"presence":[{"show":"game-of-thrones","kind":"depicted","seasons":["Season 3"]}],"playedBy":["Tom Brooke"],"sources":[{"label":"An API of Ice and Fire — character 649","url":"https://anapioficeandfire.com/api/characters/649","provider":"An API of Ice and Fire","kind":"structured_database","accessed":"2026-07-10"},{"label":"A Song of Ice and Fire Wiki — Lothar Frey","url":"https://iceandfire.fandom.com/wiki/Lothar_Frey","provider":"A Song of Ice and Fire Wiki","kind":"reference_page","accessed":"2026-07-10"}],"verification":"upstream_record","image":"/images/characters/api-character-649.webp","imageSource":{"provider":"A Song of Ice and Fire Wiki","kind":"wiki_lead_image","match":"exact_page_title","uncertain":false,"url":"https://iceandfire.fandom.com/wiki/Lothar_Frey","assetUrl":"https://static.wikia.nocookie.net/iceandfire/images/b/b8/Lothar_Frey_by_%D0%A2%D1%85%D0%B5_%D0%9C%D0%B8%D1%87%D0%BE.jpg/revision/latest?cb=20160315202038","accessed":"2026-07-10","originalSha256":"b7f48c4b899c6a46f27c236b4ca2c21a1444f1456cdcdfae7277f73ada9e4735","derivativeSha256":"1db50b58f4eb984ba46d82a22503ac56b88d673e339f68d8cc186bec71b84374","width":1200,"height":900,"presentation":"proportional_resize_with_padding"},"parents":[],"children":[],"spouses":[],"house":null,"dragon":null}');
INSERT INTO aliases (entity_key, alias) VALUES ('character:api-character-649', 'Lame Lothar');
INSERT INTO appearances (entity_key, show_id, presence_kind, first_reference, details_json) VALUES ('character:api-character-649', 'game-of-thrones', 'depicted', NULL, '{"show":"game-of-thrones","kind":"depicted","seasons":["Season 3"]}');
INSERT INTO sources (entity_key, label, url, provider, source_kind, accessed) VALUES ('character:api-character-649', 'An API of Ice and Fire — character 649', 'https://anapioficeandfire.com/api/characters/649', 'An API of Ice and Fire', 'structured_database', '2026-07-10');
INSERT INTO sources (entity_key, label, url, provider, source_kind, accessed) VALUES ('character:api-character-649', 'A Song of Ice and Fire Wiki — Lothar Frey', 'https://iceandfire.fandom.com/wiki/Lothar_Frey', 'A Song of Ice and Fire Wiki', 'reference_page', '2026-07-10');
INSERT INTO media (entity_key, local_path, provider, source_page, asset_url, media_kind, uncertain, metadata_json) VALUES ('character:api-character-649', '/images/characters/api-character-649.webp', 'A Song of Ice and Fire Wiki', 'https://iceandfire.fandom.com/wiki/Lothar_Frey', 'https://static.wikia.nocookie.net/iceandfire/images/b/b8/Lothar_Frey_by_%D0%A2%D1%85%D0%B5_%D0%9C%D0%B8%D1%87%D0%BE.jpg/revision/latest?cb=20160315202038', 'wiki_lead_image', 0, '{"provider":"A Song of Ice and Fire Wiki","kind":"wiki_lead_image","match":"exact_page_title","uncertain":false,"url":"https://iceandfire.fandom.com/wiki/Lothar_Frey","assetUrl":"https://static.wikia.nocookie.net/iceandfire/images/b/b8/Lothar_Frey_by_%D0%A2%D1%85%D0%B5_%D0%9C%D0%B8%D1%87%D0%BE.jpg/revision/latest?cb=20160315202038","accessed":"2026-07-10","originalSha256":"b7f48c4b899c6a46f27c236b4ca2c21a1444f1456cdcdfae7277f73ada9e4735","derivativeSha256":"1db50b58f4eb984ba46d82a22503ac56b88d673e339f68d8cc186bec71b84374","width":1200,"height":900,"presentation":"proportional_resize_with_padding"}');
INSERT INTO entities_fts (entity_key, name, aliases, type) VALUES ('character:api-character-649', 'Lothar Frey', 'Lame Lothar', 'character');
INSERT INTO characters (entity_key, gender, culture, born, died, actor_json, titles_json, era) VALUES ('character:api-character-649', 'male', 'Rivermen', 'In 265 AC or 266 AC, at Twins', NULL, '["Tom Brooke"]', '["Steward of the Twins"]', NULL);
INSERT INTO entities (entity_key, id, type, name, description, status, verification, raw_json) VALUES ('character:api-character-688', 'api-character-688', 'character', 'Lysa Arryn', NULL, 'dead', 'upstream_record', '{"id":"api-character-688","apiId":688,"name":"Lysa Arryn","canonicalName":"Lysa Arryn","aliases":["Lysa Tully"],"actor":["Kate Dickie"],"gender":"female","culture":null,"born":"In 266 AC or 267 AC, at Riverrun","died":"In 300 AC, at the Eyrie","status":"dead","houses":["house-arryn","house-tully"],"titles":["Lady of the Vale"],"father":null,"mother":null,"spouse":"api-character-572","books":[1,2,3,5,8],"povBooks":[],"show":["game-of-thrones"],"presence":[{"show":"game-of-thrones","kind":"depicted","seasons":["Season 1","Season 4"]}],"playedBy":["Kate Dickie"],"sources":[{"label":"An API of Ice and Fire — character 688","url":"https://anapioficeandfire.com/api/characters/688","provider":"An API of Ice and Fire","kind":"structured_database","accessed":"2026-07-10"},{"label":"A Song of Ice and Fire Wiki — Lysa Arryn","url":"https://iceandfire.fandom.com/wiki/Lysa_Arryn","provider":"A Song of Ice and Fire Wiki","kind":"reference_page","accessed":"2026-07-10"}],"verification":"upstream_record","image":"/images/characters/api-character-688.webp","imageSource":{"provider":"A Song of Ice and Fire Wiki","kind":"wiki_lead_image","match":"exact_page_title","uncertain":false,"url":"https://iceandfire.fandom.com/wiki/Lysa_Arryn","assetUrl":"https://static.wikia.nocookie.net/iceandfire/images/8/8f/Lysa_by_amoka.jpg/revision/latest?cb=20150516155216","accessed":"2026-07-10","originalSha256":"456c60f51292ff389d3d32430500c4daca9bc9d7ba12543c3027c031a454fd97","derivativeSha256":"7f40a1fd87cf4fbcae1abfc7ec5496f9d425059f43252126db77be4dd40e8cea","width":1200,"height":900,"presentation":"proportional_resize_with_padding"},"parents":[],"children":[],"spouses":[],"house":null,"dragon":null}');
INSERT INTO aliases (entity_key, alias) VALUES ('character:api-character-688', 'Lysa Tully');
INSERT INTO appearances (entity_key, show_id, presence_kind, first_reference, details_json) VALUES ('character:api-character-688', 'game-of-thrones', 'depicted', NULL, '{"show":"game-of-thrones","kind":"depicted","seasons":["Season 1","Season 4"]}');
INSERT INTO sources (entity_key, label, url, provider, source_kind, accessed) VALUES ('character:api-character-688', 'An API of Ice and Fire — character 688', 'https://anapioficeandfire.com/api/characters/688', 'An API of Ice and Fire', 'structured_database', '2026-07-10');
INSERT INTO sources (entity_key, label, url, provider, source_kind, accessed) VALUES ('character:api-character-688', 'A Song of Ice and Fire Wiki — Lysa Arryn', 'https://iceandfire.fandom.com/wiki/Lysa_Arryn', 'A Song of Ice and Fire Wiki', 'reference_page', '2026-07-10');
INSERT INTO media (entity_key, local_path, provider, source_page, asset_url, media_kind, uncertain, metadata_json) VALUES ('character:api-character-688', '/images/characters/api-character-688.webp', 'A Song of Ice and Fire Wiki', 'https://iceandfire.fandom.com/wiki/Lysa_Arryn', 'https://static.wikia.nocookie.net/iceandfire/images/8/8f/Lysa_by_amoka.jpg/revision/latest?cb=20150516155216', 'wiki_lead_image', 0, '{"provider":"A Song of Ice and Fire Wiki","kind":"wiki_lead_image","match":"exact_page_title","uncertain":false,"url":"https://iceandfire.fandom.com/wiki/Lysa_Arryn","assetUrl":"https://static.wikia.nocookie.net/iceandfire/images/8/8f/Lysa_by_amoka.jpg/revision/latest?cb=20150516155216","accessed":"2026-07-10","originalSha256":"456c60f51292ff389d3d32430500c4daca9bc9d7ba12543c3027c031a454fd97","derivativeSha256":"7f40a1fd87cf4fbcae1abfc7ec5496f9d425059f43252126db77be4dd40e8cea","width":1200,"height":900,"presentation":"proportional_resize_with_padding"}');
INSERT INTO entities_fts (entity_key, name, aliases, type) VALUES ('character:api-character-688', 'Lysa Arryn', 'Lysa Tully', 'character');
INSERT INTO characters (entity_key, gender, culture, born, died, actor_json, titles_json, era) VALUES ('character:api-character-688', 'female', NULL, 'In 266 AC or 267 AC, at Riverrun', 'In 300 AC, at the Eyrie', '["Kate Dickie"]', '["Lady of the Vale"]', NULL);
INSERT INTO entities (entity_key, id, type, name, description, status, verification, raw_json) VALUES ('character:api-character-692', 'api-character-692', 'character', 'Maege Mormont', NULL, 'unknown', 'upstream_record', '{"id":"api-character-692","apiId":692,"name":"Maege Mormont","canonicalName":"Maege Mormont","aliases":["The She-Bear"],"actor":["Elizabeth Barrett"],"gender":"female","culture":"Northmen","born":"In or between 239 AC and 257 AC","died":null,"status":"unknown","houses":["house-mormont"],"titles":["Lady of Bear Island"],"father":null,"mother":null,"spouse":null,"books":[1,2,3,5,8],"povBooks":[],"show":["game-of-thrones"],"presence":[{"show":"game-of-thrones","kind":"depicted","seasons":["Season 1"]}],"playedBy":["Elizabeth Barrett"],"sources":[{"label":"An API of Ice and Fire — character 692","url":"https://anapioficeandfire.com/api/characters/692","provider":"An API of Ice and Fire","kind":"structured_database","accessed":"2026-07-10"},{"label":"A Song of Ice and Fire Wiki — Maege Mormont","url":"https://iceandfire.fandom.com/wiki/Maege_Mormont","provider":"A Song of Ice and Fire Wiki","kind":"reference_page","accessed":"2026-07-10"}],"verification":"upstream_record","image":"/images/characters/api-character-692.webp","imageSource":{"provider":"A Song of Ice and Fire Wiki","kind":"wiki_lead_image","match":"exact_page_title","uncertain":false,"url":"https://iceandfire.fandom.com/wiki/Maege_Mormont","assetUrl":"https://static.wikia.nocookie.net/iceandfire/images/1/13/Maege_Mormont.png/revision/latest?cb=20250127231142","accessed":"2026-07-10","originalSha256":"bc0bf4b13cf48d2002784b887bad6485f6d961bdebe5cfe77a4b0c2e0a0a5834","derivativeSha256":"dfd84cc506773cefb590de5f161b03739fab8984020b5ebf716dbabf9f19ecc0","width":1200,"height":900,"presentation":"proportional_resize_with_padding"},"parents":[],"children":[],"spouses":[],"house":null,"dragon":null}');
INSERT INTO aliases (entity_key, alias) VALUES ('character:api-character-692', 'The She-Bear');
INSERT INTO appearances (entity_key, show_id, presence_kind, first_reference, details_json) VALUES ('character:api-character-692', 'game-of-thrones', 'depicted', NULL, '{"show":"game-of-thrones","kind":"depicted","seasons":["Season 1"]}');
INSERT INTO sources (entity_key, label, url, provider, source_kind, accessed) VALUES ('character:api-character-692', 'An API of Ice and Fire — character 692', 'https://anapioficeandfire.com/api/characters/692', 'An API of Ice and Fire', 'structured_database', '2026-07-10');
INSERT INTO sources (entity_key, label, url, provider, source_kind, accessed) VALUES ('character:api-character-692', 'A Song of Ice and Fire Wiki — Maege Mormont', 'https://iceandfire.fandom.com/wiki/Maege_Mormont', 'A Song of Ice and Fire Wiki', 'reference_page', '2026-07-10');
INSERT INTO media (entity_key, local_path, provider, source_page, asset_url, media_kind, uncertain, metadata_json) VALUES ('character:api-character-692', '/images/characters/api-character-692.webp', 'A Song of Ice and Fire Wiki', 'https://iceandfire.fandom.com/wiki/Maege_Mormont', 'https://static.wikia.nocookie.net/iceandfire/images/1/13/Maege_Mormont.png/revision/latest?cb=20250127231142', 'wiki_lead_image', 0, '{"provider":"A Song of Ice and Fire Wiki","kind":"wiki_lead_image","match":"exact_page_title","uncertain":false,"url":"https://iceandfire.fandom.com/wiki/Maege_Mormont","assetUrl":"https://static.wikia.nocookie.net/iceandfire/images/1/13/Maege_Mormont.png/revision/latest?cb=20250127231142","accessed":"2026-07-10","originalSha256":"bc0bf4b13cf48d2002784b887bad6485f6d961bdebe5cfe77a4b0c2e0a0a5834","derivativeSha256":"dfd84cc506773cefb590de5f161b03739fab8984020b5ebf716dbabf9f19ecc0","width":1200,"height":900,"presentation":"proportional_resize_with_padding"}');
INSERT INTO entities_fts (entity_key, name, aliases, type) VALUES ('character:api-character-692', 'Maege Mormont', 'The She-Bear', 'character');
INSERT INTO characters (entity_key, gender, culture, born, died, actor_json, titles_json, era) VALUES ('character:api-character-692', 'female', 'Northmen', 'In or between 239 AC and 257 AC', NULL, '["Elizabeth Barrett"]', '["Lady of Bear Island"]', NULL);
INSERT INTO entities (entity_key, id, type, name, description, status, verification, raw_json) VALUES ('character:api-character-701', 'api-character-701', 'character', 'Mandon Moore', NULL, 'dead', 'upstream_record', '{"id":"api-character-701","apiId":701,"name":"Mandon Moore","canonicalName":"Mandon Moore","aliases":[],"actor":["James Doran"],"gender":"male","culture":"Valemen","born":null,"died":"In 299 AC, at the Blackwater Rush","status":"dead","houses":[],"titles":["Ser"],"father":null,"mother":null,"spouse":null,"books":[1,2,3],"povBooks":[],"show":["game-of-thrones"],"presence":[{"show":"game-of-thrones","kind":"depicted","seasons":["Season 1","Season 2"]}],"playedBy":["James Doran"],"sources":[{"label":"An API of Ice and Fire — character 701","url":"https://anapioficeandfire.com/api/characters/701","provider":"An API of Ice and Fire","kind":"structured_database","accessed":"2026-07-10"}],"verification":"upstream_record","image":"/images/fallback-character.svg","imageSource":{"provider":"Local archive fallback","kind":"fallback","match":"none","uncertain":false,"reason":"No exact verified image-page mapping is available.","url":null,"assetUrl":null},"parents":[],"children":[],"spouses":[],"house":null,"dragon":null}');
INSERT INTO appearances (entity_key, show_id, presence_kind, first_reference, details_json) VALUES ('character:api-character-701', 'game-of-thrones', 'depicted', NULL, '{"show":"game-of-thrones","kind":"depicted","seasons":["Season 1","Season 2"]}');
INSERT INTO sources (entity_key, label, url, provider, source_kind, accessed) VALUES ('character:api-character-701', 'An API of Ice and Fire — character 701', 'https://anapioficeandfire.com/api/characters/701', 'An API of Ice and Fire', 'structured_database', '2026-07-10');
INSERT INTO media (entity_key, local_path, provider, source_page, asset_url, media_kind, uncertain, metadata_json) VALUES ('character:api-character-701', '/images/fallback-character.svg', 'Local archive fallback', NULL, NULL, 'fallback', 0, '{"provider":"Local archive fallback","kind":"fallback","match":"none","uncertain":false,"reason":"No exact verified image-page mapping is available.","url":null,"assetUrl":null}');
INSERT INTO entities_fts (entity_key, name, aliases, type) VALUES ('character:api-character-701', 'Mandon Moore', '', 'character');
INSERT INTO characters (entity_key, gender, culture, born, died, actor_json, titles_json, era) VALUES ('character:api-character-701', 'male', 'Valemen', NULL, 'In 299 AC, at the Blackwater Rush', '["James Doran"]', '["Ser"]', NULL);
INSERT INTO entities (entity_key, id, type, name, description, status, verification, raw_json) VALUES ('character:api-character-725', 'api-character-725', 'character', 'Martyn Lannister', NULL, 'unknown', 'upstream_record', '{"id":"api-character-725","apiId":725,"name":"Martyn Lannister","canonicalName":"Martyn Lannister","aliases":[],"actor":["Dean-Charles Chapman"],"gender":"male","culture":null,"born":"In or between 285 AC and 287 AC","died":null,"status":"unknown","houses":["house-lannister"],"titles":[],"father":null,"mother":null,"spouse":null,"books":[1,2,3,5,8],"povBooks":[],"show":["game-of-thrones"],"presence":[{"show":"game-of-thrones","kind":"depicted","seasons":["Season 3"]}],"playedBy":["Dean-Charles Chapman"],"sources":[{"label":"An API of Ice and Fire — character 725","url":"https://anapioficeandfire.com/api/characters/725","provider":"An API of Ice and Fire","kind":"structured_database","accessed":"2026-07-10"}],"verification":"upstream_record","image":"/images/fallback-character.svg","imageSource":{"provider":"Local archive fallback","kind":"fallback","match":"none","uncertain":false,"reason":"No exact verified image-page mapping is available.","url":null,"assetUrl":null},"parents":[],"children":[],"spouses":[],"house":null,"dragon":null}');
INSERT INTO appearances (entity_key, show_id, presence_kind, first_reference, details_json) VALUES ('character:api-character-725', 'game-of-thrones', 'depicted', NULL, '{"show":"game-of-thrones","kind":"depicted","seasons":["Season 3"]}');
INSERT INTO sources (entity_key, label, url, provider, source_kind, accessed) VALUES ('character:api-character-725', 'An API of Ice and Fire — character 725', 'https://anapioficeandfire.com/api/characters/725', 'An API of Ice and Fire', 'structured_database', '2026-07-10');
INSERT INTO media (entity_key, local_path, provider, source_page, asset_url, media_kind, uncertain, metadata_json) VALUES ('character:api-character-725', '/images/fallback-character.svg', 'Local archive fallback', NULL, NULL, 'fallback', 0, '{"provider":"Local archive fallback","kind":"fallback","match":"none","uncertain":false,"reason":"No exact verified image-page mapping is available.","url":null,"assetUrl":null}');
INSERT INTO entities_fts (entity_key, name, aliases, type) VALUES ('character:api-character-725', 'Martyn Lannister', '', 'character');
INSERT INTO characters (entity_key, gender, culture, born, died, actor_json, titles_json, era) VALUES ('character:api-character-725', 'male', NULL, 'In or between 285 AC and 287 AC', NULL, '["Dean-Charles Chapman"]', '[]', NULL);
INSERT INTO entities (entity_key, id, type, name, description, status, verification, raw_json) VALUES ('character:api-character-735', 'api-character-735', 'character', 'Meera Reed', NULL, 'unknown', 'upstream_record', '{"id":"api-character-735","apiId":735,"name":"Meera Reed","canonicalName":"Meera Reed","aliases":[],"actor":["Ellie Kendrick"],"gender":"female","culture":"Crannogmen","born":"In 283 AC, at Greywater Watch","died":null,"status":"unknown","houses":["house-reed"],"titles":[],"father":null,"mother":null,"spouse":null,"books":[2,3,5,8],"povBooks":[],"show":["game-of-thrones"],"presence":[{"show":"game-of-thrones","kind":"depicted","seasons":["Season 3","Season 4","Season 6"]}],"playedBy":["Ellie Kendrick"],"sources":[{"label":"An API of Ice and Fire — character 735","url":"https://anapioficeandfire.com/api/characters/735","provider":"An API of Ice and Fire","kind":"structured_database","accessed":"2026-07-10"},{"label":"A Song of Ice and Fire Wiki — Meera Reed","url":"https://iceandfire.fandom.com/wiki/Meera_Reed","provider":"A Song of Ice and Fire Wiki","kind":"reference_page","accessed":"2026-07-10"}],"verification":"upstream_record","image":"/images/characters/api-character-735.webp","imageSource":{"provider":"A Song of Ice and Fire Wiki","kind":"wiki_lead_image","match":"exact_page_title","uncertain":false,"url":"https://iceandfire.fandom.com/wiki/Meera_Reed","assetUrl":"https://static.wikia.nocookie.net/iceandfire/images/3/30/Meera_Reed_TheMico.jpg/revision/latest?cb=20211026143008","accessed":"2026-07-10","originalSha256":"8e533792ec4e92f50644c8d72aa154790b3236b31e6a9d4b4578dca8b02bab71","derivativeSha256":"16afbe9e244d6ced4257c55f0251feb3c57074115d5159a41fcb67c7bbd06a5b","width":1200,"height":900,"presentation":"proportional_resize_with_padding"},"parents":[],"children":[],"spouses":[],"house":null,"dragon":null}');
INSERT INTO appearances (entity_key, show_id, presence_kind, first_reference, details_json) VALUES ('character:api-character-735', 'game-of-thrones', 'depicted', NULL, '{"show":"game-of-thrones","kind":"depicted","seasons":["Season 3","Season 4","Season 6"]}');
INSERT INTO sources (entity_key, label, url, provider, source_kind, accessed) VALUES ('character:api-character-735', 'An API of Ice and Fire — character 735', 'https://anapioficeandfire.com/api/characters/735', 'An API of Ice and Fire', 'structured_database', '2026-07-10');
INSERT INTO sources (entity_key, label, url, provider, source_kind, accessed) VALUES ('character:api-character-735', 'A Song of Ice and Fire Wiki — Meera Reed', 'https://iceandfire.fandom.com/wiki/Meera_Reed', 'A Song of Ice and Fire Wiki', 'reference_page', '2026-07-10');
INSERT INTO media (entity_key, local_path, provider, source_page, asset_url, media_kind, uncertain, metadata_json) VALUES ('character:api-character-735', '/images/characters/api-character-735.webp', 'A Song of Ice and Fire Wiki', 'https://iceandfire.fandom.com/wiki/Meera_Reed', 'https://static.wikia.nocookie.net/iceandfire/images/3/30/Meera_Reed_TheMico.jpg/revision/latest?cb=20211026143008', 'wiki_lead_image', 0, '{"provider":"A Song of Ice and Fire Wiki","kind":"wiki_lead_image","match":"exact_page_title","uncertain":false,"url":"https://iceandfire.fandom.com/wiki/Meera_Reed","assetUrl":"https://static.wikia.nocookie.net/iceandfire/images/3/30/Meera_Reed_TheMico.jpg/revision/latest?cb=20211026143008","accessed":"2026-07-10","originalSha256":"8e533792ec4e92f50644c8d72aa154790b3236b31e6a9d4b4578dca8b02bab71","derivativeSha256":"16afbe9e244d6ced4257c55f0251feb3c57074115d5159a41fcb67c7bbd06a5b","width":1200,"height":900,"presentation":"proportional_resize_with_padding"}');
INSERT INTO entities_fts (entity_key, name, aliases, type) VALUES ('character:api-character-735', 'Meera Reed', '', 'character');
INSERT INTO characters (entity_key, gender, culture, born, died, actor_json, titles_json, era) VALUES ('character:api-character-735', 'female', 'Crannogmen', 'In 283 AC, at Greywater Watch', NULL, '["Ellie Kendrick"]', '[]', NULL);
INSERT INTO entities (entity_key, id, type, name, description, status, verification, raw_json) VALUES ('character:api-character-742', 'api-character-742', 'character', 'Melessa Florent', NULL, 'unknown', 'upstream_record', '{"id":"api-character-742","apiId":742,"name":"Melessa Florent","canonicalName":"Melessa Florent","aliases":[],"actor":["Samantha Spiro"],"gender":"female","culture":null,"born":null,"died":null,"status":"unknown","houses":["house-florent","house-tarly"],"titles":[],"father":null,"mother":null,"spouse":"randyll-tarly","books":[2,3,5],"povBooks":[],"show":["game-of-thrones"],"presence":[{"show":"game-of-thrones","kind":"depicted","seasons":["Season 6"]}],"playedBy":["Samantha Spiro"],"sources":[{"label":"An API of Ice and Fire — character 742","url":"https://anapioficeandfire.com/api/characters/742","provider":"An API of Ice and Fire","kind":"structured_database","accessed":"2026-07-10"}],"verification":"upstream_record","image":"/images/fallback-character.svg","imageSource":{"provider":"Local archive fallback","kind":"fallback","match":"none","uncertain":false,"reason":"No exact verified image-page mapping is available.","url":null,"assetUrl":null},"parents":[],"children":[],"spouses":[],"house":null,"dragon":null}');
INSERT INTO appearances (entity_key, show_id, presence_kind, first_reference, details_json) VALUES ('character:api-character-742', 'game-of-thrones', 'depicted', NULL, '{"show":"game-of-thrones","kind":"depicted","seasons":["Season 6"]}');
INSERT INTO sources (entity_key, label, url, provider, source_kind, accessed) VALUES ('character:api-character-742', 'An API of Ice and Fire — character 742', 'https://anapioficeandfire.com/api/characters/742', 'An API of Ice and Fire', 'structured_database', '2026-07-10');
INSERT INTO media (entity_key, local_path, provider, source_page, asset_url, media_kind, uncertain, metadata_json) VALUES ('character:api-character-742', '/images/fallback-character.svg', 'Local archive fallback', NULL, NULL, 'fallback', 0, '{"provider":"Local archive fallback","kind":"fallback","match":"none","uncertain":false,"reason":"No exact verified image-page mapping is available.","url":null,"assetUrl":null}');
INSERT INTO entities_fts (entity_key, name, aliases, type) VALUES ('character:api-character-742', 'Melessa Florent', '', 'character');
INSERT INTO characters (entity_key, gender, culture, born, died, actor_json, titles_json, era) VALUES ('character:api-character-742', 'female', NULL, NULL, NULL, '["Samantha Spiro"]', '[]', NULL);
INSERT INTO entities (entity_key, id, type, name, description, status, verification, raw_json) VALUES ('character:api-character-743', 'api-character-743', 'character', 'Melisandre', NULL, 'unknown', 'upstream_record', '{"id":"api-character-743","apiId":743,"name":"Melisandre","canonicalName":"Melisandre","aliases":["The Red Priestess","The Red Woman","The King''s Red Shadow","Lady Red","Lot Seven"],"actor":["Carice van Houten"],"gender":"female","culture":"Asshai","born":"At Unknown","died":null,"status":"unknown","houses":[],"titles":[],"father":null,"mother":null,"spouse":null,"books":[2,3,5],"povBooks":[8],"show":["game-of-thrones"],"presence":[{"show":"game-of-thrones","kind":"depicted","seasons":["Season 2","Season 3","Season 4","Season 5","Season 6"]}],"playedBy":["Carice van Houten"],"sources":[{"label":"An API of Ice and Fire — character 743","url":"https://anapioficeandfire.com/api/characters/743","provider":"An API of Ice and Fire","kind":"structured_database","accessed":"2026-07-10"},{"label":"A Song of Ice and Fire Wiki — Melisandre","url":"https://iceandfire.fandom.com/wiki/Melisandre","provider":"A Song of Ice and Fire Wiki","kind":"reference_page","accessed":"2026-07-10"}],"verification":"upstream_record","image":"/images/characters/api-character-743.webp","imageSource":{"provider":"A Song of Ice and Fire Wiki","kind":"wiki_lead_image","match":"exact_page_title","uncertain":false,"url":"https://iceandfire.fandom.com/wiki/Melisandre","assetUrl":"https://static.wikia.nocookie.net/iceandfire/images/d/d3/Melisandre_by_amoka.jpg/revision/latest?cb=20150515223912","accessed":"2026-07-10","originalSha256":"5a04714eb6e6b695e6667f4ae2d139203fe7bf9a24808f814f7c56919a0cf433","derivativeSha256":"3d2b1ade536483eb97abf274c36c72c23ce0cb0e2c55f860fab4b3b20d12bb72","width":1200,"height":900,"presentation":"proportional_resize_with_padding"},"parents":[],"children":[],"spouses":[],"house":null,"dragon":null}');
INSERT INTO aliases (entity_key, alias) VALUES ('character:api-character-743', 'The Red Priestess');
INSERT INTO aliases (entity_key, alias) VALUES ('character:api-character-743', 'The Red Woman');
INSERT INTO aliases (entity_key, alias) VALUES ('character:api-character-743', 'The King''s Red Shadow');
INSERT INTO aliases (entity_key, alias) VALUES ('character:api-character-743', 'Lady Red');
INSERT INTO aliases (entity_key, alias) VALUES ('character:api-character-743', 'Lot Seven');
INSERT INTO appearances (entity_key, show_id, presence_kind, first_reference, details_json) VALUES ('character:api-character-743', 'game-of-thrones', 'depicted', NULL, '{"show":"game-of-thrones","kind":"depicted","seasons":["Season 2","Season 3","Season 4","Season 5","Season 6"]}');
INSERT INTO sources (entity_key, label, url, provider, source_kind, accessed) VALUES ('character:api-character-743', 'An API of Ice and Fire — character 743', 'https://anapioficeandfire.com/api/characters/743', 'An API of Ice and Fire', 'structured_database', '2026-07-10');
INSERT INTO sources (entity_key, label, url, provider, source_kind, accessed) VALUES ('character:api-character-743', 'A Song of Ice and Fire Wiki — Melisandre', 'https://iceandfire.fandom.com/wiki/Melisandre', 'A Song of Ice and Fire Wiki', 'reference_page', '2026-07-10');
INSERT INTO media (entity_key, local_path, provider, source_page, asset_url, media_kind, uncertain, metadata_json) VALUES ('character:api-character-743', '/images/characters/api-character-743.webp', 'A Song of Ice and Fire Wiki', 'https://iceandfire.fandom.com/wiki/Melisandre', 'https://static.wikia.nocookie.net/iceandfire/images/d/d3/Melisandre_by_amoka.jpg/revision/latest?cb=20150515223912', 'wiki_lead_image', 0, '{"provider":"A Song of Ice and Fire Wiki","kind":"wiki_lead_image","match":"exact_page_title","uncertain":false,"url":"https://iceandfire.fandom.com/wiki/Melisandre","assetUrl":"https://static.wikia.nocookie.net/iceandfire/images/d/d3/Melisandre_by_amoka.jpg/revision/latest?cb=20150515223912","accessed":"2026-07-10","originalSha256":"5a04714eb6e6b695e6667f4ae2d139203fe7bf9a24808f814f7c56919a0cf433","derivativeSha256":"3d2b1ade536483eb97abf274c36c72c23ce0cb0e2c55f860fab4b3b20d12bb72","width":1200,"height":900,"presentation":"proportional_resize_with_padding"}');
INSERT INTO entities_fts (entity_key, name, aliases, type) VALUES ('character:api-character-743', 'Melisandre', 'The Red Priestess The Red Woman The King''s Red Shadow Lady Red Lot Seven', 'character');
INSERT INTO characters (entity_key, gender, culture, born, died, actor_json, titles_json, era) VALUES ('character:api-character-743', 'female', 'Asshai', 'At Unknown', NULL, '["Carice van Houten"]', '[]', NULL);
INSERT INTO entities (entity_key, id, type, name, description, status, verification, raw_json) VALUES ('character:api-character-752', 'api-character-752', 'character', 'Meryn Trant', NULL, 'unknown', 'upstream_record', '{"id":"api-character-752","apiId":752,"name":"Meryn Trant","canonicalName":"Meryn Trant","aliases":[],"actor":["Ian Beattie"],"gender":"male","culture":null,"born":null,"died":null,"status":"unknown","houses":[],"titles":["Ser"],"father":null,"mother":null,"spouse":null,"books":[1,2,3,5,8],"povBooks":[],"show":["game-of-thrones"],"presence":[{"show":"game-of-thrones","kind":"depicted","seasons":["Season 1","Season 2","Season 3","Season 4","Season 5"]}],"playedBy":["Ian Beattie"],"sources":[{"label":"An API of Ice and Fire — character 752","url":"https://anapioficeandfire.com/api/characters/752","provider":"An API of Ice and Fire","kind":"structured_database","accessed":"2026-07-10"},{"label":"A Song of Ice and Fire Wiki — Meryn Trant","url":"https://iceandfire.fandom.com/wiki/Meryn_Trant","provider":"A Song of Ice and Fire Wiki","kind":"reference_page","accessed":"2026-07-10"}],"verification":"upstream_record","image":"/images/characters/api-character-752.webp","imageSource":{"provider":"A Song of Ice and Fire Wiki","kind":"wiki_lead_image","match":"exact_page_title","uncertain":false,"url":"https://iceandfire.fandom.com/wiki/Meryn_Trant","assetUrl":"https://static.wikia.nocookie.net/iceandfire/images/3/38/424px-Ser_Meryn_Trant_TheMico.jpg/revision/latest?cb=20160601110954","accessed":"2026-07-10","originalSha256":"3088ffb98ba19707ef77e5e38542ad9168d1da242b1e869719fcf3e5ddc1386e","derivativeSha256":"4a1a00a89150c02ced255b7ac1a79a117a7e7d5eb1efef3e526ca23a0c4e8363","width":1200,"height":900,"presentation":"proportional_resize_with_padding"},"parents":[],"children":[],"spouses":[],"house":null,"dragon":null}');
INSERT INTO appearances (entity_key, show_id, presence_kind, first_reference, details_json) VALUES ('character:api-character-752', 'game-of-thrones', 'depicted', NULL, '{"show":"game-of-thrones","kind":"depicted","seasons":["Season 1","Season 2","Season 3","Season 4","Season 5"]}');
INSERT INTO sources (entity_key, label, url, provider, source_kind, accessed) VALUES ('character:api-character-752', 'An API of Ice and Fire — character 752', 'https://anapioficeandfire.com/api/characters/752', 'An API of Ice and Fire', 'structured_database', '2026-07-10');
INSERT INTO sources (entity_key, label, url, provider, source_kind, accessed) VALUES ('character:api-character-752', 'A Song of Ice and Fire Wiki — Meryn Trant', 'https://iceandfire.fandom.com/wiki/Meryn_Trant', 'A Song of Ice and Fire Wiki', 'reference_page', '2026-07-10');
INSERT INTO media (entity_key, local_path, provider, source_page, asset_url, media_kind, uncertain, metadata_json) VALUES ('character:api-character-752', '/images/characters/api-character-752.webp', 'A Song of Ice and Fire Wiki', 'https://iceandfire.fandom.com/wiki/Meryn_Trant', 'https://static.wikia.nocookie.net/iceandfire/images/3/38/424px-Ser_Meryn_Trant_TheMico.jpg/revision/latest?cb=20160601110954', 'wiki_lead_image', 0, '{"provider":"A Song of Ice and Fire Wiki","kind":"wiki_lead_image","match":"exact_page_title","uncertain":false,"url":"https://iceandfire.fandom.com/wiki/Meryn_Trant","assetUrl":"https://static.wikia.nocookie.net/iceandfire/images/3/38/424px-Ser_Meryn_Trant_TheMico.jpg/revision/latest?cb=20160601110954","accessed":"2026-07-10","originalSha256":"3088ffb98ba19707ef77e5e38542ad9168d1da242b1e869719fcf3e5ddc1386e","derivativeSha256":"4a1a00a89150c02ced255b7ac1a79a117a7e7d5eb1efef3e526ca23a0c4e8363","width":1200,"height":900,"presentation":"proportional_resize_with_padding"}');
INSERT INTO entities_fts (entity_key, name, aliases, type) VALUES ('character:api-character-752', 'Meryn Trant', '', 'character');
INSERT INTO characters (entity_key, gender, culture, born, died, actor_json, titles_json, era) VALUES ('character:api-character-752', 'male', NULL, NULL, NULL, '["Ian Beattie"]', '["Ser"]', NULL);
INSERT INTO entities (entity_key, id, type, name, description, status, verification, raw_json) VALUES ('character:api-character-806', 'api-character-806', 'character', 'Othell Yarwyck', NULL, 'unknown', 'upstream_record', '{"id":"api-character-806","apiId":806,"name":"Othell Yarwyck","canonicalName":"Othell Yarwyck","aliases":[],"actor":["Brian Fortune"],"gender":"male","culture":null,"born":null,"died":null,"status":"unknown","houses":[],"titles":["First Builder"],"father":null,"mother":null,"spouse":null,"books":[1,2,3,5,8],"povBooks":[],"show":["game-of-thrones"],"presence":[{"show":"game-of-thrones","kind":"depicted","seasons":["Season 6"]}],"playedBy":["Brian Fortune"],"sources":[{"label":"An API of Ice and Fire — character 806","url":"https://anapioficeandfire.com/api/characters/806","provider":"An API of Ice and Fire","kind":"structured_database","accessed":"2026-07-10"}],"verification":"upstream_record","image":"/images/fallback-character.svg","imageSource":{"provider":"Local archive fallback","kind":"fallback","match":"none","uncertain":false,"reason":"No exact verified image-page mapping is available.","url":null,"assetUrl":null},"parents":[],"children":[],"spouses":[],"house":null,"dragon":null}');
INSERT INTO appearances (entity_key, show_id, presence_kind, first_reference, details_json) VALUES ('character:api-character-806', 'game-of-thrones', 'depicted', NULL, '{"show":"game-of-thrones","kind":"depicted","seasons":["Season 6"]}');
INSERT INTO sources (entity_key, label, url, provider, source_kind, accessed) VALUES ('character:api-character-806', 'An API of Ice and Fire — character 806', 'https://anapioficeandfire.com/api/characters/806', 'An API of Ice and Fire', 'structured_database', '2026-07-10');
INSERT INTO media (entity_key, local_path, provider, source_page, asset_url, media_kind, uncertain, metadata_json) VALUES ('character:api-character-806', '/images/fallback-character.svg', 'Local archive fallback', NULL, NULL, 'fallback', 0, '{"provider":"Local archive fallback","kind":"fallback","match":"none","uncertain":false,"reason":"No exact verified image-page mapping is available.","url":null,"assetUrl":null}');
INSERT INTO entities_fts (entity_key, name, aliases, type) VALUES ('character:api-character-806', 'Othell Yarwyck', '', 'character');
INSERT INTO characters (entity_key, gender, culture, born, died, actor_json, titles_json, era) VALUES ('character:api-character-806', 'male', NULL, NULL, NULL, '["Brian Fortune"]', '["First Builder"]', NULL);
INSERT INTO entities (entity_key, id, type, name, description, status, verification, raw_json) VALUES ('character:api-character-823', 'api-character-823', 'character', 'Petyr Baelish', NULL, 'unknown', 'upstream_record', '{"id":"api-character-823","apiId":823,"name":"Petyr Baelish","canonicalName":"Petyr Baelish","aliases":["Littlefinger"],"actor":["Aidan Gillen"],"gender":"male","culture":"Valemen","born":"In 268 AC, at the Fingers","died":null,"status":"unknown","houses":[],"titles":["Master of coin (formerly)","Lord Paramount of the Trident","Lord of Harrenhal","Lord Protector of the Vale"],"father":null,"mother":null,"spouse":"api-character-688","books":[1,2,3,5,8],"povBooks":[],"show":["game-of-thrones"],"presence":[{"show":"game-of-thrones","kind":"depicted","seasons":["Season 1","Season 2","Season 3","Season 4","Season 5","Season 6"]}],"playedBy":["Aidan Gillen"],"sources":[{"label":"An API of Ice and Fire — character 823","url":"https://anapioficeandfire.com/api/characters/823","provider":"An API of Ice and Fire","kind":"structured_database","accessed":"2026-07-10"},{"label":"A Song of Ice and Fire Wiki — Petyr Baelish","url":"https://iceandfire.fandom.com/wiki/Petyr_Baelish","provider":"A Song of Ice and Fire Wiki","kind":"reference_page","accessed":"2026-07-10"}],"verification":"upstream_record","image":"/images/characters/api-character-823.webp","imageSource":{"provider":"A Song of Ice and Fire Wiki","kind":"wiki_lead_image","match":"exact_page_title","uncertain":false,"url":"https://iceandfire.fandom.com/wiki/Petyr_Baelish","assetUrl":"https://static.wikia.nocookie.net/iceandfire/images/f/f2/Petyr_Baelish.jpg/revision/latest?cb=20120213175353","accessed":"2026-07-10","originalSha256":"da349514a5c7ad7db6ca467e1f91d39ae96e4e0179da589835b98745c70b80ef","derivativeSha256":"2931f1a34b4b48f2e71cba9fc365582d33c7928360bc1d37ce14d1a520c8192a","width":1200,"height":900,"presentation":"proportional_resize_with_padding"},"parents":[],"children":[],"spouses":[],"house":null,"dragon":null}');
INSERT INTO aliases (entity_key, alias) VALUES ('character:api-character-823', 'Littlefinger');
INSERT INTO appearances (entity_key, show_id, presence_kind, first_reference, details_json) VALUES ('character:api-character-823', 'game-of-thrones', 'depicted', NULL, '{"show":"game-of-thrones","kind":"depicted","seasons":["Season 1","Season 2","Season 3","Season 4","Season 5","Season 6"]}');
INSERT INTO sources (entity_key, label, url, provider, source_kind, accessed) VALUES ('character:api-character-823', 'An API of Ice and Fire — character 823', 'https://anapioficeandfire.com/api/characters/823', 'An API of Ice and Fire', 'structured_database', '2026-07-10');
INSERT INTO sources (entity_key, label, url, provider, source_kind, accessed) VALUES ('character:api-character-823', 'A Song of Ice and Fire Wiki — Petyr Baelish', 'https://iceandfire.fandom.com/wiki/Petyr_Baelish', 'A Song of Ice and Fire Wiki', 'reference_page', '2026-07-10');
INSERT INTO media (entity_key, local_path, provider, source_page, asset_url, media_kind, uncertain, metadata_json) VALUES ('character:api-character-823', '/images/characters/api-character-823.webp', 'A Song of Ice and Fire Wiki', 'https://iceandfire.fandom.com/wiki/Petyr_Baelish', 'https://static.wikia.nocookie.net/iceandfire/images/f/f2/Petyr_Baelish.jpg/revision/latest?cb=20120213175353', 'wiki_lead_image', 0, '{"provider":"A Song of Ice and Fire Wiki","kind":"wiki_lead_image","match":"exact_page_title","uncertain":false,"url":"https://iceandfire.fandom.com/wiki/Petyr_Baelish","assetUrl":"https://static.wikia.nocookie.net/iceandfire/images/f/f2/Petyr_Baelish.jpg/revision/latest?cb=20120213175353","accessed":"2026-07-10","originalSha256":"da349514a5c7ad7db6ca467e1f91d39ae96e4e0179da589835b98745c70b80ef","derivativeSha256":"2931f1a34b4b48f2e71cba9fc365582d33c7928360bc1d37ce14d1a520c8192a","width":1200,"height":900,"presentation":"proportional_resize_with_padding"}');
INSERT INTO entities_fts (entity_key, name, aliases, type) VALUES ('character:api-character-823', 'Petyr Baelish', 'Littlefinger', 'character');
INSERT INTO characters (entity_key, gender, culture, born, died, actor_json, titles_json, era) VALUES ('character:api-character-823', 'male', 'Valemen', 'In 268 AC, at the Fingers', NULL, '["Aidan Gillen"]', '["Master of coin (formerly)","Lord Paramount of the Trident","Lord of Harrenhal","Lord Protector of the Vale"]', NULL);
INSERT INTO entities (entity_key, id, type, name, description, status, verification, raw_json) VALUES ('character:api-character-827', 'api-character-827', 'character', 'Podrick Payne', NULL, 'unknown', 'upstream_record', '{"id":"api-character-827","apiId":827,"name":"Podrick Payne","canonicalName":"Podrick Payne","aliases":["Pod"],"actor":["Daniel Portman"],"gender":"male","culture":null,"born":"In 286 AC or 287 AC","died":null,"status":"unknown","houses":[],"titles":[],"father":null,"mother":null,"spouse":null,"books":[1,2,3,5,8],"povBooks":[],"show":["game-of-thrones"],"presence":[{"show":"game-of-thrones","kind":"depicted","seasons":["Season 2","Season 3","Season 4","Season 5","Season 6"]}],"playedBy":["Daniel Portman"],"sources":[{"label":"An API of Ice and Fire — character 827","url":"https://anapioficeandfire.com/api/characters/827","provider":"An API of Ice and Fire","kind":"structured_database","accessed":"2026-07-10"},{"label":"A Song of Ice and Fire Wiki — Podrick Payne","url":"https://iceandfire.fandom.com/wiki/Podrick_Payne","provider":"A Song of Ice and Fire Wiki","kind":"reference_page","accessed":"2026-07-10"}],"verification":"upstream_record","image":"/images/characters/api-character-827.webp","imageSource":{"provider":"A Song of Ice and Fire Wiki","kind":"wiki_lead_image","match":"exact_page_title","uncertain":false,"url":"https://iceandfire.fandom.com/wiki/Podrick_Payne","assetUrl":"https://static.wikia.nocookie.net/iceandfire/images/2/2e/Poddrick_Payne%284%29.png/revision/latest?cb=20250127155627","accessed":"2026-07-10","originalSha256":"8dbb3b1757e41033d1951ce32480af347a5daa51dcd36ab7c1e7eb6b3b45f8da","derivativeSha256":"ce74c3207aebae7d193e87dcfba97416b2c202b0200be524844413bbcdb61a28","width":1200,"height":900,"presentation":"proportional_resize_with_padding"},"parents":[],"children":[],"spouses":[],"house":null,"dragon":null}');
INSERT INTO aliases (entity_key, alias) VALUES ('character:api-character-827', 'Pod');
INSERT INTO appearances (entity_key, show_id, presence_kind, first_reference, details_json) VALUES ('character:api-character-827', 'game-of-thrones', 'depicted', NULL, '{"show":"game-of-thrones","kind":"depicted","seasons":["Season 2","Season 3","Season 4","Season 5","Season 6"]}');
INSERT INTO sources (entity_key, label, url, provider, source_kind, accessed) VALUES ('character:api-character-827', 'An API of Ice and Fire — character 827', 'https://anapioficeandfire.com/api/characters/827', 'An API of Ice and Fire', 'structured_database', '2026-07-10');
INSERT INTO sources (entity_key, label, url, provider, source_kind, accessed) VALUES ('character:api-character-827', 'A Song of Ice and Fire Wiki — Podrick Payne', 'https://iceandfire.fandom.com/wiki/Podrick_Payne', 'A Song of Ice and Fire Wiki', 'reference_page', '2026-07-10');
INSERT INTO media (entity_key, local_path, provider, source_page, asset_url, media_kind, uncertain, metadata_json) VALUES ('character:api-character-827', '/images/characters/api-character-827.webp', 'A Song of Ice and Fire Wiki', 'https://iceandfire.fandom.com/wiki/Podrick_Payne', 'https://static.wikia.nocookie.net/iceandfire/images/2/2e/Poddrick_Payne%284%29.png/revision/latest?cb=20250127155627', 'wiki_lead_image', 0, '{"provider":"A Song of Ice and Fire Wiki","kind":"wiki_lead_image","match":"exact_page_title","uncertain":false,"url":"https://iceandfire.fandom.com/wiki/Podrick_Payne","assetUrl":"https://static.wikia.nocookie.net/iceandfire/images/2/2e/Poddrick_Payne%284%29.png/revision/latest?cb=20250127155627","accessed":"2026-07-10","originalSha256":"8dbb3b1757e41033d1951ce32480af347a5daa51dcd36ab7c1e7eb6b3b45f8da","derivativeSha256":"ce74c3207aebae7d193e87dcfba97416b2c202b0200be524844413bbcdb61a28","width":1200,"height":900,"presentation":"proportional_resize_with_padding"}');
INSERT INTO entities_fts (entity_key, name, aliases, type) VALUES ('character:api-character-827', 'Podrick Payne', 'Pod', 'character');
INSERT INTO characters (entity_key, gender, culture, born, died, actor_json, titles_json, era) VALUES ('character:api-character-827', 'male', NULL, 'In 286 AC or 287 AC', NULL, '["Daniel Portman"]', '[]', NULL);
INSERT INTO entities (entity_key, id, type, name, description, status, verification, raw_json) VALUES ('character:api-character-829', 'api-character-829', 'character', 'Pypar', NULL, 'unknown', 'upstream_record', '{"id":"api-character-829","apiId":829,"name":"Pypar","canonicalName":"Pypar","aliases":["Pyp","Monkey","Mummer''s Monkey"],"actor":["Jozef Altin"],"gender":"male","culture":null,"born":null,"died":null,"status":"unknown","houses":[],"titles":[],"father":null,"mother":null,"spouse":null,"books":[1,2,3,5,8],"povBooks":[],"show":["game-of-thrones"],"presence":[{"show":"game-of-thrones","kind":"depicted","seasons":["Season 1","Season 3","Season 4"]}],"playedBy":["Jozef Altin"],"sources":[{"label":"An API of Ice and Fire — character 829","url":"https://anapioficeandfire.com/api/characters/829","provider":"An API of Ice and Fire","kind":"structured_database","accessed":"2026-07-10"},{"label":"A Song of Ice and Fire Wiki — Pypar","url":"https://iceandfire.fandom.com/wiki/Pypar","provider":"A Song of Ice and Fire Wiki","kind":"reference_page","accessed":"2026-07-10"}],"verification":"upstream_record","image":"/images/characters/api-character-829.webp","imageSource":{"provider":"A Song of Ice and Fire Wiki","kind":"wiki_lead_image","match":"exact_page_title","uncertain":false,"url":"https://iceandfire.fandom.com/wiki/Pypar","assetUrl":"https://static.wikia.nocookie.net/iceandfire/images/a/ae/Pypar.png/revision/latest?cb=20250127232341","accessed":"2026-07-10","originalSha256":"838371436b1b5715b3d74779528f223fa498b0126537975bf0c0e9879dc2c329","derivativeSha256":"9dedfe03b9e0fd3c47d5bcc473c1408e5d64b453f9aa5879e0e7b868a17e367b","width":1200,"height":900,"presentation":"proportional_resize_with_padding"},"parents":[],"children":[],"spouses":[],"house":null,"dragon":null}');
INSERT INTO aliases (entity_key, alias) VALUES ('character:api-character-829', 'Pyp');
INSERT INTO aliases (entity_key, alias) VALUES ('character:api-character-829', 'Monkey');
INSERT INTO aliases (entity_key, alias) VALUES ('character:api-character-829', 'Mummer''s Monkey');
INSERT INTO appearances (entity_key, show_id, presence_kind, first_reference, details_json) VALUES ('character:api-character-829', 'game-of-thrones', 'depicted', NULL, '{"show":"game-of-thrones","kind":"depicted","seasons":["Season 1","Season 3","Season 4"]}');
INSERT INTO sources (entity_key, label, url, provider, source_kind, accessed) VALUES ('character:api-character-829', 'An API of Ice and Fire — character 829', 'https://anapioficeandfire.com/api/characters/829', 'An API of Ice and Fire', 'structured_database', '2026-07-10');
INSERT INTO sources (entity_key, label, url, provider, source_kind, accessed) VALUES ('character:api-character-829', 'A Song of Ice and Fire Wiki — Pypar', 'https://iceandfire.fandom.com/wiki/Pypar', 'A Song of Ice and Fire Wiki', 'reference_page', '2026-07-10');
INSERT INTO media (entity_key, local_path, provider, source_page, asset_url, media_kind, uncertain, metadata_json) VALUES ('character:api-character-829', '/images/characters/api-character-829.webp', 'A Song of Ice and Fire Wiki', 'https://iceandfire.fandom.com/wiki/Pypar', 'https://static.wikia.nocookie.net/iceandfire/images/a/ae/Pypar.png/revision/latest?cb=20250127232341', 'wiki_lead_image', 0, '{"provider":"A Song of Ice and Fire Wiki","kind":"wiki_lead_image","match":"exact_page_title","uncertain":false,"url":"https://iceandfire.fandom.com/wiki/Pypar","assetUrl":"https://static.wikia.nocookie.net/iceandfire/images/a/ae/Pypar.png/revision/latest?cb=20250127232341","accessed":"2026-07-10","originalSha256":"838371436b1b5715b3d74779528f223fa498b0126537975bf0c0e9879dc2c329","derivativeSha256":"9dedfe03b9e0fd3c47d5bcc473c1408e5d64b453f9aa5879e0e7b868a17e367b","width":1200,"height":900,"presentation":"proportional_resize_with_padding"}');
INSERT INTO entities_fts (entity_key, name, aliases, type) VALUES ('character:api-character-829', 'Pypar', 'Pyp Monkey Mummer''s Monkey', 'character');
INSERT INTO characters (entity_key, gender, culture, born, died, actor_json, titles_json, era) VALUES ('character:api-character-829', 'male', NULL, NULL, NULL, '["Jozef Altin"]', '[]', NULL);
INSERT INTO entities (entity_key, id, type, name, description, status, verification, raw_json) VALUES ('character:api-character-832', 'api-character-832', 'character', 'Qhorin', NULL, 'dead', 'upstream_record', '{"id":"api-character-832","apiId":832,"name":"Qhorin","canonicalName":"Qhorin","aliases":["Qhorin Halfhand"],"actor":["Simon Armstrong"],"gender":"male","culture":null,"born":null,"died":"In 299 AC, at Skirling Pass","status":"dead","houses":[],"titles":[],"father":null,"mother":null,"spouse":null,"books":[1,2,3,5,8],"povBooks":[],"show":["game-of-thrones"],"presence":[{"show":"game-of-thrones","kind":"depicted","seasons":["Season 2"]}],"playedBy":["Simon Armstrong"],"sources":[{"label":"An API of Ice and Fire — character 832","url":"https://anapioficeandfire.com/api/characters/832","provider":"An API of Ice and Fire","kind":"structured_database","accessed":"2026-07-10"},{"label":"A Song of Ice and Fire Wiki — Qhorin","url":"https://iceandfire.fandom.com/wiki/Qhorin","provider":"A Song of Ice and Fire Wiki","kind":"reference_page","accessed":"2026-07-10"}],"verification":"upstream_record","image":"/images/characters/api-character-832.webp","imageSource":{"provider":"A Song of Ice and Fire Wiki","kind":"wiki_lead_image","match":"exact_page_title","uncertain":false,"url":"https://iceandfire.fandom.com/wiki/Qhorin","assetUrl":"https://static.wikia.nocookie.net/iceandfire/images/d/de/Qhorin_Halfhand.png/revision/latest?cb=20250213123447","accessed":"2026-07-10","originalSha256":"918a87a46aa8524562ca01e698133704765ffa10587bf16b370f08240de6a57d","derivativeSha256":"845111fc025795bd9f01cb4bf1f2cdef78da758aabc9d0880cbbbbc07693080a","width":1200,"height":900,"presentation":"proportional_resize_with_padding"},"parents":[],"children":[],"spouses":[],"house":null,"dragon":null}');
INSERT INTO aliases (entity_key, alias) VALUES ('character:api-character-832', 'Qhorin Halfhand');
INSERT INTO appearances (entity_key, show_id, presence_kind, first_reference, details_json) VALUES ('character:api-character-832', 'game-of-thrones', 'depicted', NULL, '{"show":"game-of-thrones","kind":"depicted","seasons":["Season 2"]}');
INSERT INTO sources (entity_key, label, url, provider, source_kind, accessed) VALUES ('character:api-character-832', 'An API of Ice and Fire — character 832', 'https://anapioficeandfire.com/api/characters/832', 'An API of Ice and Fire', 'structured_database', '2026-07-10');
INSERT INTO sources (entity_key, label, url, provider, source_kind, accessed) VALUES ('character:api-character-832', 'A Song of Ice and Fire Wiki — Qhorin', 'https://iceandfire.fandom.com/wiki/Qhorin', 'A Song of Ice and Fire Wiki', 'reference_page', '2026-07-10');
INSERT INTO media (entity_key, local_path, provider, source_page, asset_url, media_kind, uncertain, metadata_json) VALUES ('character:api-character-832', '/images/characters/api-character-832.webp', 'A Song of Ice and Fire Wiki', 'https://iceandfire.fandom.com/wiki/Qhorin', 'https://static.wikia.nocookie.net/iceandfire/images/d/de/Qhorin_Halfhand.png/revision/latest?cb=20250213123447', 'wiki_lead_image', 0, '{"provider":"A Song of Ice and Fire Wiki","kind":"wiki_lead_image","match":"exact_page_title","uncertain":false,"url":"https://iceandfire.fandom.com/wiki/Qhorin","assetUrl":"https://static.wikia.nocookie.net/iceandfire/images/d/de/Qhorin_Halfhand.png/revision/latest?cb=20250213123447","accessed":"2026-07-10","originalSha256":"918a87a46aa8524562ca01e698133704765ffa10587bf16b370f08240de6a57d","derivativeSha256":"845111fc025795bd9f01cb4bf1f2cdef78da758aabc9d0880cbbbbc07693080a","width":1200,"height":900,"presentation":"proportional_resize_with_padding"}');
INSERT INTO entities_fts (entity_key, name, aliases, type) VALUES ('character:api-character-832', 'Qhorin', 'Qhorin Halfhand', 'character');
INSERT INTO characters (entity_key, gender, culture, born, died, actor_json, titles_json, era) VALUES ('character:api-character-832', 'male', NULL, NULL, 'In 299 AC, at Skirling Pass', '["Simon Armstrong"]', '[]', NULL);
INSERT INTO entities (entity_key, id, type, name, description, status, verification, raw_json) VALUES ('character:api-character-884', 'api-character-884', 'character', 'Rickard Karstark', NULL, 'dead', 'upstream_record', '{"id":"api-character-884","apiId":884,"name":"Rickard Karstark","canonicalName":"Rickard Karstark","aliases":[],"actor":["Steven Blount","John Stahl"],"gender":"male","culture":"Northmen","born":"At Karhold","died":"In 299 AC, at Riverrun (executed)","status":"dead","houses":["house-karstark"],"titles":["Lord of Karhold"],"father":null,"mother":null,"spouse":null,"books":[1,2,3,5,8],"povBooks":[],"show":["game-of-thrones"],"presence":[{"show":"game-of-thrones","kind":"depicted","seasons":["Season 1","Season 2","Season 3"]}],"playedBy":["Steven Blount","John Stahl"],"sources":[{"label":"An API of Ice and Fire — character 884","url":"https://anapioficeandfire.com/api/characters/884","provider":"An API of Ice and Fire","kind":"structured_database","accessed":"2026-07-10"},{"label":"A Song of Ice and Fire Wiki — Rickard Karstark","url":"https://iceandfire.fandom.com/wiki/Rickard_Karstark","provider":"A Song of Ice and Fire Wiki","kind":"reference_page","accessed":"2026-07-10"}],"verification":"upstream_record","image":"/images/characters/api-character-884.webp","imageSource":{"provider":"A Song of Ice and Fire Wiki","kind":"wiki_lead_image","match":"exact_page_title","uncertain":false,"url":"https://iceandfire.fandom.com/wiki/Rickard_Karstark","assetUrl":"https://static.wikia.nocookie.net/iceandfire/images/4/45/Rickard_by_amoka.jpg/revision/latest?cb=20150517212119","accessed":"2026-07-10","originalSha256":"8f6753e5aee34ea5235b3dac24acaf34a3dcf469f16b4ead1f51914f58792917","derivativeSha256":"45cc95cf042e3c566cd431e85a49d1c1290a43821fde7e63c7eed1698ac418bc","width":1200,"height":900,"presentation":"proportional_resize_with_padding"},"parents":[],"children":[],"spouses":[],"house":null,"dragon":null}');
INSERT INTO appearances (entity_key, show_id, presence_kind, first_reference, details_json) VALUES ('character:api-character-884', 'game-of-thrones', 'depicted', NULL, '{"show":"game-of-thrones","kind":"depicted","seasons":["Season 1","Season 2","Season 3"]}');
INSERT INTO sources (entity_key, label, url, provider, source_kind, accessed) VALUES ('character:api-character-884', 'An API of Ice and Fire — character 884', 'https://anapioficeandfire.com/api/characters/884', 'An API of Ice and Fire', 'structured_database', '2026-07-10');
INSERT INTO sources (entity_key, label, url, provider, source_kind, accessed) VALUES ('character:api-character-884', 'A Song of Ice and Fire Wiki — Rickard Karstark', 'https://iceandfire.fandom.com/wiki/Rickard_Karstark', 'A Song of Ice and Fire Wiki', 'reference_page', '2026-07-10');
INSERT INTO media (entity_key, local_path, provider, source_page, asset_url, media_kind, uncertain, metadata_json) VALUES ('character:api-character-884', '/images/characters/api-character-884.webp', 'A Song of Ice and Fire Wiki', 'https://iceandfire.fandom.com/wiki/Rickard_Karstark', 'https://static.wikia.nocookie.net/iceandfire/images/4/45/Rickard_by_amoka.jpg/revision/latest?cb=20150517212119', 'wiki_lead_image', 0, '{"provider":"A Song of Ice and Fire Wiki","kind":"wiki_lead_image","match":"exact_page_title","uncertain":false,"url":"https://iceandfire.fandom.com/wiki/Rickard_Karstark","assetUrl":"https://static.wikia.nocookie.net/iceandfire/images/4/45/Rickard_by_amoka.jpg/revision/latest?cb=20150517212119","accessed":"2026-07-10","originalSha256":"8f6753e5aee34ea5235b3dac24acaf34a3dcf469f16b4ead1f51914f58792917","derivativeSha256":"45cc95cf042e3c566cd431e85a49d1c1290a43821fde7e63c7eed1698ac418bc","width":1200,"height":900,"presentation":"proportional_resize_with_padding"}');
INSERT INTO entities_fts (entity_key, name, aliases, type) VALUES ('character:api-character-884', 'Rickard Karstark', '', 'character');
INSERT INTO characters (entity_key, gender, culture, born, died, actor_json, titles_json, era) VALUES ('character:api-character-884', 'male', 'Northmen', 'At Karhold', 'In 299 AC, at Riverrun (executed)', '["Steven Blount","John Stahl"]', '["Lord of Karhold"]', NULL);
INSERT INTO entities (entity_key, id, type, name, description, status, verification, raw_json) VALUES ('character:api-character-887', 'api-character-887', 'character', 'Rickard Stark', NULL, 'dead', 'upstream_record', '{"id":"api-character-887","apiId":887,"name":"Rickard Stark","canonicalName":"Rickard Stark","aliases":[],"actor":["Wayne Foskett"],"gender":"male","culture":"Northmen","born":"In or between 230 AC and 249 AC, at Winterfell","died":"In 282 AC, at King''s Landing","status":"dead","houses":["house-stark"],"titles":["Lord of Winterfell","Warden of the North"],"father":null,"mother":null,"spouse":null,"books":[1,2,3,8,11],"povBooks":[],"show":["game-of-thrones"],"presence":[{"show":"game-of-thrones","kind":"depicted","seasons":["Season 6"]}],"playedBy":["Wayne Foskett"],"sources":[{"label":"An API of Ice and Fire — character 887","url":"https://anapioficeandfire.com/api/characters/887","provider":"An API of Ice and Fire","kind":"structured_database","accessed":"2026-07-10"},{"label":"A Song of Ice and Fire Wiki — Rickard Stark","url":"https://iceandfire.fandom.com/wiki/Rickard_Stark","provider":"A Song of Ice and Fire Wiki","kind":"reference_page","accessed":"2026-07-10"}],"verification":"upstream_record","image":"/images/characters/api-character-887.webp","imageSource":{"provider":"A Song of Ice and Fire Wiki","kind":"wiki_lead_image","match":"exact_page_title","uncertain":false,"url":"https://iceandfire.fandom.com/wiki/Rickard_Stark","assetUrl":"https://static.wikia.nocookie.net/iceandfire/images/a/a3/Lord_Rickard_Stark_by_Mike_Hallstein.webp/revision/latest?cb=20210211171506","accessed":"2026-07-10","originalSha256":"80887de3af92a482e5b6d26b3d96bbf384ab068589957ba7eb4b2b2cb07f88fd","derivativeSha256":"9e216e1243a19f441fedcc120c67cce7151b8534c8a9b70c4cad2bd255d48256","width":1200,"height":900,"presentation":"proportional_resize_with_padding"},"parents":[],"children":[],"spouses":[],"house":null,"dragon":null}');
INSERT INTO appearances (entity_key, show_id, presence_kind, first_reference, details_json) VALUES ('character:api-character-887', 'game-of-thrones', 'depicted', NULL, '{"show":"game-of-thrones","kind":"depicted","seasons":["Season 6"]}');
INSERT INTO sources (entity_key, label, url, provider, source_kind, accessed) VALUES ('character:api-character-887', 'An API of Ice and Fire — character 887', 'https://anapioficeandfire.com/api/characters/887', 'An API of Ice and Fire', 'structured_database', '2026-07-10');
INSERT INTO sources (entity_key, label, url, provider, source_kind, accessed) VALUES ('character:api-character-887', 'A Song of Ice and Fire Wiki — Rickard Stark', 'https://iceandfire.fandom.com/wiki/Rickard_Stark', 'A Song of Ice and Fire Wiki', 'reference_page', '2026-07-10');
INSERT INTO media (entity_key, local_path, provider, source_page, asset_url, media_kind, uncertain, metadata_json) VALUES ('character:api-character-887', '/images/characters/api-character-887.webp', 'A Song of Ice and Fire Wiki', 'https://iceandfire.fandom.com/wiki/Rickard_Stark', 'https://static.wikia.nocookie.net/iceandfire/images/a/a3/Lord_Rickard_Stark_by_Mike_Hallstein.webp/revision/latest?cb=20210211171506', 'wiki_lead_image', 0, '{"provider":"A Song of Ice and Fire Wiki","kind":"wiki_lead_image","match":"exact_page_title","uncertain":false,"url":"https://iceandfire.fandom.com/wiki/Rickard_Stark","assetUrl":"https://static.wikia.nocookie.net/iceandfire/images/a/a3/Lord_Rickard_Stark_by_Mike_Hallstein.webp/revision/latest?cb=20210211171506","accessed":"2026-07-10","originalSha256":"80887de3af92a482e5b6d26b3d96bbf384ab068589957ba7eb4b2b2cb07f88fd","derivativeSha256":"9e216e1243a19f441fedcc120c67cce7151b8534c8a9b70c4cad2bd255d48256","width":1200,"height":900,"presentation":"proportional_resize_with_padding"}');
INSERT INTO entities_fts (entity_key, name, aliases, type) VALUES ('character:api-character-887', 'Rickard Stark', '', 'character');
INSERT INTO characters (entity_key, gender, culture, born, died, actor_json, titles_json, era) VALUES ('character:api-character-887', 'male', 'Northmen', 'In or between 230 AC and 249 AC, at Winterfell', 'In 282 AC, at King''s Landing', '["Wayne Foskett"]', '["Lord of Winterfell","Warden of the North"]', NULL);
INSERT INTO entities (entity_key, id, type, name, description, status, verification, raw_json) VALUES ('character:api-character-894', 'api-character-894', 'character', 'Robert Arryn', NULL, 'unknown', 'upstream_record', '{"id":"api-character-894","apiId":894,"name":"Robert Arryn","canonicalName":"Robert Arryn","aliases":["Sweetrobin","True Warden of the East"],"actor":["Lino Facioli"],"gender":"male","culture":"Valemen","born":"In 292 AC","died":null,"status":"unknown","houses":["house-arryn"],"titles":["Lord of the Eyrie","Defender of the Vale","Warden of the East"],"father":null,"mother":null,"spouse":null,"books":[1,2,3,5,8],"povBooks":[],"show":["game-of-thrones"],"presence":[{"show":"game-of-thrones","kind":"depicted","seasons":["Season 1","Season 4","Season 5"]}],"playedBy":["Lino Facioli"],"sources":[{"label":"An API of Ice and Fire — character 894","url":"https://anapioficeandfire.com/api/characters/894","provider":"An API of Ice and Fire","kind":"structured_database","accessed":"2026-07-10"},{"label":"A Song of Ice and Fire Wiki — Robert Arryn","url":"https://iceandfire.fandom.com/wiki/Robert_Arryn","provider":"A Song of Ice and Fire Wiki","kind":"reference_page","accessed":"2026-07-10"}],"verification":"upstream_record","image":"/images/characters/api-character-894.webp","imageSource":{"provider":"A Song of Ice and Fire Wiki","kind":"wiki_lead_image","match":"exact_page_title","uncertain":false,"url":"https://iceandfire.fandom.com/wiki/Robert_Arryn","assetUrl":"https://static.wikia.nocookie.net/iceandfire/images/1/17/Robin_by_amoka.jpg/revision/latest?cb=20150517212205","accessed":"2026-07-10","originalSha256":"0e8fc2a5229507de20b11d9e00c21cbf7666d274a672de960bd017b76b6fb7e7","derivativeSha256":"d3b88548aeded57801f58f5e623008593274766494519a498ac2a017e85d8dd5","width":1200,"height":900,"presentation":"proportional_resize_with_padding"},"parents":[],"children":[],"spouses":[],"house":null,"dragon":null}');
INSERT INTO aliases (entity_key, alias) VALUES ('character:api-character-894', 'Sweetrobin');
INSERT INTO aliases (entity_key, alias) VALUES ('character:api-character-894', 'True Warden of the East');
INSERT INTO appearances (entity_key, show_id, presence_kind, first_reference, details_json) VALUES ('character:api-character-894', 'game-of-thrones', 'depicted', NULL, '{"show":"game-of-thrones","kind":"depicted","seasons":["Season 1","Season 4","Season 5"]}');
INSERT INTO sources (entity_key, label, url, provider, source_kind, accessed) VALUES ('character:api-character-894', 'An API of Ice and Fire — character 894', 'https://anapioficeandfire.com/api/characters/894', 'An API of Ice and Fire', 'structured_database', '2026-07-10');
INSERT INTO sources (entity_key, label, url, provider, source_kind, accessed) VALUES ('character:api-character-894', 'A Song of Ice and Fire Wiki — Robert Arryn', 'https://iceandfire.fandom.com/wiki/Robert_Arryn', 'A Song of Ice and Fire Wiki', 'reference_page', '2026-07-10');
INSERT INTO media (entity_key, local_path, provider, source_page, asset_url, media_kind, uncertain, metadata_json) VALUES ('character:api-character-894', '/images/characters/api-character-894.webp', 'A Song of Ice and Fire Wiki', 'https://iceandfire.fandom.com/wiki/Robert_Arryn', 'https://static.wikia.nocookie.net/iceandfire/images/1/17/Robin_by_amoka.jpg/revision/latest?cb=20150517212205', 'wiki_lead_image', 0, '{"provider":"A Song of Ice and Fire Wiki","kind":"wiki_lead_image","match":"exact_page_title","uncertain":false,"url":"https://iceandfire.fandom.com/wiki/Robert_Arryn","assetUrl":"https://static.wikia.nocookie.net/iceandfire/images/1/17/Robin_by_amoka.jpg/revision/latest?cb=20150517212205","accessed":"2026-07-10","originalSha256":"0e8fc2a5229507de20b11d9e00c21cbf7666d274a672de960bd017b76b6fb7e7","derivativeSha256":"d3b88548aeded57801f58f5e623008593274766494519a498ac2a017e85d8dd5","width":1200,"height":900,"presentation":"proportional_resize_with_padding"}');
INSERT INTO entities_fts (entity_key, name, aliases, type) VALUES ('character:api-character-894', 'Robert Arryn', 'Sweetrobin True Warden of the East', 'character');
INSERT INTO characters (entity_key, gender, culture, born, died, actor_json, titles_json, era) VALUES ('character:api-character-894', 'male', 'Valemen', 'In 292 AC', NULL, '["Lino Facioli"]', '["Lord of the Eyrie","Defender of the Vale","Warden of the East"]', NULL);
INSERT INTO entities (entity_key, id, type, name, description, status, verification, raw_json) VALUES ('character:api-character-903', 'api-character-903', 'character', 'Robett Glover', NULL, 'unknown', 'upstream_record', '{"id":"api-character-903","apiId":903,"name":"Robett Glover","canonicalName":"Robett Glover","aliases":[],"actor":["Tim McInnerny"],"gender":"male","culture":"Northmen","born":"At Deepwood Motte","died":null,"status":"unknown","houses":["house-glover"],"titles":[],"father":null,"mother":null,"spouse":null,"books":[1,2,3,5,8],"povBooks":[],"show":["game-of-thrones"],"presence":[{"show":"game-of-thrones","kind":"depicted","seasons":["Season 6"]}],"playedBy":["Tim McInnerny"],"sources":[{"label":"An API of Ice and Fire — character 903","url":"https://anapioficeandfire.com/api/characters/903","provider":"An API of Ice and Fire","kind":"structured_database","accessed":"2026-07-10"},{"label":"A Song of Ice and Fire Wiki — Robett Glover","url":"https://iceandfire.fandom.com/wiki/Robett_Glover","provider":"A Song of Ice and Fire Wiki","kind":"reference_page","accessed":"2026-07-10"}],"verification":"upstream_record","image":"/images/characters/api-character-903.webp","imageSource":{"provider":"A Song of Ice and Fire Wiki","kind":"wiki_lead_image","match":"exact_page_title","uncertain":false,"url":"https://iceandfire.fandom.com/wiki/Robett_Glover","assetUrl":"https://static.wikia.nocookie.net/iceandfire/images/3/3e/Robett_Glover.png/revision/latest?cb=20250216184630","accessed":"2026-07-10","originalSha256":"9c8136ec48c3601b1b07ff97cd752136be2720e08453d82bb8aba80dccd4b2f1","derivativeSha256":"3d7d702c44391fb226f3480f2d5281ddf0fdaa2bb564e12c62cef9a2fdb9c9ba","width":1200,"height":900,"presentation":"proportional_resize_with_padding"},"parents":[],"children":[],"spouses":[],"house":null,"dragon":null}');
INSERT INTO appearances (entity_key, show_id, presence_kind, first_reference, details_json) VALUES ('character:api-character-903', 'game-of-thrones', 'depicted', NULL, '{"show":"game-of-thrones","kind":"depicted","seasons":["Season 6"]}');
INSERT INTO sources (entity_key, label, url, provider, source_kind, accessed) VALUES ('character:api-character-903', 'An API of Ice and Fire — character 903', 'https://anapioficeandfire.com/api/characters/903', 'An API of Ice and Fire', 'structured_database', '2026-07-10');
INSERT INTO sources (entity_key, label, url, provider, source_kind, accessed) VALUES ('character:api-character-903', 'A Song of Ice and Fire Wiki — Robett Glover', 'https://iceandfire.fandom.com/wiki/Robett_Glover', 'A Song of Ice and Fire Wiki', 'reference_page', '2026-07-10');
INSERT INTO media (entity_key, local_path, provider, source_page, asset_url, media_kind, uncertain, metadata_json) VALUES ('character:api-character-903', '/images/characters/api-character-903.webp', 'A Song of Ice and Fire Wiki', 'https://iceandfire.fandom.com/wiki/Robett_Glover', 'https://static.wikia.nocookie.net/iceandfire/images/3/3e/Robett_Glover.png/revision/latest?cb=20250216184630', 'wiki_lead_image', 0, '{"provider":"A Song of Ice and Fire Wiki","kind":"wiki_lead_image","match":"exact_page_title","uncertain":false,"url":"https://iceandfire.fandom.com/wiki/Robett_Glover","assetUrl":"https://static.wikia.nocookie.net/iceandfire/images/3/3e/Robett_Glover.png/revision/latest?cb=20250216184630","accessed":"2026-07-10","originalSha256":"9c8136ec48c3601b1b07ff97cd752136be2720e08453d82bb8aba80dccd4b2f1","derivativeSha256":"3d7d702c44391fb226f3480f2d5281ddf0fdaa2bb564e12c62cef9a2fdb9c9ba","width":1200,"height":900,"presentation":"proportional_resize_with_padding"}');
INSERT INTO entities_fts (entity_key, name, aliases, type) VALUES ('character:api-character-903', 'Robett Glover', '', 'character');
INSERT INTO characters (entity_key, gender, culture, born, died, actor_json, titles_json, era) VALUES ('character:api-character-903', 'male', 'Northmen', 'At Deepwood Motte', NULL, '["Tim McInnerny"]', '[]', NULL);
INSERT INTO entities (entity_key, id, type, name, description, status, verification, raw_json) VALUES ('character:api-character-912', 'api-character-912', 'character', 'Rodrik Cassel', NULL, 'dead', 'upstream_record', '{"id":"api-character-912","apiId":912,"name":"Rodrik Cassel","canonicalName":"Rodrik Cassel","aliases":["Old Ser Rodrik"],"actor":["Ron Donachie"],"gender":"male","culture":"Northmen","born":null,"died":"In 299 AC, at Winterfell","status":"dead","houses":["house-stark"],"titles":["Ser","Master-at-arms of Winterfell","Castellan of Winterfell"],"father":null,"mother":null,"spouse":null,"books":[1,2,3,5,8],"povBooks":[],"show":["game-of-thrones"],"presence":[{"show":"game-of-thrones","kind":"depicted","seasons":["Season 1","Season 2"]}],"playedBy":["Ron Donachie"],"sources":[{"label":"An API of Ice and Fire — character 912","url":"https://anapioficeandfire.com/api/characters/912","provider":"An API of Ice and Fire","kind":"structured_database","accessed":"2026-07-10"},{"label":"A Song of Ice and Fire Wiki — Rodrik Cassel","url":"https://iceandfire.fandom.com/wiki/Rodrik_Cassel","provider":"A Song of Ice and Fire Wiki","kind":"reference_page","accessed":"2026-07-10"}],"verification":"upstream_record","image":"/images/characters/api-character-912.webp","imageSource":{"provider":"A Song of Ice and Fire Wiki","kind":"wiki_lead_image","match":"exact_page_title","uncertain":false,"url":"https://iceandfire.fandom.com/wiki/Rodrik_Cassel","assetUrl":"https://static.wikia.nocookie.net/iceandfire/images/0/04/Rodrik_by_amoka.jpg/revision/latest?cb=20150516155231","accessed":"2026-07-10","originalSha256":"f73a9a09d06cf58b3933be60cae8c728cd7341b3bb24346a6c4fb48142313a09","derivativeSha256":"1fb7d887cb066c94331d007d3fbfe922f8eabcfa880f74e7295ba37046ce5a6d","width":1200,"height":900,"presentation":"proportional_resize_with_padding"},"parents":[],"children":[],"spouses":[],"house":null,"dragon":null}');
INSERT INTO aliases (entity_key, alias) VALUES ('character:api-character-912', 'Old Ser Rodrik');
INSERT INTO appearances (entity_key, show_id, presence_kind, first_reference, details_json) VALUES ('character:api-character-912', 'game-of-thrones', 'depicted', NULL, '{"show":"game-of-thrones","kind":"depicted","seasons":["Season 1","Season 2"]}');
INSERT INTO sources (entity_key, label, url, provider, source_kind, accessed) VALUES ('character:api-character-912', 'An API of Ice and Fire — character 912', 'https://anapioficeandfire.com/api/characters/912', 'An API of Ice and Fire', 'structured_database', '2026-07-10');
INSERT INTO sources (entity_key, label, url, provider, source_kind, accessed) VALUES ('character:api-character-912', 'A Song of Ice and Fire Wiki — Rodrik Cassel', 'https://iceandfire.fandom.com/wiki/Rodrik_Cassel', 'A Song of Ice and Fire Wiki', 'reference_page', '2026-07-10');
INSERT INTO media (entity_key, local_path, provider, source_page, asset_url, media_kind, uncertain, metadata_json) VALUES ('character:api-character-912', '/images/characters/api-character-912.webp', 'A Song of Ice and Fire Wiki', 'https://iceandfire.fandom.com/wiki/Rodrik_Cassel', 'https://static.wikia.nocookie.net/iceandfire/images/0/04/Rodrik_by_amoka.jpg/revision/latest?cb=20150516155231', 'wiki_lead_image', 0, '{"provider":"A Song of Ice and Fire Wiki","kind":"wiki_lead_image","match":"exact_page_title","uncertain":false,"url":"https://iceandfire.fandom.com/wiki/Rodrik_Cassel","assetUrl":"https://static.wikia.nocookie.net/iceandfire/images/0/04/Rodrik_by_amoka.jpg/revision/latest?cb=20150516155231","accessed":"2026-07-10","originalSha256":"f73a9a09d06cf58b3933be60cae8c728cd7341b3bb24346a6c4fb48142313a09","derivativeSha256":"1fb7d887cb066c94331d007d3fbfe922f8eabcfa880f74e7295ba37046ce5a6d","width":1200,"height":900,"presentation":"proportional_resize_with_padding"}');
INSERT INTO entities_fts (entity_key, name, aliases, type) VALUES ('character:api-character-912', 'Rodrik Cassel', 'Old Ser Rodrik', 'character');
INSERT INTO characters (entity_key, gender, culture, born, died, actor_json, titles_json, era) VALUES ('character:api-character-912', 'male', 'Northmen', NULL, 'In 299 AC, at Winterfell', '["Ron Donachie"]', '["Ser","Master-at-arms of Winterfell","Castellan of Winterfell"]', NULL);
INSERT INTO entities (entity_key, id, type, name, description, status, verification, raw_json) VALUES ('character:api-character-937', 'api-character-937', 'character', 'Roslin Frey', NULL, 'unknown', 'upstream_record', '{"id":"api-character-937","apiId":937,"name":"Roslin Frey","canonicalName":"Roslin Frey","aliases":[],"actor":["Alexandra Dowling"],"gender":"female","culture":"Rivermen","born":"In 282 AC or 283 AC","died":null,"status":"unknown","houses":["house-frey","house-tully"],"titles":[],"father":null,"mother":null,"spouse":"api-character-346","books":[2,3,5,8],"povBooks":[],"show":["game-of-thrones"],"presence":[{"show":"game-of-thrones","kind":"depicted","seasons":["Season 3"]}],"playedBy":["Alexandra Dowling"],"sources":[{"label":"An API of Ice and Fire — character 937","url":"https://anapioficeandfire.com/api/characters/937","provider":"An API of Ice and Fire","kind":"structured_database","accessed":"2026-07-10"}],"verification":"upstream_record","image":"/images/fallback-character.svg","imageSource":{"provider":"Local archive fallback","kind":"fallback","match":"none","uncertain":false,"reason":"Canonical title mismatch: expected [\"Roslin Frey\"], received \"Roslin Tully\"","url":null,"assetUrl":null},"parents":[],"children":[],"spouses":[],"house":null,"dragon":null}');
INSERT INTO appearances (entity_key, show_id, presence_kind, first_reference, details_json) VALUES ('character:api-character-937', 'game-of-thrones', 'depicted', NULL, '{"show":"game-of-thrones","kind":"depicted","seasons":["Season 3"]}');
INSERT INTO sources (entity_key, label, url, provider, source_kind, accessed) VALUES ('character:api-character-937', 'An API of Ice and Fire — character 937', 'https://anapioficeandfire.com/api/characters/937', 'An API of Ice and Fire', 'structured_database', '2026-07-10');
INSERT INTO media (entity_key, local_path, provider, source_page, asset_url, media_kind, uncertain, metadata_json) VALUES ('character:api-character-937', '/images/fallback-character.svg', 'Local archive fallback', NULL, NULL, 'fallback', 0, '{"provider":"Local archive fallback","kind":"fallback","match":"none","uncertain":false,"reason":"Canonical title mismatch: expected [\"Roslin Frey\"], received \"Roslin Tully\"","url":null,"assetUrl":null}');
INSERT INTO entities_fts (entity_key, name, aliases, type) VALUES ('character:api-character-937', 'Roslin Frey', '', 'character');
INSERT INTO characters (entity_key, gender, culture, born, died, actor_json, titles_json, era) VALUES ('character:api-character-937', 'female', 'Rivermen', 'In 282 AC or 283 AC', NULL, '["Alexandra Dowling"]', '[]', NULL);
INSERT INTO entities (entity_key, id, type, name, description, status, verification, raw_json) VALUES ('character:api-character-994', 'api-character-994', 'character', 'Stevron Frey', NULL, 'dead', 'upstream_record', '{"id":"api-character-994","apiId":994,"name":"Stevron Frey","canonicalName":"Stevron Frey","aliases":[],"actor":["Colin Carnegie"],"gender":"male","culture":null,"born":"In 233 AC or 234 AC, at Twins","died":"In 299 AC, at Oxcross","status":"dead","houses":["house-frey"],"titles":["Ser"],"father":null,"mother":null,"spouse":null,"books":[1,2,3,5,8],"povBooks":[],"show":["game-of-thrones"],"presence":[{"show":"game-of-thrones","kind":"depicted","seasons":["Season 1"]}],"playedBy":["Colin Carnegie"],"sources":[{"label":"An API of Ice and Fire — character 994","url":"https://anapioficeandfire.com/api/characters/994","provider":"An API of Ice and Fire","kind":"structured_database","accessed":"2026-07-10"},{"label":"A Song of Ice and Fire Wiki — Stevron Frey","url":"https://iceandfire.fandom.com/wiki/Stevron_Frey","provider":"A Song of Ice and Fire Wiki","kind":"reference_page","accessed":"2026-07-10"}],"verification":"upstream_record","image":"/images/characters/api-character-994.webp","imageSource":{"provider":"A Song of Ice and Fire Wiki","kind":"wiki_lead_image","match":"exact_page_title","uncertain":false,"url":"https://iceandfire.fandom.com/wiki/Stevron_Frey","assetUrl":"https://static.wikia.nocookie.net/iceandfire/images/1/18/Stevron_Frey_by_%D0%A2%D1%85%D0%B5_%D0%9C%D0%B8%D1%87%D0%BE.jpg/revision/latest?cb=20160316185352","accessed":"2026-07-10","originalSha256":"c6dedbd1ab0d08c878dd183900d951403ff782ba94d3e183bd7d9d40a0cd11eb","derivativeSha256":"22b873464cf2a40208cd6e211eb4c76f3c50281a29f088125a1ab850d1cd442c","width":1200,"height":900,"presentation":"proportional_resize_with_padding"},"parents":[],"children":[],"spouses":[],"house":null,"dragon":null}');
INSERT INTO appearances (entity_key, show_id, presence_kind, first_reference, details_json) VALUES ('character:api-character-994', 'game-of-thrones', 'depicted', NULL, '{"show":"game-of-thrones","kind":"depicted","seasons":["Season 1"]}');
INSERT INTO sources (entity_key, label, url, provider, source_kind, accessed) VALUES ('character:api-character-994', 'An API of Ice and Fire — character 994', 'https://anapioficeandfire.com/api/characters/994', 'An API of Ice and Fire', 'structured_database', '2026-07-10');
INSERT INTO sources (entity_key, label, url, provider, source_kind, accessed) VALUES ('character:api-character-994', 'A Song of Ice and Fire Wiki — Stevron Frey', 'https://iceandfire.fandom.com/wiki/Stevron_Frey', 'A Song of Ice and Fire Wiki', 'reference_page', '2026-07-10');
INSERT INTO media (entity_key, local_path, provider, source_page, asset_url, media_kind, uncertain, metadata_json) VALUES ('character:api-character-994', '/images/characters/api-character-994.webp', 'A Song of Ice and Fire Wiki', 'https://iceandfire.fandom.com/wiki/Stevron_Frey', 'https://static.wikia.nocookie.net/iceandfire/images/1/18/Stevron_Frey_by_%D0%A2%D1%85%D0%B5_%D0%9C%D0%B8%D1%87%D0%BE.jpg/revision/latest?cb=20160316185352', 'wiki_lead_image', 0, '{"provider":"A Song of Ice and Fire Wiki","kind":"wiki_lead_image","match":"exact_page_title","uncertain":false,"url":"https://iceandfire.fandom.com/wiki/Stevron_Frey","assetUrl":"https://static.wikia.nocookie.net/iceandfire/images/1/18/Stevron_Frey_by_%D0%A2%D1%85%D0%B5_%D0%9C%D0%B8%D1%87%D0%BE.jpg/revision/latest?cb=20160316185352","accessed":"2026-07-10","originalSha256":"c6dedbd1ab0d08c878dd183900d951403ff782ba94d3e183bd7d9d40a0cd11eb","derivativeSha256":"22b873464cf2a40208cd6e211eb4c76f3c50281a29f088125a1ab850d1cd442c","width":1200,"height":900,"presentation":"proportional_resize_with_padding"}');
INSERT INTO entities_fts (entity_key, name, aliases, type) VALUES ('character:api-character-994', 'Stevron Frey', '', 'character');
INSERT INTO characters (entity_key, gender, culture, born, died, actor_json, titles_json, era) VALUES ('character:api-character-994', 'male', NULL, 'In 233 AC or 234 AC, at Twins', 'In 299 AC, at Oxcross', '["Colin Carnegie"]', '["Ser"]', NULL);
INSERT INTO entities (entity_key, id, type, name, description, status, verification, raw_json) VALUES ('character:api-character-1008', 'api-character-1008', 'character', 'Talla Tarly', NULL, 'unknown', 'upstream_record', '{"id":"api-character-1008","apiId":1008,"name":"Talla Tarly","canonicalName":"Talla Tarly","aliases":[],"actor":["Rebecca Benson"],"gender":"female","culture":null,"born":null,"died":null,"status":"unknown","houses":["house-tarly"],"titles":[],"father":null,"mother":null,"spouse":null,"books":[3],"povBooks":[],"show":["game-of-thrones"],"presence":[{"show":"game-of-thrones","kind":"depicted","seasons":["Season 6"]}],"playedBy":["Rebecca Benson"],"sources":[{"label":"An API of Ice and Fire — character 1008","url":"https://anapioficeandfire.com/api/characters/1008","provider":"An API of Ice and Fire","kind":"structured_database","accessed":"2026-07-10"}],"verification":"upstream_record","image":"/images/fallback-character.svg","imageSource":{"provider":"Local archive fallback","kind":"fallback","match":"none","uncertain":false,"reason":"No exact verified image-page mapping is available.","url":null,"assetUrl":null},"parents":[],"children":[],"spouses":[],"house":null,"dragon":null}');
INSERT INTO appearances (entity_key, show_id, presence_kind, first_reference, details_json) VALUES ('character:api-character-1008', 'game-of-thrones', 'depicted', NULL, '{"show":"game-of-thrones","kind":"depicted","seasons":["Season 6"]}');
INSERT INTO sources (entity_key, label, url, provider, source_kind, accessed) VALUES ('character:api-character-1008', 'An API of Ice and Fire — character 1008', 'https://anapioficeandfire.com/api/characters/1008', 'An API of Ice and Fire', 'structured_database', '2026-07-10');
INSERT INTO media (entity_key, local_path, provider, source_page, asset_url, media_kind, uncertain, metadata_json) VALUES ('character:api-character-1008', '/images/fallback-character.svg', 'Local archive fallback', NULL, NULL, 'fallback', 0, '{"provider":"Local archive fallback","kind":"fallback","match":"none","uncertain":false,"reason":"No exact verified image-page mapping is available.","url":null,"assetUrl":null}');
INSERT INTO entities_fts (entity_key, name, aliases, type) VALUES ('character:api-character-1008', 'Talla Tarly', '', 'character');
INSERT INTO characters (entity_key, gender, culture, born, died, actor_json, titles_json, era) VALUES ('character:api-character-1008', 'female', NULL, NULL, NULL, '["Rebecca Benson"]', '[]', NULL);
INSERT INTO entities (entity_key, id, type, name, description, status, verification, raw_json) VALUES ('character:api-character-1033', 'api-character-1033', 'character', 'Torrhen Karstark', NULL, 'dead', 'upstream_record', '{"id":"api-character-1033","apiId":1033,"name":"Torrhen Karstark","canonicalName":"Torrhen Karstark","aliases":["Torr"],"actor":["Tyrone McElhennon"],"gender":"male","culture":"Northmen","born":"At Karhold","died":"In 298 AC, at the Whispering Wood","status":"dead","houses":["house-karstark"],"titles":[],"father":null,"mother":null,"spouse":null,"books":[1,2,3,5,8],"povBooks":[],"show":["game-of-thrones"],"presence":[{"show":"game-of-thrones","kind":"depicted","seasons":["Season 2"]}],"playedBy":["Tyrone McElhennon"],"sources":[{"label":"An API of Ice and Fire — character 1033","url":"https://anapioficeandfire.com/api/characters/1033","provider":"An API of Ice and Fire","kind":"structured_database","accessed":"2026-07-10"}],"verification":"upstream_record","image":"/images/fallback-character.svg","imageSource":{"provider":"Local archive fallback","kind":"fallback","match":"none","uncertain":false,"reason":"No exact verified image-page mapping is available.","url":null,"assetUrl":null},"parents":[],"children":[],"spouses":[],"house":null,"dragon":null}');
INSERT INTO aliases (entity_key, alias) VALUES ('character:api-character-1033', 'Torr');
INSERT INTO appearances (entity_key, show_id, presence_kind, first_reference, details_json) VALUES ('character:api-character-1033', 'game-of-thrones', 'depicted', NULL, '{"show":"game-of-thrones","kind":"depicted","seasons":["Season 2"]}');
INSERT INTO sources (entity_key, label, url, provider, source_kind, accessed) VALUES ('character:api-character-1033', 'An API of Ice and Fire — character 1033', 'https://anapioficeandfire.com/api/characters/1033', 'An API of Ice and Fire', 'structured_database', '2026-07-10');
INSERT INTO media (entity_key, local_path, provider, source_page, asset_url, media_kind, uncertain, metadata_json) VALUES ('character:api-character-1033', '/images/fallback-character.svg', 'Local archive fallback', NULL, NULL, 'fallback', 0, '{"provider":"Local archive fallback","kind":"fallback","match":"none","uncertain":false,"reason":"No exact verified image-page mapping is available.","url":null,"assetUrl":null}');
INSERT INTO entities_fts (entity_key, name, aliases, type) VALUES ('character:api-character-1033', 'Torrhen Karstark', 'Torr', 'character');
INSERT INTO characters (entity_key, gender, culture, born, died, actor_json, titles_json, era) VALUES ('character:api-character-1033', 'male', 'Northmen', 'At Karhold', 'In 298 AC, at the Whispering Wood', '["Tyrone McElhennon"]', '[]', NULL);
INSERT INTO entities (entity_key, id, type, name, description, status, verification, raw_json) VALUES ('character:api-character-1043', 'api-character-1043', 'character', 'Trystane Martell', NULL, 'unknown', 'upstream_record', '{"id":"api-character-1043","apiId":1043,"name":"Trystane Martell","canonicalName":"Trystane Martell","aliases":[],"actor":["Toby Sebastian"],"gender":"male","culture":"Dornish","born":"In 287 AC","died":null,"status":"unknown","houses":[],"titles":["Prince"],"father":null,"mother":null,"spouse":null,"books":[1,2,3,5,8],"povBooks":[],"show":["game-of-thrones"],"presence":[{"show":"game-of-thrones","kind":"depicted","seasons":["Season 5","Season 6"]}],"playedBy":["Toby Sebastian"],"sources":[{"label":"An API of Ice and Fire — character 1043","url":"https://anapioficeandfire.com/api/characters/1043","provider":"An API of Ice and Fire","kind":"structured_database","accessed":"2026-07-10"}],"verification":"upstream_record","image":"/images/fallback-character.svg","imageSource":{"provider":"Local archive fallback","kind":"fallback","match":"none","uncertain":false,"reason":"No exact verified image-page mapping is available.","url":null,"assetUrl":null},"parents":[],"children":[],"spouses":[],"house":null,"dragon":null}');
INSERT INTO appearances (entity_key, show_id, presence_kind, first_reference, details_json) VALUES ('character:api-character-1043', 'game-of-thrones', 'depicted', NULL, '{"show":"game-of-thrones","kind":"depicted","seasons":["Season 5","Season 6"]}');
INSERT INTO sources (entity_key, label, url, provider, source_kind, accessed) VALUES ('character:api-character-1043', 'An API of Ice and Fire — character 1043', 'https://anapioficeandfire.com/api/characters/1043', 'An API of Ice and Fire', 'structured_database', '2026-07-10');
INSERT INTO media (entity_key, local_path, provider, source_page, asset_url, media_kind, uncertain, metadata_json) VALUES ('character:api-character-1043', '/images/fallback-character.svg', 'Local archive fallback', NULL, NULL, 'fallback', 0, '{"provider":"Local archive fallback","kind":"fallback","match":"none","uncertain":false,"reason":"No exact verified image-page mapping is available.","url":null,"assetUrl":null}');
INSERT INTO entities_fts (entity_key, name, aliases, type) VALUES ('character:api-character-1043', 'Trystane Martell', '', 'character');
INSERT INTO characters (entity_key, gender, culture, born, died, actor_json, titles_json, era) VALUES ('character:api-character-1043', 'male', 'Dornish', 'In 287 AC', NULL, '["Toby Sebastian"]', '["Prince"]', NULL);
INSERT INTO entities (entity_key, id, type, name, description, status, verification, raw_json) VALUES ('character:api-character-1068', 'api-character-1068', 'character', 'Vardis Egen', NULL, 'dead', 'upstream_record', '{"id":"api-character-1068","apiId":1068,"name":"Vardis Egen","canonicalName":"Vardis Egen","aliases":[],"actor":["Brendan McCormack"],"gender":"male","culture":"Valemen","born":"In or between 249 AC and 253 AC","died":"In 298 AC, at the Eyrie","status":"dead","houses":["house-arryn"],"titles":["Ser","Captain of the Guards"],"father":null,"mother":null,"spouse":null,"books":[1,2,3],"povBooks":[],"show":["game-of-thrones"],"presence":[{"show":"game-of-thrones","kind":"depicted","seasons":["Season 1"]}],"playedBy":["Brendan McCormack"],"sources":[{"label":"An API of Ice and Fire — character 1068","url":"https://anapioficeandfire.com/api/characters/1068","provider":"An API of Ice and Fire","kind":"structured_database","accessed":"2026-07-10"}],"verification":"upstream_record","image":"/images/fallback-character.svg","imageSource":{"provider":"Local archive fallback","kind":"fallback","match":"none","uncertain":false,"reason":"No exact verified image-page mapping is available.","url":null,"assetUrl":null},"parents":[],"children":[],"spouses":[],"house":null,"dragon":null}');
INSERT INTO appearances (entity_key, show_id, presence_kind, first_reference, details_json) VALUES ('character:api-character-1068', 'game-of-thrones', 'depicted', NULL, '{"show":"game-of-thrones","kind":"depicted","seasons":["Season 1"]}');
INSERT INTO sources (entity_key, label, url, provider, source_kind, accessed) VALUES ('character:api-character-1068', 'An API of Ice and Fire — character 1068', 'https://anapioficeandfire.com/api/characters/1068', 'An API of Ice and Fire', 'structured_database', '2026-07-10');
INSERT INTO media (entity_key, local_path, provider, source_page, asset_url, media_kind, uncertain, metadata_json) VALUES ('character:api-character-1068', '/images/fallback-character.svg', 'Local archive fallback', NULL, NULL, 'fallback', 0, '{"provider":"Local archive fallback","kind":"fallback","match":"none","uncertain":false,"reason":"No exact verified image-page mapping is available.","url":null,"assetUrl":null}');
INSERT INTO entities_fts (entity_key, name, aliases, type) VALUES ('character:api-character-1068', 'Vardis Egen', '', 'character');
INSERT INTO characters (entity_key, gender, culture, born, died, actor_json, titles_json, era) VALUES ('character:api-character-1068', 'male', 'Valemen', 'In or between 249 AC and 253 AC', 'In 298 AC, at the Eyrie', '["Brendan McCormack"]', '["Ser","Captain of the Guards"]', NULL);
INSERT INTO entities (entity_key, id, type, name, description, status, verification, raw_json) VALUES ('character:api-character-1104', 'api-character-1104', 'character', 'Waymar Royce', NULL, 'dead', 'upstream_record', '{"id":"api-character-1104","apiId":1104,"name":"Waymar Royce","canonicalName":"Waymar Royce","aliases":[],"actor":["Rob Ostlere"],"gender":"male","culture":"Valemen","born":"In 278 AC or 279 AC, at Runestone","died":"In 297 AC, at the Haunted Forest, Beyond the Wall","status":"dead","houses":["house-royce"],"titles":["Ser"],"father":null,"mother":null,"spouse":null,"books":[1,2,3,5],"povBooks":[],"show":["game-of-thrones"],"presence":[{"show":"game-of-thrones","kind":"depicted","seasons":["Season 1"]}],"playedBy":["Rob Ostlere"],"sources":[{"label":"An API of Ice and Fire — character 1104","url":"https://anapioficeandfire.com/api/characters/1104","provider":"An API of Ice and Fire","kind":"structured_database","accessed":"2026-07-10"},{"label":"A Song of Ice and Fire Wiki — Waymar Royce","url":"https://iceandfire.fandom.com/wiki/Waymar_Royce","provider":"A Song of Ice and Fire Wiki","kind":"reference_page","accessed":"2026-07-10"}],"verification":"upstream_record","image":"/images/characters/api-character-1104.webp","imageSource":{"provider":"A Song of Ice and Fire Wiki","kind":"wiki_lead_image","match":"exact_page_title","uncertain":false,"url":"https://iceandfire.fandom.com/wiki/Waymar_Royce","assetUrl":"https://static.wikia.nocookie.net/iceandfire/images/8/86/Waymar_Royce.png/revision/latest?cb=20250127233427","accessed":"2026-07-10","originalSha256":"cc67f8696647145bc126a531baa971145cc6e8d35f672bb0bbe777ad390a0d20","derivativeSha256":"d4f971296ff06d1daaed5e4ed9489906182de6121ac1515e15267b5e9df0193e","width":1200,"height":900,"presentation":"proportional_resize_with_padding"},"parents":[],"children":[],"spouses":[],"house":null,"dragon":null}');
INSERT INTO appearances (entity_key, show_id, presence_kind, first_reference, details_json) VALUES ('character:api-character-1104', 'game-of-thrones', 'depicted', NULL, '{"show":"game-of-thrones","kind":"depicted","seasons":["Season 1"]}');
INSERT INTO sources (entity_key, label, url, provider, source_kind, accessed) VALUES ('character:api-character-1104', 'An API of Ice and Fire — character 1104', 'https://anapioficeandfire.com/api/characters/1104', 'An API of Ice and Fire', 'structured_database', '2026-07-10');
INSERT INTO sources (entity_key, label, url, provider, source_kind, accessed) VALUES ('character:api-character-1104', 'A Song of Ice and Fire Wiki — Waymar Royce', 'https://iceandfire.fandom.com/wiki/Waymar_Royce', 'A Song of Ice and Fire Wiki', 'reference_page', '2026-07-10');
INSERT INTO media (entity_key, local_path, provider, source_page, asset_url, media_kind, uncertain, metadata_json) VALUES ('character:api-character-1104', '/images/characters/api-character-1104.webp', 'A Song of Ice and Fire Wiki', 'https://iceandfire.fandom.com/wiki/Waymar_Royce', 'https://static.wikia.nocookie.net/iceandfire/images/8/86/Waymar_Royce.png/revision/latest?cb=20250127233427', 'wiki_lead_image', 0, '{"provider":"A Song of Ice and Fire Wiki","kind":"wiki_lead_image","match":"exact_page_title","uncertain":false,"url":"https://iceandfire.fandom.com/wiki/Waymar_Royce","assetUrl":"https://static.wikia.nocookie.net/iceandfire/images/8/86/Waymar_Royce.png/revision/latest?cb=20250127233427","accessed":"2026-07-10","originalSha256":"cc67f8696647145bc126a531baa971145cc6e8d35f672bb0bbe777ad390a0d20","derivativeSha256":"d4f971296ff06d1daaed5e4ed9489906182de6121ac1515e15267b5e9df0193e","width":1200,"height":900,"presentation":"proportional_resize_with_padding"}');
INSERT INTO entities_fts (entity_key, name, aliases, type) VALUES ('character:api-character-1104', 'Waymar Royce', '', 'character');
INSERT INTO characters (entity_key, gender, culture, born, died, actor_json, titles_json, era) VALUES ('character:api-character-1104', 'male', 'Valemen', 'In 278 AC or 279 AC, at Runestone', 'In 297 AC, at the Haunted Forest, Beyond the Wall', '["Rob Ostlere"]', '["Ser"]', NULL);
INSERT INTO entities (entity_key, id, type, name, description, status, verification, raw_json) VALUES ('character:api-character-1106', 'api-character-1106', 'character', 'Wendel Manderly', NULL, 'dead', 'upstream_record', '{"id":"api-character-1106","apiId":1106,"name":"Wendel Manderly","canonicalName":"Wendel Manderly","aliases":[],"actor":["Oddie Braddell"],"gender":"male","culture":null,"born":"In or between 254 AC and 263 AC, at White Harbor","died":"In 299 AC, at the Twins","status":"dead","houses":["house-manderly"],"titles":["Ser"],"father":null,"mother":null,"spouse":null,"books":[1,2,3,5,8],"povBooks":[],"show":["game-of-thrones"],"presence":[{"show":"game-of-thrones","kind":"depicted","seasons":["Season 3"]}],"playedBy":["Oddie Braddell"],"sources":[{"label":"An API of Ice and Fire — character 1106","url":"https://anapioficeandfire.com/api/characters/1106","provider":"An API of Ice and Fire","kind":"structured_database","accessed":"2026-07-10"},{"label":"A Song of Ice and Fire Wiki — Wendel Manderly","url":"https://iceandfire.fandom.com/wiki/Wendel_Manderly","provider":"A Song of Ice and Fire Wiki","kind":"reference_page","accessed":"2026-07-10"}],"verification":"upstream_record","image":"/images/characters/api-character-1106.webp","imageSource":{"provider":"A Song of Ice and Fire Wiki","kind":"wiki_lead_image","match":"exact_page_title","uncertain":false,"url":"https://iceandfire.fandom.com/wiki/Wendel_Manderly","assetUrl":"https://static.wikia.nocookie.net/iceandfire/images/8/83/Wendel_Manderly_by_%D0%A2%D1%85%D0%B5_%D0%9C%D0%B8%D1%87%D0%BE.jpg/revision/latest?cb=20160425173048","accessed":"2026-07-10","originalSha256":"e0589ecae17ec8acd3e131b076d1e2d7316fe4ee55777ddbdaf0e1c391ccffab","derivativeSha256":"345b762ca46a71d8c2a110e55e47739e8ee2324465dff7d538101b17b70ee9ba","width":1200,"height":900,"presentation":"proportional_resize_with_padding"},"parents":[],"children":[],"spouses":[],"house":null,"dragon":null}');
INSERT INTO appearances (entity_key, show_id, presence_kind, first_reference, details_json) VALUES ('character:api-character-1106', 'game-of-thrones', 'depicted', NULL, '{"show":"game-of-thrones","kind":"depicted","seasons":["Season 3"]}');
INSERT INTO sources (entity_key, label, url, provider, source_kind, accessed) VALUES ('character:api-character-1106', 'An API of Ice and Fire — character 1106', 'https://anapioficeandfire.com/api/characters/1106', 'An API of Ice and Fire', 'structured_database', '2026-07-10');
INSERT INTO sources (entity_key, label, url, provider, source_kind, accessed) VALUES ('character:api-character-1106', 'A Song of Ice and Fire Wiki — Wendel Manderly', 'https://iceandfire.fandom.com/wiki/Wendel_Manderly', 'A Song of Ice and Fire Wiki', 'reference_page', '2026-07-10');
INSERT INTO media (entity_key, local_path, provider, source_page, asset_url, media_kind, uncertain, metadata_json) VALUES ('character:api-character-1106', '/images/characters/api-character-1106.webp', 'A Song of Ice and Fire Wiki', 'https://iceandfire.fandom.com/wiki/Wendel_Manderly', 'https://static.wikia.nocookie.net/iceandfire/images/8/83/Wendel_Manderly_by_%D0%A2%D1%85%D0%B5_%D0%9C%D0%B8%D1%87%D0%BE.jpg/revision/latest?cb=20160425173048', 'wiki_lead_image', 0, '{"provider":"A Song of Ice and Fire Wiki","kind":"wiki_lead_image","match":"exact_page_title","uncertain":false,"url":"https://iceandfire.fandom.com/wiki/Wendel_Manderly","assetUrl":"https://static.wikia.nocookie.net/iceandfire/images/8/83/Wendel_Manderly_by_%D0%A2%D1%85%D0%B5_%D0%9C%D0%B8%D1%87%D0%BE.jpg/revision/latest?cb=20160425173048","accessed":"2026-07-10","originalSha256":"e0589ecae17ec8acd3e131b076d1e2d7316fe4ee55777ddbdaf0e1c391ccffab","derivativeSha256":"345b762ca46a71d8c2a110e55e47739e8ee2324465dff7d538101b17b70ee9ba","width":1200,"height":900,"presentation":"proportional_resize_with_padding"}');
INSERT INTO entities_fts (entity_key, name, aliases, type) VALUES ('character:api-character-1106', 'Wendel Manderly', '', 'character');
INSERT INTO characters (entity_key, gender, culture, born, died, actor_json, titles_json, era) VALUES ('character:api-character-1106', 'male', NULL, 'In or between 254 AC and 263 AC, at White Harbor', 'In 299 AC, at the Twins', '["Oddie Braddell"]', '["Ser"]', NULL);
INSERT INTO entities (entity_key, id, type, name, description, status, verification, raw_json) VALUES ('character:api-character-1131', 'api-character-1131', 'character', 'Yohn Royce', NULL, 'unknown', 'upstream_record', '{"id":"api-character-1131","apiId":1131,"name":"Yohn Royce","canonicalName":"Yohn Royce","aliases":["Bronze Yohn"],"actor":["Rupert Vansittart"],"gender":"male","culture":"Valemen","born":null,"died":null,"status":"unknown","houses":["house-royce"],"titles":["Lord of Runestone"],"father":null,"mother":null,"spouse":null,"books":[1,2,3,5,8],"povBooks":[],"show":["game-of-thrones"],"presence":[{"show":"game-of-thrones","kind":"depicted","seasons":["Season 4","Season 6"]}],"playedBy":["Rupert Vansittart"],"sources":[{"label":"An API of Ice and Fire — character 1131","url":"https://anapioficeandfire.com/api/characters/1131","provider":"An API of Ice and Fire","kind":"structured_database","accessed":"2026-07-10"},{"label":"A Song of Ice and Fire Wiki — Yohn Royce","url":"https://iceandfire.fandom.com/wiki/Yohn_Royce","provider":"A Song of Ice and Fire Wiki","kind":"reference_page","accessed":"2026-07-10"}],"verification":"upstream_record","image":"/images/characters/api-character-1131.webp","imageSource":{"provider":"A Song of Ice and Fire Wiki","kind":"wiki_lead_image","match":"exact_page_title","uncertain":false,"url":"https://iceandfire.fandom.com/wiki/Yohn_Royce","assetUrl":"https://static.wikia.nocookie.net/iceandfire/images/5/50/Yohn_Royce.png/revision/latest?cb=20250127233258","accessed":"2026-07-10","originalSha256":"b657219cba8920385c4cbd5567936828534fa38a0d905def70b7233f927ef33a","derivativeSha256":"a93487caa832f2756d026e7f99b25e57216923972c40a6bf870ba4f95173dc31","width":1200,"height":900,"presentation":"proportional_resize_with_padding"},"parents":[],"children":[],"spouses":[],"house":null,"dragon":null}');
INSERT INTO aliases (entity_key, alias) VALUES ('character:api-character-1131', 'Bronze Yohn');
INSERT INTO appearances (entity_key, show_id, presence_kind, first_reference, details_json) VALUES ('character:api-character-1131', 'game-of-thrones', 'depicted', NULL, '{"show":"game-of-thrones","kind":"depicted","seasons":["Season 4","Season 6"]}');
INSERT INTO sources (entity_key, label, url, provider, source_kind, accessed) VALUES ('character:api-character-1131', 'An API of Ice and Fire — character 1131', 'https://anapioficeandfire.com/api/characters/1131', 'An API of Ice and Fire', 'structured_database', '2026-07-10');
INSERT INTO sources (entity_key, label, url, provider, source_kind, accessed) VALUES ('character:api-character-1131', 'A Song of Ice and Fire Wiki — Yohn Royce', 'https://iceandfire.fandom.com/wiki/Yohn_Royce', 'A Song of Ice and Fire Wiki', 'reference_page', '2026-07-10');
INSERT INTO media (entity_key, local_path, provider, source_page, asset_url, media_kind, uncertain, metadata_json) VALUES ('character:api-character-1131', '/images/characters/api-character-1131.webp', 'A Song of Ice and Fire Wiki', 'https://iceandfire.fandom.com/wiki/Yohn_Royce', 'https://static.wikia.nocookie.net/iceandfire/images/5/50/Yohn_Royce.png/revision/latest?cb=20250127233258', 'wiki_lead_image', 0, '{"provider":"A Song of Ice and Fire Wiki","kind":"wiki_lead_image","match":"exact_page_title","uncertain":false,"url":"https://iceandfire.fandom.com/wiki/Yohn_Royce","assetUrl":"https://static.wikia.nocookie.net/iceandfire/images/5/50/Yohn_Royce.png/revision/latest?cb=20250127233258","accessed":"2026-07-10","originalSha256":"b657219cba8920385c4cbd5567936828534fa38a0d905def70b7233f927ef33a","derivativeSha256":"a93487caa832f2756d026e7f99b25e57216923972c40a6bf870ba4f95173dc31","width":1200,"height":900,"presentation":"proportional_resize_with_padding"}');
INSERT INTO entities_fts (entity_key, name, aliases, type) VALUES ('character:api-character-1131', 'Yohn Royce', 'Bronze Yohn', 'character');
INSERT INTO characters (entity_key, gender, culture, born, died, actor_json, titles_json, era) VALUES ('character:api-character-1131', 'male', 'Valemen', NULL, NULL, '["Rupert Vansittart"]', '["Lord of Runestone"]', NULL);
INSERT INTO entities (entity_key, id, type, name, description, status, verification, raw_json) VALUES ('character:api-character-1132', 'api-character-1132', 'character', 'Yoren', NULL, 'dead', 'upstream_record', '{"id":"api-character-1132","apiId":1132,"name":"Yoren","canonicalName":"Yoren","aliases":[],"actor":["Francis Magee"],"gender":"male","culture":"Westeros","born":null,"died":"In 299 AC, at Gods Eye","status":"dead","houses":[],"titles":[],"father":null,"mother":null,"spouse":null,"books":[1,2,3,5],"povBooks":[],"show":["game-of-thrones"],"presence":[{"show":"game-of-thrones","kind":"depicted","seasons":["Season 1","Season 2"]}],"playedBy":["Francis Magee"],"sources":[{"label":"An API of Ice and Fire — character 1132","url":"https://anapioficeandfire.com/api/characters/1132","provider":"An API of Ice and Fire","kind":"structured_database","accessed":"2026-07-10"},{"label":"A Song of Ice and Fire Wiki — Yoren","url":"https://iceandfire.fandom.com/wiki/Yoren","provider":"A Song of Ice and Fire Wiki","kind":"reference_page","accessed":"2026-07-10"}],"verification":"upstream_record","image":"/images/characters/api-character-1132.webp","imageSource":{"provider":"A Song of Ice and Fire Wiki","kind":"wiki_lead_image","match":"exact_page_title","uncertain":false,"url":"https://iceandfire.fandom.com/wiki/Yoren","assetUrl":"https://static.wikia.nocookie.net/iceandfire/images/e/e1/Yoren_of_the_Nightwatch.png/revision/latest?cb=20250128152008","accessed":"2026-07-10","originalSha256":"9291c4e8226fc62c1cb1fd2c755b3f269bb0b85d7eec16b68a6109536f59b640","derivativeSha256":"ede70f20a9d18ea4606c7b702de97f8156ed41e6f3a4dce9673842d4fe918675","width":1200,"height":900,"presentation":"proportional_resize_with_padding"},"parents":[],"children":[],"spouses":[],"house":null,"dragon":null}');
INSERT INTO appearances (entity_key, show_id, presence_kind, first_reference, details_json) VALUES ('character:api-character-1132', 'game-of-thrones', 'depicted', NULL, '{"show":"game-of-thrones","kind":"depicted","seasons":["Season 1","Season 2"]}');
INSERT INTO sources (entity_key, label, url, provider, source_kind, accessed) VALUES ('character:api-character-1132', 'An API of Ice and Fire — character 1132', 'https://anapioficeandfire.com/api/characters/1132', 'An API of Ice and Fire', 'structured_database', '2026-07-10');
INSERT INTO sources (entity_key, label, url, provider, source_kind, accessed) VALUES ('character:api-character-1132', 'A Song of Ice and Fire Wiki — Yoren', 'https://iceandfire.fandom.com/wiki/Yoren', 'A Song of Ice and Fire Wiki', 'reference_page', '2026-07-10');
INSERT INTO media (entity_key, local_path, provider, source_page, asset_url, media_kind, uncertain, metadata_json) VALUES ('character:api-character-1132', '/images/characters/api-character-1132.webp', 'A Song of Ice and Fire Wiki', 'https://iceandfire.fandom.com/wiki/Yoren', 'https://static.wikia.nocookie.net/iceandfire/images/e/e1/Yoren_of_the_Nightwatch.png/revision/latest?cb=20250128152008', 'wiki_lead_image', 0, '{"provider":"A Song of Ice and Fire Wiki","kind":"wiki_lead_image","match":"exact_page_title","uncertain":false,"url":"https://iceandfire.fandom.com/wiki/Yoren","assetUrl":"https://static.wikia.nocookie.net/iceandfire/images/e/e1/Yoren_of_the_Nightwatch.png/revision/latest?cb=20250128152008","accessed":"2026-07-10","originalSha256":"9291c4e8226fc62c1cb1fd2c755b3f269bb0b85d7eec16b68a6109536f59b640","derivativeSha256":"ede70f20a9d18ea4606c7b702de97f8156ed41e6f3a4dce9673842d4fe918675","width":1200,"height":900,"presentation":"proportional_resize_with_padding"}');
INSERT INTO entities_fts (entity_key, name, aliases, type) VALUES ('character:api-character-1132', 'Yoren', '', 'character');
INSERT INTO characters (entity_key, gender, culture, born, died, actor_json, titles_json, era) VALUES ('character:api-character-1132', 'male', 'Westeros', NULL, 'In 299 AC, at Gods Eye', '["Francis Magee"]', '[]', NULL);
INSERT INTO entities (entity_key, id, type, name, description, status, verification, raw_json) VALUES ('character:api-character-1142', 'api-character-1142', 'character', 'Aggo', NULL, 'unknown', 'upstream_record', '{"id":"api-character-1142","apiId":1142,"name":"Aggo","canonicalName":"Aggo","aliases":[],"actor":["Chuku Modu"],"gender":"male","culture":"Dothraki","born":null,"died":null,"status":"unknown","houses":["house-targaryen"],"titles":["Ko, Bloodrider of Daenerys Targaryen"],"father":null,"mother":null,"spouse":null,"books":[1,2,3,5,8],"povBooks":[],"show":["game-of-thrones"],"presence":[{"show":"game-of-thrones","kind":"depicted","seasons":["Season 6"]}],"playedBy":["Chuku Modu"],"sources":[{"label":"An API of Ice and Fire — character 1142","url":"https://anapioficeandfire.com/api/characters/1142","provider":"An API of Ice and Fire","kind":"structured_database","accessed":"2026-07-10"}],"verification":"upstream_record","image":"/images/fallback-character.svg","imageSource":{"provider":"Local archive fallback","kind":"fallback","match":"none","uncertain":false,"reason":"No exact verified image-page mapping is available.","url":null,"assetUrl":null},"parents":[],"children":[],"spouses":[],"house":null,"dragon":null}');
INSERT INTO appearances (entity_key, show_id, presence_kind, first_reference, details_json) VALUES ('character:api-character-1142', 'game-of-thrones', 'depicted', NULL, '{"show":"game-of-thrones","kind":"depicted","seasons":["Season 6"]}');
INSERT INTO sources (entity_key, label, url, provider, source_kind, accessed) VALUES ('character:api-character-1142', 'An API of Ice and Fire — character 1142', 'https://anapioficeandfire.com/api/characters/1142', 'An API of Ice and Fire', 'structured_database', '2026-07-10');
INSERT INTO media (entity_key, local_path, provider, source_page, asset_url, media_kind, uncertain, metadata_json) VALUES ('character:api-character-1142', '/images/fallback-character.svg', 'Local archive fallback', NULL, NULL, 'fallback', 0, '{"provider":"Local archive fallback","kind":"fallback","match":"none","uncertain":false,"reason":"No exact verified image-page mapping is available.","url":null,"assetUrl":null}');
INSERT INTO entities_fts (entity_key, name, aliases, type) VALUES ('character:api-character-1142', 'Aggo', '', 'character');
INSERT INTO characters (entity_key, gender, culture, born, died, actor_json, titles_json, era) VALUES ('character:api-character-1142', 'male', 'Dothraki', NULL, NULL, '["Chuku Modu"]', '["Ko, Bloodrider of Daenerys Targaryen"]', NULL);
INSERT INTO entities (entity_key, id, type, name, description, status, verification, raw_json) VALUES ('character:api-character-1165', 'api-character-1165', 'character', 'Anguy', NULL, 'unknown', 'upstream_record', '{"id":"api-character-1165","apiId":1165,"name":"Anguy","canonicalName":"Anguy","aliases":["The Archer"],"actor":["Philip McGinley"],"gender":"male","culture":null,"born":"At Dornish Marches","died":null,"status":"unknown","houses":[],"titles":[],"father":null,"mother":null,"spouse":null,"books":[1,3,5],"povBooks":[],"show":["game-of-thrones"],"presence":[{"show":"game-of-thrones","kind":"depicted","seasons":["Season 3"]}],"playedBy":["Philip McGinley"],"sources":[{"label":"An API of Ice and Fire — character 1165","url":"https://anapioficeandfire.com/api/characters/1165","provider":"An API of Ice and Fire","kind":"structured_database","accessed":"2026-07-10"},{"label":"A Song of Ice and Fire Wiki — Anguy","url":"https://iceandfire.fandom.com/wiki/Anguy","provider":"A Song of Ice and Fire Wiki","kind":"reference_page","accessed":"2026-07-10"}],"verification":"upstream_record","image":"/images/characters/api-character-1165.webp","imageSource":{"provider":"A Song of Ice and Fire Wiki","kind":"wiki_lead_image","match":"exact_page_title","uncertain":false,"url":"https://iceandfire.fandom.com/wiki/Anguy","assetUrl":"https://static.wikia.nocookie.net/iceandfire/images/8/80/Anguy_the_Archer.png/revision/latest?cb=20250211144858","accessed":"2026-07-10","originalSha256":"8f20ea9a22fddcec3b44e32bcfc64a0103fff4f5b9fb3d800c9931afa4417ea6","derivativeSha256":"01f183a0bd566ce8f3f023f224b0ca4734ab357ab432a71ef3b1ecc67faa8800","width":1200,"height":900,"presentation":"proportional_resize_with_padding"},"parents":[],"children":[],"spouses":[],"house":null,"dragon":null}');
INSERT INTO aliases (entity_key, alias) VALUES ('character:api-character-1165', 'The Archer');
INSERT INTO appearances (entity_key, show_id, presence_kind, first_reference, details_json) VALUES ('character:api-character-1165', 'game-of-thrones', 'depicted', NULL, '{"show":"game-of-thrones","kind":"depicted","seasons":["Season 3"]}');
INSERT INTO sources (entity_key, label, url, provider, source_kind, accessed) VALUES ('character:api-character-1165', 'An API of Ice and Fire — character 1165', 'https://anapioficeandfire.com/api/characters/1165', 'An API of Ice and Fire', 'structured_database', '2026-07-10');
INSERT INTO sources (entity_key, label, url, provider, source_kind, accessed) VALUES ('character:api-character-1165', 'A Song of Ice and Fire Wiki — Anguy', 'https://iceandfire.fandom.com/wiki/Anguy', 'A Song of Ice and Fire Wiki', 'reference_page', '2026-07-10');
INSERT INTO media (entity_key, local_path, provider, source_page, asset_url, media_kind, uncertain, metadata_json) VALUES ('character:api-character-1165', '/images/characters/api-character-1165.webp', 'A Song of Ice and Fire Wiki', 'https://iceandfire.fandom.com/wiki/Anguy', 'https://static.wikia.nocookie.net/iceandfire/images/8/80/Anguy_the_Archer.png/revision/latest?cb=20250211144858', 'wiki_lead_image', 0, '{"provider":"A Song of Ice and Fire Wiki","kind":"wiki_lead_image","match":"exact_page_title","uncertain":false,"url":"https://iceandfire.fandom.com/wiki/Anguy","assetUrl":"https://static.wikia.nocookie.net/iceandfire/images/8/80/Anguy_the_Archer.png/revision/latest?cb=20250211144858","accessed":"2026-07-10","originalSha256":"8f20ea9a22fddcec3b44e32bcfc64a0103fff4f5b9fb3d800c9931afa4417ea6","derivativeSha256":"01f183a0bd566ce8f3f023f224b0ca4734ab357ab432a71ef3b1ecc67faa8800","width":1200,"height":900,"presentation":"proportional_resize_with_padding"}');
INSERT INTO entities_fts (entity_key, name, aliases, type) VALUES ('character:api-character-1165', 'Anguy', 'The Archer', 'character');
INSERT INTO characters (entity_key, gender, culture, born, died, actor_json, titles_json, era) VALUES ('character:api-character-1165', 'male', NULL, 'At Dornish Marches', NULL, '["Philip McGinley"]', '[]', NULL);
INSERT INTO entities (entity_key, id, type, name, description, status, verification, raw_json) VALUES ('character:api-character-1166', 'api-character-1166', 'character', 'Areo Hotah', NULL, 'unknown', 'upstream_record', '{"id":"api-character-1166","apiId":1166,"name":"Areo Hotah","canonicalName":"Areo Hotah","aliases":[],"actor":["DeObia Oparei"],"gender":"male","culture":"Norvoshi","born":"In 257 AC or before, at Norvos","died":null,"status":"unknown","houses":[],"titles":["Captain of the Guard at Sunspear"],"father":null,"mother":null,"spouse":null,"books":[1,2,3],"povBooks":[5,8],"show":["game-of-thrones"],"presence":[{"show":"game-of-thrones","kind":"depicted","seasons":["Season 5","Season 6"]}],"playedBy":["DeObia Oparei"],"sources":[{"label":"An API of Ice and Fire — character 1166","url":"https://anapioficeandfire.com/api/characters/1166","provider":"An API of Ice and Fire","kind":"structured_database","accessed":"2026-07-10"},{"label":"A Song of Ice and Fire Wiki — Areo Hotah","url":"https://iceandfire.fandom.com/wiki/Areo_Hotah","provider":"A Song of Ice and Fire Wiki","kind":"reference_page","accessed":"2026-07-10"}],"verification":"upstream_record","image":"/images/characters/api-character-1166.webp","imageSource":{"provider":"A Song of Ice and Fire Wiki","kind":"wiki_lead_image","match":"exact_page_title","uncertain":false,"url":"https://iceandfire.fandom.com/wiki/Areo_Hotah","assetUrl":"https://static.wikia.nocookie.net/iceandfire/images/c/cf/300px-Areo_Hotah_by_henning.jpg/revision/latest?cb=20120213161824","accessed":"2026-07-10","originalSha256":"32f972fbc8a1caa39f7d3904f260c68d4132766b7db1b02dba7ed6e57e2e6bfb","derivativeSha256":"f4f826220216b74bf031b323b11ff1e01738613ce694908b04e43c73a2211c1a","width":1200,"height":900,"presentation":"proportional_resize_with_padding"},"parents":[],"children":[],"spouses":[],"house":null,"dragon":null}');
INSERT INTO appearances (entity_key, show_id, presence_kind, first_reference, details_json) VALUES ('character:api-character-1166', 'game-of-thrones', 'depicted', NULL, '{"show":"game-of-thrones","kind":"depicted","seasons":["Season 5","Season 6"]}');
INSERT INTO sources (entity_key, label, url, provider, source_kind, accessed) VALUES ('character:api-character-1166', 'An API of Ice and Fire — character 1166', 'https://anapioficeandfire.com/api/characters/1166', 'An API of Ice and Fire', 'structured_database', '2026-07-10');
INSERT INTO sources (entity_key, label, url, provider, source_kind, accessed) VALUES ('character:api-character-1166', 'A Song of Ice and Fire Wiki — Areo Hotah', 'https://iceandfire.fandom.com/wiki/Areo_Hotah', 'A Song of Ice and Fire Wiki', 'reference_page', '2026-07-10');
INSERT INTO media (entity_key, local_path, provider, source_page, asset_url, media_kind, uncertain, metadata_json) VALUES ('character:api-character-1166', '/images/characters/api-character-1166.webp', 'A Song of Ice and Fire Wiki', 'https://iceandfire.fandom.com/wiki/Areo_Hotah', 'https://static.wikia.nocookie.net/iceandfire/images/c/cf/300px-Areo_Hotah_by_henning.jpg/revision/latest?cb=20120213161824', 'wiki_lead_image', 0, '{"provider":"A Song of Ice and Fire Wiki","kind":"wiki_lead_image","match":"exact_page_title","uncertain":false,"url":"https://iceandfire.fandom.com/wiki/Areo_Hotah","assetUrl":"https://static.wikia.nocookie.net/iceandfire/images/c/cf/300px-Areo_Hotah_by_henning.jpg/revision/latest?cb=20120213161824","accessed":"2026-07-10","originalSha256":"32f972fbc8a1caa39f7d3904f260c68d4132766b7db1b02dba7ed6e57e2e6bfb","derivativeSha256":"f4f826220216b74bf031b323b11ff1e01738613ce694908b04e43c73a2211c1a","width":1200,"height":900,"presentation":"proportional_resize_with_padding"}');
INSERT INTO entities_fts (entity_key, name, aliases, type) VALUES ('character:api-character-1166', 'Areo Hotah', '', 'character');
INSERT INTO characters (entity_key, gender, culture, born, died, actor_json, titles_json, era) VALUES ('character:api-character-1166', 'male', 'Norvoshi', 'In 257 AC or before, at Norvos', NULL, '["DeObia Oparei"]', '["Captain of the Guard at Sunspear"]', NULL);
INSERT INTO entities (entity_key, id, type, name, description, status, verification, raw_json) VALUES ('character:api-character-1222', 'api-character-1222', 'character', 'Biter', NULL, 'dead', 'upstream_record', '{"id":"api-character-1222","apiId":1222,"name":"Biter","canonicalName":"Biter","aliases":[],"actor":["Unknown extra","Gerard Jordan"],"gender":"male","culture":null,"born":null,"died":"In 300 AC, at the inn at the crossroads","status":"dead","houses":[],"titles":[],"father":null,"mother":null,"spouse":null,"books":[2,3,5],"povBooks":[],"show":["game-of-thrones"],"presence":[{"show":"game-of-thrones","kind":"depicted","seasons":["Season 1","Season 2","Season 4"]}],"playedBy":["Unknown extra","Gerard Jordan"],"sources":[{"label":"An API of Ice and Fire — character 1222","url":"https://anapioficeandfire.com/api/characters/1222","provider":"An API of Ice and Fire","kind":"structured_database","accessed":"2026-07-10"}],"verification":"upstream_record","image":"/images/fallback-character.svg","imageSource":{"provider":"Local archive fallback","kind":"fallback","match":"none","uncertain":false,"reason":"No exact verified image-page mapping is available.","url":null,"assetUrl":null},"parents":[],"children":[],"spouses":[],"house":null,"dragon":null}');
INSERT INTO appearances (entity_key, show_id, presence_kind, first_reference, details_json) VALUES ('character:api-character-1222', 'game-of-thrones', 'depicted', NULL, '{"show":"game-of-thrones","kind":"depicted","seasons":["Season 1","Season 2","Season 4"]}');
INSERT INTO sources (entity_key, label, url, provider, source_kind, accessed) VALUES ('character:api-character-1222', 'An API of Ice and Fire — character 1222', 'https://anapioficeandfire.com/api/characters/1222', 'An API of Ice and Fire', 'structured_database', '2026-07-10');
INSERT INTO media (entity_key, local_path, provider, source_page, asset_url, media_kind, uncertain, metadata_json) VALUES ('character:api-character-1222', '/images/fallback-character.svg', 'Local archive fallback', NULL, NULL, 'fallback', 0, '{"provider":"Local archive fallback","kind":"fallback","match":"none","uncertain":false,"reason":"No exact verified image-page mapping is available.","url":null,"assetUrl":null}');
INSERT INTO entities_fts (entity_key, name, aliases, type) VALUES ('character:api-character-1222', 'Biter', '', 'character');
INSERT INTO characters (entity_key, gender, culture, born, died, actor_json, titles_json, era) VALUES ('character:api-character-1222', 'male', NULL, NULL, 'In 300 AC, at the inn at the crossroads', '["Unknown extra","Gerard Jordan"]', '[]', NULL);
INSERT INTO entities (entity_key, id, type, name, description, status, verification, raw_json) VALUES ('character:api-character-1242', 'api-character-1242', 'character', 'Brynden Rivers', NULL, 'dead', 'upstream_record', '{"id":"api-character-1242","apiId":1242,"name":"Brynden Rivers","canonicalName":"Brynden Rivers","aliases":["Lord Bloodraven","The three-eyed crow"],"actor":["Struan Rodger","Max Von Sydow"],"gender":"male","culture":"Valyrian","born":"In 175 AC, at King''s Landing","died":"In 252 AC(presumed), at beyond the Wall","status":"dead","houses":["house-targaryen"],"titles":["Ser","Hand of the King","Lord Commander of the Night''s Watch"],"father":null,"mother":null,"spouse":null,"books":[5,6,7,8,11],"povBooks":[],"show":["game-of-thrones"],"presence":[{"show":"game-of-thrones","kind":"depicted","seasons":["Season 4","Season 6"]}],"playedBy":["Struan Rodger","Max Von Sydow"],"sources":[{"label":"An API of Ice and Fire — character 1242","url":"https://anapioficeandfire.com/api/characters/1242","provider":"An API of Ice and Fire","kind":"structured_database","accessed":"2026-07-10"},{"label":"A Song of Ice and Fire Wiki — Brynden Rivers","url":"https://iceandfire.fandom.com/wiki/Brynden_Rivers","provider":"A Song of Ice and Fire Wiki","kind":"reference_page","accessed":"2026-07-10"}],"verification":"upstream_record","image":"/images/characters/api-character-1242.webp","imageSource":{"provider":"A Song of Ice and Fire Wiki","kind":"wiki_lead_image","match":"exact_page_title","uncertain":false,"url":"https://iceandfire.fandom.com/wiki/Brynden_Rivers","assetUrl":"https://static.wikia.nocookie.net/iceandfire/images/c/c1/Brynden_Rivers.jpg/revision/latest?cb=20200119020335","accessed":"2026-07-10","originalSha256":"e68b3623fda9853bfa7e7a4f28537d946ecc6363214bcf12354cd778d39811c9","derivativeSha256":"c22977d57f4333ed32fd35858e584647ebca6f84935fae0bb870cd09bb9149b3","width":1200,"height":900,"presentation":"proportional_resize_with_padding"},"parents":[],"children":[],"spouses":[],"house":null,"dragon":null}');
INSERT INTO aliases (entity_key, alias) VALUES ('character:api-character-1242', 'Lord Bloodraven');
INSERT INTO aliases (entity_key, alias) VALUES ('character:api-character-1242', 'The three-eyed crow');
INSERT INTO appearances (entity_key, show_id, presence_kind, first_reference, details_json) VALUES ('character:api-character-1242', 'game-of-thrones', 'depicted', NULL, '{"show":"game-of-thrones","kind":"depicted","seasons":["Season 4","Season 6"]}');
INSERT INTO sources (entity_key, label, url, provider, source_kind, accessed) VALUES ('character:api-character-1242', 'An API of Ice and Fire — character 1242', 'https://anapioficeandfire.com/api/characters/1242', 'An API of Ice and Fire', 'structured_database', '2026-07-10');
INSERT INTO sources (entity_key, label, url, provider, source_kind, accessed) VALUES ('character:api-character-1242', 'A Song of Ice and Fire Wiki — Brynden Rivers', 'https://iceandfire.fandom.com/wiki/Brynden_Rivers', 'A Song of Ice and Fire Wiki', 'reference_page', '2026-07-10');
INSERT INTO media (entity_key, local_path, provider, source_page, asset_url, media_kind, uncertain, metadata_json) VALUES ('character:api-character-1242', '/images/characters/api-character-1242.webp', 'A Song of Ice and Fire Wiki', 'https://iceandfire.fandom.com/wiki/Brynden_Rivers', 'https://static.wikia.nocookie.net/iceandfire/images/c/c1/Brynden_Rivers.jpg/revision/latest?cb=20200119020335', 'wiki_lead_image', 0, '{"provider":"A Song of Ice and Fire Wiki","kind":"wiki_lead_image","match":"exact_page_title","uncertain":false,"url":"https://iceandfire.fandom.com/wiki/Brynden_Rivers","assetUrl":"https://static.wikia.nocookie.net/iceandfire/images/c/c1/Brynden_Rivers.jpg/revision/latest?cb=20200119020335","accessed":"2026-07-10","originalSha256":"e68b3623fda9853bfa7e7a4f28537d946ecc6363214bcf12354cd778d39811c9","derivativeSha256":"c22977d57f4333ed32fd35858e584647ebca6f84935fae0bb870cd09bb9149b3","width":1200,"height":900,"presentation":"proportional_resize_with_padding"}');
INSERT INTO entities_fts (entity_key, name, aliases, type) VALUES ('character:api-character-1242', 'Brynden Rivers', 'Lord Bloodraven The three-eyed crow', 'character');
INSERT INTO characters (entity_key, gender, culture, born, died, actor_json, titles_json, era) VALUES ('character:api-character-1242', 'male', 'Valyrian', 'In 175 AC, at King''s Landing', 'In 252 AC(presumed), at beyond the Wall', '["Struan Rodger","Max Von Sydow"]', '["Ser","Hand of the King","Lord Commander of the Night''s Watch"]', NULL);
INSERT INTO entities (entity_key, id, type, name, description, status, verification, raw_json) VALUES ('character:api-character-1253', 'api-character-1253', 'character', 'Caleotte', NULL, 'unknown', 'upstream_record', '{"id":"api-character-1253","apiId":1253,"name":"Caleotte","canonicalName":"Caleotte","aliases":[],"actor":["Colin Azzopardi"],"gender":"male","culture":null,"born":null,"died":null,"status":"unknown","houses":[],"titles":["Maester"],"father":null,"mother":null,"spouse":null,"books":[1,2,3,5,8],"povBooks":[],"show":["game-of-thrones"],"presence":[{"show":"game-of-thrones","kind":"depicted","seasons":["Season 6"]}],"playedBy":["Colin Azzopardi"],"sources":[{"label":"An API of Ice and Fire — character 1253","url":"https://anapioficeandfire.com/api/characters/1253","provider":"An API of Ice and Fire","kind":"structured_database","accessed":"2026-07-10"}],"verification":"upstream_record","image":"/images/fallback-character.svg","imageSource":{"provider":"Local archive fallback","kind":"fallback","match":"none","uncertain":false,"reason":"No exact verified image-page mapping is available.","url":null,"assetUrl":null},"parents":[],"children":[],"spouses":[],"house":null,"dragon":null}');
INSERT INTO appearances (entity_key, show_id, presence_kind, first_reference, details_json) VALUES ('character:api-character-1253', 'game-of-thrones', 'depicted', NULL, '{"show":"game-of-thrones","kind":"depicted","seasons":["Season 6"]}');
INSERT INTO sources (entity_key, label, url, provider, source_kind, accessed) VALUES ('character:api-character-1253', 'An API of Ice and Fire — character 1253', 'https://anapioficeandfire.com/api/characters/1253', 'An API of Ice and Fire', 'structured_database', '2026-07-10');
INSERT INTO media (entity_key, local_path, provider, source_page, asset_url, media_kind, uncertain, metadata_json) VALUES ('character:api-character-1253', '/images/fallback-character.svg', 'Local archive fallback', NULL, NULL, 'fallback', 0, '{"provider":"Local archive fallback","kind":"fallback","match":"none","uncertain":false,"reason":"No exact verified image-page mapping is available.","url":null,"assetUrl":null}');
INSERT INTO entities_fts (entity_key, name, aliases, type) VALUES ('character:api-character-1253', 'Caleotte', '', 'character');
INSERT INTO characters (entity_key, gender, culture, born, died, actor_json, titles_json, era) VALUES ('character:api-character-1253', 'male', NULL, NULL, NULL, '["Colin Azzopardi"]', '["Maester"]', NULL);
INSERT INTO entities (entity_key, id, type, name, description, status, verification, raw_json) VALUES ('character:api-character-1266', 'api-character-1266', 'character', 'Chella daughter of Cheyk', NULL, 'unknown', 'upstream_record', '{"id":"api-character-1266","apiId":1266,"name":"Chella daughter of Cheyk","canonicalName":"Chella daughter of Cheyk","aliases":[],"actor":[],"gender":"female","culture":"Mountain clans","born":null,"died":null,"status":"unknown","houses":[],"titles":[],"father":null,"mother":null,"spouse":null,"books":[1,2,3],"povBooks":[],"show":["game-of-thrones"],"presence":[{"show":"game-of-thrones","kind":"depicted","seasons":["Season 1"]}],"playedBy":[],"sources":[{"label":"An API of Ice and Fire — character 1266","url":"https://anapioficeandfire.com/api/characters/1266","provider":"An API of Ice and Fire","kind":"structured_database","accessed":"2026-07-10"}],"verification":"upstream_record","image":"/images/fallback-character.svg","imageSource":{"provider":"Local archive fallback","kind":"fallback","match":"none","uncertain":false,"reason":"No exact verified image-page mapping is available.","url":null,"assetUrl":null},"parents":[],"children":[],"spouses":[],"house":null,"dragon":null}');
INSERT INTO appearances (entity_key, show_id, presence_kind, first_reference, details_json) VALUES ('character:api-character-1266', 'game-of-thrones', 'depicted', NULL, '{"show":"game-of-thrones","kind":"depicted","seasons":["Season 1"]}');
INSERT INTO sources (entity_key, label, url, provider, source_kind, accessed) VALUES ('character:api-character-1266', 'An API of Ice and Fire — character 1266', 'https://anapioficeandfire.com/api/characters/1266', 'An API of Ice and Fire', 'structured_database', '2026-07-10');
INSERT INTO media (entity_key, local_path, provider, source_page, asset_url, media_kind, uncertain, metadata_json) VALUES ('character:api-character-1266', '/images/fallback-character.svg', 'Local archive fallback', NULL, NULL, 'fallback', 0, '{"provider":"Local archive fallback","kind":"fallback","match":"none","uncertain":false,"reason":"No exact verified image-page mapping is available.","url":null,"assetUrl":null}');
INSERT INTO entities_fts (entity_key, name, aliases, type) VALUES ('character:api-character-1266', 'Chella daughter of Cheyk', '', 'character');
INSERT INTO characters (entity_key, gender, culture, born, died, actor_json, titles_json, era) VALUES ('character:api-character-1266', 'female', 'Mountain clans', NULL, NULL, '[]', '[]', NULL);
INSERT INTO entities (entity_key, id, type, name, description, status, verification, raw_json) VALUES ('character:api-character-1293', 'api-character-1293', 'character', 'Craster', NULL, 'dead', 'upstream_record', '{"id":"api-character-1293","apiId":1293,"name":"Craster","canonicalName":"Craster","aliases":[],"actor":["Robert Pugh"],"gender":"male","culture":"Free Folk","born":null,"died":"In 299 AC, at Craster''s Keep","status":"dead","houses":[],"titles":[],"father":null,"mother":null,"spouse":null,"books":[2,3,5,8],"povBooks":[],"show":["game-of-thrones"],"presence":[{"show":"game-of-thrones","kind":"depicted","seasons":["Season 2","Season 3"]}],"playedBy":["Robert Pugh"],"sources":[{"label":"An API of Ice and Fire — character 1293","url":"https://anapioficeandfire.com/api/characters/1293","provider":"An API of Ice and Fire","kind":"structured_database","accessed":"2026-07-10"}],"verification":"upstream_record","image":"/images/fallback-character.svg","imageSource":{"provider":"Local archive fallback","kind":"fallback","match":"none","uncertain":false,"reason":"No exact verified image-page mapping is available.","url":null,"assetUrl":null},"parents":[],"children":[],"spouses":[],"house":null,"dragon":null}');
INSERT INTO appearances (entity_key, show_id, presence_kind, first_reference, details_json) VALUES ('character:api-character-1293', 'game-of-thrones', 'depicted', NULL, '{"show":"game-of-thrones","kind":"depicted","seasons":["Season 2","Season 3"]}');
INSERT INTO sources (entity_key, label, url, provider, source_kind, accessed) VALUES ('character:api-character-1293', 'An API of Ice and Fire — character 1293', 'https://anapioficeandfire.com/api/characters/1293', 'An API of Ice and Fire', 'structured_database', '2026-07-10');
INSERT INTO media (entity_key, local_path, provider, source_page, asset_url, media_kind, uncertain, metadata_json) VALUES ('character:api-character-1293', '/images/fallback-character.svg', 'Local archive fallback', NULL, NULL, 'fallback', 0, '{"provider":"Local archive fallback","kind":"fallback","match":"none","uncertain":false,"reason":"No exact verified image-page mapping is available.","url":null,"assetUrl":null}');
INSERT INTO entities_fts (entity_key, name, aliases, type) VALUES ('character:api-character-1293', 'Craster', '', 'character');
INSERT INTO characters (entity_key, gender, culture, born, died, actor_json, titles_json, era) VALUES ('character:api-character-1293', 'male', 'Free Folk', NULL, 'In 299 AC, at Craster''s Keep', '["Robert Pugh"]', '[]', NULL);
INSERT INTO entities (entity_key, id, type, name, description, status, verification, raw_json) VALUES ('character:api-character-1295', 'api-character-1295', 'character', 'Cressen', NULL, 'dead', 'upstream_record', '{"id":"api-character-1295","apiId":1295,"name":"Cressen","canonicalName":"Cressen","aliases":[],"actor":["Oliver Ford"],"gender":"male","culture":null,"born":"In 219 AC or 220 AC","died":"In 299 AC, at Dragonstone","status":"dead","houses":[],"titles":["Maester"],"father":null,"mother":null,"spouse":null,"books":[3,5],"povBooks":[2],"show":["game-of-thrones"],"presence":[{"show":"game-of-thrones","kind":"depicted","seasons":["Season 2"]}],"playedBy":["Oliver Ford"],"sources":[{"label":"An API of Ice and Fire — character 1295","url":"https://anapioficeandfire.com/api/characters/1295","provider":"An API of Ice and Fire","kind":"structured_database","accessed":"2026-07-10"},{"label":"A Song of Ice and Fire Wiki — Cressen","url":"https://iceandfire.fandom.com/wiki/Cressen","provider":"A Song of Ice and Fire Wiki","kind":"reference_page","accessed":"2026-07-10"}],"verification":"upstream_record","image":"/images/characters/api-character-1295.webp","imageSource":{"provider":"A Song of Ice and Fire Wiki","kind":"wiki_lead_image","match":"exact_page_title","uncertain":false,"url":"https://iceandfire.fandom.com/wiki/Cressen","assetUrl":"https://static.wikia.nocookie.net/iceandfire/images/e/e0/Maester_Cressen.jpg/revision/latest?cb=20120213164331","accessed":"2026-07-10","originalSha256":"22d39ff289670de36535ba972366a09ed58ddddd5768aaff465069da0cb0a56e","derivativeSha256":"bcfae9b243014de959e6e691b37dc6b25de61efd2a400c42a981a60e5014a27b","width":1200,"height":900,"presentation":"proportional_resize_with_padding"},"parents":[],"children":[],"spouses":[],"house":null,"dragon":null}');
INSERT INTO appearances (entity_key, show_id, presence_kind, first_reference, details_json) VALUES ('character:api-character-1295', 'game-of-thrones', 'depicted', NULL, '{"show":"game-of-thrones","kind":"depicted","seasons":["Season 2"]}');
INSERT INTO sources (entity_key, label, url, provider, source_kind, accessed) VALUES ('character:api-character-1295', 'An API of Ice and Fire — character 1295', 'https://anapioficeandfire.com/api/characters/1295', 'An API of Ice and Fire', 'structured_database', '2026-07-10');
INSERT INTO sources (entity_key, label, url, provider, source_kind, accessed) VALUES ('character:api-character-1295', 'A Song of Ice and Fire Wiki — Cressen', 'https://iceandfire.fandom.com/wiki/Cressen', 'A Song of Ice and Fire Wiki', 'reference_page', '2026-07-10');
INSERT INTO media (entity_key, local_path, provider, source_page, asset_url, media_kind, uncertain, metadata_json) VALUES ('character:api-character-1295', '/images/characters/api-character-1295.webp', 'A Song of Ice and Fire Wiki', 'https://iceandfire.fandom.com/wiki/Cressen', 'https://static.wikia.nocookie.net/iceandfire/images/e/e0/Maester_Cressen.jpg/revision/latest?cb=20120213164331', 'wiki_lead_image', 0, '{"provider":"A Song of Ice and Fire Wiki","kind":"wiki_lead_image","match":"exact_page_title","uncertain":false,"url":"https://iceandfire.fandom.com/wiki/Cressen","assetUrl":"https://static.wikia.nocookie.net/iceandfire/images/e/e0/Maester_Cressen.jpg/revision/latest?cb=20120213164331","accessed":"2026-07-10","originalSha256":"22d39ff289670de36535ba972366a09ed58ddddd5768aaff465069da0cb0a56e","derivativeSha256":"bcfae9b243014de959e6e691b37dc6b25de61efd2a400c42a981a60e5014a27b","width":1200,"height":900,"presentation":"proportional_resize_with_padding"}');
INSERT INTO entities_fts (entity_key, name, aliases, type) VALUES ('character:api-character-1295', 'Cressen', '', 'character');
INSERT INTO characters (entity_key, gender, culture, born, died, actor_json, titles_json, era) VALUES ('character:api-character-1295', 'male', NULL, 'In 219 AC or 220 AC', 'In 299 AC, at Dragonstone', '["Oliver Ford"]', '["Maester"]', NULL);
INSERT INTO entities (entity_key, id, type, name, description, status, verification, raw_json) VALUES ('character:api-character-1298', 'api-character-1298', 'character', 'Daario Naharis', NULL, 'unknown', 'upstream_record', '{"id":"api-character-1298","apiId":1298,"name":"Daario Naharis","canonicalName":"Daario Naharis","aliases":[],"actor":["Ed Skrein","Michiel Huisman"],"gender":"male","culture":"Tyroshi","born":null,"died":null,"status":"unknown","houses":[],"titles":[],"father":null,"mother":null,"spouse":null,"books":[3,5,8],"povBooks":[],"show":["game-of-thrones"],"presence":[{"show":"game-of-thrones","kind":"depicted","seasons":["Season 3","Season 4","Season 5","Season 6"]}],"playedBy":["Ed Skrein","Michiel Huisman"],"sources":[{"label":"An API of Ice and Fire — character 1298","url":"https://anapioficeandfire.com/api/characters/1298","provider":"An API of Ice and Fire","kind":"structured_database","accessed":"2026-07-10"},{"label":"A Song of Ice and Fire Wiki — Daario Naharis","url":"https://iceandfire.fandom.com/wiki/Daario_Naharis","provider":"A Song of Ice and Fire Wiki","kind":"reference_page","accessed":"2026-07-10"}],"verification":"upstream_record","image":"/images/characters/api-character-1298.webp","imageSource":{"provider":"A Song of Ice and Fire Wiki","kind":"wiki_lead_image","match":"exact_page_title","uncertain":false,"url":"https://iceandfire.fandom.com/wiki/Daario_Naharis","assetUrl":"https://static.wikia.nocookie.net/iceandfire/images/c/c1/Daario_by_amoka.jpg/revision/latest?cb=20150517081627","accessed":"2026-07-10","originalSha256":"f135843d06392cf75f461768a5d6820096feead7b38bcfb3fc08f9f7d9d52c64","derivativeSha256":"fb3b7657e9fde98a77136815033ebd3da1c77d320a77ea78dd1749f947741b0e","width":1200,"height":900,"presentation":"proportional_resize_with_padding"},"parents":[],"children":[],"spouses":[],"house":null,"dragon":null}');
INSERT INTO appearances (entity_key, show_id, presence_kind, first_reference, details_json) VALUES ('character:api-character-1298', 'game-of-thrones', 'depicted', NULL, '{"show":"game-of-thrones","kind":"depicted","seasons":["Season 3","Season 4","Season 5","Season 6"]}');
INSERT INTO sources (entity_key, label, url, provider, source_kind, accessed) VALUES ('character:api-character-1298', 'An API of Ice and Fire — character 1298', 'https://anapioficeandfire.com/api/characters/1298', 'An API of Ice and Fire', 'structured_database', '2026-07-10');
INSERT INTO sources (entity_key, label, url, provider, source_kind, accessed) VALUES ('character:api-character-1298', 'A Song of Ice and Fire Wiki — Daario Naharis', 'https://iceandfire.fandom.com/wiki/Daario_Naharis', 'A Song of Ice and Fire Wiki', 'reference_page', '2026-07-10');
INSERT INTO media (entity_key, local_path, provider, source_page, asset_url, media_kind, uncertain, metadata_json) VALUES ('character:api-character-1298', '/images/characters/api-character-1298.webp', 'A Song of Ice and Fire Wiki', 'https://iceandfire.fandom.com/wiki/Daario_Naharis', 'https://static.wikia.nocookie.net/iceandfire/images/c/c1/Daario_by_amoka.jpg/revision/latest?cb=20150517081627', 'wiki_lead_image', 0, '{"provider":"A Song of Ice and Fire Wiki","kind":"wiki_lead_image","match":"exact_page_title","uncertain":false,"url":"https://iceandfire.fandom.com/wiki/Daario_Naharis","assetUrl":"https://static.wikia.nocookie.net/iceandfire/images/c/c1/Daario_by_amoka.jpg/revision/latest?cb=20150517081627","accessed":"2026-07-10","originalSha256":"f135843d06392cf75f461768a5d6820096feead7b38bcfb3fc08f9f7d9d52c64","derivativeSha256":"fb3b7657e9fde98a77136815033ebd3da1c77d320a77ea78dd1749f947741b0e","width":1200,"height":900,"presentation":"proportional_resize_with_padding"}');
INSERT INTO entities_fts (entity_key, name, aliases, type) VALUES ('character:api-character-1298', 'Daario Naharis', '', 'character');
INSERT INTO characters (entity_key, gender, culture, born, died, actor_json, titles_json, era) VALUES ('character:api-character-1298', 'male', 'Tyroshi', NULL, NULL, '["Ed Skrein","Michiel Huisman"]', '[]', NULL);
INSERT INTO entities (entity_key, id, type, name, description, status, verification, raw_json) VALUES ('character:api-character-1301', 'api-character-1301', 'character', 'Daemon Sand', NULL, 'unknown', 'upstream_record', '{"id":"api-character-1301","apiId":1301,"name":"Daemon Sand","canonicalName":"Daemon Sand","aliases":["Bastard of Godsgrace"],"actor":[],"gender":"male","culture":"Dornish","born":"In 275 or 276 AC","died":null,"status":"unknown","houses":[],"titles":["Ser"],"father":null,"mother":null,"spouse":null,"books":[3,5,8],"povBooks":[],"show":["game-of-thrones"],"presence":[{"show":"game-of-thrones","kind":"depicted","seasons":["Season 4"]}],"playedBy":[],"sources":[{"label":"An API of Ice and Fire — character 1301","url":"https://anapioficeandfire.com/api/characters/1301","provider":"An API of Ice and Fire","kind":"structured_database","accessed":"2026-07-10"}],"verification":"upstream_record","image":"/images/fallback-character.svg","imageSource":{"provider":"Local archive fallback","kind":"fallback","match":"none","uncertain":false,"reason":"No exact verified image-page mapping is available.","url":null,"assetUrl":null},"parents":[],"children":[],"spouses":[],"house":null,"dragon":null}');
INSERT INTO aliases (entity_key, alias) VALUES ('character:api-character-1301', 'Bastard of Godsgrace');
INSERT INTO appearances (entity_key, show_id, presence_kind, first_reference, details_json) VALUES ('character:api-character-1301', 'game-of-thrones', 'depicted', NULL, '{"show":"game-of-thrones","kind":"depicted","seasons":["Season 4"]}');
INSERT INTO sources (entity_key, label, url, provider, source_kind, accessed) VALUES ('character:api-character-1301', 'An API of Ice and Fire — character 1301', 'https://anapioficeandfire.com/api/characters/1301', 'An API of Ice and Fire', 'structured_database', '2026-07-10');
INSERT INTO media (entity_key, local_path, provider, source_page, asset_url, media_kind, uncertain, metadata_json) VALUES ('character:api-character-1301', '/images/fallback-character.svg', 'Local archive fallback', NULL, NULL, 'fallback', 0, '{"provider":"Local archive fallback","kind":"fallback","match":"none","uncertain":false,"reason":"No exact verified image-page mapping is available.","url":null,"assetUrl":null}');
INSERT INTO entities_fts (entity_key, name, aliases, type) VALUES ('character:api-character-1301', 'Daemon Sand', 'Bastard of Godsgrace', 'character');
INSERT INTO characters (entity_key, gender, culture, born, died, actor_json, titles_json, era) VALUES ('character:api-character-1301', 'male', 'Dornish', 'In 275 or 276 AC', NULL, '[]', '["Ser"]', NULL);
INSERT INTO entities (entity_key, id, type, name, description, status, verification, raw_json) VALUES ('character:api-character-1306', 'api-character-1306', 'character', 'Dagmer', NULL, 'unknown', 'upstream_record', '{"id":"api-character-1306","apiId":1306,"name":"Dagmer","canonicalName":"Dagmer","aliases":["Dagmer Cleftjaw"],"actor":["Ralph Ineson"],"gender":"male","culture":"Ironborn","born":null,"died":null,"status":"unknown","houses":["house-greyjoy"],"titles":["Captain of Foamdrinker"],"father":null,"mother":null,"spouse":null,"books":[2,5,8],"povBooks":[],"show":["game-of-thrones"],"presence":[{"show":"game-of-thrones","kind":"depicted","seasons":["Season 2"]}],"playedBy":["Ralph Ineson"],"sources":[{"label":"An API of Ice and Fire — character 1306","url":"https://anapioficeandfire.com/api/characters/1306","provider":"An API of Ice and Fire","kind":"structured_database","accessed":"2026-07-10"}],"verification":"upstream_record","image":"/images/fallback-character.svg","imageSource":{"provider":"Local archive fallback","kind":"fallback","match":"none","uncertain":false,"reason":"No exact verified image-page mapping is available.","url":null,"assetUrl":null},"parents":[],"children":[],"spouses":[],"house":null,"dragon":null}');
INSERT INTO aliases (entity_key, alias) VALUES ('character:api-character-1306', 'Dagmer Cleftjaw');
INSERT INTO appearances (entity_key, show_id, presence_kind, first_reference, details_json) VALUES ('character:api-character-1306', 'game-of-thrones', 'depicted', NULL, '{"show":"game-of-thrones","kind":"depicted","seasons":["Season 2"]}');
INSERT INTO sources (entity_key, label, url, provider, source_kind, accessed) VALUES ('character:api-character-1306', 'An API of Ice and Fire — character 1306', 'https://anapioficeandfire.com/api/characters/1306', 'An API of Ice and Fire', 'structured_database', '2026-07-10');
INSERT INTO media (entity_key, local_path, provider, source_page, asset_url, media_kind, uncertain, metadata_json) VALUES ('character:api-character-1306', '/images/fallback-character.svg', 'Local archive fallback', NULL, NULL, 'fallback', 0, '{"provider":"Local archive fallback","kind":"fallback","match":"none","uncertain":false,"reason":"No exact verified image-page mapping is available.","url":null,"assetUrl":null}');
INSERT INTO entities_fts (entity_key, name, aliases, type) VALUES ('character:api-character-1306', 'Dagmer', 'Dagmer Cleftjaw', 'character');
INSERT INTO characters (entity_key, gender, culture, born, died, actor_json, titles_json, era) VALUES ('character:api-character-1306', 'male', 'Ironborn', NULL, NULL, '["Ralph Ineson"]', '["Captain of Foamdrinker"]', NULL);
INSERT INTO entities (entity_key, id, type, name, description, status, verification, raw_json) VALUES ('character:api-character-1319', 'api-character-1319', 'character', 'Davos Seaworth', NULL, 'unknown', 'upstream_record', '{"id":"api-character-1319","apiId":1319,"name":"Davos Seaworth","canonicalName":"Davos Seaworth","aliases":["Onion Knight","Davos Shorthand","Ser Onions","Onion Lord","Smuggler"],"actor":["Liam Cunningham"],"gender":"male","culture":"Westeros","born":"In 260 AC or before, at King''s Landing","died":null,"status":"unknown","houses":["house-baratheon","house-seaworth"],"titles":["Ser","Lord of the Rainwood","Admiral of the Narrow Sea","Hand of the King"],"father":null,"mother":null,"spouse":null,"books":[5],"povBooks":[2,3,8],"show":["game-of-thrones"],"presence":[{"show":"game-of-thrones","kind":"depicted","seasons":["Season 2","Season 3","Season 4","Season 5","Season 6"]}],"playedBy":["Liam Cunningham"],"sources":[{"label":"An API of Ice and Fire — character 1319","url":"https://anapioficeandfire.com/api/characters/1319","provider":"An API of Ice and Fire","kind":"structured_database","accessed":"2026-07-10"},{"label":"A Song of Ice and Fire Wiki — Davos Seaworth","url":"https://iceandfire.fandom.com/wiki/Davos_Seaworth","provider":"A Song of Ice and Fire Wiki","kind":"reference_page","accessed":"2026-07-10"}],"verification":"upstream_record","image":"/images/characters/api-character-1319.webp","imageSource":{"provider":"A Song of Ice and Fire Wiki","kind":"wiki_lead_image","match":"exact_page_title","uncertain":false,"url":"https://iceandfire.fandom.com/wiki/Davos_Seaworth","assetUrl":"https://static.wikia.nocookie.net/iceandfire/images/9/95/Davos_by_amoka.jpg/revision/latest?cb=20150515224038","accessed":"2026-07-10","originalSha256":"371b0ace8a4c67e46c3fd16ec4cacffb7391a6d7fe41f40bc78226db13175bd7","derivativeSha256":"44837eabcad8226f5c6d7356661fabc4e8755888d0510a34bd401808a1b1e752","width":1200,"height":900,"presentation":"proportional_resize_with_padding"},"parents":[],"children":[],"spouses":[],"house":null,"dragon":null}');
INSERT INTO aliases (entity_key, alias) VALUES ('character:api-character-1319', 'Onion Knight');
INSERT INTO aliases (entity_key, alias) VALUES ('character:api-character-1319', 'Davos Shorthand');
INSERT INTO aliases (entity_key, alias) VALUES ('character:api-character-1319', 'Ser Onions');
INSERT INTO aliases (entity_key, alias) VALUES ('character:api-character-1319', 'Onion Lord');
INSERT INTO aliases (entity_key, alias) VALUES ('character:api-character-1319', 'Smuggler');
INSERT INTO appearances (entity_key, show_id, presence_kind, first_reference, details_json) VALUES ('character:api-character-1319', 'game-of-thrones', 'depicted', NULL, '{"show":"game-of-thrones","kind":"depicted","seasons":["Season 2","Season 3","Season 4","Season 5","Season 6"]}');
INSERT INTO sources (entity_key, label, url, provider, source_kind, accessed) VALUES ('character:api-character-1319', 'An API of Ice and Fire — character 1319', 'https://anapioficeandfire.com/api/characters/1319', 'An API of Ice and Fire', 'structured_database', '2026-07-10');
INSERT INTO sources (entity_key, label, url, provider, source_kind, accessed) VALUES ('character:api-character-1319', 'A Song of Ice and Fire Wiki — Davos Seaworth', 'https://iceandfire.fandom.com/wiki/Davos_Seaworth', 'A Song of Ice and Fire Wiki', 'reference_page', '2026-07-10');
INSERT INTO media (entity_key, local_path, provider, source_page, asset_url, media_kind, uncertain, metadata_json) VALUES ('character:api-character-1319', '/images/characters/api-character-1319.webp', 'A Song of Ice and Fire Wiki', 'https://iceandfire.fandom.com/wiki/Davos_Seaworth', 'https://static.wikia.nocookie.net/iceandfire/images/9/95/Davos_by_amoka.jpg/revision/latest?cb=20150515224038', 'wiki_lead_image', 0, '{"provider":"A Song of Ice and Fire Wiki","kind":"wiki_lead_image","match":"exact_page_title","uncertain":false,"url":"https://iceandfire.fandom.com/wiki/Davos_Seaworth","assetUrl":"https://static.wikia.nocookie.net/iceandfire/images/9/95/Davos_by_amoka.jpg/revision/latest?cb=20150515224038","accessed":"2026-07-10","originalSha256":"371b0ace8a4c67e46c3fd16ec4cacffb7391a6d7fe41f40bc78226db13175bd7","derivativeSha256":"44837eabcad8226f5c6d7356661fabc4e8755888d0510a34bd401808a1b1e752","width":1200,"height":900,"presentation":"proportional_resize_with_padding"}');
INSERT INTO entities_fts (entity_key, name, aliases, type) VALUES ('character:api-character-1319', 'Davos Seaworth', 'Onion Knight Davos Shorthand Ser Onions Onion Lord Smuggler', 'character');
INSERT INTO characters (entity_key, gender, culture, born, died, actor_json, titles_json, era) VALUES ('character:api-character-1319', 'male', 'Westeros', 'In 260 AC or before, at King''s Landing', NULL, '["Liam Cunningham"]', '["Ser","Lord of the Rainwood","Admiral of the Narrow Sea","Hand of the King"]', NULL);
INSERT INTO entities (entity_key, id, type, name, description, status, verification, raw_json) VALUES ('character:api-character-1340', 'api-character-1340', 'character', 'Doreah', NULL, 'dead', 'upstream_record', '{"id":"api-character-1340","apiId":1340,"name":"Doreah","canonicalName":"Doreah","aliases":[],"actor":["Roxanne McKee"],"gender":"female","culture":"Lysene","born":"In 278 or 279 AC","died":"In 299 AC, at Red waste","status":"dead","houses":["house-targaryen"],"titles":[],"father":null,"mother":null,"spouse":null,"books":[1,2,8],"povBooks":[],"show":["game-of-thrones"],"presence":[{"show":"game-of-thrones","kind":"depicted","seasons":["Season 1","Season 2"]}],"playedBy":["Roxanne McKee"],"sources":[{"label":"An API of Ice and Fire — character 1340","url":"https://anapioficeandfire.com/api/characters/1340","provider":"An API of Ice and Fire","kind":"structured_database","accessed":"2026-07-10"},{"label":"A Song of Ice and Fire Wiki — Doreah","url":"https://iceandfire.fandom.com/wiki/Doreah","provider":"A Song of Ice and Fire Wiki","kind":"reference_page","accessed":"2026-07-10"}],"verification":"upstream_record","image":"/images/characters/api-character-1340.webp","imageSource":{"provider":"A Song of Ice and Fire Wiki","kind":"wiki_lead_image","match":"exact_page_title","uncertain":false,"url":"https://iceandfire.fandom.com/wiki/Doreah","assetUrl":"https://static.wikia.nocookie.net/iceandfire/images/a/a0/Doreah.png/revision/latest?cb=20250211143146","accessed":"2026-07-10","originalSha256":"4fe7af7a496e8d1c14dd495de6c7bbb8c41ce9c0404d29db2a3b2f5cc4850eea","derivativeSha256":"ed36b504bb507cca0c4be0a2aa80ad913373808be44f2450b48d014b446ec115","width":1200,"height":900,"presentation":"proportional_resize_with_padding"},"parents":[],"children":[],"spouses":[],"house":null,"dragon":null}');
INSERT INTO appearances (entity_key, show_id, presence_kind, first_reference, details_json) VALUES ('character:api-character-1340', 'game-of-thrones', 'depicted', NULL, '{"show":"game-of-thrones","kind":"depicted","seasons":["Season 1","Season 2"]}');
INSERT INTO sources (entity_key, label, url, provider, source_kind, accessed) VALUES ('character:api-character-1340', 'An API of Ice and Fire — character 1340', 'https://anapioficeandfire.com/api/characters/1340', 'An API of Ice and Fire', 'structured_database', '2026-07-10');
INSERT INTO sources (entity_key, label, url, provider, source_kind, accessed) VALUES ('character:api-character-1340', 'A Song of Ice and Fire Wiki — Doreah', 'https://iceandfire.fandom.com/wiki/Doreah', 'A Song of Ice and Fire Wiki', 'reference_page', '2026-07-10');
INSERT INTO media (entity_key, local_path, provider, source_page, asset_url, media_kind, uncertain, metadata_json) VALUES ('character:api-character-1340', '/images/characters/api-character-1340.webp', 'A Song of Ice and Fire Wiki', 'https://iceandfire.fandom.com/wiki/Doreah', 'https://static.wikia.nocookie.net/iceandfire/images/a/a0/Doreah.png/revision/latest?cb=20250211143146', 'wiki_lead_image', 0, '{"provider":"A Song of Ice and Fire Wiki","kind":"wiki_lead_image","match":"exact_page_title","uncertain":false,"url":"https://iceandfire.fandom.com/wiki/Doreah","assetUrl":"https://static.wikia.nocookie.net/iceandfire/images/a/a0/Doreah.png/revision/latest?cb=20250211143146","accessed":"2026-07-10","originalSha256":"4fe7af7a496e8d1c14dd495de6c7bbb8c41ce9c0404d29db2a3b2f5cc4850eea","derivativeSha256":"ed36b504bb507cca0c4be0a2aa80ad913373808be44f2450b48d014b446ec115","width":1200,"height":900,"presentation":"proportional_resize_with_padding"}');
INSERT INTO entities_fts (entity_key, name, aliases, type) VALUES ('character:api-character-1340', 'Doreah', '', 'character');
INSERT INTO characters (entity_key, gender, culture, born, died, actor_json, titles_json, era) VALUES ('character:api-character-1340', 'female', 'Lysene', 'In 278 or 279 AC', 'In 299 AC, at Red waste', '["Roxanne McKee"]', '[]', NULL);
INSERT INTO entities (entity_key, id, type, name, description, status, verification, raw_json) VALUES ('character:api-character-1345', 'api-character-1345', 'character', 'Drennan', NULL, 'dead', 'upstream_record', '{"id":"api-character-1345","apiId":1345,"name":"Drennan","canonicalName":"Drennan","aliases":[],"actor":["David Coakley"],"gender":"male","culture":"Ironborn","born":null,"died":"In 299 AC, at Winterfell","status":"dead","houses":["house-greyjoy"],"titles":[],"father":null,"mother":null,"spouse":null,"books":[2],"povBooks":[],"show":["game-of-thrones"],"presence":[{"show":"game-of-thrones","kind":"depicted","seasons":["Season 2"]}],"playedBy":["David Coakley"],"sources":[{"label":"An API of Ice and Fire — character 1345","url":"https://anapioficeandfire.com/api/characters/1345","provider":"An API of Ice and Fire","kind":"structured_database","accessed":"2026-07-10"}],"verification":"upstream_record","image":"/images/fallback-character.svg","imageSource":{"provider":"Local archive fallback","kind":"fallback","match":"none","uncertain":false,"reason":"No exact verified image-page mapping is available.","url":null,"assetUrl":null},"parents":[],"children":[],"spouses":[],"house":null,"dragon":null}');
INSERT INTO appearances (entity_key, show_id, presence_kind, first_reference, details_json) VALUES ('character:api-character-1345', 'game-of-thrones', 'depicted', NULL, '{"show":"game-of-thrones","kind":"depicted","seasons":["Season 2"]}');
INSERT INTO sources (entity_key, label, url, provider, source_kind, accessed) VALUES ('character:api-character-1345', 'An API of Ice and Fire — character 1345', 'https://anapioficeandfire.com/api/characters/1345', 'An API of Ice and Fire', 'structured_database', '2026-07-10');
INSERT INTO media (entity_key, local_path, provider, source_page, asset_url, media_kind, uncertain, metadata_json) VALUES ('character:api-character-1345', '/images/fallback-character.svg', 'Local archive fallback', NULL, NULL, 'fallback', 0, '{"provider":"Local archive fallback","kind":"fallback","match":"none","uncertain":false,"reason":"No exact verified image-page mapping is available.","url":null,"assetUrl":null}');
INSERT INTO entities_fts (entity_key, name, aliases, type) VALUES ('character:api-character-1345', 'Drennan', '', 'character');
INSERT INTO characters (entity_key, gender, culture, born, died, actor_json, titles_json, era) VALUES ('character:api-character-1345', 'male', 'Ironborn', NULL, 'In 299 AC, at Winterfell', '["David Coakley"]', '[]', NULL);
INSERT INTO entities (entity_key, id, type, name, description, status, verification, raw_json) VALUES ('character:api-character-1346', 'api-character-1346', 'character', 'Drogo', NULL, 'dead', 'upstream_record', '{"id":"api-character-1346","apiId":1346,"name":"Drogo","canonicalName":"Drogo","aliases":["Great Rider","Great Khal"],"actor":["Jason Momoa"],"gender":"male","culture":"Dothraki","born":"In or around 267 AC","died":"In 298 AC, at Dothraki sea","status":"dead","houses":[],"titles":["Khal"],"father":null,"mother":null,"spouse":"daenerys-targaryen","books":[1,2,3,8],"povBooks":[],"show":["game-of-thrones"],"presence":[{"show":"game-of-thrones","kind":"depicted","seasons":["Season 1","Season 2"]}],"playedBy":["Jason Momoa"],"sources":[{"label":"An API of Ice and Fire — character 1346","url":"https://anapioficeandfire.com/api/characters/1346","provider":"An API of Ice and Fire","kind":"structured_database","accessed":"2026-07-10"},{"label":"A Song of Ice and Fire Wiki — Drogo","url":"https://iceandfire.fandom.com/wiki/Drogo","provider":"A Song of Ice and Fire Wiki","kind":"reference_page","accessed":"2026-07-10"}],"verification":"upstream_record","image":"/images/characters/api-character-1346.webp","imageSource":{"provider":"A Song of Ice and Fire Wiki","kind":"wiki_lead_image","match":"exact_page_title","uncertain":false,"url":"https://iceandfire.fandom.com/wiki/Drogo","assetUrl":"https://static.wikia.nocookie.net/iceandfire/images/6/6a/Drogo_by_amoka.jpg/revision/latest?cb=20150516155446","accessed":"2026-07-10","originalSha256":"a36d808a6f3c00121d3486cfd7357992533caec9e88f67c70b99f2be26e28296","derivativeSha256":"86d6961831f3a46ccb7fb34401077e1225afd2e9770df3c3670981e0ab44bc86","width":1200,"height":900,"presentation":"proportional_resize_with_padding"},"parents":[],"children":[],"spouses":[],"house":null,"dragon":null}');
INSERT INTO aliases (entity_key, alias) VALUES ('character:api-character-1346', 'Great Rider');
INSERT INTO aliases (entity_key, alias) VALUES ('character:api-character-1346', 'Great Khal');
INSERT INTO appearances (entity_key, show_id, presence_kind, first_reference, details_json) VALUES ('character:api-character-1346', 'game-of-thrones', 'depicted', NULL, '{"show":"game-of-thrones","kind":"depicted","seasons":["Season 1","Season 2"]}');
INSERT INTO sources (entity_key, label, url, provider, source_kind, accessed) VALUES ('character:api-character-1346', 'An API of Ice and Fire — character 1346', 'https://anapioficeandfire.com/api/characters/1346', 'An API of Ice and Fire', 'structured_database', '2026-07-10');
INSERT INTO sources (entity_key, label, url, provider, source_kind, accessed) VALUES ('character:api-character-1346', 'A Song of Ice and Fire Wiki — Drogo', 'https://iceandfire.fandom.com/wiki/Drogo', 'A Song of Ice and Fire Wiki', 'reference_page', '2026-07-10');
INSERT INTO media (entity_key, local_path, provider, source_page, asset_url, media_kind, uncertain, metadata_json) VALUES ('character:api-character-1346', '/images/characters/api-character-1346.webp', 'A Song of Ice and Fire Wiki', 'https://iceandfire.fandom.com/wiki/Drogo', 'https://static.wikia.nocookie.net/iceandfire/images/6/6a/Drogo_by_amoka.jpg/revision/latest?cb=20150516155446', 'wiki_lead_image', 0, '{"provider":"A Song of Ice and Fire Wiki","kind":"wiki_lead_image","match":"exact_page_title","uncertain":false,"url":"https://iceandfire.fandom.com/wiki/Drogo","assetUrl":"https://static.wikia.nocookie.net/iceandfire/images/6/6a/Drogo_by_amoka.jpg/revision/latest?cb=20150516155446","accessed":"2026-07-10","originalSha256":"a36d808a6f3c00121d3486cfd7357992533caec9e88f67c70b99f2be26e28296","derivativeSha256":"86d6961831f3a46ccb7fb34401077e1225afd2e9770df3c3670981e0ab44bc86","width":1200,"height":900,"presentation":"proportional_resize_with_padding"}');
INSERT INTO entities_fts (entity_key, name, aliases, type) VALUES ('character:api-character-1346', 'Drogo', 'Great Rider Great Khal', 'character');
INSERT INTO characters (entity_key, gender, culture, born, died, actor_json, titles_json, era) VALUES ('character:api-character-1346', 'male', 'Dothraki', 'In or around 267 AC', 'In 298 AC, at Dothraki sea', '["Jason Momoa"]', '["Khal"]', NULL);
INSERT INTO entities (entity_key, id, type, name, description, status, verification, raw_json) VALUES ('character:api-character-1383', 'api-character-1383', 'character', 'Farlen', NULL, 'dead', 'upstream_record', '{"id":"api-character-1383","apiId":1383,"name":"Farlen","canonicalName":"Farlen","aliases":[],"actor":["Peter Balance"],"gender":"male","culture":null,"born":null,"died":"In 299 AC, at Winterfell","status":"dead","houses":["house-stark"],"titles":[],"father":null,"mother":null,"spouse":null,"books":[1,2,3,8],"povBooks":[],"show":["game-of-thrones"],"presence":[{"show":"game-of-thrones","kind":"depicted","seasons":["Season 2"]}],"playedBy":["Peter Balance"],"sources":[{"label":"An API of Ice and Fire — character 1383","url":"https://anapioficeandfire.com/api/characters/1383","provider":"An API of Ice and Fire","kind":"structured_database","accessed":"2026-07-10"}],"verification":"upstream_record","image":"/images/fallback-character.svg","imageSource":{"provider":"Local archive fallback","kind":"fallback","match":"none","uncertain":false,"reason":"No exact verified image-page mapping is available.","url":null,"assetUrl":null},"parents":[],"children":[],"spouses":[],"house":null,"dragon":null}');
INSERT INTO appearances (entity_key, show_id, presence_kind, first_reference, details_json) VALUES ('character:api-character-1383', 'game-of-thrones', 'depicted', NULL, '{"show":"game-of-thrones","kind":"depicted","seasons":["Season 2"]}');
INSERT INTO sources (entity_key, label, url, provider, source_kind, accessed) VALUES ('character:api-character-1383', 'An API of Ice and Fire — character 1383', 'https://anapioficeandfire.com/api/characters/1383', 'An API of Ice and Fire', 'structured_database', '2026-07-10');
INSERT INTO media (entity_key, local_path, provider, source_page, asset_url, media_kind, uncertain, metadata_json) VALUES ('character:api-character-1383', '/images/fallback-character.svg', 'Local archive fallback', NULL, NULL, 'fallback', 0, '{"provider":"Local archive fallback","kind":"fallback","match":"none","uncertain":false,"reason":"No exact verified image-page mapping is available.","url":null,"assetUrl":null}');
INSERT INTO entities_fts (entity_key, name, aliases, type) VALUES ('character:api-character-1383', 'Farlen', '', 'character');
INSERT INTO characters (entity_key, gender, culture, born, died, actor_json, titles_json, era) VALUES ('character:api-character-1383', 'male', NULL, NULL, 'In 299 AC, at Winterfell', '["Peter Balance"]', '[]', NULL);
INSERT INTO entities (entity_key, id, type, name, description, status, verification, raw_json) VALUES ('character:api-character-1427', 'api-character-1427', 'character', 'Gilly', NULL, 'unknown', 'upstream_record', '{"id":"api-character-1427","apiId":1427,"name":"Gilly","canonicalName":"Gilly","aliases":["the rabbit keeper"],"actor":["Hannah Murray"],"gender":"female","culture":"Free Folk","born":"In either 282 AC, 283 AC or 284 AC, at Craster''s Keep","died":null,"status":"unknown","houses":[],"titles":[],"father":null,"mother":null,"spouse":"api-character-1293","books":[2,3,5,8],"povBooks":[],"show":["game-of-thrones"],"presence":[{"show":"game-of-thrones","kind":"depicted","seasons":["Season 2","Season 3","Season 4","Season 5","Season 6"]}],"playedBy":["Hannah Murray"],"sources":[{"label":"An API of Ice and Fire — character 1427","url":"https://anapioficeandfire.com/api/characters/1427","provider":"An API of Ice and Fire","kind":"structured_database","accessed":"2026-07-10"}],"verification":"upstream_record","image":"/images/fallback-character.svg","imageSource":{"provider":"Local archive fallback","kind":"fallback","match":"none","uncertain":false,"reason":"No exact verified image-page mapping is available.","url":null,"assetUrl":null},"parents":[],"children":[],"spouses":[],"house":null,"dragon":null}');
INSERT INTO aliases (entity_key, alias) VALUES ('character:api-character-1427', 'the rabbit keeper');
INSERT INTO appearances (entity_key, show_id, presence_kind, first_reference, details_json) VALUES ('character:api-character-1427', 'game-of-thrones', 'depicted', NULL, '{"show":"game-of-thrones","kind":"depicted","seasons":["Season 2","Season 3","Season 4","Season 5","Season 6"]}');
INSERT INTO sources (entity_key, label, url, provider, source_kind, accessed) VALUES ('character:api-character-1427', 'An API of Ice and Fire — character 1427', 'https://anapioficeandfire.com/api/characters/1427', 'An API of Ice and Fire', 'structured_database', '2026-07-10');
INSERT INTO media (entity_key, local_path, provider, source_page, asset_url, media_kind, uncertain, metadata_json) VALUES ('character:api-character-1427', '/images/fallback-character.svg', 'Local archive fallback', NULL, NULL, 'fallback', 0, '{"provider":"Local archive fallback","kind":"fallback","match":"none","uncertain":false,"reason":"No exact verified image-page mapping is available.","url":null,"assetUrl":null}');
INSERT INTO entities_fts (entity_key, name, aliases, type) VALUES ('character:api-character-1427', 'Gilly', 'the rabbit keeper', 'character');
INSERT INTO characters (entity_key, gender, culture, born, died, actor_json, titles_json, era) VALUES ('character:api-character-1427', 'female', 'Free Folk', 'In either 282 AC, 283 AC or 284 AC, at Craster''s Keep', NULL, '["Hannah Murray"]', '[]', NULL);
INSERT INTO entities (entity_key, id, type, name, description, status, verification, raw_json) VALUES ('character:api-character-1445', 'api-character-1445', 'character', 'Grey Worm', NULL, 'unknown', 'upstream_record', '{"id":"api-character-1445","apiId":1445,"name":"Grey Worm","canonicalName":"Grey Worm","aliases":[],"actor":["Jacob Anderson"],"gender":"male","culture":null,"born":null,"died":null,"status":"unknown","houses":["house-targaryen"],"titles":[],"father":null,"mother":null,"spouse":null,"books":[3,5,8],"povBooks":[],"show":["game-of-thrones"],"presence":[{"show":"game-of-thrones","kind":"depicted","seasons":["Season 3","Season 4","Season 5","Season 6"]}],"playedBy":["Jacob Anderson"],"sources":[{"label":"An API of Ice and Fire — character 1445","url":"https://anapioficeandfire.com/api/characters/1445","provider":"An API of Ice and Fire","kind":"structured_database","accessed":"2026-07-10"}],"verification":"upstream_record","image":"/images/fallback-character.svg","imageSource":{"provider":"Local archive fallback","kind":"fallback","match":"none","uncertain":false,"reason":"No exact verified image-page mapping is available.","url":null,"assetUrl":null},"parents":[],"children":[],"spouses":[],"house":null,"dragon":null}');
INSERT INTO appearances (entity_key, show_id, presence_kind, first_reference, details_json) VALUES ('character:api-character-1445', 'game-of-thrones', 'depicted', NULL, '{"show":"game-of-thrones","kind":"depicted","seasons":["Season 3","Season 4","Season 5","Season 6"]}');
INSERT INTO sources (entity_key, label, url, provider, source_kind, accessed) VALUES ('character:api-character-1445', 'An API of Ice and Fire — character 1445', 'https://anapioficeandfire.com/api/characters/1445', 'An API of Ice and Fire', 'structured_database', '2026-07-10');
INSERT INTO media (entity_key, local_path, provider, source_page, asset_url, media_kind, uncertain, metadata_json) VALUES ('character:api-character-1445', '/images/fallback-character.svg', 'Local archive fallback', NULL, NULL, 'fallback', 0, '{"provider":"Local archive fallback","kind":"fallback","match":"none","uncertain":false,"reason":"No exact verified image-page mapping is available.","url":null,"assetUrl":null}');
INSERT INTO entities_fts (entity_key, name, aliases, type) VALUES ('character:api-character-1445', 'Grey Worm', '', 'character');
INSERT INTO characters (entity_key, gender, culture, born, died, actor_json, titles_json, era) VALUES ('character:api-character-1445', 'male', NULL, NULL, NULL, '["Jacob Anderson"]', '[]', NULL);
INSERT INTO entities (entity_key, id, type, name, description, status, verification, raw_json) VALUES ('character:api-character-1471', 'api-character-1471', 'character', 'Hallyne', NULL, 'unknown', 'upstream_record', '{"id":"api-character-1471","apiId":1471,"name":"Hallyne","canonicalName":"Hallyne","aliases":["Hallyne the Pryomancer"],"actor":["Roy Dotrice"],"gender":"male","culture":null,"born":null,"died":null,"status":"unknown","houses":[],"titles":["Lord","Wisdom"],"father":null,"mother":null,"spouse":null,"books":[2,3,5],"povBooks":[],"show":["game-of-thrones"],"presence":[{"show":"game-of-thrones","kind":"depicted","seasons":["Season 2"]}],"playedBy":["Roy Dotrice"],"sources":[{"label":"An API of Ice and Fire — character 1471","url":"https://anapioficeandfire.com/api/characters/1471","provider":"An API of Ice and Fire","kind":"structured_database","accessed":"2026-07-10"},{"label":"A Song of Ice and Fire Wiki — Hallyne","url":"https://iceandfire.fandom.com/wiki/Hallyne","provider":"A Song of Ice and Fire Wiki","kind":"reference_page","accessed":"2026-07-10"}],"verification":"upstream_record","image":"/images/characters/api-character-1471.webp","imageSource":{"provider":"A Song of Ice and Fire Wiki","kind":"wiki_lead_image","match":"exact_page_title","uncertain":false,"url":"https://iceandfire.fandom.com/wiki/Hallyne","assetUrl":"https://static.wikia.nocookie.net/iceandfire/images/d/da/424px-Wisom_Hallyne_TheMico.jpg/revision/latest?cb=20160605084300","accessed":"2026-07-10","originalSha256":"7c38747e5aa532cbd6f978f9ee1e5ba5295c046cd0c6beeb5213e7ed5cd3b1b0","derivativeSha256":"09e50869a2bc5bc85d0b6c744119b96edfc11394ea75fccc88f5423c73cda0d6","width":1200,"height":900,"presentation":"proportional_resize_with_padding"},"parents":[],"children":[],"spouses":[],"house":null,"dragon":null}');
INSERT INTO aliases (entity_key, alias) VALUES ('character:api-character-1471', 'Hallyne the Pryomancer');
INSERT INTO appearances (entity_key, show_id, presence_kind, first_reference, details_json) VALUES ('character:api-character-1471', 'game-of-thrones', 'depicted', NULL, '{"show":"game-of-thrones","kind":"depicted","seasons":["Season 2"]}');
INSERT INTO sources (entity_key, label, url, provider, source_kind, accessed) VALUES ('character:api-character-1471', 'An API of Ice and Fire — character 1471', 'https://anapioficeandfire.com/api/characters/1471', 'An API of Ice and Fire', 'structured_database', '2026-07-10');
INSERT INTO sources (entity_key, label, url, provider, source_kind, accessed) VALUES ('character:api-character-1471', 'A Song of Ice and Fire Wiki — Hallyne', 'https://iceandfire.fandom.com/wiki/Hallyne', 'A Song of Ice and Fire Wiki', 'reference_page', '2026-07-10');
INSERT INTO media (entity_key, local_path, provider, source_page, asset_url, media_kind, uncertain, metadata_json) VALUES ('character:api-character-1471', '/images/characters/api-character-1471.webp', 'A Song of Ice and Fire Wiki', 'https://iceandfire.fandom.com/wiki/Hallyne', 'https://static.wikia.nocookie.net/iceandfire/images/d/da/424px-Wisom_Hallyne_TheMico.jpg/revision/latest?cb=20160605084300', 'wiki_lead_image', 0, '{"provider":"A Song of Ice and Fire Wiki","kind":"wiki_lead_image","match":"exact_page_title","uncertain":false,"url":"https://iceandfire.fandom.com/wiki/Hallyne","assetUrl":"https://static.wikia.nocookie.net/iceandfire/images/d/da/424px-Wisom_Hallyne_TheMico.jpg/revision/latest?cb=20160605084300","accessed":"2026-07-10","originalSha256":"7c38747e5aa532cbd6f978f9ee1e5ba5295c046cd0c6beeb5213e7ed5cd3b1b0","derivativeSha256":"09e50869a2bc5bc85d0b6c744119b96edfc11394ea75fccc88f5423c73cda0d6","width":1200,"height":900,"presentation":"proportional_resize_with_padding"}');
INSERT INTO entities_fts (entity_key, name, aliases, type) VALUES ('character:api-character-1471', 'Hallyne', 'Hallyne the Pryomancer', 'character');
INSERT INTO characters (entity_key, gender, culture, born, died, actor_json, titles_json, era) VALUES ('character:api-character-1471', 'male', NULL, NULL, NULL, '["Roy Dotrice"]', '["Lord","Wisdom"]', NULL);
INSERT INTO entities (entity_key, id, type, name, description, status, verification, raw_json) VALUES ('character:api-character-1501', 'api-character-1501', 'character', 'Hizdahr zo Loraq', NULL, 'unknown', 'upstream_record', '{"id":"api-character-1501","apiId":1501,"name":"Hizdahr zo Loraq","canonicalName":"Hizdahr zo Loraq","aliases":["Hizdak","Hizdahr of the tepid kisses"],"actor":["Joel Fry"],"gender":"male","culture":"Ghiscari","born":null,"died":null,"status":"unknown","houses":[],"titles":["King of Meereen","Scion of Ghis","Octarch of the Old Empire","Master of the Skahazadhan, Consort to Dragons","Blood of the Harpy"],"father":null,"mother":null,"spouse":"daenerys-targaryen","books":[8],"povBooks":[],"show":["game-of-thrones"],"presence":[{"show":"game-of-thrones","kind":"depicted","seasons":["Season 4","Season 5"]}],"playedBy":["Joel Fry"],"sources":[{"label":"An API of Ice and Fire — character 1501","url":"https://anapioficeandfire.com/api/characters/1501","provider":"An API of Ice and Fire","kind":"structured_database","accessed":"2026-07-10"}],"verification":"upstream_record","image":"/images/fallback-character.svg","imageSource":{"provider":"Local archive fallback","kind":"fallback","match":"none","uncertain":false,"reason":"No exact verified image-page mapping is available.","url":null,"assetUrl":null},"parents":[],"children":[],"spouses":[],"house":null,"dragon":null}');
INSERT INTO aliases (entity_key, alias) VALUES ('character:api-character-1501', 'Hizdak');
INSERT INTO aliases (entity_key, alias) VALUES ('character:api-character-1501', 'Hizdahr of the tepid kisses');
INSERT INTO appearances (entity_key, show_id, presence_kind, first_reference, details_json) VALUES ('character:api-character-1501', 'game-of-thrones', 'depicted', NULL, '{"show":"game-of-thrones","kind":"depicted","seasons":["Season 4","Season 5"]}');
INSERT INTO sources (entity_key, label, url, provider, source_kind, accessed) VALUES ('character:api-character-1501', 'An API of Ice and Fire — character 1501', 'https://anapioficeandfire.com/api/characters/1501', 'An API of Ice and Fire', 'structured_database', '2026-07-10');
INSERT INTO media (entity_key, local_path, provider, source_page, asset_url, media_kind, uncertain, metadata_json) VALUES ('character:api-character-1501', '/images/fallback-character.svg', 'Local archive fallback', NULL, NULL, 'fallback', 0, '{"provider":"Local archive fallback","kind":"fallback","match":"none","uncertain":false,"reason":"No exact verified image-page mapping is available.","url":null,"assetUrl":null}');
INSERT INTO entities_fts (entity_key, name, aliases, type) VALUES ('character:api-character-1501', 'Hizdahr zo Loraq', 'Hizdak Hizdahr of the tepid kisses', 'character');
INSERT INTO characters (entity_key, gender, culture, born, died, actor_json, titles_json, era) VALUES ('character:api-character-1501', 'male', 'Ghiscari', NULL, NULL, '["Joel Fry"]', '["King of Meereen","Scion of Ghis","Octarch of the Old Empire","Master of the Skahazadhan, Consort to Dragons","Blood of the Harpy"]', NULL);
INSERT INTO entities (entity_key, id, type, name, description, status, verification, raw_json) VALUES ('character:api-character-1508', 'api-character-1508', 'character', 'Hot Pie', NULL, 'unknown', 'upstream_record', '{"id":"api-character-1508","apiId":1508,"name":"Hot Pie","canonicalName":"Hot Pie","aliases":[],"actor":["Ben Hawkey"],"gender":"male","culture":null,"born":null,"died":null,"status":"unknown","houses":[],"titles":[],"father":null,"mother":null,"spouse":null,"books":[2,3,5],"povBooks":[],"show":["game-of-thrones"],"presence":[{"show":"game-of-thrones","kind":"depicted","seasons":["Season 1","Season 2","Season 3","Season 4"]}],"playedBy":["Ben Hawkey"],"sources":[{"label":"An API of Ice and Fire — character 1508","url":"https://anapioficeandfire.com/api/characters/1508","provider":"An API of Ice and Fire","kind":"structured_database","accessed":"2026-07-10"},{"label":"A Song of Ice and Fire Wiki — Hot Pie","url":"https://iceandfire.fandom.com/wiki/Hot_Pie","provider":"A Song of Ice and Fire Wiki","kind":"reference_page","accessed":"2026-07-10"}],"verification":"upstream_record","image":"/images/characters/api-character-1508.webp","imageSource":{"provider":"A Song of Ice and Fire Wiki","kind":"wiki_lead_image","match":"exact_page_title","uncertain":false,"url":"https://iceandfire.fandom.com/wiki/Hot_Pie","assetUrl":"https://static.wikia.nocookie.net/iceandfire/images/5/5d/Hot_Pie.png/revision/latest?cb=20250213124523","accessed":"2026-07-10","originalSha256":"efb6144db3b38785fbcfa39ed85da20039bc7288ba984f36666d0578b8e1ee83","derivativeSha256":"965dda63a57ac509c5d206f07e5f06e90876290a14442e4c38c617600301a864","width":1200,"height":900,"presentation":"proportional_resize_with_padding"},"parents":[],"children":[],"spouses":[],"house":null,"dragon":null}');
INSERT INTO appearances (entity_key, show_id, presence_kind, first_reference, details_json) VALUES ('character:api-character-1508', 'game-of-thrones', 'depicted', NULL, '{"show":"game-of-thrones","kind":"depicted","seasons":["Season 1","Season 2","Season 3","Season 4"]}');
INSERT INTO sources (entity_key, label, url, provider, source_kind, accessed) VALUES ('character:api-character-1508', 'An API of Ice and Fire — character 1508', 'https://anapioficeandfire.com/api/characters/1508', 'An API of Ice and Fire', 'structured_database', '2026-07-10');
INSERT INTO sources (entity_key, label, url, provider, source_kind, accessed) VALUES ('character:api-character-1508', 'A Song of Ice and Fire Wiki — Hot Pie', 'https://iceandfire.fandom.com/wiki/Hot_Pie', 'A Song of Ice and Fire Wiki', 'reference_page', '2026-07-10');
INSERT INTO media (entity_key, local_path, provider, source_page, asset_url, media_kind, uncertain, metadata_json) VALUES ('character:api-character-1508', '/images/characters/api-character-1508.webp', 'A Song of Ice and Fire Wiki', 'https://iceandfire.fandom.com/wiki/Hot_Pie', 'https://static.wikia.nocookie.net/iceandfire/images/5/5d/Hot_Pie.png/revision/latest?cb=20250213124523', 'wiki_lead_image', 0, '{"provider":"A Song of Ice and Fire Wiki","kind":"wiki_lead_image","match":"exact_page_title","uncertain":false,"url":"https://iceandfire.fandom.com/wiki/Hot_Pie","assetUrl":"https://static.wikia.nocookie.net/iceandfire/images/5/5d/Hot_Pie.png/revision/latest?cb=20250213124523","accessed":"2026-07-10","originalSha256":"efb6144db3b38785fbcfa39ed85da20039bc7288ba984f36666d0578b8e1ee83","derivativeSha256":"965dda63a57ac509c5d206f07e5f06e90876290a14442e4c38c617600301a864","width":1200,"height":900,"presentation":"proportional_resize_with_padding"}');
INSERT INTO entities_fts (entity_key, name, aliases, type) VALUES ('character:api-character-1508', 'Hot Pie', '', 'character');
INSERT INTO characters (entity_key, gender, culture, born, died, actor_json, titles_json, era) VALUES ('character:api-character-1508', 'male', NULL, NULL, NULL, '["Ben Hawkey"]', '[]', NULL);
INSERT INTO entities (entity_key, id, type, name, description, status, verification, raw_json) VALUES ('character:api-character-1519', 'api-character-1519', 'character', 'Iggo', NULL, 'dead', 'upstream_record', '{"id":"api-character-1519","apiId":1519,"name":"Iggo","canonicalName":"Iggo","aliases":[],"actor":["Deon Lee-Williams"],"gender":"male","culture":"Dothraki","born":null,"died":"In 299 AC, at Riverlands","status":"dead","houses":[],"titles":[],"father":null,"mother":null,"spouse":null,"books":[3],"povBooks":[],"show":["game-of-thrones"],"presence":[{"show":"game-of-thrones","kind":"depicted","seasons":["Season 6"]}],"playedBy":["Deon Lee-Williams"],"sources":[{"label":"An API of Ice and Fire — character 1519","url":"https://anapioficeandfire.com/api/characters/1519","provider":"An API of Ice and Fire","kind":"structured_database","accessed":"2026-07-10"}],"verification":"upstream_record","image":"/images/fallback-character.svg","imageSource":{"provider":"Local archive fallback","kind":"fallback","match":"none","uncertain":false,"reason":"No exact verified image-page mapping is available.","url":null,"assetUrl":null},"parents":[],"children":[],"spouses":[],"house":null,"dragon":null}');
INSERT INTO appearances (entity_key, show_id, presence_kind, first_reference, details_json) VALUES ('character:api-character-1519', 'game-of-thrones', 'depicted', NULL, '{"show":"game-of-thrones","kind":"depicted","seasons":["Season 6"]}');
INSERT INTO sources (entity_key, label, url, provider, source_kind, accessed) VALUES ('character:api-character-1519', 'An API of Ice and Fire — character 1519', 'https://anapioficeandfire.com/api/characters/1519', 'An API of Ice and Fire', 'structured_database', '2026-07-10');
INSERT INTO media (entity_key, local_path, provider, source_page, asset_url, media_kind, uncertain, metadata_json) VALUES ('character:api-character-1519', '/images/fallback-character.svg', 'Local archive fallback', NULL, NULL, 'fallback', 0, '{"provider":"Local archive fallback","kind":"fallback","match":"none","uncertain":false,"reason":"No exact verified image-page mapping is available.","url":null,"assetUrl":null}');
INSERT INTO entities_fts (entity_key, name, aliases, type) VALUES ('character:api-character-1519', 'Iggo', '', 'character');
INSERT INTO characters (entity_key, gender, culture, born, died, actor_json, titles_json, era) VALUES ('character:api-character-1519', 'male', 'Dothraki', NULL, 'In 299 AC, at Riverlands', '["Deon Lee-Williams"]', '[]', NULL);
INSERT INTO entities (entity_key, id, type, name, description, status, verification, raw_json) VALUES ('character:api-character-1520', 'api-character-1520', 'character', 'Illyrio Mopatis', NULL, 'unknown', 'upstream_record', '{"id":"api-character-1520","apiId":1520,"name":"Illyrio Mopatis","canonicalName":"Illyrio Mopatis","aliases":["The Cheesemonger","The Fat Man","The Lord of Cheese"],"actor":["Roger Allam"],"gender":"male","culture":"Pentoshi","born":"At Pentos","died":null,"status":"unknown","houses":["house-targaryen"],"titles":["Magister of Pentos"],"father":null,"mother":null,"spouse":null,"books":[1,2,3,5,8],"povBooks":[],"show":["game-of-thrones"],"presence":[{"show":"game-of-thrones","kind":"depicted","seasons":["Season 1"]}],"playedBy":["Roger Allam"],"sources":[{"label":"An API of Ice and Fire — character 1520","url":"https://anapioficeandfire.com/api/characters/1520","provider":"An API of Ice and Fire","kind":"structured_database","accessed":"2026-07-10"},{"label":"A Song of Ice and Fire Wiki — Illyrio Mopatis","url":"https://iceandfire.fandom.com/wiki/Illyrio_Mopatis","provider":"A Song of Ice and Fire Wiki","kind":"reference_page","accessed":"2026-07-10"}],"verification":"upstream_record","image":"/images/characters/api-character-1520.webp","imageSource":{"provider":"A Song of Ice and Fire Wiki","kind":"wiki_lead_image","match":"exact_page_title","uncertain":false,"url":"https://iceandfire.fandom.com/wiki/Illyrio_Mopatis","assetUrl":"https://static.wikia.nocookie.net/iceandfire/images/2/29/Illyrio_Mopatis_by_Amoka.jpg/revision/latest?cb=20150601142827","accessed":"2026-07-10","originalSha256":"d594a72b62e73f49fdaa5808e43efe15b974a9fd312cfa6c0159b51cc7b6c9d5","derivativeSha256":"4d6d6c1029fff3b27a31664b5266ff4a4e05996594795bd9a9ce5e267cdd1134","width":1200,"height":900,"presentation":"proportional_resize_with_padding"},"parents":[],"children":[],"spouses":[],"house":null,"dragon":null}');
INSERT INTO aliases (entity_key, alias) VALUES ('character:api-character-1520', 'The Cheesemonger');
INSERT INTO aliases (entity_key, alias) VALUES ('character:api-character-1520', 'The Fat Man');
INSERT INTO aliases (entity_key, alias) VALUES ('character:api-character-1520', 'The Lord of Cheese');
INSERT INTO appearances (entity_key, show_id, presence_kind, first_reference, details_json) VALUES ('character:api-character-1520', 'game-of-thrones', 'depicted', NULL, '{"show":"game-of-thrones","kind":"depicted","seasons":["Season 1"]}');
INSERT INTO sources (entity_key, label, url, provider, source_kind, accessed) VALUES ('character:api-character-1520', 'An API of Ice and Fire — character 1520', 'https://anapioficeandfire.com/api/characters/1520', 'An API of Ice and Fire', 'structured_database', '2026-07-10');
INSERT INTO sources (entity_key, label, url, provider, source_kind, accessed) VALUES ('character:api-character-1520', 'A Song of Ice and Fire Wiki — Illyrio Mopatis', 'https://iceandfire.fandom.com/wiki/Illyrio_Mopatis', 'A Song of Ice and Fire Wiki', 'reference_page', '2026-07-10');
INSERT INTO media (entity_key, local_path, provider, source_page, asset_url, media_kind, uncertain, metadata_json) VALUES ('character:api-character-1520', '/images/characters/api-character-1520.webp', 'A Song of Ice and Fire Wiki', 'https://iceandfire.fandom.com/wiki/Illyrio_Mopatis', 'https://static.wikia.nocookie.net/iceandfire/images/2/29/Illyrio_Mopatis_by_Amoka.jpg/revision/latest?cb=20150601142827', 'wiki_lead_image', 0, '{"provider":"A Song of Ice and Fire Wiki","kind":"wiki_lead_image","match":"exact_page_title","uncertain":false,"url":"https://iceandfire.fandom.com/wiki/Illyrio_Mopatis","assetUrl":"https://static.wikia.nocookie.net/iceandfire/images/2/29/Illyrio_Mopatis_by_Amoka.jpg/revision/latest?cb=20150601142827","accessed":"2026-07-10","originalSha256":"d594a72b62e73f49fdaa5808e43efe15b974a9fd312cfa6c0159b51cc7b6c9d5","derivativeSha256":"4d6d6c1029fff3b27a31664b5266ff4a4e05996594795bd9a9ce5e267cdd1134","width":1200,"height":900,"presentation":"proportional_resize_with_padding"}');
INSERT INTO entities_fts (entity_key, name, aliases, type) VALUES ('character:api-character-1520', 'Illyrio Mopatis', 'The Cheesemonger The Fat Man The Lord of Cheese', 'character');
INSERT INTO characters (entity_key, gender, culture, born, died, actor_json, titles_json, era) VALUES ('character:api-character-1520', 'male', 'Pentoshi', 'At Pentos', NULL, '["Roger Allam"]', '["Magister of Pentos"]', NULL);
INSERT INTO entities (entity_key, id, type, name, description, status, verification, raw_json) VALUES ('character:api-character-1523', 'api-character-1523', 'character', 'Irri', NULL, 'unknown', 'upstream_record', '{"id":"api-character-1523","apiId":1523,"name":"Irri","canonicalName":"Irri","aliases":[],"actor":["Amrita Acharia"],"gender":"female","culture":"Dothraki","born":"In 283 AC or 284 AC","died":null,"status":"unknown","houses":["house-targaryen"],"titles":[],"father":null,"mother":null,"spouse":null,"books":[1,2,3,5,8],"povBooks":[],"show":["game-of-thrones"],"presence":[{"show":"game-of-thrones","kind":"depicted","seasons":["Season 1","Season 2"]}],"playedBy":["Amrita Acharia"],"sources":[{"label":"An API of Ice and Fire — character 1523","url":"https://anapioficeandfire.com/api/characters/1523","provider":"An API of Ice and Fire","kind":"structured_database","accessed":"2026-07-10"}],"verification":"upstream_record","image":"/images/fallback-character.svg","imageSource":{"provider":"Local archive fallback","kind":"fallback","match":"none","uncertain":false,"reason":"No exact verified image-page mapping is available.","url":null,"assetUrl":null},"parents":[],"children":[],"spouses":[],"house":null,"dragon":null}');
INSERT INTO appearances (entity_key, show_id, presence_kind, first_reference, details_json) VALUES ('character:api-character-1523', 'game-of-thrones', 'depicted', NULL, '{"show":"game-of-thrones","kind":"depicted","seasons":["Season 1","Season 2"]}');
INSERT INTO sources (entity_key, label, url, provider, source_kind, accessed) VALUES ('character:api-character-1523', 'An API of Ice and Fire — character 1523', 'https://anapioficeandfire.com/api/characters/1523', 'An API of Ice and Fire', 'structured_database', '2026-07-10');
INSERT INTO media (entity_key, local_path, provider, source_page, asset_url, media_kind, uncertain, metadata_json) VALUES ('character:api-character-1523', '/images/fallback-character.svg', 'Local archive fallback', NULL, NULL, 'fallback', 0, '{"provider":"Local archive fallback","kind":"fallback","match":"none","uncertain":false,"reason":"No exact verified image-page mapping is available.","url":null,"assetUrl":null}');
INSERT INTO entities_fts (entity_key, name, aliases, type) VALUES ('character:api-character-1523', 'Irri', '', 'character');
INSERT INTO characters (entity_key, gender, culture, born, died, actor_json, titles_json, era) VALUES ('character:api-character-1523', 'female', 'Dothraki', 'In 283 AC or 284 AC', NULL, '["Amrita Acharia"]', '[]', NULL);
INSERT INTO entities (entity_key, id, type, name, description, status, verification, raw_json) VALUES ('character:api-character-1532', 'api-character-1532', 'character', 'Jaqen H''ghar', NULL, 'unknown', 'upstream_record', '{"id":"api-character-1532","apiId":1532,"name":"Jaqen H''ghar","canonicalName":"Jaqen H''ghar","aliases":["Lorath"],"actor":["Tom Wlaschiha","Patrick O''Kane"],"gender":"male","culture":null,"born":null,"died":null,"status":"unknown","houses":[],"titles":[],"father":null,"mother":null,"spouse":null,"books":[2,3,5,8],"povBooks":[],"show":["game-of-thrones"],"presence":[{"show":"game-of-thrones","kind":"depicted","seasons":["Season 2","Season 6"]}],"playedBy":["Tom Wlaschiha","Patrick O''Kane"],"sources":[{"label":"An API of Ice and Fire — character 1532","url":"https://anapioficeandfire.com/api/characters/1532","provider":"An API of Ice and Fire","kind":"structured_database","accessed":"2026-07-10"},{"label":"A Song of Ice and Fire Wiki — Jaqen H''ghar","url":"https://iceandfire.fandom.com/wiki/Jaqen_H%27ghar","provider":"A Song of Ice and Fire Wiki","kind":"reference_page","accessed":"2026-07-10"}],"verification":"upstream_record","image":"/images/characters/api-character-1532.webp","imageSource":{"provider":"A Song of Ice and Fire Wiki","kind":"wiki_lead_image","match":"exact_page_title","uncertain":false,"url":"https://iceandfire.fandom.com/wiki/Jaqen_H%27ghar","assetUrl":"https://static.wikia.nocookie.net/iceandfire/images/d/db/Jaqen_by_amoka.jpg/revision/latest?cb=20150517212646","accessed":"2026-07-10","originalSha256":"c13909ebe11d39067975b47d0cbb4f0bfe8aefb4821736ca5cc4b4c3f02e6122","derivativeSha256":"d5213096752faef3572b165bd29fd65a2b68ef675d3c3e0877f70828410d8ecc","width":1200,"height":900,"presentation":"proportional_resize_with_padding"},"parents":[],"children":[],"spouses":[],"house":null,"dragon":null}');
INSERT INTO aliases (entity_key, alias) VALUES ('character:api-character-1532', 'Lorath');
INSERT INTO appearances (entity_key, show_id, presence_kind, first_reference, details_json) VALUES ('character:api-character-1532', 'game-of-thrones', 'depicted', NULL, '{"show":"game-of-thrones","kind":"depicted","seasons":["Season 2","Season 6"]}');
INSERT INTO sources (entity_key, label, url, provider, source_kind, accessed) VALUES ('character:api-character-1532', 'An API of Ice and Fire — character 1532', 'https://anapioficeandfire.com/api/characters/1532', 'An API of Ice and Fire', 'structured_database', '2026-07-10');
INSERT INTO sources (entity_key, label, url, provider, source_kind, accessed) VALUES ('character:api-character-1532', 'A Song of Ice and Fire Wiki — Jaqen H''ghar', 'https://iceandfire.fandom.com/wiki/Jaqen_H%27ghar', 'A Song of Ice and Fire Wiki', 'reference_page', '2026-07-10');
INSERT INTO media (entity_key, local_path, provider, source_page, asset_url, media_kind, uncertain, metadata_json) VALUES ('character:api-character-1532', '/images/characters/api-character-1532.webp', 'A Song of Ice and Fire Wiki', 'https://iceandfire.fandom.com/wiki/Jaqen_H%27ghar', 'https://static.wikia.nocookie.net/iceandfire/images/d/db/Jaqen_by_amoka.jpg/revision/latest?cb=20150517212646', 'wiki_lead_image', 0, '{"provider":"A Song of Ice and Fire Wiki","kind":"wiki_lead_image","match":"exact_page_title","uncertain":false,"url":"https://iceandfire.fandom.com/wiki/Jaqen_H%27ghar","assetUrl":"https://static.wikia.nocookie.net/iceandfire/images/d/db/Jaqen_by_amoka.jpg/revision/latest?cb=20150517212646","accessed":"2026-07-10","originalSha256":"c13909ebe11d39067975b47d0cbb4f0bfe8aefb4821736ca5cc4b4c3f02e6122","derivativeSha256":"d5213096752faef3572b165bd29fd65a2b68ef675d3c3e0877f70828410d8ecc","width":1200,"height":900,"presentation":"proportional_resize_with_padding"}');
INSERT INTO entities_fts (entity_key, name, aliases, type) VALUES ('character:api-character-1532', 'Jaqen H''ghar', 'Lorath', 'character');
INSERT INTO characters (entity_key, gender, culture, born, died, actor_json, titles_json, era) VALUES ('character:api-character-1532', 'male', NULL, NULL, NULL, '["Tom Wlaschiha","Patrick O''Kane"]', '[]', NULL);
INSERT INTO entities (entity_key, id, type, name, description, status, verification, raw_json) VALUES ('character:api-character-1548', 'api-character-1548', 'character', 'Jhiqui', NULL, 'unknown', 'upstream_record', '{"id":"api-character-1548","apiId":1548,"name":"Jhiqui","canonicalName":"Jhiqui","aliases":[],"actor":["Sarita Piotrowski"],"gender":"female","culture":"Dothraki","born":"In 284 AC","died":null,"status":"unknown","houses":["house-targaryen"],"titles":[],"father":null,"mother":null,"spouse":null,"books":[1,2,3,5,8],"povBooks":[],"show":["game-of-thrones"],"presence":[{"show":"game-of-thrones","kind":"depicted","seasons":["Season 1"]}],"playedBy":["Sarita Piotrowski"],"sources":[{"label":"An API of Ice and Fire — character 1548","url":"https://anapioficeandfire.com/api/characters/1548","provider":"An API of Ice and Fire","kind":"structured_database","accessed":"2026-07-10"}],"verification":"upstream_record","image":"/images/fallback-character.svg","imageSource":{"provider":"Local archive fallback","kind":"fallback","match":"none","uncertain":false,"reason":"No exact verified image-page mapping is available.","url":null,"assetUrl":null},"parents":[],"children":[],"spouses":[],"house":null,"dragon":null}');
INSERT INTO appearances (entity_key, show_id, presence_kind, first_reference, details_json) VALUES ('character:api-character-1548', 'game-of-thrones', 'depicted', NULL, '{"show":"game-of-thrones","kind":"depicted","seasons":["Season 1"]}');
INSERT INTO sources (entity_key, label, url, provider, source_kind, accessed) VALUES ('character:api-character-1548', 'An API of Ice and Fire — character 1548', 'https://anapioficeandfire.com/api/characters/1548', 'An API of Ice and Fire', 'structured_database', '2026-07-10');
INSERT INTO media (entity_key, local_path, provider, source_page, asset_url, media_kind, uncertain, metadata_json) VALUES ('character:api-character-1548', '/images/fallback-character.svg', 'Local archive fallback', NULL, NULL, 'fallback', 0, '{"provider":"Local archive fallback","kind":"fallback","match":"none","uncertain":false,"reason":"No exact verified image-page mapping is available.","url":null,"assetUrl":null}');
INSERT INTO entities_fts (entity_key, name, aliases, type) VALUES ('character:api-character-1548', 'Jhiqui', '', 'character');
INSERT INTO characters (entity_key, gender, culture, born, died, actor_json, titles_json, era) VALUES ('character:api-character-1548', 'female', 'Dothraki', 'In 284 AC', NULL, '["Sarita Piotrowski"]', '[]', NULL);
INSERT INTO entities (entity_key, id, type, name, description, status, verification, raw_json) VALUES ('character:api-character-1559', 'api-character-1559', 'character', 'Jonos Bracken', NULL, 'unknown', 'upstream_record', '{"id":"api-character-1559","apiId":1559,"name":"Jonos Bracken","canonicalName":"Jonos Bracken","aliases":[],"actor":["Gerry O''Brien"],"gender":"male","culture":null,"born":"At Stone Hedge","died":null,"status":"unknown","houses":["house-bracken"],"titles":["Lord of Stone Hedge"],"father":null,"mother":null,"spouse":null,"books":[1,2,3,5,8],"povBooks":[],"show":["game-of-thrones"],"presence":[{"show":"game-of-thrones","kind":"depicted","seasons":["Season 1"]}],"playedBy":["Gerry O''Brien"],"sources":[{"label":"An API of Ice and Fire — character 1559","url":"https://anapioficeandfire.com/api/characters/1559","provider":"An API of Ice and Fire","kind":"structured_database","accessed":"2026-07-10"},{"label":"A Song of Ice and Fire Wiki — Jonos Bracken","url":"https://iceandfire.fandom.com/wiki/Jonos_Bracken","provider":"A Song of Ice and Fire Wiki","kind":"reference_page","accessed":"2026-07-10"}],"verification":"upstream_record","image":"/images/characters/api-character-1559.webp","imageSource":{"provider":"A Song of Ice and Fire Wiki","kind":"wiki_lead_image","match":"exact_page_title","uncertain":false,"url":"https://iceandfire.fandom.com/wiki/Jonos_Bracken","assetUrl":"https://static.wikia.nocookie.net/iceandfire/images/5/5e/Jonos_Bracken_by_%D0%A2%D1%85%D0%B5_%D0%9C%D0%B8%D1%87%D0%BE.jpg/revision/latest?cb=20160425183537","accessed":"2026-07-10","originalSha256":"44b357a00e09b5487229096d01e5f288faf14628862ae4b302018af14734dd20","derivativeSha256":"58c36103ddab1fb1b79214f1904ffa009a2e2221d39bfeeed521113a8cf1a6b5","width":1200,"height":900,"presentation":"proportional_resize_with_padding"},"parents":[],"children":[],"spouses":[],"house":null,"dragon":null}');
INSERT INTO appearances (entity_key, show_id, presence_kind, first_reference, details_json) VALUES ('character:api-character-1559', 'game-of-thrones', 'depicted', NULL, '{"show":"game-of-thrones","kind":"depicted","seasons":["Season 1"]}');
INSERT INTO sources (entity_key, label, url, provider, source_kind, accessed) VALUES ('character:api-character-1559', 'An API of Ice and Fire — character 1559', 'https://anapioficeandfire.com/api/characters/1559', 'An API of Ice and Fire', 'structured_database', '2026-07-10');
INSERT INTO sources (entity_key, label, url, provider, source_kind, accessed) VALUES ('character:api-character-1559', 'A Song of Ice and Fire Wiki — Jonos Bracken', 'https://iceandfire.fandom.com/wiki/Jonos_Bracken', 'A Song of Ice and Fire Wiki', 'reference_page', '2026-07-10');
INSERT INTO media (entity_key, local_path, provider, source_page, asset_url, media_kind, uncertain, metadata_json) VALUES ('character:api-character-1559', '/images/characters/api-character-1559.webp', 'A Song of Ice and Fire Wiki', 'https://iceandfire.fandom.com/wiki/Jonos_Bracken', 'https://static.wikia.nocookie.net/iceandfire/images/5/5e/Jonos_Bracken_by_%D0%A2%D1%85%D0%B5_%D0%9C%D0%B8%D1%87%D0%BE.jpg/revision/latest?cb=20160425183537', 'wiki_lead_image', 0, '{"provider":"A Song of Ice and Fire Wiki","kind":"wiki_lead_image","match":"exact_page_title","uncertain":false,"url":"https://iceandfire.fandom.com/wiki/Jonos_Bracken","assetUrl":"https://static.wikia.nocookie.net/iceandfire/images/5/5e/Jonos_Bracken_by_%D0%A2%D1%85%D0%B5_%D0%9C%D0%B8%D1%87%D0%BE.jpg/revision/latest?cb=20160425183537","accessed":"2026-07-10","originalSha256":"44b357a00e09b5487229096d01e5f288faf14628862ae4b302018af14734dd20","derivativeSha256":"58c36103ddab1fb1b79214f1904ffa009a2e2221d39bfeeed521113a8cf1a6b5","width":1200,"height":900,"presentation":"proportional_resize_with_padding"}');
INSERT INTO entities_fts (entity_key, name, aliases, type) VALUES ('character:api-character-1559', 'Jonos Bracken', '', 'character');
INSERT INTO characters (entity_key, gender, culture, born, died, actor_json, titles_json, era) VALUES ('character:api-character-1559', 'male', NULL, 'At Stone Hedge', NULL, '["Gerry O''Brien"]', '["Lord of Stone Hedge"]', NULL);
INSERT INTO entities (entity_key, id, type, name, description, status, verification, raw_json) VALUES ('character:api-character-1577', 'api-character-1577', 'character', 'Karl', NULL, 'dead', 'upstream_record', '{"id":"api-character-1577","apiId":1577,"name":"Karl","canonicalName":"Karl","aliases":["Clubfoot Karl"],"actor":["Burn Gorman"],"gender":"male","culture":null,"born":null,"died":"In 300 AC, at the haunted forest","status":"dead","houses":[],"titles":[],"father":null,"mother":null,"spouse":null,"books":[3,5,8],"povBooks":[],"show":["game-of-thrones"],"presence":[{"show":"game-of-thrones","kind":"depicted","seasons":["Season 3","Season 4"]}],"playedBy":["Burn Gorman"],"sources":[{"label":"An API of Ice and Fire — character 1577","url":"https://anapioficeandfire.com/api/characters/1577","provider":"An API of Ice and Fire","kind":"structured_database","accessed":"2026-07-10"}],"verification":"upstream_record","image":"/images/fallback-character.svg","imageSource":{"provider":"Local archive fallback","kind":"fallback","match":"none","uncertain":false,"reason":"No exact verified image-page mapping is available.","url":null,"assetUrl":null},"parents":[],"children":[],"spouses":[],"house":null,"dragon":null}');
INSERT INTO aliases (entity_key, alias) VALUES ('character:api-character-1577', 'Clubfoot Karl');
INSERT INTO appearances (entity_key, show_id, presence_kind, first_reference, details_json) VALUES ('character:api-character-1577', 'game-of-thrones', 'depicted', NULL, '{"show":"game-of-thrones","kind":"depicted","seasons":["Season 3","Season 4"]}');
INSERT INTO sources (entity_key, label, url, provider, source_kind, accessed) VALUES ('character:api-character-1577', 'An API of Ice and Fire — character 1577', 'https://anapioficeandfire.com/api/characters/1577', 'An API of Ice and Fire', 'structured_database', '2026-07-10');
INSERT INTO media (entity_key, local_path, provider, source_page, asset_url, media_kind, uncertain, metadata_json) VALUES ('character:api-character-1577', '/images/fallback-character.svg', 'Local archive fallback', NULL, NULL, 'fallback', 0, '{"provider":"Local archive fallback","kind":"fallback","match":"none","uncertain":false,"reason":"No exact verified image-page mapping is available.","url":null,"assetUrl":null}');
INSERT INTO entities_fts (entity_key, name, aliases, type) VALUES ('character:api-character-1577', 'Karl', 'Clubfoot Karl', 'character');
INSERT INTO characters (entity_key, gender, culture, born, died, actor_json, titles_json, era) VALUES ('character:api-character-1577', 'male', NULL, NULL, 'In 300 AC, at the haunted forest', '["Burn Gorman"]', '[]', NULL);
INSERT INTO entities (entity_key, id, type, name, description, status, verification, raw_json) VALUES ('character:api-character-1594', 'api-character-1594', 'character', 'Kraznys mo Nakloz', NULL, 'dead', 'upstream_record', '{"id":"api-character-1594","apiId":1594,"name":"Kraznys mo Nakloz","canonicalName":"Kraznys mo Nakloz","aliases":[],"actor":["Dan Hildebrand"],"gender":"male","culture":"Astapori","born":null,"died":"In 299 AC, at Astapor","status":"dead","houses":[],"titles":[],"father":null,"mother":null,"spouse":null,"books":[3,8],"povBooks":[],"show":["game-of-thrones"],"presence":[{"show":"game-of-thrones","kind":"depicted","seasons":["Season 3"]}],"playedBy":["Dan Hildebrand"],"sources":[{"label":"An API of Ice and Fire — character 1594","url":"https://anapioficeandfire.com/api/characters/1594","provider":"An API of Ice and Fire","kind":"structured_database","accessed":"2026-07-10"}],"verification":"upstream_record","image":"/images/fallback-character.svg","imageSource":{"provider":"Local archive fallback","kind":"fallback","match":"none","uncertain":false,"reason":"No exact verified image-page mapping is available.","url":null,"assetUrl":null},"parents":[],"children":[],"spouses":[],"house":null,"dragon":null}');
INSERT INTO appearances (entity_key, show_id, presence_kind, first_reference, details_json) VALUES ('character:api-character-1594', 'game-of-thrones', 'depicted', NULL, '{"show":"game-of-thrones","kind":"depicted","seasons":["Season 3"]}');
INSERT INTO sources (entity_key, label, url, provider, source_kind, accessed) VALUES ('character:api-character-1594', 'An API of Ice and Fire — character 1594', 'https://anapioficeandfire.com/api/characters/1594', 'An API of Ice and Fire', 'structured_database', '2026-07-10');
INSERT INTO media (entity_key, local_path, provider, source_page, asset_url, media_kind, uncertain, metadata_json) VALUES ('character:api-character-1594', '/images/fallback-character.svg', 'Local archive fallback', NULL, NULL, 'fallback', 0, '{"provider":"Local archive fallback","kind":"fallback","match":"none","uncertain":false,"reason":"No exact verified image-page mapping is available.","url":null,"assetUrl":null}');
INSERT INTO entities_fts (entity_key, name, aliases, type) VALUES ('character:api-character-1594', 'Kraznys mo Nakloz', '', 'character');
INSERT INTO characters (entity_key, gender, culture, born, died, actor_json, titles_json, era) VALUES ('character:api-character-1594', 'male', 'Astapori', NULL, 'In 299 AC, at Astapor', '["Dan Hildebrand"]', '[]', NULL);
INSERT INTO entities (entity_key, id, type, name, description, status, verification, raw_json) VALUES ('character:api-character-1613', 'api-character-1613', 'character', 'Lem', NULL, 'unknown', 'upstream_record', '{"id":"api-character-1613","apiId":1613,"name":"Lem","canonicalName":"Lem","aliases":["Lem Lemoncloak","The Lemon","Yellow cloak"],"actor":["Jóhannes Haukur Jóhannesson"],"gender":"male","culture":null,"born":null,"died":null,"status":"unknown","houses":[],"titles":[],"father":null,"mother":null,"spouse":null,"books":[3,5],"povBooks":[],"show":["game-of-thrones"],"presence":[{"show":"game-of-thrones","kind":"depicted","seasons":["Season 6"]}],"playedBy":["Jóhannes Haukur Jóhannesson"],"sources":[{"label":"An API of Ice and Fire — character 1613","url":"https://anapioficeandfire.com/api/characters/1613","provider":"An API of Ice and Fire","kind":"structured_database","accessed":"2026-07-10"}],"verification":"upstream_record","image":"/images/fallback-character.svg","imageSource":{"provider":"Local archive fallback","kind":"fallback","match":"none","uncertain":false,"reason":"No exact verified image-page mapping is available.","url":null,"assetUrl":null},"parents":[],"children":[],"spouses":[],"house":null,"dragon":null}');
INSERT INTO aliases (entity_key, alias) VALUES ('character:api-character-1613', 'Lem Lemoncloak');
INSERT INTO aliases (entity_key, alias) VALUES ('character:api-character-1613', 'The Lemon');
INSERT INTO aliases (entity_key, alias) VALUES ('character:api-character-1613', 'Yellow cloak');
INSERT INTO appearances (entity_key, show_id, presence_kind, first_reference, details_json) VALUES ('character:api-character-1613', 'game-of-thrones', 'depicted', NULL, '{"show":"game-of-thrones","kind":"depicted","seasons":["Season 6"]}');
INSERT INTO sources (entity_key, label, url, provider, source_kind, accessed) VALUES ('character:api-character-1613', 'An API of Ice and Fire — character 1613', 'https://anapioficeandfire.com/api/characters/1613', 'An API of Ice and Fire', 'structured_database', '2026-07-10');
INSERT INTO media (entity_key, local_path, provider, source_page, asset_url, media_kind, uncertain, metadata_json) VALUES ('character:api-character-1613', '/images/fallback-character.svg', 'Local archive fallback', NULL, NULL, 'fallback', 0, '{"provider":"Local archive fallback","kind":"fallback","match":"none","uncertain":false,"reason":"No exact verified image-page mapping is available.","url":null,"assetUrl":null}');
INSERT INTO entities_fts (entity_key, name, aliases, type) VALUES ('character:api-character-1613', 'Lem', 'Lem Lemoncloak The Lemon Yellow cloak', 'character');
INSERT INTO characters (entity_key, gender, culture, born, died, actor_json, titles_json, era) VALUES ('character:api-character-1613', 'male', NULL, NULL, NULL, '["Jóhannes Haukur Jóhannesson"]', '[]', NULL);
INSERT INTO entities (entity_key, id, type, name, description, status, verification, raw_json) VALUES ('character:api-character-1626', 'api-character-1626', 'character', 'Lommy', NULL, 'dead', 'upstream_record', '{"id":"api-character-1626","apiId":1626,"name":"Lommy","canonicalName":"Lommy","aliases":["Lommy Greenhands"],"actor":["Eros Vlahos"],"gender":"male","culture":null,"born":null,"died":"In 299 AC, at Riverlands","status":"dead","houses":[],"titles":[],"father":null,"mother":null,"spouse":null,"books":[2,3,5],"povBooks":[],"show":["game-of-thrones"],"presence":[{"show":"game-of-thrones","kind":"depicted","seasons":["Season 1","Season 2"]}],"playedBy":["Eros Vlahos"],"sources":[{"label":"An API of Ice and Fire — character 1626","url":"https://anapioficeandfire.com/api/characters/1626","provider":"An API of Ice and Fire","kind":"structured_database","accessed":"2026-07-10"}],"verification":"upstream_record","image":"/images/fallback-character.svg","imageSource":{"provider":"Local archive fallback","kind":"fallback","match":"none","uncertain":false,"reason":"No exact verified image-page mapping is available.","url":null,"assetUrl":null},"parents":[],"children":[],"spouses":[],"house":null,"dragon":null}');
INSERT INTO aliases (entity_key, alias) VALUES ('character:api-character-1626', 'Lommy Greenhands');
INSERT INTO appearances (entity_key, show_id, presence_kind, first_reference, details_json) VALUES ('character:api-character-1626', 'game-of-thrones', 'depicted', NULL, '{"show":"game-of-thrones","kind":"depicted","seasons":["Season 1","Season 2"]}');
INSERT INTO sources (entity_key, label, url, provider, source_kind, accessed) VALUES ('character:api-character-1626', 'An API of Ice and Fire — character 1626', 'https://anapioficeandfire.com/api/characters/1626', 'An API of Ice and Fire', 'structured_database', '2026-07-10');
INSERT INTO media (entity_key, local_path, provider, source_page, asset_url, media_kind, uncertain, metadata_json) VALUES ('character:api-character-1626', '/images/fallback-character.svg', 'Local archive fallback', NULL, NULL, 'fallback', 0, '{"provider":"Local archive fallback","kind":"fallback","match":"none","uncertain":false,"reason":"No exact verified image-page mapping is available.","url":null,"assetUrl":null}');
INSERT INTO entities_fts (entity_key, name, aliases, type) VALUES ('character:api-character-1626', 'Lommy', 'Lommy Greenhands', 'character');
INSERT INTO characters (entity_key, gender, culture, born, died, actor_json, titles_json, era) VALUES ('character:api-character-1626', 'male', NULL, NULL, 'In 299 AC, at Riverlands', '["Eros Vlahos"]', '[]', NULL);
INSERT INTO entities (entity_key, id, type, name, description, status, verification, raw_json) VALUES ('character:api-character-1630', 'api-character-1630', 'character', 'Lord of Bones', NULL, 'dead', 'upstream_record', '{"id":"api-character-1630","apiId":1630,"name":"Lord of Bones","canonicalName":"Lord of Bones","aliases":["Rattleshirt","Lord o'' Bones","Bag o'' Bones"],"actor":["Edward Dogliani"],"gender":"male","culture":"Free Folk","born":null,"died":"In 300 AC, at Castle Black","status":"dead","houses":[],"titles":[],"father":null,"mother":null,"spouse":null,"books":[2,3,5,8],"povBooks":[],"show":["game-of-thrones"],"presence":[{"show":"game-of-thrones","kind":"depicted","seasons":["Season 2","Season 3"]}],"playedBy":["Edward Dogliani"],"sources":[{"label":"An API of Ice and Fire — character 1630","url":"https://anapioficeandfire.com/api/characters/1630","provider":"An API of Ice and Fire","kind":"structured_database","accessed":"2026-07-10"}],"verification":"upstream_record","image":"/images/fallback-character.svg","imageSource":{"provider":"Local archive fallback","kind":"fallback","match":"none","uncertain":false,"reason":"No exact verified image-page mapping is available.","url":null,"assetUrl":null},"parents":[],"children":[],"spouses":[],"house":null,"dragon":null}');
INSERT INTO aliases (entity_key, alias) VALUES ('character:api-character-1630', 'Rattleshirt');
INSERT INTO aliases (entity_key, alias) VALUES ('character:api-character-1630', 'Lord o'' Bones');
INSERT INTO aliases (entity_key, alias) VALUES ('character:api-character-1630', 'Bag o'' Bones');
INSERT INTO appearances (entity_key, show_id, presence_kind, first_reference, details_json) VALUES ('character:api-character-1630', 'game-of-thrones', 'depicted', NULL, '{"show":"game-of-thrones","kind":"depicted","seasons":["Season 2","Season 3"]}');
INSERT INTO sources (entity_key, label, url, provider, source_kind, accessed) VALUES ('character:api-character-1630', 'An API of Ice and Fire — character 1630', 'https://anapioficeandfire.com/api/characters/1630', 'An API of Ice and Fire', 'structured_database', '2026-07-10');
INSERT INTO media (entity_key, local_path, provider, source_page, asset_url, media_kind, uncertain, metadata_json) VALUES ('character:api-character-1630', '/images/fallback-character.svg', 'Local archive fallback', NULL, NULL, 'fallback', 0, '{"provider":"Local archive fallback","kind":"fallback","match":"none","uncertain":false,"reason":"No exact verified image-page mapping is available.","url":null,"assetUrl":null}');
INSERT INTO entities_fts (entity_key, name, aliases, type) VALUES ('character:api-character-1630', 'Lord of Bones', 'Rattleshirt Lord o'' Bones Bag o'' Bones', 'character');
INSERT INTO characters (entity_key, gender, culture, born, died, actor_json, titles_json, era) VALUES ('character:api-character-1630', 'male', 'Free Folk', NULL, 'In 300 AC, at Castle Black', '["Edward Dogliani"]', '[]', NULL);
INSERT INTO entities (entity_key, id, type, name, description, status, verification, raw_json) VALUES ('character:api-character-1635', 'api-character-1635', 'character', 'Lorren', NULL, 'dead', 'upstream_record', '{"id":"api-character-1635","apiId":1635,"name":"Lorren","canonicalName":"Lorren","aliases":["Black Lorren"],"actor":["Forbes KB"],"gender":"male","culture":null,"born":null,"died":"In 299 AC, at Winterfell","status":"dead","houses":[],"titles":[],"father":null,"mother":null,"spouse":null,"books":[2],"povBooks":[],"show":["game-of-thrones"],"presence":[{"show":"game-of-thrones","kind":"depicted","seasons":["Season 2"]}],"playedBy":["Forbes KB"],"sources":[{"label":"An API of Ice and Fire — character 1635","url":"https://anapioficeandfire.com/api/characters/1635","provider":"An API of Ice and Fire","kind":"structured_database","accessed":"2026-07-10"}],"verification":"upstream_record","image":"/images/fallback-character.svg","imageSource":{"provider":"Local archive fallback","kind":"fallback","match":"none","uncertain":false,"reason":"No exact verified image-page mapping is available.","url":null,"assetUrl":null},"parents":[],"children":[],"spouses":[],"house":null,"dragon":null}');
INSERT INTO aliases (entity_key, alias) VALUES ('character:api-character-1635', 'Black Lorren');
INSERT INTO appearances (entity_key, show_id, presence_kind, first_reference, details_json) VALUES ('character:api-character-1635', 'game-of-thrones', 'depicted', NULL, '{"show":"game-of-thrones","kind":"depicted","seasons":["Season 2"]}');
INSERT INTO sources (entity_key, label, url, provider, source_kind, accessed) VALUES ('character:api-character-1635', 'An API of Ice and Fire — character 1635', 'https://anapioficeandfire.com/api/characters/1635', 'An API of Ice and Fire', 'structured_database', '2026-07-10');
INSERT INTO media (entity_key, local_path, provider, source_page, asset_url, media_kind, uncertain, metadata_json) VALUES ('character:api-character-1635', '/images/fallback-character.svg', 'Local archive fallback', NULL, NULL, 'fallback', 0, '{"provider":"Local archive fallback","kind":"fallback","match":"none","uncertain":false,"reason":"No exact verified image-page mapping is available.","url":null,"assetUrl":null}');
INSERT INTO entities_fts (entity_key, name, aliases, type) VALUES ('character:api-character-1635', 'Lorren', 'Black Lorren', 'character');
INSERT INTO characters (entity_key, gender, culture, born, died, actor_json, titles_json, era) VALUES ('character:api-character-1635', 'male', NULL, NULL, 'In 299 AC, at Winterfell', '["Forbes KB"]', '[]', NULL);
INSERT INTO entities (entity_key, id, type, name, description, status, verification, raw_json) VALUES ('character:api-character-1649', 'api-character-1649', 'character', 'Luwin', NULL, 'dead', 'upstream_record', '{"id":"api-character-1649","apiId":1649,"name":"Luwin","canonicalName":"Luwin","aliases":[],"actor":["Donald Sumpter"],"gender":"male","culture":"Westeros","born":null,"died":"In 299 AC, at Winterfell","status":"dead","houses":["house-stark"],"titles":[],"father":null,"mother":null,"spouse":null,"books":[1,2,3,5,8],"povBooks":[],"show":["game-of-thrones"],"presence":[{"show":"game-of-thrones","kind":"depicted","seasons":["Season 1","Season 2"]}],"playedBy":["Donald Sumpter"],"sources":[{"label":"An API of Ice and Fire — character 1649","url":"https://anapioficeandfire.com/api/characters/1649","provider":"An API of Ice and Fire","kind":"structured_database","accessed":"2026-07-10"},{"label":"A Song of Ice and Fire Wiki — Luwin","url":"https://iceandfire.fandom.com/wiki/Luwin","provider":"A Song of Ice and Fire Wiki","kind":"reference_page","accessed":"2026-07-10"}],"verification":"upstream_record","image":"/images/characters/api-character-1649.webp","imageSource":{"provider":"A Song of Ice and Fire Wiki","kind":"wiki_lead_image","match":"exact_page_title","uncertain":false,"url":"https://iceandfire.fandom.com/wiki/Luwin","assetUrl":"https://static.wikia.nocookie.net/iceandfire/images/0/0a/Maester_luwin.jpeg/revision/latest?cb=20130214030738","accessed":"2026-07-10","originalSha256":"65ec379fd616d321fb526e1c5920697005ef8ecd8d86de6ecdcb1c6b2eb2046d","derivativeSha256":"08c5175de4435a19312b6ab06ef7d63fafeed0ea2e7932a1b2e63f699bda2f09","width":1200,"height":900,"presentation":"proportional_resize_with_padding"},"parents":[],"children":[],"spouses":[],"house":null,"dragon":null}');
INSERT INTO appearances (entity_key, show_id, presence_kind, first_reference, details_json) VALUES ('character:api-character-1649', 'game-of-thrones', 'depicted', NULL, '{"show":"game-of-thrones","kind":"depicted","seasons":["Season 1","Season 2"]}');
INSERT INTO sources (entity_key, label, url, provider, source_kind, accessed) VALUES ('character:api-character-1649', 'An API of Ice and Fire — character 1649', 'https://anapioficeandfire.com/api/characters/1649', 'An API of Ice and Fire', 'structured_database', '2026-07-10');
INSERT INTO sources (entity_key, label, url, provider, source_kind, accessed) VALUES ('character:api-character-1649', 'A Song of Ice and Fire Wiki — Luwin', 'https://iceandfire.fandom.com/wiki/Luwin', 'A Song of Ice and Fire Wiki', 'reference_page', '2026-07-10');
INSERT INTO media (entity_key, local_path, provider, source_page, asset_url, media_kind, uncertain, metadata_json) VALUES ('character:api-character-1649', '/images/characters/api-character-1649.webp', 'A Song of Ice and Fire Wiki', 'https://iceandfire.fandom.com/wiki/Luwin', 'https://static.wikia.nocookie.net/iceandfire/images/0/0a/Maester_luwin.jpeg/revision/latest?cb=20130214030738', 'wiki_lead_image', 0, '{"provider":"A Song of Ice and Fire Wiki","kind":"wiki_lead_image","match":"exact_page_title","uncertain":false,"url":"https://iceandfire.fandom.com/wiki/Luwin","assetUrl":"https://static.wikia.nocookie.net/iceandfire/images/0/0a/Maester_luwin.jpeg/revision/latest?cb=20130214030738","accessed":"2026-07-10","originalSha256":"65ec379fd616d321fb526e1c5920697005ef8ecd8d86de6ecdcb1c6b2eb2046d","derivativeSha256":"08c5175de4435a19312b6ab06ef7d63fafeed0ea2e7932a1b2e63f699bda2f09","width":1200,"height":900,"presentation":"proportional_resize_with_padding"}');
INSERT INTO entities_fts (entity_key, name, aliases, type) VALUES ('character:api-character-1649', 'Luwin', '', 'character');
INSERT INTO characters (entity_key, gender, culture, born, died, actor_json, titles_json, era) VALUES ('character:api-character-1649', 'male', 'Westeros', NULL, 'In 299 AC, at Winterfell', '["Donald Sumpter"]', '[]', NULL);
INSERT INTO entities (entity_key, id, type, name, description, status, verification, raw_json) VALUES ('character:api-character-1659', 'api-character-1659', 'character', 'Maggy', NULL, 'unknown', 'upstream_record', '{"id":"api-character-1659","apiId":1659,"name":"Maggy","canonicalName":"Maggy","aliases":["Maggy the Frog"],"actor":["Jodhi May"],"gender":"female","culture":null,"born":null,"died":null,"status":"unknown","houses":[],"titles":[],"father":null,"mother":null,"spouse":null,"books":[3,5],"povBooks":[],"show":["game-of-thrones"],"presence":[{"show":"game-of-thrones","kind":"depicted","seasons":["Season 5"]}],"playedBy":["Jodhi May"],"sources":[{"label":"An API of Ice and Fire — character 1659","url":"https://anapioficeandfire.com/api/characters/1659","provider":"An API of Ice and Fire","kind":"structured_database","accessed":"2026-07-10"}],"verification":"upstream_record","image":"/images/fallback-character.svg","imageSource":{"provider":"Local archive fallback","kind":"fallback","match":"none","uncertain":false,"reason":"No exact verified image-page mapping is available.","url":null,"assetUrl":null},"parents":[],"children":[],"spouses":[],"house":null,"dragon":null}');
INSERT INTO aliases (entity_key, alias) VALUES ('character:api-character-1659', 'Maggy the Frog');
INSERT INTO appearances (entity_key, show_id, presence_kind, first_reference, details_json) VALUES ('character:api-character-1659', 'game-of-thrones', 'depicted', NULL, '{"show":"game-of-thrones","kind":"depicted","seasons":["Season 5"]}');
INSERT INTO sources (entity_key, label, url, provider, source_kind, accessed) VALUES ('character:api-character-1659', 'An API of Ice and Fire — character 1659', 'https://anapioficeandfire.com/api/characters/1659', 'An API of Ice and Fire', 'structured_database', '2026-07-10');
INSERT INTO media (entity_key, local_path, provider, source_page, asset_url, media_kind, uncertain, metadata_json) VALUES ('character:api-character-1659', '/images/fallback-character.svg', 'Local archive fallback', NULL, NULL, 'fallback', 0, '{"provider":"Local archive fallback","kind":"fallback","match":"none","uncertain":false,"reason":"No exact verified image-page mapping is available.","url":null,"assetUrl":null}');
INSERT INTO entities_fts (entity_key, name, aliases, type) VALUES ('character:api-character-1659', 'Maggy', 'Maggy the Frog', 'character');
INSERT INTO characters (entity_key, gender, culture, born, died, actor_json, titles_json, era) VALUES ('character:api-character-1659', 'female', NULL, NULL, NULL, '["Jodhi May"]', '[]', NULL);
INSERT INTO entities (entity_key, id, type, name, description, status, verification, raw_json) VALUES ('character:api-character-1660', 'api-character-1660', 'character', 'Mago', NULL, 'unknown', 'upstream_record', '{"id":"api-character-1660","apiId":1660,"name":"Mago","canonicalName":"Mago","aliases":[],"actor":["Ivailo Dimitrov"],"gender":"male","culture":"Dothraki","born":null,"died":null,"status":"unknown","houses":[],"titles":["Bloodrider of Khal Jhaqo"],"father":null,"mother":null,"spouse":null,"books":[1,3,5,8],"povBooks":[],"show":["game-of-thrones"],"presence":[{"show":"game-of-thrones","kind":"depicted","seasons":["Season 1"]}],"playedBy":["Ivailo Dimitrov"],"sources":[{"label":"An API of Ice and Fire — character 1660","url":"https://anapioficeandfire.com/api/characters/1660","provider":"An API of Ice and Fire","kind":"structured_database","accessed":"2026-07-10"}],"verification":"upstream_record","image":"/images/fallback-character.svg","imageSource":{"provider":"Local archive fallback","kind":"fallback","match":"none","uncertain":false,"reason":"No exact verified image-page mapping is available.","url":null,"assetUrl":null},"parents":[],"children":[],"spouses":[],"house":null,"dragon":null}');
INSERT INTO appearances (entity_key, show_id, presence_kind, first_reference, details_json) VALUES ('character:api-character-1660', 'game-of-thrones', 'depicted', NULL, '{"show":"game-of-thrones","kind":"depicted","seasons":["Season 1"]}');
INSERT INTO sources (entity_key, label, url, provider, source_kind, accessed) VALUES ('character:api-character-1660', 'An API of Ice and Fire — character 1660', 'https://anapioficeandfire.com/api/characters/1660', 'An API of Ice and Fire', 'structured_database', '2026-07-10');
INSERT INTO media (entity_key, local_path, provider, source_page, asset_url, media_kind, uncertain, metadata_json) VALUES ('character:api-character-1660', '/images/fallback-character.svg', 'Local archive fallback', NULL, NULL, 'fallback', 0, '{"provider":"Local archive fallback","kind":"fallback","match":"none","uncertain":false,"reason":"No exact verified image-page mapping is available.","url":null,"assetUrl":null}');
INSERT INTO entities_fts (entity_key, name, aliases, type) VALUES ('character:api-character-1660', 'Mago', '', 'character');
INSERT INTO characters (entity_key, gender, culture, born, died, actor_json, titles_json, era) VALUES ('character:api-character-1660', 'male', 'Dothraki', NULL, NULL, '["Ivailo Dimitrov"]', '["Bloodrider of Khal Jhaqo"]', NULL);
INSERT INTO entities (entity_key, id, type, name, description, status, verification, raw_json) VALUES ('character:api-character-1666', 'api-character-1666', 'character', 'Mance Rayder', NULL, 'unknown', 'upstream_record', '{"id":"api-character-1666","apiId":1666,"name":"Mance Rayder","canonicalName":"Mance Rayder","aliases":["The Mance","Abel","The Unburnt King"],"actor":["Ciarán Hinds"],"gender":"male","culture":"Free folk","born":", at Beyond the Wall","died":null,"status":"unknown","houses":[],"titles":["King-Beyond-the-Wall"],"father":null,"mother":null,"spouse":null,"books":[1,2,3,5,8],"povBooks":[],"show":["game-of-thrones"],"presence":[{"show":"game-of-thrones","kind":"depicted","seasons":["Season 3","Season 4","Season 5"]}],"playedBy":["Ciarán Hinds"],"sources":[{"label":"An API of Ice and Fire — character 1666","url":"https://anapioficeandfire.com/api/characters/1666","provider":"An API of Ice and Fire","kind":"structured_database","accessed":"2026-07-10"},{"label":"A Song of Ice and Fire Wiki — Mance Rayder","url":"https://iceandfire.fandom.com/wiki/Mance_Rayder","provider":"A Song of Ice and Fire Wiki","kind":"reference_page","accessed":"2026-07-10"}],"verification":"upstream_record","image":"/images/characters/api-character-1666.webp","imageSource":{"provider":"A Song of Ice and Fire Wiki","kind":"wiki_lead_image","match":"exact_page_title","uncertain":false,"url":"https://iceandfire.fandom.com/wiki/Mance_Rayder","assetUrl":"https://static.wikia.nocookie.net/iceandfire/images/2/2a/Mance_by_amoka.jpg/revision/latest?cb=20150517081345","accessed":"2026-07-10","originalSha256":"f9504a5ea84fcddb6a032e3ef6ff87bba878df6b6e4bcabd3541aee0ab8965e2","derivativeSha256":"ddfe4dd6fc2b825f072ed1c47ee156fd18184c9cf8f4c636a1cecd8dbe8f0057","width":1200,"height":900,"presentation":"proportional_resize_with_padding"},"parents":[],"children":[],"spouses":[],"house":null,"dragon":null}');
INSERT INTO aliases (entity_key, alias) VALUES ('character:api-character-1666', 'The Mance');
INSERT INTO aliases (entity_key, alias) VALUES ('character:api-character-1666', 'Abel');
INSERT INTO aliases (entity_key, alias) VALUES ('character:api-character-1666', 'The Unburnt King');
INSERT INTO appearances (entity_key, show_id, presence_kind, first_reference, details_json) VALUES ('character:api-character-1666', 'game-of-thrones', 'depicted', NULL, '{"show":"game-of-thrones","kind":"depicted","seasons":["Season 3","Season 4","Season 5"]}');
INSERT INTO sources (entity_key, label, url, provider, source_kind, accessed) VALUES ('character:api-character-1666', 'An API of Ice and Fire — character 1666', 'https://anapioficeandfire.com/api/characters/1666', 'An API of Ice and Fire', 'structured_database', '2026-07-10');
INSERT INTO sources (entity_key, label, url, provider, source_kind, accessed) VALUES ('character:api-character-1666', 'A Song of Ice and Fire Wiki — Mance Rayder', 'https://iceandfire.fandom.com/wiki/Mance_Rayder', 'A Song of Ice and Fire Wiki', 'reference_page', '2026-07-10');
INSERT INTO media (entity_key, local_path, provider, source_page, asset_url, media_kind, uncertain, metadata_json) VALUES ('character:api-character-1666', '/images/characters/api-character-1666.webp', 'A Song of Ice and Fire Wiki', 'https://iceandfire.fandom.com/wiki/Mance_Rayder', 'https://static.wikia.nocookie.net/iceandfire/images/2/2a/Mance_by_amoka.jpg/revision/latest?cb=20150517081345', 'wiki_lead_image', 0, '{"provider":"A Song of Ice and Fire Wiki","kind":"wiki_lead_image","match":"exact_page_title","uncertain":false,"url":"https://iceandfire.fandom.com/wiki/Mance_Rayder","assetUrl":"https://static.wikia.nocookie.net/iceandfire/images/2/2a/Mance_by_amoka.jpg/revision/latest?cb=20150517081345","accessed":"2026-07-10","originalSha256":"f9504a5ea84fcddb6a032e3ef6ff87bba878df6b6e4bcabd3541aee0ab8965e2","derivativeSha256":"ddfe4dd6fc2b825f072ed1c47ee156fd18184c9cf8f4c636a1cecd8dbe8f0057","width":1200,"height":900,"presentation":"proportional_resize_with_padding"}');
INSERT INTO entities_fts (entity_key, name, aliases, type) VALUES ('character:api-character-1666', 'Mance Rayder', 'The Mance Abel The Unburnt King', 'character');
INSERT INTO characters (entity_key, gender, culture, born, died, actor_json, titles_json, era) VALUES ('character:api-character-1666', 'male', 'Free folk', ', at Beyond the Wall', NULL, '["Ciarán Hinds"]', '["King-Beyond-the-Wall"]', NULL);
INSERT INTO entities (entity_key, id, type, name, description, status, verification, raw_json) VALUES ('character:api-character-1667', 'api-character-1667', 'character', 'Marei', NULL, 'unknown', 'upstream_record', '{"id":"api-character-1667","apiId":1667,"name":"Marei","canonicalName":"Marei","aliases":[],"actor":["Josephine Gillan"],"gender":"female","culture":null,"born":"In 280 AC or before","died":null,"status":"unknown","houses":[],"titles":[],"father":null,"mother":null,"spouse":null,"books":[2,3,5,8],"povBooks":[],"show":["game-of-thrones"],"presence":[{"show":"game-of-thrones","kind":"depicted","seasons":["Season 2","Season 3","Season 4","Season 5"]}],"playedBy":["Josephine Gillan"],"sources":[{"label":"An API of Ice and Fire — character 1667","url":"https://anapioficeandfire.com/api/characters/1667","provider":"An API of Ice and Fire","kind":"structured_database","accessed":"2026-07-10"}],"verification":"upstream_record","image":"/images/fallback-character.svg","imageSource":{"provider":"Local archive fallback","kind":"fallback","match":"none","uncertain":false,"reason":"No exact verified image-page mapping is available.","url":null,"assetUrl":null},"parents":[],"children":[],"spouses":[],"house":null,"dragon":null}');
INSERT INTO appearances (entity_key, show_id, presence_kind, first_reference, details_json) VALUES ('character:api-character-1667', 'game-of-thrones', 'depicted', NULL, '{"show":"game-of-thrones","kind":"depicted","seasons":["Season 2","Season 3","Season 4","Season 5"]}');
INSERT INTO sources (entity_key, label, url, provider, source_kind, accessed) VALUES ('character:api-character-1667', 'An API of Ice and Fire — character 1667', 'https://anapioficeandfire.com/api/characters/1667', 'An API of Ice and Fire', 'structured_database', '2026-07-10');
INSERT INTO media (entity_key, local_path, provider, source_page, asset_url, media_kind, uncertain, metadata_json) VALUES ('character:api-character-1667', '/images/fallback-character.svg', 'Local archive fallback', NULL, NULL, 'fallback', 0, '{"provider":"Local archive fallback","kind":"fallback","match":"none","uncertain":false,"reason":"No exact verified image-page mapping is available.","url":null,"assetUrl":null}');
INSERT INTO entities_fts (entity_key, name, aliases, type) VALUES ('character:api-character-1667', 'Marei', '', 'character');
INSERT INTO characters (entity_key, gender, culture, born, died, actor_json, titles_json, era) VALUES ('character:api-character-1667', 'female', NULL, 'In 280 AC or before', NULL, '["Josephine Gillan"]', '[]', NULL);
INSERT INTO entities (entity_key, id, type, name, description, status, verification, raw_json) VALUES ('character:api-character-1670', 'api-character-1670', 'character', 'Marillion', NULL, 'dead', 'upstream_record', '{"id":"api-character-1670","apiId":1670,"name":"Marillion","canonicalName":"Marillion","aliases":[],"actor":["Emun Elliott."],"gender":"male","culture":null,"born":"In 279 AC or 280 AC","died":"In 300 AC, at the Eyrie","status":"dead","houses":[],"titles":[],"father":null,"mother":null,"spouse":null,"books":[1,2,3,5],"povBooks":[],"show":["game-of-thrones"],"presence":[{"show":"game-of-thrones","kind":"depicted","seasons":["Season 1"]}],"playedBy":["Emun Elliott."],"sources":[{"label":"An API of Ice and Fire — character 1670","url":"https://anapioficeandfire.com/api/characters/1670","provider":"An API of Ice and Fire","kind":"structured_database","accessed":"2026-07-10"},{"label":"A Song of Ice and Fire Wiki — Marillion","url":"https://iceandfire.fandom.com/wiki/Marillion","provider":"A Song of Ice and Fire Wiki","kind":"reference_page","accessed":"2026-07-10"}],"verification":"upstream_record","image":"/images/characters/api-character-1670.webp","imageSource":{"provider":"A Song of Ice and Fire Wiki","kind":"wiki_lead_image","match":"exact_page_title","uncertain":false,"url":"https://iceandfire.fandom.com/wiki/Marillion","assetUrl":"https://static.wikia.nocookie.net/iceandfire/images/2/26/Marillion.png/revision/latest?cb=20250211160709","accessed":"2026-07-10","originalSha256":"9eddacd84326a0eaecddb467a3abda1fca18a3b6a085339ad43cc4cb424f0479","derivativeSha256":"15b7df2c934e95fbaadc3c9137d94168c9c6a1b463adff12571d89347d5626d1","width":1200,"height":900,"presentation":"proportional_resize_with_padding"},"parents":[],"children":[],"spouses":[],"house":null,"dragon":null}');
INSERT INTO appearances (entity_key, show_id, presence_kind, first_reference, details_json) VALUES ('character:api-character-1670', 'game-of-thrones', 'depicted', NULL, '{"show":"game-of-thrones","kind":"depicted","seasons":["Season 1"]}');
INSERT INTO sources (entity_key, label, url, provider, source_kind, accessed) VALUES ('character:api-character-1670', 'An API of Ice and Fire — character 1670', 'https://anapioficeandfire.com/api/characters/1670', 'An API of Ice and Fire', 'structured_database', '2026-07-10');
INSERT INTO sources (entity_key, label, url, provider, source_kind, accessed) VALUES ('character:api-character-1670', 'A Song of Ice and Fire Wiki — Marillion', 'https://iceandfire.fandom.com/wiki/Marillion', 'A Song of Ice and Fire Wiki', 'reference_page', '2026-07-10');
INSERT INTO media (entity_key, local_path, provider, source_page, asset_url, media_kind, uncertain, metadata_json) VALUES ('character:api-character-1670', '/images/characters/api-character-1670.webp', 'A Song of Ice and Fire Wiki', 'https://iceandfire.fandom.com/wiki/Marillion', 'https://static.wikia.nocookie.net/iceandfire/images/2/26/Marillion.png/revision/latest?cb=20250211160709', 'wiki_lead_image', 0, '{"provider":"A Song of Ice and Fire Wiki","kind":"wiki_lead_image","match":"exact_page_title","uncertain":false,"url":"https://iceandfire.fandom.com/wiki/Marillion","assetUrl":"https://static.wikia.nocookie.net/iceandfire/images/2/26/Marillion.png/revision/latest?cb=20250211160709","accessed":"2026-07-10","originalSha256":"9eddacd84326a0eaecddb467a3abda1fca18a3b6a085339ad43cc4cb424f0479","derivativeSha256":"15b7df2c934e95fbaadc3c9137d94168c9c6a1b463adff12571d89347d5626d1","width":1200,"height":900,"presentation":"proportional_resize_with_padding"}');
INSERT INTO entities_fts (entity_key, name, aliases, type) VALUES ('character:api-character-1670', 'Marillion', '', 'character');
INSERT INTO characters (entity_key, gender, culture, born, died, actor_json, titles_json, era) VALUES ('character:api-character-1670', 'male', NULL, 'In 279 AC or 280 AC', 'In 300 AC, at the Eyrie', '["Emun Elliott."]', '[]', NULL);
INSERT INTO entities (entity_key, id, type, name, description, status, verification, raw_json) VALUES ('character:api-character-1677', 'api-character-1677', 'character', 'Masha Heddle', NULL, 'dead', 'upstream_record', '{"id":"api-character-1677","apiId":1677,"name":"Masha Heddle","canonicalName":"Masha Heddle","aliases":[],"actor":["Susie Kelly"],"gender":"female","culture":null,"born":null,"died":"In 298 AC, at the Riverlands","status":"dead","houses":[],"titles":[],"father":null,"mother":null,"spouse":null,"books":[1,2],"povBooks":[],"show":["game-of-thrones"],"presence":[{"show":"game-of-thrones","kind":"depicted","seasons":["Season 1"]}],"playedBy":["Susie Kelly"],"sources":[{"label":"An API of Ice and Fire — character 1677","url":"https://anapioficeandfire.com/api/characters/1677","provider":"An API of Ice and Fire","kind":"structured_database","accessed":"2026-07-10"},{"label":"A Song of Ice and Fire Wiki — Masha Heddle","url":"https://iceandfire.fandom.com/wiki/Masha_Heddle","provider":"A Song of Ice and Fire Wiki","kind":"reference_page","accessed":"2026-07-10"}],"verification":"upstream_record","image":"/images/characters/api-character-1677.webp","imageSource":{"provider":"A Song of Ice and Fire Wiki","kind":"wiki_lead_image","match":"exact_page_title","uncertain":false,"url":"https://iceandfire.fandom.com/wiki/Masha_Heddle","assetUrl":"https://static.wikia.nocookie.net/iceandfire/images/a/ab/Masha_Heddle.png/revision/latest?cb=20250127154151","accessed":"2026-07-10","originalSha256":"e5e8c4e9a04d9127def17aff6b35f585000a1d704fb0dced0cc98afb0e280dbc","derivativeSha256":"0f1f82ea3e285065b4ae0548c5e4ae0569305853ad7f9c32314ba7efa860cc7b","width":1200,"height":900,"presentation":"proportional_resize_with_padding"},"parents":[],"children":[],"spouses":[],"house":null,"dragon":null}');
INSERT INTO appearances (entity_key, show_id, presence_kind, first_reference, details_json) VALUES ('character:api-character-1677', 'game-of-thrones', 'depicted', NULL, '{"show":"game-of-thrones","kind":"depicted","seasons":["Season 1"]}');
INSERT INTO sources (entity_key, label, url, provider, source_kind, accessed) VALUES ('character:api-character-1677', 'An API of Ice and Fire — character 1677', 'https://anapioficeandfire.com/api/characters/1677', 'An API of Ice and Fire', 'structured_database', '2026-07-10');
INSERT INTO sources (entity_key, label, url, provider, source_kind, accessed) VALUES ('character:api-character-1677', 'A Song of Ice and Fire Wiki — Masha Heddle', 'https://iceandfire.fandom.com/wiki/Masha_Heddle', 'A Song of Ice and Fire Wiki', 'reference_page', '2026-07-10');
INSERT INTO media (entity_key, local_path, provider, source_page, asset_url, media_kind, uncertain, metadata_json) VALUES ('character:api-character-1677', '/images/characters/api-character-1677.webp', 'A Song of Ice and Fire Wiki', 'https://iceandfire.fandom.com/wiki/Masha_Heddle', 'https://static.wikia.nocookie.net/iceandfire/images/a/ab/Masha_Heddle.png/revision/latest?cb=20250127154151', 'wiki_lead_image', 0, '{"provider":"A Song of Ice and Fire Wiki","kind":"wiki_lead_image","match":"exact_page_title","uncertain":false,"url":"https://iceandfire.fandom.com/wiki/Masha_Heddle","assetUrl":"https://static.wikia.nocookie.net/iceandfire/images/a/ab/Masha_Heddle.png/revision/latest?cb=20250127154151","accessed":"2026-07-10","originalSha256":"e5e8c4e9a04d9127def17aff6b35f585000a1d704fb0dced0cc98afb0e280dbc","derivativeSha256":"0f1f82ea3e285065b4ae0548c5e4ae0569305853ad7f9c32314ba7efa860cc7b","width":1200,"height":900,"presentation":"proportional_resize_with_padding"}');
INSERT INTO entities_fts (entity_key, name, aliases, type) VALUES ('character:api-character-1677', 'Masha Heddle', '', 'character');
INSERT INTO characters (entity_key, gender, culture, born, died, actor_json, titles_json, era) VALUES ('character:api-character-1677', 'female', NULL, NULL, 'In 298 AC, at the Riverlands', '["Susie Kelly"]', '[]', NULL);
INSERT INTO entities (entity_key, id, type, name, description, status, verification, raw_json) VALUES ('character:api-character-1683', 'api-character-1683', 'character', 'Matthos Seaworth', NULL, 'dead', 'upstream_record', '{"id":"api-character-1683","apiId":1683,"name":"Matthos Seaworth","canonicalName":"Matthos Seaworth","aliases":[],"actor":["Kerr Logan"],"gender":"male","culture":null,"born":null,"died":"In 299 AC, at Blackwater Rush","status":"dead","houses":["house-seaworth"],"titles":[],"father":null,"mother":null,"spouse":null,"books":[2,3,5,8],"povBooks":[],"show":["game-of-thrones"],"presence":[{"show":"game-of-thrones","kind":"depicted","seasons":["Season 2"]}],"playedBy":["Kerr Logan"],"sources":[{"label":"An API of Ice and Fire — character 1683","url":"https://anapioficeandfire.com/api/characters/1683","provider":"An API of Ice and Fire","kind":"structured_database","accessed":"2026-07-10"}],"verification":"upstream_record","image":"/images/fallback-character.svg","imageSource":{"provider":"Local archive fallback","kind":"fallback","match":"none","uncertain":false,"reason":"No exact verified image-page mapping is available.","url":null,"assetUrl":null},"parents":[],"children":[],"spouses":[],"house":null,"dragon":null}');
INSERT INTO appearances (entity_key, show_id, presence_kind, first_reference, details_json) VALUES ('character:api-character-1683', 'game-of-thrones', 'depicted', NULL, '{"show":"game-of-thrones","kind":"depicted","seasons":["Season 2"]}');
INSERT INTO sources (entity_key, label, url, provider, source_kind, accessed) VALUES ('character:api-character-1683', 'An API of Ice and Fire — character 1683', 'https://anapioficeandfire.com/api/characters/1683', 'An API of Ice and Fire', 'structured_database', '2026-07-10');
INSERT INTO media (entity_key, local_path, provider, source_page, asset_url, media_kind, uncertain, metadata_json) VALUES ('character:api-character-1683', '/images/fallback-character.svg', 'Local archive fallback', NULL, NULL, 'fallback', 0, '{"provider":"Local archive fallback","kind":"fallback","match":"none","uncertain":false,"reason":"No exact verified image-page mapping is available.","url":null,"assetUrl":null}');
INSERT INTO entities_fts (entity_key, name, aliases, type) VALUES ('character:api-character-1683', 'Matthos Seaworth', '', 'character');
INSERT INTO characters (entity_key, gender, culture, born, died, actor_json, titles_json, era) VALUES ('character:api-character-1683', 'male', NULL, NULL, 'In 299 AC, at Blackwater Rush', '["Kerr Logan"]', '[]', NULL);
INSERT INTO entities (entity_key, id, type, name, description, status, verification, raw_json) VALUES ('character:api-character-1703', 'api-character-1703', 'character', 'Mero', NULL, 'dead', 'upstream_record', '{"id":"api-character-1703","apiId":1703,"name":"Mero","canonicalName":"Mero","aliases":["The Titan''s Bastard","Mero of Braavos"],"actor":["Mark Killeen"],"gender":"male","culture":"Braavosi","born":null,"died":"In 299 AC, at Meereen","status":"dead","houses":[],"titles":[],"father":null,"mother":null,"spouse":null,"books":[3,8],"povBooks":[],"show":["game-of-thrones"],"presence":[{"show":"game-of-thrones","kind":"depicted","seasons":["Season 3"]}],"playedBy":["Mark Killeen"],"sources":[{"label":"An API of Ice and Fire — character 1703","url":"https://anapioficeandfire.com/api/characters/1703","provider":"An API of Ice and Fire","kind":"structured_database","accessed":"2026-07-10"}],"verification":"upstream_record","image":"/images/fallback-character.svg","imageSource":{"provider":"Local archive fallback","kind":"fallback","match":"none","uncertain":false,"reason":"No exact verified image-page mapping is available.","url":null,"assetUrl":null},"parents":[],"children":[],"spouses":[],"house":null,"dragon":null}');
INSERT INTO aliases (entity_key, alias) VALUES ('character:api-character-1703', 'The Titan''s Bastard');
INSERT INTO aliases (entity_key, alias) VALUES ('character:api-character-1703', 'Mero of Braavos');
INSERT INTO appearances (entity_key, show_id, presence_kind, first_reference, details_json) VALUES ('character:api-character-1703', 'game-of-thrones', 'depicted', NULL, '{"show":"game-of-thrones","kind":"depicted","seasons":["Season 3"]}');
INSERT INTO sources (entity_key, label, url, provider, source_kind, accessed) VALUES ('character:api-character-1703', 'An API of Ice and Fire — character 1703', 'https://anapioficeandfire.com/api/characters/1703', 'An API of Ice and Fire', 'structured_database', '2026-07-10');
INSERT INTO media (entity_key, local_path, provider, source_page, asset_url, media_kind, uncertain, metadata_json) VALUES ('character:api-character-1703', '/images/fallback-character.svg', 'Local archive fallback', NULL, NULL, 'fallback', 0, '{"provider":"Local archive fallback","kind":"fallback","match":"none","uncertain":false,"reason":"No exact verified image-page mapping is available.","url":null,"assetUrl":null}');
INSERT INTO entities_fts (entity_key, name, aliases, type) VALUES ('character:api-character-1703', 'Mero', 'The Titan''s Bastard Mero of Braavos', 'character');
INSERT INTO characters (entity_key, gender, culture, born, died, actor_json, titles_json, era) VALUES ('character:api-character-1703', 'male', 'Braavosi', NULL, 'In 299 AC, at Meereen', '["Mark Killeen"]', '[]', NULL);
INSERT INTO entities (entity_key, id, type, name, description, status, verification, raw_json) VALUES ('character:api-character-1706', 'api-character-1706', 'character', 'Mikken', NULL, 'dead', 'upstream_record', '{"id":"api-character-1706","apiId":1706,"name":"Mikken","canonicalName":"Mikken","aliases":[],"actor":["Boyd Rankin"],"gender":"male","culture":"Northmen","born":null,"died":"In 299 AC, at Winterfell","status":"dead","houses":["house-stark"],"titles":[],"father":null,"mother":null,"spouse":null,"books":[1,2,3,5,8],"povBooks":[],"show":["game-of-thrones"],"presence":[{"show":"game-of-thrones","kind":"depicted","seasons":["Season 1"]}],"playedBy":["Boyd Rankin"],"sources":[{"label":"An API of Ice and Fire — character 1706","url":"https://anapioficeandfire.com/api/characters/1706","provider":"An API of Ice and Fire","kind":"structured_database","accessed":"2026-07-10"},{"label":"A Song of Ice and Fire Wiki — Mikken","url":"https://iceandfire.fandom.com/wiki/Mikken","provider":"A Song of Ice and Fire Wiki","kind":"reference_page","accessed":"2026-07-10"}],"verification":"upstream_record","image":"/images/characters/api-character-1706.webp","imageSource":{"provider":"A Song of Ice and Fire Wiki","kind":"wiki_lead_image","match":"exact_page_title","uncertain":false,"url":"https://iceandfire.fandom.com/wiki/Mikken","assetUrl":"https://static.wikia.nocookie.net/iceandfire/images/f/fd/424px-Mikken_TheMico.jpg/revision/latest?cb=20170306090059","accessed":"2026-07-10","originalSha256":"8457ad34d61f583fe4b19bb7f48ee6f2ace0e3e12912e184feac410e33feaba3","derivativeSha256":"066b71f4c36fbe9b381dcc7e794c1aa0770de5da2716f052063614bc6d651d37","width":1200,"height":900,"presentation":"proportional_resize_with_padding"},"parents":[],"children":[],"spouses":[],"house":null,"dragon":null}');
INSERT INTO appearances (entity_key, show_id, presence_kind, first_reference, details_json) VALUES ('character:api-character-1706', 'game-of-thrones', 'depicted', NULL, '{"show":"game-of-thrones","kind":"depicted","seasons":["Season 1"]}');
INSERT INTO sources (entity_key, label, url, provider, source_kind, accessed) VALUES ('character:api-character-1706', 'An API of Ice and Fire — character 1706', 'https://anapioficeandfire.com/api/characters/1706', 'An API of Ice and Fire', 'structured_database', '2026-07-10');
INSERT INTO sources (entity_key, label, url, provider, source_kind, accessed) VALUES ('character:api-character-1706', 'A Song of Ice and Fire Wiki — Mikken', 'https://iceandfire.fandom.com/wiki/Mikken', 'A Song of Ice and Fire Wiki', 'reference_page', '2026-07-10');
INSERT INTO media (entity_key, local_path, provider, source_page, asset_url, media_kind, uncertain, metadata_json) VALUES ('character:api-character-1706', '/images/characters/api-character-1706.webp', 'A Song of Ice and Fire Wiki', 'https://iceandfire.fandom.com/wiki/Mikken', 'https://static.wikia.nocookie.net/iceandfire/images/f/fd/424px-Mikken_TheMico.jpg/revision/latest?cb=20170306090059', 'wiki_lead_image', 0, '{"provider":"A Song of Ice and Fire Wiki","kind":"wiki_lead_image","match":"exact_page_title","uncertain":false,"url":"https://iceandfire.fandom.com/wiki/Mikken","assetUrl":"https://static.wikia.nocookie.net/iceandfire/images/f/fd/424px-Mikken_TheMico.jpg/revision/latest?cb=20170306090059","accessed":"2026-07-10","originalSha256":"8457ad34d61f583fe4b19bb7f48ee6f2ace0e3e12912e184feac410e33feaba3","derivativeSha256":"066b71f4c36fbe9b381dcc7e794c1aa0770de5da2716f052063614bc6d651d37","width":1200,"height":900,"presentation":"proportional_resize_with_padding"}');
INSERT INTO entities_fts (entity_key, name, aliases, type) VALUES ('character:api-character-1706', 'Mikken', '', 'character');
INSERT INTO characters (entity_key, gender, culture, born, died, actor_json, titles_json, era) VALUES ('character:api-character-1706', 'male', 'Northmen', NULL, 'In 299 AC, at Winterfell', '["Boyd Rankin"]', '[]', NULL);
INSERT INTO entities (entity_key, id, type, name, description, status, verification, raw_json) VALUES ('character:api-character-1708', 'api-character-1708', 'character', 'Mirri Maz Duur', NULL, 'dead', 'upstream_record', '{"id":"api-character-1708","apiId":1708,"name":"Mirri Maz Duur","canonicalName":"Mirri Maz Duur","aliases":[],"actor":["Mia Soteriou"],"gender":"female","culture":"Lhazareen","born":"In 257 AC, 258 AC or 259 AC, at Essos. Either in Lhazar, or in an unnamed Lhazareen settlement of the Dothraki sea.","died":"In 299 AC, at the red waste","status":"dead","houses":[],"titles":["Godswife","Maegi"],"father":null,"mother":null,"spouse":null,"books":[1,2,3,5,8],"povBooks":[],"show":["game-of-thrones"],"presence":[{"show":"game-of-thrones","kind":"depicted","seasons":["Season 1"]}],"playedBy":["Mia Soteriou"],"sources":[{"label":"An API of Ice and Fire — character 1708","url":"https://anapioficeandfire.com/api/characters/1708","provider":"An API of Ice and Fire","kind":"structured_database","accessed":"2026-07-10"},{"label":"A Song of Ice and Fire Wiki — Mirri Maz Duur","url":"https://iceandfire.fandom.com/wiki/Mirri_Maz_Duur","provider":"A Song of Ice and Fire Wiki","kind":"reference_page","accessed":"2026-07-10"}],"verification":"upstream_record","image":"/images/characters/api-character-1708.webp","imageSource":{"provider":"A Song of Ice and Fire Wiki","kind":"wiki_lead_image","match":"exact_page_title","uncertain":false,"url":"https://iceandfire.fandom.com/wiki/Mirri_Maz_Duur","assetUrl":"https://static.wikia.nocookie.net/iceandfire/images/f/f4/Mirri_Maz_Duur.png/revision/latest?cb=20250127231502","accessed":"2026-07-10","originalSha256":"04487a1bf793f586ef1c73da4f89fdfe1d1ecbe8fc36f398e8037796d9e11835","derivativeSha256":"6e2affe22ae196f74e9308da8350abc3e04ffa2ca39660e9f0e724166e9374cd","width":1200,"height":900,"presentation":"proportional_resize_with_padding"},"parents":[],"children":[],"spouses":[],"house":null,"dragon":null}');
INSERT INTO appearances (entity_key, show_id, presence_kind, first_reference, details_json) VALUES ('character:api-character-1708', 'game-of-thrones', 'depicted', NULL, '{"show":"game-of-thrones","kind":"depicted","seasons":["Season 1"]}');
INSERT INTO sources (entity_key, label, url, provider, source_kind, accessed) VALUES ('character:api-character-1708', 'An API of Ice and Fire — character 1708', 'https://anapioficeandfire.com/api/characters/1708', 'An API of Ice and Fire', 'structured_database', '2026-07-10');
INSERT INTO sources (entity_key, label, url, provider, source_kind, accessed) VALUES ('character:api-character-1708', 'A Song of Ice and Fire Wiki — Mirri Maz Duur', 'https://iceandfire.fandom.com/wiki/Mirri_Maz_Duur', 'A Song of Ice and Fire Wiki', 'reference_page', '2026-07-10');
INSERT INTO media (entity_key, local_path, provider, source_page, asset_url, media_kind, uncertain, metadata_json) VALUES ('character:api-character-1708', '/images/characters/api-character-1708.webp', 'A Song of Ice and Fire Wiki', 'https://iceandfire.fandom.com/wiki/Mirri_Maz_Duur', 'https://static.wikia.nocookie.net/iceandfire/images/f/f4/Mirri_Maz_Duur.png/revision/latest?cb=20250127231502', 'wiki_lead_image', 0, '{"provider":"A Song of Ice and Fire Wiki","kind":"wiki_lead_image","match":"exact_page_title","uncertain":false,"url":"https://iceandfire.fandom.com/wiki/Mirri_Maz_Duur","assetUrl":"https://static.wikia.nocookie.net/iceandfire/images/f/f4/Mirri_Maz_Duur.png/revision/latest?cb=20250127231502","accessed":"2026-07-10","originalSha256":"04487a1bf793f586ef1c73da4f89fdfe1d1ecbe8fc36f398e8037796d9e11835","derivativeSha256":"6e2affe22ae196f74e9308da8350abc3e04ffa2ca39660e9f0e724166e9374cd","width":1200,"height":900,"presentation":"proportional_resize_with_padding"}');
INSERT INTO entities_fts (entity_key, name, aliases, type) VALUES ('character:api-character-1708', 'Mirri Maz Duur', '', 'character');
INSERT INTO characters (entity_key, gender, culture, born, died, actor_json, titles_json, era) VALUES ('character:api-character-1708', 'female', 'Lhazareen', 'In 257 AC, 258 AC or 259 AC, at Essos. Either in Lhazar, or in an unnamed Lhazareen settlement of the Dothraki sea.', 'In 299 AC, at the red waste', '["Mia Soteriou"]', '["Godswife","Maegi"]', NULL);
INSERT INTO entities (entity_key, id, type, name, description, status, verification, raw_json) VALUES ('character:api-character-1709', 'api-character-1709', 'character', 'Missandei', NULL, 'unknown', 'upstream_record', '{"id":"api-character-1709","apiId":1709,"name":"Missandei","canonicalName":"Missandei","aliases":[],"actor":["Nathalie Emmanuel"],"gender":"female","culture":"Naathi","born":"In 288 AC or 289 AC, at Naath","died":null,"status":"unknown","houses":["house-targaryen"],"titles":[],"father":null,"mother":null,"spouse":null,"books":[3,5,8],"povBooks":[],"show":["game-of-thrones"],"presence":[{"show":"game-of-thrones","kind":"depicted","seasons":["Season 3","Season 4","Season 5","Season 6"]}],"playedBy":["Nathalie Emmanuel"],"sources":[{"label":"An API of Ice and Fire — character 1709","url":"https://anapioficeandfire.com/api/characters/1709","provider":"An API of Ice and Fire","kind":"structured_database","accessed":"2026-07-10"}],"verification":"upstream_record","image":"/images/fallback-character.svg","imageSource":{"provider":"Local archive fallback","kind":"fallback","match":"none","uncertain":false,"reason":"No exact verified image-page mapping is available.","url":null,"assetUrl":null},"parents":[],"children":[],"spouses":[],"house":null,"dragon":null}');
INSERT INTO appearances (entity_key, show_id, presence_kind, first_reference, details_json) VALUES ('character:api-character-1709', 'game-of-thrones', 'depicted', NULL, '{"show":"game-of-thrones","kind":"depicted","seasons":["Season 3","Season 4","Season 5","Season 6"]}');
INSERT INTO sources (entity_key, label, url, provider, source_kind, accessed) VALUES ('character:api-character-1709', 'An API of Ice and Fire — character 1709', 'https://anapioficeandfire.com/api/characters/1709', 'An API of Ice and Fire', 'structured_database', '2026-07-10');
INSERT INTO media (entity_key, local_path, provider, source_page, asset_url, media_kind, uncertain, metadata_json) VALUES ('character:api-character-1709', '/images/fallback-character.svg', 'Local archive fallback', NULL, NULL, 'fallback', 0, '{"provider":"Local archive fallback","kind":"fallback","match":"none","uncertain":false,"reason":"No exact verified image-page mapping is available.","url":null,"assetUrl":null}');
INSERT INTO entities_fts (entity_key, name, aliases, type) VALUES ('character:api-character-1709', 'Missandei', '', 'character');
INSERT INTO characters (entity_key, gender, culture, born, died, actor_json, titles_json, era) VALUES ('character:api-character-1709', 'female', 'Naathi', 'In 288 AC or 289 AC, at Naath', NULL, '["Nathalie Emmanuel"]', '[]', NULL);
INSERT INTO entities (entity_key, id, type, name, description, status, verification, raw_json) VALUES ('character:api-character-1715', 'api-character-1715', 'character', 'Mord', NULL, 'unknown', 'upstream_record', '{"id":"api-character-1715","apiId":1715,"name":"Mord","canonicalName":"Mord","aliases":[],"actor":["Ciaran Birmingham"],"gender":"male","culture":null,"born":null,"died":null,"status":"unknown","houses":["house-arryn"],"titles":[],"father":null,"mother":null,"spouse":null,"books":[1,2,3,5,8],"povBooks":[],"show":["game-of-thrones"],"presence":[{"show":"game-of-thrones","kind":"depicted","seasons":["Season 1"]}],"playedBy":["Ciaran Birmingham"],"sources":[{"label":"An API of Ice and Fire — character 1715","url":"https://anapioficeandfire.com/api/characters/1715","provider":"An API of Ice and Fire","kind":"structured_database","accessed":"2026-07-10"}],"verification":"upstream_record","image":"/images/fallback-character.svg","imageSource":{"provider":"Local archive fallback","kind":"fallback","match":"none","uncertain":false,"reason":"No exact verified image-page mapping is available.","url":null,"assetUrl":null},"parents":[],"children":[],"spouses":[],"house":null,"dragon":null}');
INSERT INTO appearances (entity_key, show_id, presence_kind, first_reference, details_json) VALUES ('character:api-character-1715', 'game-of-thrones', 'depicted', NULL, '{"show":"game-of-thrones","kind":"depicted","seasons":["Season 1"]}');
INSERT INTO sources (entity_key, label, url, provider, source_kind, accessed) VALUES ('character:api-character-1715', 'An API of Ice and Fire — character 1715', 'https://anapioficeandfire.com/api/characters/1715', 'An API of Ice and Fire', 'structured_database', '2026-07-10');
INSERT INTO media (entity_key, local_path, provider, source_page, asset_url, media_kind, uncertain, metadata_json) VALUES ('character:api-character-1715', '/images/fallback-character.svg', 'Local archive fallback', NULL, NULL, 'fallback', 0, '{"provider":"Local archive fallback","kind":"fallback","match":"none","uncertain":false,"reason":"No exact verified image-page mapping is available.","url":null,"assetUrl":null}');
INSERT INTO entities_fts (entity_key, name, aliases, type) VALUES ('character:api-character-1715', 'Mord', '', 'character');
INSERT INTO characters (entity_key, gender, culture, born, died, actor_json, titles_json, era) VALUES ('character:api-character-1715', 'male', NULL, NULL, NULL, '["Ciaran Birmingham"]', '[]', NULL);
INSERT INTO entities (entity_key, id, type, name, description, status, verification, raw_json) VALUES ('character:api-character-1721', 'api-character-1721', 'character', 'Moro', NULL, 'unknown', 'upstream_record', '{"id":"api-character-1721","apiId":1721,"name":"Moro","canonicalName":"Moro","aliases":[],"actor":["Joe Naufahu"],"gender":"male","culture":"Dothraki","born":null,"died":null,"status":"unknown","houses":[],"titles":["Khal"],"father":null,"mother":null,"spouse":null,"books":[1,5],"povBooks":[],"show":["game-of-thrones"],"presence":[{"show":"game-of-thrones","kind":"depicted","seasons":["Season 6"]}],"playedBy":["Joe Naufahu"],"sources":[{"label":"An API of Ice and Fire — character 1721","url":"https://anapioficeandfire.com/api/characters/1721","provider":"An API of Ice and Fire","kind":"structured_database","accessed":"2026-07-10"}],"verification":"upstream_record","image":"/images/fallback-character.svg","imageSource":{"provider":"Local archive fallback","kind":"fallback","match":"none","uncertain":false,"reason":"No exact verified image-page mapping is available.","url":null,"assetUrl":null},"parents":[],"children":[],"spouses":[],"house":null,"dragon":null}');
INSERT INTO appearances (entity_key, show_id, presence_kind, first_reference, details_json) VALUES ('character:api-character-1721', 'game-of-thrones', 'depicted', NULL, '{"show":"game-of-thrones","kind":"depicted","seasons":["Season 6"]}');
INSERT INTO sources (entity_key, label, url, provider, source_kind, accessed) VALUES ('character:api-character-1721', 'An API of Ice and Fire — character 1721', 'https://anapioficeandfire.com/api/characters/1721', 'An API of Ice and Fire', 'structured_database', '2026-07-10');
INSERT INTO media (entity_key, local_path, provider, source_page, asset_url, media_kind, uncertain, metadata_json) VALUES ('character:api-character-1721', '/images/fallback-character.svg', 'Local archive fallback', NULL, NULL, 'fallback', 0, '{"provider":"Local archive fallback","kind":"fallback","match":"none","uncertain":false,"reason":"No exact verified image-page mapping is available.","url":null,"assetUrl":null}');
INSERT INTO entities_fts (entity_key, name, aliases, type) VALUES ('character:api-character-1721', 'Moro', '', 'character');
INSERT INTO characters (entity_key, gender, culture, born, died, actor_json, titles_json, era) VALUES ('character:api-character-1721', 'male', 'Dothraki', NULL, NULL, '["Joe Naufahu"]', '["Khal"]', NULL);
INSERT INTO entities (entity_key, id, type, name, description, status, verification, raw_json) VALUES ('character:api-character-1742', 'api-character-1742', 'character', 'Mycah', NULL, 'dead', 'upstream_record', '{"id":"api-character-1742","apiId":1742,"name":"Mycah","canonicalName":"Mycah","aliases":[],"actor":["Rhodri Hosking"],"gender":"male","culture":"Westeros","born":"In 285 AC","died":"In 298 AC, at Riverlands, near the Ruby Ford.","status":"dead","houses":[],"titles":[],"father":null,"mother":null,"spouse":null,"books":[1,2,3],"povBooks":[],"show":["game-of-thrones"],"presence":[{"show":"game-of-thrones","kind":"depicted","seasons":["Season 1"]}],"playedBy":["Rhodri Hosking"],"sources":[{"label":"An API of Ice and Fire — character 1742","url":"https://anapioficeandfire.com/api/characters/1742","provider":"An API of Ice and Fire","kind":"structured_database","accessed":"2026-07-10"},{"label":"A Song of Ice and Fire Wiki — Mycah","url":"https://iceandfire.fandom.com/wiki/Mycah","provider":"A Song of Ice and Fire Wiki","kind":"reference_page","accessed":"2026-07-10"}],"verification":"upstream_record","image":"/images/characters/api-character-1742.webp","imageSource":{"provider":"A Song of Ice and Fire Wiki","kind":"wiki_lead_image","match":"exact_page_title","uncertain":false,"url":"https://iceandfire.fandom.com/wiki/Mycah","assetUrl":"https://static.wikia.nocookie.net/iceandfire/images/2/21/Mycah.png/revision/latest?cb=20250129224905","accessed":"2026-07-10","originalSha256":"9631dabafa9e57286e13a631109e3834a12ad3a16a5675e60e7b7fa8a493a581","derivativeSha256":"7bf482915de5c00a6f7fed96ab5c1afce7354ad90614f5904c4264388de0fb00","width":1200,"height":900,"presentation":"proportional_resize_with_padding"},"parents":[],"children":[],"spouses":[],"house":null,"dragon":null}');
INSERT INTO appearances (entity_key, show_id, presence_kind, first_reference, details_json) VALUES ('character:api-character-1742', 'game-of-thrones', 'depicted', NULL, '{"show":"game-of-thrones","kind":"depicted","seasons":["Season 1"]}');
INSERT INTO sources (entity_key, label, url, provider, source_kind, accessed) VALUES ('character:api-character-1742', 'An API of Ice and Fire — character 1742', 'https://anapioficeandfire.com/api/characters/1742', 'An API of Ice and Fire', 'structured_database', '2026-07-10');
INSERT INTO sources (entity_key, label, url, provider, source_kind, accessed) VALUES ('character:api-character-1742', 'A Song of Ice and Fire Wiki — Mycah', 'https://iceandfire.fandom.com/wiki/Mycah', 'A Song of Ice and Fire Wiki', 'reference_page', '2026-07-10');
INSERT INTO media (entity_key, local_path, provider, source_page, asset_url, media_kind, uncertain, metadata_json) VALUES ('character:api-character-1742', '/images/characters/api-character-1742.webp', 'A Song of Ice and Fire Wiki', 'https://iceandfire.fandom.com/wiki/Mycah', 'https://static.wikia.nocookie.net/iceandfire/images/2/21/Mycah.png/revision/latest?cb=20250129224905', 'wiki_lead_image', 0, '{"provider":"A Song of Ice and Fire Wiki","kind":"wiki_lead_image","match":"exact_page_title","uncertain":false,"url":"https://iceandfire.fandom.com/wiki/Mycah","assetUrl":"https://static.wikia.nocookie.net/iceandfire/images/2/21/Mycah.png/revision/latest?cb=20250129224905","accessed":"2026-07-10","originalSha256":"9631dabafa9e57286e13a631109e3834a12ad3a16a5675e60e7b7fa8a493a581","derivativeSha256":"7bf482915de5c00a6f7fed96ab5c1afce7354ad90614f5904c4264388de0fb00","width":1200,"height":900,"presentation":"proportional_resize_with_padding"}');
INSERT INTO entities_fts (entity_key, name, aliases, type) VALUES ('character:api-character-1742', 'Mycah', '', 'character');
INSERT INTO characters (entity_key, gender, culture, born, died, actor_json, titles_json, era) VALUES ('character:api-character-1742', 'male', 'Westeros', 'In 285 AC', 'In 298 AC, at Riverlands, near the Ruby Ford.', '["Rhodri Hosking"]', '[]', NULL);
INSERT INTO entities (entity_key, id, type, name, description, status, verification, raw_json) VALUES ('character:api-character-1749', 'api-character-1749', 'character', 'Nan', NULL, 'unknown', 'upstream_record', '{"id":"api-character-1749","apiId":1749,"name":"Nan","canonicalName":"Nan","aliases":["Old Nan"],"actor":["Margaret John","Annette Tierney"],"gender":"female","culture":null,"born":null,"died":null,"status":"unknown","houses":["house-stark"],"titles":[],"father":null,"mother":null,"spouse":null,"books":[1,2,3,5,8],"povBooks":[],"show":["game-of-thrones"],"presence":[{"show":"game-of-thrones","kind":"depicted","seasons":["Season 1","Season 6"]}],"playedBy":["Margaret John","Annette Tierney"],"sources":[{"label":"An API of Ice and Fire — character 1749","url":"https://anapioficeandfire.com/api/characters/1749","provider":"An API of Ice and Fire","kind":"structured_database","accessed":"2026-07-10"}],"verification":"upstream_record","image":"/images/fallback-character.svg","imageSource":{"provider":"Local archive fallback","kind":"fallback","match":"none","uncertain":false,"reason":"No exact verified image-page mapping is available.","url":null,"assetUrl":null},"parents":[],"children":[],"spouses":[],"house":null,"dragon":null}');
INSERT INTO aliases (entity_key, alias) VALUES ('character:api-character-1749', 'Old Nan');
INSERT INTO appearances (entity_key, show_id, presence_kind, first_reference, details_json) VALUES ('character:api-character-1749', 'game-of-thrones', 'depicted', NULL, '{"show":"game-of-thrones","kind":"depicted","seasons":["Season 1","Season 6"]}');
INSERT INTO sources (entity_key, label, url, provider, source_kind, accessed) VALUES ('character:api-character-1749', 'An API of Ice and Fire — character 1749', 'https://anapioficeandfire.com/api/characters/1749', 'An API of Ice and Fire', 'structured_database', '2026-07-10');
INSERT INTO media (entity_key, local_path, provider, source_page, asset_url, media_kind, uncertain, metadata_json) VALUES ('character:api-character-1749', '/images/fallback-character.svg', 'Local archive fallback', NULL, NULL, 'fallback', 0, '{"provider":"Local archive fallback","kind":"fallback","match":"none","uncertain":false,"reason":"No exact verified image-page mapping is available.","url":null,"assetUrl":null}');
INSERT INTO entities_fts (entity_key, name, aliases, type) VALUES ('character:api-character-1749', 'Nan', 'Old Nan', 'character');
INSERT INTO characters (entity_key, gender, culture, born, died, actor_json, titles_json, era) VALUES ('character:api-character-1749', 'female', NULL, NULL, NULL, '["Margaret John","Annette Tierney"]', '[]', NULL);
INSERT INTO entities (entity_key, id, type, name, description, status, verification, raw_json) VALUES ('character:api-character-1766', 'api-character-1766', 'character', 'Nymeria Sand', NULL, 'unknown', 'upstream_record', '{"id":"api-character-1766","apiId":1766,"name":"Nymeria Sand","canonicalName":"Nymeria Sand","aliases":["Lady Nym"],"actor":["Jessica Henwick"],"gender":"female","culture":"Dornish","born":"In 274 AC or 275 AC","died":null,"status":"unknown","houses":[],"titles":[],"father":null,"mother":null,"spouse":null,"books":[3,5,8],"povBooks":[],"show":["game-of-thrones"],"presence":[{"show":"game-of-thrones","kind":"depicted","seasons":["Season 5","Season 6"]}],"playedBy":["Jessica Henwick"],"sources":[{"label":"An API of Ice and Fire — character 1766","url":"https://anapioficeandfire.com/api/characters/1766","provider":"An API of Ice and Fire","kind":"structured_database","accessed":"2026-07-10"},{"label":"A Song of Ice and Fire Wiki — Nymeria Sand","url":"https://iceandfire.fandom.com/wiki/Nymeria_Sand","provider":"A Song of Ice and Fire Wiki","kind":"reference_page","accessed":"2026-07-10"}],"verification":"upstream_record","image":"/images/characters/api-character-1766.webp","imageSource":{"provider":"A Song of Ice and Fire Wiki","kind":"wiki_lead_image","match":"exact_page_title","uncertain":false,"url":"https://iceandfire.fandom.com/wiki/Nymeria_Sand","assetUrl":"https://static.wikia.nocookie.net/iceandfire/images/4/45/Nymeria_Sand.png/revision/latest?cb=20250127231733","accessed":"2026-07-10","originalSha256":"106929c719b12d09f9b08ac7016857f05b404f9b7e5e6b67b3ef52e227dcb370","derivativeSha256":"59bdbf07ef3ff795b15b43534cf357fdb98e557691e51e18955cc2aec450bf22","width":1200,"height":900,"presentation":"proportional_resize_with_padding"},"parents":[],"children":[],"spouses":[],"house":null,"dragon":null}');
INSERT INTO aliases (entity_key, alias) VALUES ('character:api-character-1766', 'Lady Nym');
INSERT INTO appearances (entity_key, show_id, presence_kind, first_reference, details_json) VALUES ('character:api-character-1766', 'game-of-thrones', 'depicted', NULL, '{"show":"game-of-thrones","kind":"depicted","seasons":["Season 5","Season 6"]}');
INSERT INTO sources (entity_key, label, url, provider, source_kind, accessed) VALUES ('character:api-character-1766', 'An API of Ice and Fire — character 1766', 'https://anapioficeandfire.com/api/characters/1766', 'An API of Ice and Fire', 'structured_database', '2026-07-10');
INSERT INTO sources (entity_key, label, url, provider, source_kind, accessed) VALUES ('character:api-character-1766', 'A Song of Ice and Fire Wiki — Nymeria Sand', 'https://iceandfire.fandom.com/wiki/Nymeria_Sand', 'A Song of Ice and Fire Wiki', 'reference_page', '2026-07-10');
INSERT INTO media (entity_key, local_path, provider, source_page, asset_url, media_kind, uncertain, metadata_json) VALUES ('character:api-character-1766', '/images/characters/api-character-1766.webp', 'A Song of Ice and Fire Wiki', 'https://iceandfire.fandom.com/wiki/Nymeria_Sand', 'https://static.wikia.nocookie.net/iceandfire/images/4/45/Nymeria_Sand.png/revision/latest?cb=20250127231733', 'wiki_lead_image', 0, '{"provider":"A Song of Ice and Fire Wiki","kind":"wiki_lead_image","match":"exact_page_title","uncertain":false,"url":"https://iceandfire.fandom.com/wiki/Nymeria_Sand","assetUrl":"https://static.wikia.nocookie.net/iceandfire/images/4/45/Nymeria_Sand.png/revision/latest?cb=20250127231733","accessed":"2026-07-10","originalSha256":"106929c719b12d09f9b08ac7016857f05b404f9b7e5e6b67b3ef52e227dcb370","derivativeSha256":"59bdbf07ef3ff795b15b43534cf357fdb98e557691e51e18955cc2aec450bf22","width":1200,"height":900,"presentation":"proportional_resize_with_padding"}');
INSERT INTO entities_fts (entity_key, name, aliases, type) VALUES ('character:api-character-1766', 'Nymeria Sand', 'Lady Nym', 'character');
INSERT INTO characters (entity_key, gender, culture, born, died, actor_json, titles_json, era) VALUES ('character:api-character-1766', 'female', 'Dornish', 'In 274 AC or 275 AC', NULL, '["Jessica Henwick"]', '[]', NULL);
INSERT INTO entities (entity_key, id, type, name, description, status, verification, raw_json) VALUES ('character:api-character-1768', 'api-character-1768', 'character', 'Obara Sand', NULL, 'unknown', 'upstream_record', '{"id":"api-character-1768","apiId":1768,"name":"Obara Sand","canonicalName":"Obara Sand","aliases":[],"actor":["Keisha Castle-Hughes"],"gender":"female","culture":"Dornish","born":"In 271 AC or 272 AC, at Oldtown","died":null,"status":"unknown","houses":[],"titles":[],"father":null,"mother":null,"spouse":null,"books":[3,5,8],"povBooks":[],"show":["game-of-thrones"],"presence":[{"show":"game-of-thrones","kind":"depicted","seasons":["Season 5","Season 6"]}],"playedBy":["Keisha Castle-Hughes"],"sources":[{"label":"An API of Ice and Fire — character 1768","url":"https://anapioficeandfire.com/api/characters/1768","provider":"An API of Ice and Fire","kind":"structured_database","accessed":"2026-07-10"},{"label":"A Song of Ice and Fire Wiki — Obara Sand","url":"https://iceandfire.fandom.com/wiki/Obara_Sand","provider":"A Song of Ice and Fire Wiki","kind":"reference_page","accessed":"2026-07-10"}],"verification":"upstream_record","image":"/images/characters/api-character-1768.webp","imageSource":{"provider":"A Song of Ice and Fire Wiki","kind":"wiki_lead_image","match":"exact_page_title","uncertain":false,"url":"https://iceandfire.fandom.com/wiki/Obara_Sand","assetUrl":"https://static.wikia.nocookie.net/iceandfire/images/7/7e/Obarra_Sand.png/revision/latest?cb=20250127231908","accessed":"2026-07-10","originalSha256":"429e73e5b608e9fb748366b37ea4074b3a8f64fb3537db82ad20952756265811","derivativeSha256":"1d3b719fd809657f96054376256e6d8ed0be2e7de1e0e72229971d6e1d672a7e","width":1200,"height":900,"presentation":"proportional_resize_with_padding"},"parents":[],"children":[],"spouses":[],"house":null,"dragon":null}');
INSERT INTO appearances (entity_key, show_id, presence_kind, first_reference, details_json) VALUES ('character:api-character-1768', 'game-of-thrones', 'depicted', NULL, '{"show":"game-of-thrones","kind":"depicted","seasons":["Season 5","Season 6"]}');
INSERT INTO sources (entity_key, label, url, provider, source_kind, accessed) VALUES ('character:api-character-1768', 'An API of Ice and Fire — character 1768', 'https://anapioficeandfire.com/api/characters/1768', 'An API of Ice and Fire', 'structured_database', '2026-07-10');
INSERT INTO sources (entity_key, label, url, provider, source_kind, accessed) VALUES ('character:api-character-1768', 'A Song of Ice and Fire Wiki — Obara Sand', 'https://iceandfire.fandom.com/wiki/Obara_Sand', 'A Song of Ice and Fire Wiki', 'reference_page', '2026-07-10');
INSERT INTO media (entity_key, local_path, provider, source_page, asset_url, media_kind, uncertain, metadata_json) VALUES ('character:api-character-1768', '/images/characters/api-character-1768.webp', 'A Song of Ice and Fire Wiki', 'https://iceandfire.fandom.com/wiki/Obara_Sand', 'https://static.wikia.nocookie.net/iceandfire/images/7/7e/Obarra_Sand.png/revision/latest?cb=20250127231908', 'wiki_lead_image', 0, '{"provider":"A Song of Ice and Fire Wiki","kind":"wiki_lead_image","match":"exact_page_title","uncertain":false,"url":"https://iceandfire.fandom.com/wiki/Obara_Sand","assetUrl":"https://static.wikia.nocookie.net/iceandfire/images/7/7e/Obarra_Sand.png/revision/latest?cb=20250127231908","accessed":"2026-07-10","originalSha256":"429e73e5b608e9fb748366b37ea4074b3a8f64fb3537db82ad20952756265811","derivativeSha256":"1d3b719fd809657f96054376256e6d8ed0be2e7de1e0e72229971d6e1d672a7e","width":1200,"height":900,"presentation":"proportional_resize_with_padding"}');
INSERT INTO entities_fts (entity_key, name, aliases, type) VALUES ('character:api-character-1768', 'Obara Sand', '', 'character');
INSERT INTO characters (entity_key, gender, culture, born, died, actor_json, titles_json, era) VALUES ('character:api-character-1768', 'female', 'Dornish', 'In 271 AC or 272 AC, at Oldtown', NULL, '["Keisha Castle-Hughes"]', '[]', NULL);
INSERT INTO entities (entity_key, id, type, name, description, status, verification, raw_json) VALUES ('character:api-character-1770', 'api-character-1770', 'character', 'Oberyn Nymeros Martell', NULL, 'dead', 'upstream_record', '{"id":"api-character-1770","apiId":1770,"name":"Oberyn Nymeros Martell","canonicalName":"Oberyn Nymeros Martell","aliases":["The Red Viper"],"actor":["Pedro Pascal"],"gender":"male","culture":"Dornish","born":"In 257 AC or 258 AC","died":"In 300 AC, at King''s Landing","status":"dead","houses":[],"titles":["Prince"],"father":null,"mother":null,"spouse":null,"books":[1,2,3,5,8],"povBooks":[],"show":["game-of-thrones"],"presence":[{"show":"game-of-thrones","kind":"depicted","seasons":["Season 4"]}],"playedBy":["Pedro Pascal"],"sources":[{"label":"An API of Ice and Fire — character 1770","url":"https://anapioficeandfire.com/api/characters/1770","provider":"An API of Ice and Fire","kind":"structured_database","accessed":"2026-07-10"}],"verification":"upstream_record","image":"/images/fallback-character.svg","imageSource":{"provider":"Local archive fallback","kind":"fallback","match":"none","uncertain":false,"reason":"No exact verified image-page mapping is available.","url":null,"assetUrl":null},"parents":[],"children":[],"spouses":[],"house":null,"dragon":null}');
INSERT INTO aliases (entity_key, alias) VALUES ('character:api-character-1770', 'The Red Viper');
INSERT INTO appearances (entity_key, show_id, presence_kind, first_reference, details_json) VALUES ('character:api-character-1770', 'game-of-thrones', 'depicted', NULL, '{"show":"game-of-thrones","kind":"depicted","seasons":["Season 4"]}');
INSERT INTO sources (entity_key, label, url, provider, source_kind, accessed) VALUES ('character:api-character-1770', 'An API of Ice and Fire — character 1770', 'https://anapioficeandfire.com/api/characters/1770', 'An API of Ice and Fire', 'structured_database', '2026-07-10');
INSERT INTO media (entity_key, local_path, provider, source_page, asset_url, media_kind, uncertain, metadata_json) VALUES ('character:api-character-1770', '/images/fallback-character.svg', 'Local archive fallback', NULL, NULL, 'fallback', 0, '{"provider":"Local archive fallback","kind":"fallback","match":"none","uncertain":false,"reason":"No exact verified image-page mapping is available.","url":null,"assetUrl":null}');
INSERT INTO entities_fts (entity_key, name, aliases, type) VALUES ('character:api-character-1770', 'Oberyn Nymeros Martell', 'The Red Viper', 'character');
INSERT INTO characters (entity_key, gender, culture, born, died, actor_json, titles_json, era) VALUES ('character:api-character-1770', 'male', 'Dornish', 'In 257 AC or 258 AC', 'In 300 AC, at King''s Landing', '["Pedro Pascal"]', '["Prince"]', NULL);
INSERT INTO entities (entity_key, id, type, name, description, status, verification, raw_json) VALUES ('character:api-character-1781', 'api-character-1781', 'character', 'Orell', NULL, 'dead', 'upstream_record', '{"id":"api-character-1781","apiId":1781,"name":"Orell","canonicalName":"Orell","aliases":[],"actor":["Mackenzie Crook"],"gender":"male","culture":"Free Folk","born":null,"died":"In 299 AC, at Skirling Pass","status":"dead","houses":[],"titles":[],"father":null,"mother":null,"spouse":null,"books":[2,3,5,8],"povBooks":[],"show":["game-of-thrones"],"presence":[{"show":"game-of-thrones","kind":"depicted","seasons":["Season 3"]}],"playedBy":["Mackenzie Crook"],"sources":[{"label":"An API of Ice and Fire — character 1781","url":"https://anapioficeandfire.com/api/characters/1781","provider":"An API of Ice and Fire","kind":"structured_database","accessed":"2026-07-10"}],"verification":"upstream_record","image":"/images/fallback-character.svg","imageSource":{"provider":"Local archive fallback","kind":"fallback","match":"none","uncertain":false,"reason":"No exact verified image-page mapping is available.","url":null,"assetUrl":null},"parents":[],"children":[],"spouses":[],"house":null,"dragon":null}');
INSERT INTO appearances (entity_key, show_id, presence_kind, first_reference, details_json) VALUES ('character:api-character-1781', 'game-of-thrones', 'depicted', NULL, '{"show":"game-of-thrones","kind":"depicted","seasons":["Season 3"]}');
INSERT INTO sources (entity_key, label, url, provider, source_kind, accessed) VALUES ('character:api-character-1781', 'An API of Ice and Fire — character 1781', 'https://anapioficeandfire.com/api/characters/1781', 'An API of Ice and Fire', 'structured_database', '2026-07-10');
INSERT INTO media (entity_key, local_path, provider, source_page, asset_url, media_kind, uncertain, metadata_json) VALUES ('character:api-character-1781', '/images/fallback-character.svg', 'Local archive fallback', NULL, NULL, 'fallback', 0, '{"provider":"Local archive fallback","kind":"fallback","match":"none","uncertain":false,"reason":"No exact verified image-page mapping is available.","url":null,"assetUrl":null}');
INSERT INTO entities_fts (entity_key, name, aliases, type) VALUES ('character:api-character-1781', 'Orell', '', 'character');
INSERT INTO characters (entity_key, gender, culture, born, died, actor_json, titles_json, era) VALUES ('character:api-character-1781', 'male', 'Free Folk', NULL, 'In 299 AC, at Skirling Pass', '["Mackenzie Crook"]', '[]', NULL);
INSERT INTO entities (entity_key, id, type, name, description, status, verification, raw_json) VALUES ('character:api-character-1787', 'api-character-1787', 'character', 'Osha', NULL, 'unknown', 'upstream_record', '{"id":"api-character-1787","apiId":1787,"name":"Osha","canonicalName":"Osha","aliases":[],"actor":["Natalia Tena"],"gender":"female","culture":"Free Folk","born":null,"died":null,"status":"unknown","houses":["house-stark"],"titles":[],"father":null,"mother":null,"spouse":null,"books":[1,2,3,5,8],"povBooks":[],"show":["game-of-thrones"],"presence":[{"show":"game-of-thrones","kind":"depicted","seasons":["Season 1","Season 2","Season 3","Season 6"]}],"playedBy":["Natalia Tena"],"sources":[{"label":"An API of Ice and Fire — character 1787","url":"https://anapioficeandfire.com/api/characters/1787","provider":"An API of Ice and Fire","kind":"structured_database","accessed":"2026-07-10"},{"label":"A Song of Ice and Fire Wiki — Osha","url":"https://iceandfire.fandom.com/wiki/Osha","provider":"A Song of Ice and Fire Wiki","kind":"reference_page","accessed":"2026-07-10"}],"verification":"upstream_record","image":"/images/characters/api-character-1787.webp","imageSource":{"provider":"A Song of Ice and Fire Wiki","kind":"wiki_lead_image","match":"exact_page_title","uncertain":false,"url":"https://iceandfire.fandom.com/wiki/Osha","assetUrl":"https://static.wikia.nocookie.net/iceandfire/images/a/a9/Osha_by_amoka.jpg/revision/latest?cb=20150517212711","accessed":"2026-07-10","originalSha256":"7b98426b1a115400d44fd207dfeb2d4f0332de4cd5f584c36a6420b0689d1e8a","derivativeSha256":"514081f78d338f1f7190614369d75526e9375b294ff525e33ad008fd00952475","width":1200,"height":900,"presentation":"proportional_resize_with_padding"},"parents":[],"children":[],"spouses":[],"house":null,"dragon":null}');
INSERT INTO appearances (entity_key, show_id, presence_kind, first_reference, details_json) VALUES ('character:api-character-1787', 'game-of-thrones', 'depicted', NULL, '{"show":"game-of-thrones","kind":"depicted","seasons":["Season 1","Season 2","Season 3","Season 6"]}');
INSERT INTO sources (entity_key, label, url, provider, source_kind, accessed) VALUES ('character:api-character-1787', 'An API of Ice and Fire — character 1787', 'https://anapioficeandfire.com/api/characters/1787', 'An API of Ice and Fire', 'structured_database', '2026-07-10');
INSERT INTO sources (entity_key, label, url, provider, source_kind, accessed) VALUES ('character:api-character-1787', 'A Song of Ice and Fire Wiki — Osha', 'https://iceandfire.fandom.com/wiki/Osha', 'A Song of Ice and Fire Wiki', 'reference_page', '2026-07-10');
INSERT INTO media (entity_key, local_path, provider, source_page, asset_url, media_kind, uncertain, metadata_json) VALUES ('character:api-character-1787', '/images/characters/api-character-1787.webp', 'A Song of Ice and Fire Wiki', 'https://iceandfire.fandom.com/wiki/Osha', 'https://static.wikia.nocookie.net/iceandfire/images/a/a9/Osha_by_amoka.jpg/revision/latest?cb=20150517212711', 'wiki_lead_image', 0, '{"provider":"A Song of Ice and Fire Wiki","kind":"wiki_lead_image","match":"exact_page_title","uncertain":false,"url":"https://iceandfire.fandom.com/wiki/Osha","assetUrl":"https://static.wikia.nocookie.net/iceandfire/images/a/a9/Osha_by_amoka.jpg/revision/latest?cb=20150517212711","accessed":"2026-07-10","originalSha256":"7b98426b1a115400d44fd207dfeb2d4f0332de4cd5f584c36a6420b0689d1e8a","derivativeSha256":"514081f78d338f1f7190614369d75526e9375b294ff525e33ad008fd00952475","width":1200,"height":900,"presentation":"proportional_resize_with_padding"}');
INSERT INTO entities_fts (entity_key, name, aliases, type) VALUES ('character:api-character-1787', 'Osha', '', 'character');
INSERT INTO characters (entity_key, gender, culture, born, died, actor_json, titles_json, era) VALUES ('character:api-character-1787', 'female', 'Free Folk', NULL, NULL, '["Natalia Tena"]', '[]', NULL);
INSERT INTO entities (entity_key, id, type, name, description, status, verification, raw_json) VALUES ('character:api-character-1790', 'api-character-1790', 'character', 'Othor', NULL, 'dead', 'upstream_record', '{"id":"api-character-1790","apiId":1790,"name":"Othor","canonicalName":"Othor","aliases":[],"actor":[],"gender":"male","culture":null,"born":null,"died":"In 298 AC, at the haunted forest","status":"dead","houses":[],"titles":[],"father":null,"mother":null,"spouse":null,"books":[1],"povBooks":[],"show":["game-of-thrones"],"presence":[{"show":"game-of-thrones","kind":"depicted","seasons":["Season 1"]}],"playedBy":[],"sources":[{"label":"An API of Ice and Fire — character 1790","url":"https://anapioficeandfire.com/api/characters/1790","provider":"An API of Ice and Fire","kind":"structured_database","accessed":"2026-07-10"}],"verification":"upstream_record","image":"/images/fallback-character.svg","imageSource":{"provider":"Local archive fallback","kind":"fallback","match":"none","uncertain":false,"reason":"No exact verified image-page mapping is available.","url":null,"assetUrl":null},"parents":[],"children":[],"spouses":[],"house":null,"dragon":null}');
INSERT INTO appearances (entity_key, show_id, presence_kind, first_reference, details_json) VALUES ('character:api-character-1790', 'game-of-thrones', 'depicted', NULL, '{"show":"game-of-thrones","kind":"depicted","seasons":["Season 1"]}');
INSERT INTO sources (entity_key, label, url, provider, source_kind, accessed) VALUES ('character:api-character-1790', 'An API of Ice and Fire — character 1790', 'https://anapioficeandfire.com/api/characters/1790', 'An API of Ice and Fire', 'structured_database', '2026-07-10');
INSERT INTO media (entity_key, local_path, provider, source_page, asset_url, media_kind, uncertain, metadata_json) VALUES ('character:api-character-1790', '/images/fallback-character.svg', 'Local archive fallback', NULL, NULL, 'fallback', 0, '{"provider":"Local archive fallback","kind":"fallback","match":"none","uncertain":false,"reason":"No exact verified image-page mapping is available.","url":null,"assetUrl":null}');
INSERT INTO entities_fts (entity_key, name, aliases, type) VALUES ('character:api-character-1790', 'Othor', '', 'character');
INSERT INTO characters (entity_key, gender, culture, born, died, actor_json, titles_json, era) VALUES ('character:api-character-1790', 'male', NULL, NULL, 'In 298 AC, at the haunted forest', '[]', '[]', NULL);
INSERT INTO entities (entity_key, id, type, name, description, status, verification, raw_json) VALUES ('character:api-character-1814', 'api-character-1814', 'character', 'Polliver', NULL, 'dead', 'upstream_record', '{"id":"api-character-1814","apiId":1814,"name":"Polliver","canonicalName":"Polliver","aliases":["Polly"],"actor":["Andy Kellegher"],"gender":"male","culture":null,"born":null,"died":"In 300 AC, at Inn at the Crossroads","status":"dead","houses":["house-clegane"],"titles":["Castellan of Harrenhal"],"father":null,"mother":null,"spouse":null,"books":[2,3,5],"povBooks":[],"show":["game-of-thrones"],"presence":[{"show":"game-of-thrones","kind":"depicted","seasons":["Season 2","Season 4"]}],"playedBy":["Andy Kellegher"],"sources":[{"label":"An API of Ice and Fire — character 1814","url":"https://anapioficeandfire.com/api/characters/1814","provider":"An API of Ice and Fire","kind":"structured_database","accessed":"2026-07-10"}],"verification":"upstream_record","image":"/images/fallback-character.svg","imageSource":{"provider":"Local archive fallback","kind":"fallback","match":"none","uncertain":false,"reason":"No exact verified image-page mapping is available.","url":null,"assetUrl":null},"parents":[],"children":[],"spouses":[],"house":null,"dragon":null}');
INSERT INTO aliases (entity_key, alias) VALUES ('character:api-character-1814', 'Polly');
INSERT INTO appearances (entity_key, show_id, presence_kind, first_reference, details_json) VALUES ('character:api-character-1814', 'game-of-thrones', 'depicted', NULL, '{"show":"game-of-thrones","kind":"depicted","seasons":["Season 2","Season 4"]}');
INSERT INTO sources (entity_key, label, url, provider, source_kind, accessed) VALUES ('character:api-character-1814', 'An API of Ice and Fire — character 1814', 'https://anapioficeandfire.com/api/characters/1814', 'An API of Ice and Fire', 'structured_database', '2026-07-10');
INSERT INTO media (entity_key, local_path, provider, source_page, asset_url, media_kind, uncertain, metadata_json) VALUES ('character:api-character-1814', '/images/fallback-character.svg', 'Local archive fallback', NULL, NULL, 'fallback', 0, '{"provider":"Local archive fallback","kind":"fallback","match":"none","uncertain":false,"reason":"No exact verified image-page mapping is available.","url":null,"assetUrl":null}');
INSERT INTO entities_fts (entity_key, name, aliases, type) VALUES ('character:api-character-1814', 'Polliver', 'Polly', 'character');
INSERT INTO characters (entity_key, gender, culture, born, died, actor_json, titles_json, era) VALUES ('character:api-character-1814', 'male', NULL, NULL, 'In 300 AC, at Inn at the Crossroads', '["Andy Kellegher"]', '["Castellan of Harrenhal"]', NULL);
INSERT INTO entities (entity_key, id, type, name, description, status, verification, raw_json) VALUES ('character:api-character-1821', 'api-character-1821', 'character', 'Prendahl na Ghezn', NULL, 'dead', 'upstream_record', '{"id":"api-character-1821","apiId":1821,"name":"Prendahl na Ghezn","canonicalName":"Prendahl na Ghezn","aliases":[],"actor":["Ramon Tikaram"],"gender":"male","culture":"Ghiscari","born":null,"died":"In 299 AC, at Yunkai","status":"dead","houses":[],"titles":[],"father":null,"mother":null,"spouse":null,"books":[3],"povBooks":[],"show":["game-of-thrones"],"presence":[{"show":"game-of-thrones","kind":"depicted","seasons":["Season 3"]}],"playedBy":["Ramon Tikaram"],"sources":[{"label":"An API of Ice and Fire — character 1821","url":"https://anapioficeandfire.com/api/characters/1821","provider":"An API of Ice and Fire","kind":"structured_database","accessed":"2026-07-10"}],"verification":"upstream_record","image":"/images/fallback-character.svg","imageSource":{"provider":"Local archive fallback","kind":"fallback","match":"none","uncertain":false,"reason":"No exact verified image-page mapping is available.","url":null,"assetUrl":null},"parents":[],"children":[],"spouses":[],"house":null,"dragon":null}');
INSERT INTO appearances (entity_key, show_id, presence_kind, first_reference, details_json) VALUES ('character:api-character-1821', 'game-of-thrones', 'depicted', NULL, '{"show":"game-of-thrones","kind":"depicted","seasons":["Season 3"]}');
INSERT INTO sources (entity_key, label, url, provider, source_kind, accessed) VALUES ('character:api-character-1821', 'An API of Ice and Fire — character 1821', 'https://anapioficeandfire.com/api/characters/1821', 'An API of Ice and Fire', 'structured_database', '2026-07-10');
INSERT INTO media (entity_key, local_path, provider, source_page, asset_url, media_kind, uncertain, metadata_json) VALUES ('character:api-character-1821', '/images/fallback-character.svg', 'Local archive fallback', NULL, NULL, 'fallback', 0, '{"provider":"Local archive fallback","kind":"fallback","match":"none","uncertain":false,"reason":"No exact verified image-page mapping is available.","url":null,"assetUrl":null}');
INSERT INTO entities_fts (entity_key, name, aliases, type) VALUES ('character:api-character-1821', 'Prendahl na Ghezn', '', 'character');
INSERT INTO characters (entity_key, gender, culture, born, died, actor_json, titles_json, era) VALUES ('character:api-character-1821', 'male', 'Ghiscari', NULL, 'In 299 AC, at Yunkai', '["Ramon Tikaram"]', '[]', NULL);
INSERT INTO entities (entity_key, id, type, name, description, status, verification, raw_json) VALUES ('character:api-character-1825', 'api-character-1825', 'character', 'Pyat Pree', NULL, 'unknown', 'upstream_record', '{"id":"api-character-1825","apiId":1825,"name":"Pyat Pree","canonicalName":"Pyat Pree","aliases":[],"actor":["Ian Hanmore"],"gender":"male","culture":null,"born":null,"died":null,"status":"unknown","houses":[],"titles":["Warlock"],"father":null,"mother":null,"spouse":null,"books":[2,3,5,8],"povBooks":[],"show":["game-of-thrones"],"presence":[{"show":"game-of-thrones","kind":"depicted","seasons":["Season 2"]}],"playedBy":["Ian Hanmore"],"sources":[{"label":"An API of Ice and Fire — character 1825","url":"https://anapioficeandfire.com/api/characters/1825","provider":"An API of Ice and Fire","kind":"structured_database","accessed":"2026-07-10"},{"label":"A Song of Ice and Fire Wiki — Pyat Pree","url":"https://iceandfire.fandom.com/wiki/Pyat_Pree","provider":"A Song of Ice and Fire Wiki","kind":"reference_page","accessed":"2026-07-10"}],"verification":"upstream_record","image":"/images/characters/api-character-1825.webp","imageSource":{"provider":"A Song of Ice and Fire Wiki","kind":"wiki_lead_image","match":"exact_page_title","uncertain":false,"url":"https://iceandfire.fandom.com/wiki/Pyat_Pree","assetUrl":"https://static.wikia.nocookie.net/iceandfire/images/a/ab/Pyat.png/revision/latest?cb=20141114004848","accessed":"2026-07-10","originalSha256":"e78c7102fc447b9fc71697736558831503c3e93ca1fb39f970e6fd222b04b804","derivativeSha256":"e91b7197a5375c05eacbe922a31c036016be16895d755a7f45c86236ce8d643b","width":1200,"height":900,"presentation":"proportional_resize_with_padding"},"parents":[],"children":[],"spouses":[],"house":null,"dragon":null}');
INSERT INTO appearances (entity_key, show_id, presence_kind, first_reference, details_json) VALUES ('character:api-character-1825', 'game-of-thrones', 'depicted', NULL, '{"show":"game-of-thrones","kind":"depicted","seasons":["Season 2"]}');
INSERT INTO sources (entity_key, label, url, provider, source_kind, accessed) VALUES ('character:api-character-1825', 'An API of Ice and Fire — character 1825', 'https://anapioficeandfire.com/api/characters/1825', 'An API of Ice and Fire', 'structured_database', '2026-07-10');
INSERT INTO sources (entity_key, label, url, provider, source_kind, accessed) VALUES ('character:api-character-1825', 'A Song of Ice and Fire Wiki — Pyat Pree', 'https://iceandfire.fandom.com/wiki/Pyat_Pree', 'A Song of Ice and Fire Wiki', 'reference_page', '2026-07-10');
INSERT INTO media (entity_key, local_path, provider, source_page, asset_url, media_kind, uncertain, metadata_json) VALUES ('character:api-character-1825', '/images/characters/api-character-1825.webp', 'A Song of Ice and Fire Wiki', 'https://iceandfire.fandom.com/wiki/Pyat_Pree', 'https://static.wikia.nocookie.net/iceandfire/images/a/ab/Pyat.png/revision/latest?cb=20141114004848', 'wiki_lead_image', 0, '{"provider":"A Song of Ice and Fire Wiki","kind":"wiki_lead_image","match":"exact_page_title","uncertain":false,"url":"https://iceandfire.fandom.com/wiki/Pyat_Pree","assetUrl":"https://static.wikia.nocookie.net/iceandfire/images/a/ab/Pyat.png/revision/latest?cb=20141114004848","accessed":"2026-07-10","originalSha256":"e78c7102fc447b9fc71697736558831503c3e93ca1fb39f970e6fd222b04b804","derivativeSha256":"e91b7197a5375c05eacbe922a31c036016be16895d755a7f45c86236ce8d643b","width":1200,"height":900,"presentation":"proportional_resize_with_padding"}');
INSERT INTO entities_fts (entity_key, name, aliases, type) VALUES ('character:api-character-1825', 'Pyat Pree', '', 'character');
INSERT INTO characters (entity_key, gender, culture, born, died, actor_json, titles_json, era) VALUES ('character:api-character-1825', 'male', NULL, NULL, NULL, '["Ian Hanmore"]', '["Warlock"]', NULL);
INSERT INTO entities (entity_key, id, type, name, description, status, verification, raw_json) VALUES ('character:api-character-1826', 'api-character-1826', 'character', 'Pycelle', NULL, 'dead', 'upstream_record', '{"id":"api-character-1826","apiId":1826,"name":"Pycelle","canonicalName":"Pycelle","aliases":[],"actor":["Julian Glover"],"gender":"male","culture":null,"born":"In 216 AC","died":"In 300 AC, at the Red Keep, King''s Landing","status":"dead","houses":["house-baratheon","house-lannister","house-targaryen"],"titles":["Grand Maester"],"father":null,"mother":null,"spouse":null,"books":[1,2,3,5,8],"povBooks":[],"show":["game-of-thrones"],"presence":[{"show":"game-of-thrones","kind":"depicted","seasons":["Season 1","Season 2","Season 3","Season 4","Season 5","Season 6"]}],"playedBy":["Julian Glover"],"sources":[{"label":"An API of Ice and Fire — character 1826","url":"https://anapioficeandfire.com/api/characters/1826","provider":"An API of Ice and Fire","kind":"structured_database","accessed":"2026-07-10"},{"label":"A Song of Ice and Fire Wiki — Pycelle","url":"https://iceandfire.fandom.com/wiki/Pycelle","provider":"A Song of Ice and Fire Wiki","kind":"reference_page","accessed":"2026-07-10"}],"verification":"upstream_record","image":"/images/characters/api-character-1826.webp","imageSource":{"provider":"A Song of Ice and Fire Wiki","kind":"wiki_lead_image","match":"exact_page_title","uncertain":false,"url":"https://iceandfire.fandom.com/wiki/Pycelle","assetUrl":"https://static.wikia.nocookie.net/iceandfire/images/2/21/Pycelle_by_amoka.jpg/revision/latest?cb=20150516155330","accessed":"2026-07-10","originalSha256":"b921b7b26ec05fe70a0ddfbe03f661e0943cef310f3de91e6c6e79d5ac3f60f2","derivativeSha256":"84850f318e0c7d79dab4b1710b89da09ae71e0a26d9c5d64632796d9ed64bda6","width":1200,"height":900,"presentation":"proportional_resize_with_padding"},"parents":[],"children":[],"spouses":[],"house":null,"dragon":null}');
INSERT INTO appearances (entity_key, show_id, presence_kind, first_reference, details_json) VALUES ('character:api-character-1826', 'game-of-thrones', 'depicted', NULL, '{"show":"game-of-thrones","kind":"depicted","seasons":["Season 1","Season 2","Season 3","Season 4","Season 5","Season 6"]}');
INSERT INTO sources (entity_key, label, url, provider, source_kind, accessed) VALUES ('character:api-character-1826', 'An API of Ice and Fire — character 1826', 'https://anapioficeandfire.com/api/characters/1826', 'An API of Ice and Fire', 'structured_database', '2026-07-10');
INSERT INTO sources (entity_key, label, url, provider, source_kind, accessed) VALUES ('character:api-character-1826', 'A Song of Ice and Fire Wiki — Pycelle', 'https://iceandfire.fandom.com/wiki/Pycelle', 'A Song of Ice and Fire Wiki', 'reference_page', '2026-07-10');
INSERT INTO media (entity_key, local_path, provider, source_page, asset_url, media_kind, uncertain, metadata_json) VALUES ('character:api-character-1826', '/images/characters/api-character-1826.webp', 'A Song of Ice and Fire Wiki', 'https://iceandfire.fandom.com/wiki/Pycelle', 'https://static.wikia.nocookie.net/iceandfire/images/2/21/Pycelle_by_amoka.jpg/revision/latest?cb=20150516155330', 'wiki_lead_image', 0, '{"provider":"A Song of Ice and Fire Wiki","kind":"wiki_lead_image","match":"exact_page_title","uncertain":false,"url":"https://iceandfire.fandom.com/wiki/Pycelle","assetUrl":"https://static.wikia.nocookie.net/iceandfire/images/2/21/Pycelle_by_amoka.jpg/revision/latest?cb=20150516155330","accessed":"2026-07-10","originalSha256":"b921b7b26ec05fe70a0ddfbe03f661e0943cef310f3de91e6c6e79d5ac3f60f2","derivativeSha256":"84850f318e0c7d79dab4b1710b89da09ae71e0a26d9c5d64632796d9ed64bda6","width":1200,"height":900,"presentation":"proportional_resize_with_padding"}');
INSERT INTO entities_fts (entity_key, name, aliases, type) VALUES ('character:api-character-1826', 'Pycelle', '', 'character');
INSERT INTO characters (entity_key, gender, culture, born, died, actor_json, titles_json, era) VALUES ('character:api-character-1826', 'male', NULL, 'In 216 AC', 'In 300 AC, at the Red Keep, King''s Landing', '["Julian Glover"]', '["Grand Maester"]', NULL);
INSERT INTO entities (entity_key, id, type, name, description, status, verification, raw_json) VALUES ('character:api-character-1838', 'api-character-1838', 'character', 'Qotho', NULL, 'dead', 'upstream_record', '{"id":"api-character-1838","apiId":1838,"name":"Qotho","canonicalName":"Qotho","aliases":[],"actor":["Dar Salim"],"gender":"male","culture":"Dothraki","born":null,"died":"In 298 AC, at Dothraki sea","status":"dead","houses":[],"titles":["Bloodrider of Khal Drogo"],"father":null,"mother":null,"spouse":null,"books":[1],"povBooks":[],"show":["game-of-thrones"],"presence":[{"show":"game-of-thrones","kind":"depicted","seasons":["Season 1"]}],"playedBy":["Dar Salim"],"sources":[{"label":"An API of Ice and Fire — character 1838","url":"https://anapioficeandfire.com/api/characters/1838","provider":"An API of Ice and Fire","kind":"structured_database","accessed":"2026-07-10"}],"verification":"upstream_record","image":"/images/fallback-character.svg","imageSource":{"provider":"Local archive fallback","kind":"fallback","match":"none","uncertain":false,"reason":"No exact verified image-page mapping is available.","url":null,"assetUrl":null},"parents":[],"children":[],"spouses":[],"house":null,"dragon":null}');
INSERT INTO appearances (entity_key, show_id, presence_kind, first_reference, details_json) VALUES ('character:api-character-1838', 'game-of-thrones', 'depicted', NULL, '{"show":"game-of-thrones","kind":"depicted","seasons":["Season 1"]}');
INSERT INTO sources (entity_key, label, url, provider, source_kind, accessed) VALUES ('character:api-character-1838', 'An API of Ice and Fire — character 1838', 'https://anapioficeandfire.com/api/characters/1838', 'An API of Ice and Fire', 'structured_database', '2026-07-10');
INSERT INTO media (entity_key, local_path, provider, source_page, asset_url, media_kind, uncertain, metadata_json) VALUES ('character:api-character-1838', '/images/fallback-character.svg', 'Local archive fallback', NULL, NULL, 'fallback', 0, '{"provider":"Local archive fallback","kind":"fallback","match":"none","uncertain":false,"reason":"No exact verified image-page mapping is available.","url":null,"assetUrl":null}');
INSERT INTO entities_fts (entity_key, name, aliases, type) VALUES ('character:api-character-1838', 'Qotho', '', 'character');
INSERT INTO characters (entity_key, gender, culture, born, died, actor_json, titles_json, era) VALUES ('character:api-character-1838', 'male', 'Dothraki', NULL, 'In 298 AC, at Dothraki sea', '["Dar Salim"]', '["Bloodrider of Khal Drogo"]', NULL);
INSERT INTO entities (entity_key, id, type, name, description, status, verification, raw_json) VALUES ('character:api-character-1839', 'api-character-1839', 'character', 'Quaithe', NULL, 'unknown', 'upstream_record', '{"id":"api-character-1839","apiId":1839,"name":"Quaithe","canonicalName":"Quaithe","aliases":["Quaithe of the Shadow"],"actor":["Laura Pradelska"],"gender":"female","culture":"Asshai","born":null,"died":null,"status":"unknown","houses":[],"titles":[],"father":null,"mother":null,"spouse":null,"books":[2,3,5,8],"povBooks":[],"show":["game-of-thrones"],"presence":[{"show":"game-of-thrones","kind":"depicted","seasons":["Season 2"]}],"playedBy":["Laura Pradelska"],"sources":[{"label":"An API of Ice and Fire — character 1839","url":"https://anapioficeandfire.com/api/characters/1839","provider":"An API of Ice and Fire","kind":"structured_database","accessed":"2026-07-10"}],"verification":"upstream_record","image":"/images/fallback-character.svg","imageSource":{"provider":"Local archive fallback","kind":"fallback","match":"none","uncertain":false,"reason":"No exact verified image-page mapping is available.","url":null,"assetUrl":null},"parents":[],"children":[],"spouses":[],"house":null,"dragon":null}');
INSERT INTO aliases (entity_key, alias) VALUES ('character:api-character-1839', 'Quaithe of the Shadow');
INSERT INTO appearances (entity_key, show_id, presence_kind, first_reference, details_json) VALUES ('character:api-character-1839', 'game-of-thrones', 'depicted', NULL, '{"show":"game-of-thrones","kind":"depicted","seasons":["Season 2"]}');
INSERT INTO sources (entity_key, label, url, provider, source_kind, accessed) VALUES ('character:api-character-1839', 'An API of Ice and Fire — character 1839', 'https://anapioficeandfire.com/api/characters/1839', 'An API of Ice and Fire', 'structured_database', '2026-07-10');
INSERT INTO media (entity_key, local_path, provider, source_page, asset_url, media_kind, uncertain, metadata_json) VALUES ('character:api-character-1839', '/images/fallback-character.svg', 'Local archive fallback', NULL, NULL, 'fallback', 0, '{"provider":"Local archive fallback","kind":"fallback","match":"none","uncertain":false,"reason":"No exact verified image-page mapping is available.","url":null,"assetUrl":null}');
INSERT INTO entities_fts (entity_key, name, aliases, type) VALUES ('character:api-character-1839', 'Quaithe', 'Quaithe of the Shadow', 'character');
INSERT INTO characters (entity_key, gender, culture, born, died, actor_json, titles_json, era) VALUES ('character:api-character-1839', 'female', 'Asshai', NULL, NULL, '["Laura Pradelska"]', '[]', NULL);
INSERT INTO entities (entity_key, id, type, name, description, status, verification, raw_json) VALUES ('character:api-character-1848', 'api-character-1848', 'character', 'Qyburn', NULL, 'unknown', 'upstream_record', '{"id":"api-character-1848","apiId":1848,"name":"Qyburn","canonicalName":"Qyburn","aliases":["The Bloody Maester"],"actor":["Anton Lesser"],"gender":"male","culture":null,"born":"In 217AC or after","died":null,"status":"unknown","houses":["house-lannister"],"titles":["Master of whisperers"],"father":null,"mother":null,"spouse":null,"books":[2,3,5,8],"povBooks":[],"show":["game-of-thrones"],"presence":[{"show":"game-of-thrones","kind":"depicted","seasons":["Season 3","Season 4","Season 5","Season 6"]}],"playedBy":["Anton Lesser"],"sources":[{"label":"An API of Ice and Fire — character 1848","url":"https://anapioficeandfire.com/api/characters/1848","provider":"An API of Ice and Fire","kind":"structured_database","accessed":"2026-07-10"},{"label":"A Song of Ice and Fire Wiki — Qyburn","url":"https://iceandfire.fandom.com/wiki/Qyburn","provider":"A Song of Ice and Fire Wiki","kind":"reference_page","accessed":"2026-07-10"}],"verification":"upstream_record","image":"/images/characters/api-character-1848.webp","imageSource":{"provider":"A Song of Ice and Fire Wiki","kind":"wiki_lead_image","match":"exact_page_title","uncertain":false,"url":"https://iceandfire.fandom.com/wiki/Qyburn","assetUrl":"https://static.wikia.nocookie.net/iceandfire/images/a/aa/Qyburn.png/revision/latest?cb=20250127232657","accessed":"2026-07-10","originalSha256":"1a74647f274f8015238462b517601836ee92e11e0c5c1120568d40471eb71307","derivativeSha256":"b3b457d90532877bf966162b3c514e90c89193adfcfdbe862c03d0fa2c8cb295","width":1200,"height":900,"presentation":"proportional_resize_with_padding"},"parents":[],"children":[],"spouses":[],"house":null,"dragon":null}');
INSERT INTO aliases (entity_key, alias) VALUES ('character:api-character-1848', 'The Bloody Maester');
INSERT INTO appearances (entity_key, show_id, presence_kind, first_reference, details_json) VALUES ('character:api-character-1848', 'game-of-thrones', 'depicted', NULL, '{"show":"game-of-thrones","kind":"depicted","seasons":["Season 3","Season 4","Season 5","Season 6"]}');
INSERT INTO sources (entity_key, label, url, provider, source_kind, accessed) VALUES ('character:api-character-1848', 'An API of Ice and Fire — character 1848', 'https://anapioficeandfire.com/api/characters/1848', 'An API of Ice and Fire', 'structured_database', '2026-07-10');
INSERT INTO sources (entity_key, label, url, provider, source_kind, accessed) VALUES ('character:api-character-1848', 'A Song of Ice and Fire Wiki — Qyburn', 'https://iceandfire.fandom.com/wiki/Qyburn', 'A Song of Ice and Fire Wiki', 'reference_page', '2026-07-10');
INSERT INTO media (entity_key, local_path, provider, source_page, asset_url, media_kind, uncertain, metadata_json) VALUES ('character:api-character-1848', '/images/characters/api-character-1848.webp', 'A Song of Ice and Fire Wiki', 'https://iceandfire.fandom.com/wiki/Qyburn', 'https://static.wikia.nocookie.net/iceandfire/images/a/aa/Qyburn.png/revision/latest?cb=20250127232657', 'wiki_lead_image', 0, '{"provider":"A Song of Ice and Fire Wiki","kind":"wiki_lead_image","match":"exact_page_title","uncertain":false,"url":"https://iceandfire.fandom.com/wiki/Qyburn","assetUrl":"https://static.wikia.nocookie.net/iceandfire/images/a/aa/Qyburn.png/revision/latest?cb=20250127232657","accessed":"2026-07-10","originalSha256":"1a74647f274f8015238462b517601836ee92e11e0c5c1120568d40471eb71307","derivativeSha256":"b3b457d90532877bf966162b3c514e90c89193adfcfdbe862c03d0fa2c8cb295","width":1200,"height":900,"presentation":"proportional_resize_with_padding"}');
INSERT INTO entities_fts (entity_key, name, aliases, type) VALUES ('character:api-character-1848', 'Qyburn', 'The Bloody Maester', 'character');
INSERT INTO characters (entity_key, gender, culture, born, died, actor_json, titles_json, era) VALUES ('character:api-character-1848', 'male', NULL, 'In 217AC or after', NULL, '["Anton Lesser"]', '["Master of whisperers"]', NULL);
INSERT INTO entities (entity_key, id, type, name, description, status, verification, raw_json) VALUES ('character:api-character-1856', 'api-character-1856', 'character', 'Rakharo', NULL, 'unknown', 'upstream_record', '{"id":"api-character-1856","apiId":1856,"name":"Rakharo","canonicalName":"Rakharo","aliases":[],"actor":["Elyes Gabel"],"gender":"male","culture":"Dothraki","born":null,"died":null,"status":"unknown","houses":["house-targaryen"],"titles":["Ko","Bloodrider of Daenerys Targaryen"],"father":null,"mother":null,"spouse":null,"books":[1,2,3,5,8],"povBooks":[],"show":["game-of-thrones"],"presence":[{"show":"game-of-thrones","kind":"depicted","seasons":["Season 1","Season 2"]}],"playedBy":["Elyes Gabel"],"sources":[{"label":"An API of Ice and Fire — character 1856","url":"https://anapioficeandfire.com/api/characters/1856","provider":"An API of Ice and Fire","kind":"structured_database","accessed":"2026-07-10"}],"verification":"upstream_record","image":"/images/fallback-character.svg","imageSource":{"provider":"Local archive fallback","kind":"fallback","match":"none","uncertain":false,"reason":"No exact verified image-page mapping is available.","url":null,"assetUrl":null},"parents":[],"children":[],"spouses":[],"house":null,"dragon":null}');
INSERT INTO appearances (entity_key, show_id, presence_kind, first_reference, details_json) VALUES ('character:api-character-1856', 'game-of-thrones', 'depicted', NULL, '{"show":"game-of-thrones","kind":"depicted","seasons":["Season 1","Season 2"]}');
INSERT INTO sources (entity_key, label, url, provider, source_kind, accessed) VALUES ('character:api-character-1856', 'An API of Ice and Fire — character 1856', 'https://anapioficeandfire.com/api/characters/1856', 'An API of Ice and Fire', 'structured_database', '2026-07-10');
INSERT INTO media (entity_key, local_path, provider, source_page, asset_url, media_kind, uncertain, metadata_json) VALUES ('character:api-character-1856', '/images/fallback-character.svg', 'Local archive fallback', NULL, NULL, 'fallback', 0, '{"provider":"Local archive fallback","kind":"fallback","match":"none","uncertain":false,"reason":"No exact verified image-page mapping is available.","url":null,"assetUrl":null}');
INSERT INTO entities_fts (entity_key, name, aliases, type) VALUES ('character:api-character-1856', 'Rakharo', '', 'character');
INSERT INTO characters (entity_key, gender, culture, born, died, actor_json, titles_json, era) VALUES ('character:api-character-1856', 'male', 'Dothraki', NULL, NULL, '["Elyes Gabel"]', '["Ko","Bloodrider of Daenerys Targaryen"]', NULL);
INSERT INTO entities (entity_key, id, type, name, description, status, verification, raw_json) VALUES ('character:api-character-1861', 'api-character-1861', 'character', 'Rast', NULL, 'dead', 'upstream_record', '{"id":"api-character-1861","apiId":1861,"name":"Rast","canonicalName":"Rast","aliases":["Rat"],"actor":["Luke McEwan"],"gender":"male","culture":null,"born":null,"died":"In +/- 299 AC, at Castle Black","status":"dead","houses":[],"titles":[],"father":null,"mother":null,"spouse":null,"books":[1,2,3],"povBooks":[],"show":["game-of-thrones"],"presence":[{"show":"game-of-thrones","kind":"depicted","seasons":["Season 1","Season 3","Season 4"]}],"playedBy":["Luke McEwan"],"sources":[{"label":"An API of Ice and Fire — character 1861","url":"https://anapioficeandfire.com/api/characters/1861","provider":"An API of Ice and Fire","kind":"structured_database","accessed":"2026-07-10"}],"verification":"upstream_record","image":"/images/fallback-character.svg","imageSource":{"provider":"Local archive fallback","kind":"fallback","match":"none","uncertain":false,"reason":"No exact verified image-page mapping is available.","url":null,"assetUrl":null},"parents":[],"children":[],"spouses":[],"house":null,"dragon":null}');
INSERT INTO aliases (entity_key, alias) VALUES ('character:api-character-1861', 'Rat');
INSERT INTO appearances (entity_key, show_id, presence_kind, first_reference, details_json) VALUES ('character:api-character-1861', 'game-of-thrones', 'depicted', NULL, '{"show":"game-of-thrones","kind":"depicted","seasons":["Season 1","Season 3","Season 4"]}');
INSERT INTO sources (entity_key, label, url, provider, source_kind, accessed) VALUES ('character:api-character-1861', 'An API of Ice and Fire — character 1861', 'https://anapioficeandfire.com/api/characters/1861', 'An API of Ice and Fire', 'structured_database', '2026-07-10');
INSERT INTO media (entity_key, local_path, provider, source_page, asset_url, media_kind, uncertain, metadata_json) VALUES ('character:api-character-1861', '/images/fallback-character.svg', 'Local archive fallback', NULL, NULL, 'fallback', 0, '{"provider":"Local archive fallback","kind":"fallback","match":"none","uncertain":false,"reason":"No exact verified image-page mapping is available.","url":null,"assetUrl":null}');
INSERT INTO entities_fts (entity_key, name, aliases, type) VALUES ('character:api-character-1861', 'Rast', 'Rat', 'character');
INSERT INTO characters (entity_key, gender, culture, born, died, actor_json, titles_json, era) VALUES ('character:api-character-1861', 'male', NULL, NULL, 'In +/- 299 AC, at Castle Black', '["Luke McEwan"]', '[]', NULL);
INSERT INTO entities (entity_key, id, type, name, description, status, verification, raw_json) VALUES ('character:api-character-1903', 'api-character-1903', 'character', 'Rorge', NULL, 'dead', 'upstream_record', '{"id":"api-character-1903","apiId":1903,"name":"Rorge","canonicalName":"Rorge","aliases":["Broken Nose","The Mad Dog of Saltpans","The Hound (II)"],"actor":["Unknown extra","Andy Beckwith"],"gender":"male","culture":null,"born":null,"died":"In 300 AC, at the inn at the crossroads","status":"dead","houses":[],"titles":[],"father":null,"mother":null,"spouse":null,"books":[2,3,5],"povBooks":[],"show":["game-of-thrones"],"presence":[{"show":"game-of-thrones","kind":"depicted","seasons":["Season 1","Season 2","Season 4"]}],"playedBy":["Unknown extra","Andy Beckwith"],"sources":[{"label":"An API of Ice and Fire — character 1903","url":"https://anapioficeandfire.com/api/characters/1903","provider":"An API of Ice and Fire","kind":"structured_database","accessed":"2026-07-10"}],"verification":"upstream_record","image":"/images/fallback-character.svg","imageSource":{"provider":"Local archive fallback","kind":"fallback","match":"none","uncertain":false,"reason":"No exact verified image-page mapping is available.","url":null,"assetUrl":null},"parents":[],"children":[],"spouses":[],"house":null,"dragon":null}');
INSERT INTO aliases (entity_key, alias) VALUES ('character:api-character-1903', 'Broken Nose');
INSERT INTO aliases (entity_key, alias) VALUES ('character:api-character-1903', 'The Mad Dog of Saltpans');
INSERT INTO aliases (entity_key, alias) VALUES ('character:api-character-1903', 'The Hound (II)');
INSERT INTO appearances (entity_key, show_id, presence_kind, first_reference, details_json) VALUES ('character:api-character-1903', 'game-of-thrones', 'depicted', NULL, '{"show":"game-of-thrones","kind":"depicted","seasons":["Season 1","Season 2","Season 4"]}');
INSERT INTO sources (entity_key, label, url, provider, source_kind, accessed) VALUES ('character:api-character-1903', 'An API of Ice and Fire — character 1903', 'https://anapioficeandfire.com/api/characters/1903', 'An API of Ice and Fire', 'structured_database', '2026-07-10');
INSERT INTO media (entity_key, local_path, provider, source_page, asset_url, media_kind, uncertain, metadata_json) VALUES ('character:api-character-1903', '/images/fallback-character.svg', 'Local archive fallback', NULL, NULL, 'fallback', 0, '{"provider":"Local archive fallback","kind":"fallback","match":"none","uncertain":false,"reason":"No exact verified image-page mapping is available.","url":null,"assetUrl":null}');
INSERT INTO entities_fts (entity_key, name, aliases, type) VALUES ('character:api-character-1903', 'Rorge', 'Broken Nose The Mad Dog of Saltpans The Hound (II)', 'character');
INSERT INTO characters (entity_key, gender, culture, born, died, actor_json, titles_json, era) VALUES ('character:api-character-1903', 'male', NULL, NULL, 'In 300 AC, at the inn at the crossroads', '["Unknown extra","Andy Beckwith"]', '[]', NULL);
INSERT INTO entities (entity_key, id, type, name, description, status, verification, raw_json) VALUES ('character:api-character-1916', 'api-character-1916', 'character', 'Ryger Rivers', NULL, 'unknown', 'upstream_record', '{"id":"api-character-1916","apiId":1916,"name":"Ryger Rivers","canonicalName":"Ryger Rivers","aliases":[],"actor":["Bryan McCaugherty"],"gender":"male","culture":null,"born":null,"died":null,"status":"unknown","houses":["house-frey"],"titles":[],"father":null,"mother":null,"spouse":null,"books":[1,2,3,5,8],"povBooks":[],"show":["game-of-thrones"],"presence":[{"show":"game-of-thrones","kind":"depicted","seasons":["Season 1"]}],"playedBy":["Bryan McCaugherty"],"sources":[{"label":"An API of Ice and Fire — character 1916","url":"https://anapioficeandfire.com/api/characters/1916","provider":"An API of Ice and Fire","kind":"structured_database","accessed":"2026-07-10"}],"verification":"upstream_record","image":"/images/fallback-character.svg","imageSource":{"provider":"Local archive fallback","kind":"fallback","match":"none","uncertain":false,"reason":"No exact verified image-page mapping is available.","url":null,"assetUrl":null},"parents":[],"children":[],"spouses":[],"house":null,"dragon":null}');
INSERT INTO appearances (entity_key, show_id, presence_kind, first_reference, details_json) VALUES ('character:api-character-1916', 'game-of-thrones', 'depicted', NULL, '{"show":"game-of-thrones","kind":"depicted","seasons":["Season 1"]}');
INSERT INTO sources (entity_key, label, url, provider, source_kind, accessed) VALUES ('character:api-character-1916', 'An API of Ice and Fire — character 1916', 'https://anapioficeandfire.com/api/characters/1916', 'An API of Ice and Fire', 'structured_database', '2026-07-10');
INSERT INTO media (entity_key, local_path, provider, source_page, asset_url, media_kind, uncertain, metadata_json) VALUES ('character:api-character-1916', '/images/fallback-character.svg', 'Local archive fallback', NULL, NULL, 'fallback', 0, '{"provider":"Local archive fallback","kind":"fallback","match":"none","uncertain":false,"reason":"No exact verified image-page mapping is available.","url":null,"assetUrl":null}');
INSERT INTO entities_fts (entity_key, name, aliases, type) VALUES ('character:api-character-1916', 'Ryger Rivers', '', 'character');
INSERT INTO characters (entity_key, gender, culture, born, died, actor_json, titles_json, era) VALUES ('character:api-character-1916', 'male', NULL, NULL, NULL, '["Bryan McCaugherty"]', '[]', NULL);
INSERT INTO entities (entity_key, id, type, name, description, status, verification, raw_json) VALUES ('character:api-character-1925', 'api-character-1925', 'character', 'Salladhor Saan', NULL, 'unknown', 'upstream_record', '{"id":"api-character-1925","apiId":1925,"name":"Salladhor Saan","canonicalName":"Salladhor Saan","aliases":["Salla"],"actor":["Lucian Msamati"],"gender":"male","culture":"Lysene","born":null,"died":null,"status":"unknown","houses":["house-baratheon"],"titles":["Prince of the Narrow Sea","Lord of Blackwater Bay"],"father":null,"mother":null,"spouse":null,"books":[2,3,5,8],"povBooks":[],"show":["game-of-thrones"],"presence":[{"show":"game-of-thrones","kind":"depicted","seasons":["Season 2","Season 3","Season 4"]}],"playedBy":["Lucian Msamati"],"sources":[{"label":"An API of Ice and Fire — character 1925","url":"https://anapioficeandfire.com/api/characters/1925","provider":"An API of Ice and Fire","kind":"structured_database","accessed":"2026-07-10"},{"label":"A Song of Ice and Fire Wiki — Salladhor Saan","url":"https://iceandfire.fandom.com/wiki/Salladhor_Saan","provider":"A Song of Ice and Fire Wiki","kind":"reference_page","accessed":"2026-07-10"}],"verification":"upstream_record","image":"/images/characters/api-character-1925.webp","imageSource":{"provider":"A Song of Ice and Fire Wiki","kind":"wiki_lead_image","match":"exact_page_title","uncertain":false,"url":"https://iceandfire.fandom.com/wiki/Salladhor_Saan","assetUrl":"https://static.wikia.nocookie.net/iceandfire/images/e/ef/Salladhor_Saan.png/revision/latest?cb=20250128094349","accessed":"2026-07-10","originalSha256":"58e4971dd832a85eadd47cc040ea5422211bc2b4278013346df30b6d5e128c8d","derivativeSha256":"cd2e6c3c5f9a8f8d0a5f881ddd7b2fbdad3e87a622d84556a825446eae1208c5","width":1200,"height":900,"presentation":"proportional_resize_with_padding"},"parents":[],"children":[],"spouses":[],"house":null,"dragon":null}');
INSERT INTO aliases (entity_key, alias) VALUES ('character:api-character-1925', 'Salla');
INSERT INTO appearances (entity_key, show_id, presence_kind, first_reference, details_json) VALUES ('character:api-character-1925', 'game-of-thrones', 'depicted', NULL, '{"show":"game-of-thrones","kind":"depicted","seasons":["Season 2","Season 3","Season 4"]}');
INSERT INTO sources (entity_key, label, url, provider, source_kind, accessed) VALUES ('character:api-character-1925', 'An API of Ice and Fire — character 1925', 'https://anapioficeandfire.com/api/characters/1925', 'An API of Ice and Fire', 'structured_database', '2026-07-10');
INSERT INTO sources (entity_key, label, url, provider, source_kind, accessed) VALUES ('character:api-character-1925', 'A Song of Ice and Fire Wiki — Salladhor Saan', 'https://iceandfire.fandom.com/wiki/Salladhor_Saan', 'A Song of Ice and Fire Wiki', 'reference_page', '2026-07-10');
INSERT INTO media (entity_key, local_path, provider, source_page, asset_url, media_kind, uncertain, metadata_json) VALUES ('character:api-character-1925', '/images/characters/api-character-1925.webp', 'A Song of Ice and Fire Wiki', 'https://iceandfire.fandom.com/wiki/Salladhor_Saan', 'https://static.wikia.nocookie.net/iceandfire/images/e/ef/Salladhor_Saan.png/revision/latest?cb=20250128094349', 'wiki_lead_image', 0, '{"provider":"A Song of Ice and Fire Wiki","kind":"wiki_lead_image","match":"exact_page_title","uncertain":false,"url":"https://iceandfire.fandom.com/wiki/Salladhor_Saan","assetUrl":"https://static.wikia.nocookie.net/iceandfire/images/e/ef/Salladhor_Saan.png/revision/latest?cb=20250128094349","accessed":"2026-07-10","originalSha256":"58e4971dd832a85eadd47cc040ea5422211bc2b4278013346df30b6d5e128c8d","derivativeSha256":"cd2e6c3c5f9a8f8d0a5f881ddd7b2fbdad3e87a622d84556a825446eae1208c5","width":1200,"height":900,"presentation":"proportional_resize_with_padding"}');
INSERT INTO entities_fts (entity_key, name, aliases, type) VALUES ('character:api-character-1925', 'Salladhor Saan', 'Salla', 'character');
INSERT INTO characters (entity_key, gender, culture, born, died, actor_json, titles_json, era) VALUES ('character:api-character-1925', 'male', 'Lysene', NULL, NULL, '["Lucian Msamati"]', '["Prince of the Narrow Sea","Lord of Blackwater Bay"]', NULL);
INSERT INTO entities (entity_key, id, type, name, description, status, verification, raw_json) VALUES ('character:api-character-1938', 'api-character-1938', 'character', 'Shae', NULL, 'dead', 'upstream_record', '{"id":"api-character-1938","apiId":1938,"name":"Shae","canonicalName":"Shae","aliases":[],"actor":["Sibel Kekilli"],"gender":"female","culture":null,"born":"In 280 AC or 281 AC","died":"In 300 AC, at King''s Landing","status":"dead","houses":[],"titles":[],"father":null,"mother":null,"spouse":null,"books":[1,2,3,5,8],"povBooks":[],"show":["game-of-thrones"],"presence":[{"show":"game-of-thrones","kind":"depicted","seasons":["Season 1","Season 2","Season 3","Season 4"]}],"playedBy":["Sibel Kekilli"],"sources":[{"label":"An API of Ice and Fire — character 1938","url":"https://anapioficeandfire.com/api/characters/1938","provider":"An API of Ice and Fire","kind":"structured_database","accessed":"2026-07-10"},{"label":"A Song of Ice and Fire Wiki — Shae","url":"https://iceandfire.fandom.com/wiki/Shae","provider":"A Song of Ice and Fire Wiki","kind":"reference_page","accessed":"2026-07-10"}],"verification":"upstream_record","image":"/images/characters/api-character-1938.webp","imageSource":{"provider":"A Song of Ice and Fire Wiki","kind":"wiki_lead_image","match":"exact_page_title","uncertain":false,"url":"https://iceandfire.fandom.com/wiki/Shae","assetUrl":"https://static.wikia.nocookie.net/iceandfire/images/d/df/Shae_by_amoka.jpg/revision/latest?cb=20150516155409","accessed":"2026-07-10","originalSha256":"7cb7b9782003d4ee8654ab6b198486b1ab3826e0fa8f3eb73e8c2186020a3dc6","derivativeSha256":"6ecd2f5b8e918f6417be4b7d4fa9cc275ac8ddb1d9f595947ed72353f4960684","width":1200,"height":900,"presentation":"proportional_resize_with_padding"},"parents":[],"children":[],"spouses":[],"house":null,"dragon":null}');
INSERT INTO appearances (entity_key, show_id, presence_kind, first_reference, details_json) VALUES ('character:api-character-1938', 'game-of-thrones', 'depicted', NULL, '{"show":"game-of-thrones","kind":"depicted","seasons":["Season 1","Season 2","Season 3","Season 4"]}');
INSERT INTO sources (entity_key, label, url, provider, source_kind, accessed) VALUES ('character:api-character-1938', 'An API of Ice and Fire — character 1938', 'https://anapioficeandfire.com/api/characters/1938', 'An API of Ice and Fire', 'structured_database', '2026-07-10');
INSERT INTO sources (entity_key, label, url, provider, source_kind, accessed) VALUES ('character:api-character-1938', 'A Song of Ice and Fire Wiki — Shae', 'https://iceandfire.fandom.com/wiki/Shae', 'A Song of Ice and Fire Wiki', 'reference_page', '2026-07-10');
INSERT INTO media (entity_key, local_path, provider, source_page, asset_url, media_kind, uncertain, metadata_json) VALUES ('character:api-character-1938', '/images/characters/api-character-1938.webp', 'A Song of Ice and Fire Wiki', 'https://iceandfire.fandom.com/wiki/Shae', 'https://static.wikia.nocookie.net/iceandfire/images/d/df/Shae_by_amoka.jpg/revision/latest?cb=20150516155409', 'wiki_lead_image', 0, '{"provider":"A Song of Ice and Fire Wiki","kind":"wiki_lead_image","match":"exact_page_title","uncertain":false,"url":"https://iceandfire.fandom.com/wiki/Shae","assetUrl":"https://static.wikia.nocookie.net/iceandfire/images/d/df/Shae_by_amoka.jpg/revision/latest?cb=20150516155409","accessed":"2026-07-10","originalSha256":"7cb7b9782003d4ee8654ab6b198486b1ab3826e0fa8f3eb73e8c2186020a3dc6","derivativeSha256":"6ecd2f5b8e918f6417be4b7d4fa9cc275ac8ddb1d9f595947ed72353f4960684","width":1200,"height":900,"presentation":"proportional_resize_with_padding"}');
INSERT INTO entities_fts (entity_key, name, aliases, type) VALUES ('character:api-character-1938', 'Shae', '', 'character');
INSERT INTO characters (entity_key, gender, culture, born, died, actor_json, titles_json, era) VALUES ('character:api-character-1938', 'female', NULL, 'In 280 AC or 281 AC', 'In 300 AC, at King''s Landing', '["Sibel Kekilli"]', '[]', NULL);
INSERT INTO entities (entity_key, id, type, name, description, status, verification, raw_json) VALUES ('character:api-character-1968', 'api-character-1968', 'character', 'Stiv', NULL, 'dead', 'upstream_record', '{"id":"api-character-1968","apiId":1968,"name":"Stiv","canonicalName":"Stiv","aliases":[],"actor":["Stephen Don"],"gender":"male","culture":"Free Folk","born":null,"died":"In 298 AC, at the Wolfswood","status":"dead","houses":[],"titles":[],"father":null,"mother":null,"spouse":null,"books":[1],"povBooks":[],"show":["game-of-thrones"],"presence":[{"show":"game-of-thrones","kind":"depicted","seasons":["Season 1"]}],"playedBy":["Stephen Don"],"sources":[{"label":"An API of Ice and Fire — character 1968","url":"https://anapioficeandfire.com/api/characters/1968","provider":"An API of Ice and Fire","kind":"structured_database","accessed":"2026-07-10"}],"verification":"upstream_record","image":"/images/fallback-character.svg","imageSource":{"provider":"Local archive fallback","kind":"fallback","match":"none","uncertain":false,"reason":"No exact verified image-page mapping is available.","url":null,"assetUrl":null},"parents":[],"children":[],"spouses":[],"house":null,"dragon":null}');
INSERT INTO appearances (entity_key, show_id, presence_kind, first_reference, details_json) VALUES ('character:api-character-1968', 'game-of-thrones', 'depicted', NULL, '{"show":"game-of-thrones","kind":"depicted","seasons":["Season 1"]}');
INSERT INTO sources (entity_key, label, url, provider, source_kind, accessed) VALUES ('character:api-character-1968', 'An API of Ice and Fire — character 1968', 'https://anapioficeandfire.com/api/characters/1968', 'An API of Ice and Fire', 'structured_database', '2026-07-10');
INSERT INTO media (entity_key, local_path, provider, source_page, asset_url, media_kind, uncertain, metadata_json) VALUES ('character:api-character-1968', '/images/fallback-character.svg', 'Local archive fallback', NULL, NULL, 'fallback', 0, '{"provider":"Local archive fallback","kind":"fallback","match":"none","uncertain":false,"reason":"No exact verified image-page mapping is available.","url":null,"assetUrl":null}');
INSERT INTO entities_fts (entity_key, name, aliases, type) VALUES ('character:api-character-1968', 'Stiv', '', 'character');
INSERT INTO characters (entity_key, gender, culture, born, died, actor_json, titles_json, era) VALUES ('character:api-character-1968', 'male', 'Free Folk', NULL, 'In 298 AC, at the Wolfswood', '["Stephen Don"]', '[]', NULL);
INSERT INTO entities (entity_key, id, type, name, description, status, verification, raw_json) VALUES ('character:api-character-1972', 'api-character-1972', 'character', 'Styr', NULL, 'dead', 'upstream_record', '{"id":"api-character-1972","apiId":1972,"name":"Styr","canonicalName":"Styr","aliases":[],"actor":["Yuri Kolokolnikov"],"gender":"male","culture":"Free Folk","born":null,"died":"In 300 AC, at Castle Black","status":"dead","houses":[],"titles":["Magnar of Thenn"],"father":null,"mother":null,"spouse":null,"books":[3,5,8],"povBooks":[],"show":["game-of-thrones"],"presence":[{"show":"game-of-thrones","kind":"depicted","seasons":["Season 4"]}],"playedBy":["Yuri Kolokolnikov"],"sources":[{"label":"An API of Ice and Fire — character 1972","url":"https://anapioficeandfire.com/api/characters/1972","provider":"An API of Ice and Fire","kind":"structured_database","accessed":"2026-07-10"}],"verification":"upstream_record","image":"/images/fallback-character.svg","imageSource":{"provider":"Local archive fallback","kind":"fallback","match":"none","uncertain":false,"reason":"No exact verified image-page mapping is available.","url":null,"assetUrl":null},"parents":[],"children":[],"spouses":[],"house":null,"dragon":null}');
INSERT INTO appearances (entity_key, show_id, presence_kind, first_reference, details_json) VALUES ('character:api-character-1972', 'game-of-thrones', 'depicted', NULL, '{"show":"game-of-thrones","kind":"depicted","seasons":["Season 4"]}');
INSERT INTO sources (entity_key, label, url, provider, source_kind, accessed) VALUES ('character:api-character-1972', 'An API of Ice and Fire — character 1972', 'https://anapioficeandfire.com/api/characters/1972', 'An API of Ice and Fire', 'structured_database', '2026-07-10');
INSERT INTO media (entity_key, local_path, provider, source_page, asset_url, media_kind, uncertain, metadata_json) VALUES ('character:api-character-1972', '/images/fallback-character.svg', 'Local archive fallback', NULL, NULL, 'fallback', 0, '{"provider":"Local archive fallback","kind":"fallback","match":"none","uncertain":false,"reason":"No exact verified image-page mapping is available.","url":null,"assetUrl":null}');
INSERT INTO entities_fts (entity_key, name, aliases, type) VALUES ('character:api-character-1972', 'Styr', '', 'character');
INSERT INTO characters (entity_key, gender, culture, born, died, actor_json, titles_json, era) VALUES ('character:api-character-1972', 'male', 'Free Folk', NULL, 'In 300 AC, at Castle Black', '["Yuri Kolokolnikov"]', '["Magnar of Thenn"]', NULL);
INSERT INTO entities (entity_key, id, type, name, description, status, verification, raw_json) VALUES ('character:api-character-1979', 'api-character-1979', 'character', 'Syrio Forel', NULL, 'dead', 'upstream_record', '{"id":"api-character-1979","apiId":1979,"name":"Syrio Forel","canonicalName":"Syrio Forel","aliases":[],"actor":["Miltos Yeromelou"],"gender":"male","culture":"Braavosi","born":"At Braavos","died":"In 298 AC, at King''s Landing","status":"dead","houses":["house-stark"],"titles":["First Sword to the Sealord of Braavos","Water Dancer"],"father":null,"mother":null,"spouse":null,"books":[1,2,3,5,8],"povBooks":[],"show":["game-of-thrones"],"presence":[{"show":"game-of-thrones","kind":"depicted","seasons":["Season 1"]}],"playedBy":["Miltos Yeromelou"],"sources":[{"label":"An API of Ice and Fire — character 1979","url":"https://anapioficeandfire.com/api/characters/1979","provider":"An API of Ice and Fire","kind":"structured_database","accessed":"2026-07-10"},{"label":"A Song of Ice and Fire Wiki — Syrio Forel","url":"https://iceandfire.fandom.com/wiki/Syrio_Forel","provider":"A Song of Ice and Fire Wiki","kind":"reference_page","accessed":"2026-07-10"}],"verification":"upstream_record","image":"/images/characters/api-character-1979.webp","imageSource":{"provider":"A Song of Ice and Fire Wiki","kind":"wiki_lead_image","match":"exact_page_title","uncertain":false,"url":"https://iceandfire.fandom.com/wiki/Syrio_Forel","assetUrl":"https://static.wikia.nocookie.net/iceandfire/images/6/6a/Syrio_by_amoka.jpg/revision/latest?cb=20150517212720","accessed":"2026-07-10","originalSha256":"842282e07e78a43f294e4dda47b981ebb1a28e68f9ce9f20f42201083cfc92a8","derivativeSha256":"dae76790cdcedbf03a2f820bf7bdfd6343a19a4cf002c540f54974502447d02c","width":1200,"height":900,"presentation":"proportional_resize_with_padding"},"parents":[],"children":[],"spouses":[],"house":null,"dragon":null}');
INSERT INTO appearances (entity_key, show_id, presence_kind, first_reference, details_json) VALUES ('character:api-character-1979', 'game-of-thrones', 'depicted', NULL, '{"show":"game-of-thrones","kind":"depicted","seasons":["Season 1"]}');
INSERT INTO sources (entity_key, label, url, provider, source_kind, accessed) VALUES ('character:api-character-1979', 'An API of Ice and Fire — character 1979', 'https://anapioficeandfire.com/api/characters/1979', 'An API of Ice and Fire', 'structured_database', '2026-07-10');
INSERT INTO sources (entity_key, label, url, provider, source_kind, accessed) VALUES ('character:api-character-1979', 'A Song of Ice and Fire Wiki — Syrio Forel', 'https://iceandfire.fandom.com/wiki/Syrio_Forel', 'A Song of Ice and Fire Wiki', 'reference_page', '2026-07-10');
INSERT INTO media (entity_key, local_path, provider, source_page, asset_url, media_kind, uncertain, metadata_json) VALUES ('character:api-character-1979', '/images/characters/api-character-1979.webp', 'A Song of Ice and Fire Wiki', 'https://iceandfire.fandom.com/wiki/Syrio_Forel', 'https://static.wikia.nocookie.net/iceandfire/images/6/6a/Syrio_by_amoka.jpg/revision/latest?cb=20150517212720', 'wiki_lead_image', 0, '{"provider":"A Song of Ice and Fire Wiki","kind":"wiki_lead_image","match":"exact_page_title","uncertain":false,"url":"https://iceandfire.fandom.com/wiki/Syrio_Forel","assetUrl":"https://static.wikia.nocookie.net/iceandfire/images/6/6a/Syrio_by_amoka.jpg/revision/latest?cb=20150517212720","accessed":"2026-07-10","originalSha256":"842282e07e78a43f294e4dda47b981ebb1a28e68f9ce9f20f42201083cfc92a8","derivativeSha256":"dae76790cdcedbf03a2f820bf7bdfd6343a19a4cf002c540f54974502447d02c","width":1200,"height":900,"presentation":"proportional_resize_with_padding"}');
INSERT INTO entities_fts (entity_key, name, aliases, type) VALUES ('character:api-character-1979', 'Syrio Forel', '', 'character');
INSERT INTO characters (entity_key, gender, culture, born, died, actor_json, titles_json, era) VALUES ('character:api-character-1979', 'male', 'Braavosi', 'At Braavos', 'In 298 AC, at King''s Landing', '["Miltos Yeromelou"]', '["First Sword to the Sealord of Braavos","Water Dancer"]', NULL);
INSERT INTO entities (entity_key, id, type, name, description, status, verification, raw_json) VALUES ('character:api-character-1990', 'api-character-1990', 'character', 'Ternesio Terys', NULL, 'unknown', 'upstream_record', '{"id":"api-character-1990","apiId":1990,"name":"Ternesio Terys","canonicalName":"Ternesio Terys","aliases":[],"actor":["Gary Oliver"],"gender":"male","culture":"Braavosi","born":null,"died":null,"status":"unknown","houses":[],"titles":["Captain"],"father":null,"mother":null,"spouse":null,"books":[3,5],"povBooks":[],"show":["game-of-thrones"],"presence":[{"show":"game-of-thrones","kind":"depicted","seasons":["Season 4"]}],"playedBy":["Gary Oliver"],"sources":[{"label":"An API of Ice and Fire — character 1990","url":"https://anapioficeandfire.com/api/characters/1990","provider":"An API of Ice and Fire","kind":"structured_database","accessed":"2026-07-10"}],"verification":"upstream_record","image":"/images/fallback-character.svg","imageSource":{"provider":"Local archive fallback","kind":"fallback","match":"none","uncertain":false,"reason":"No exact verified image-page mapping is available.","url":null,"assetUrl":null},"parents":[],"children":[],"spouses":[],"house":null,"dragon":null}');
INSERT INTO appearances (entity_key, show_id, presence_kind, first_reference, details_json) VALUES ('character:api-character-1990', 'game-of-thrones', 'depicted', NULL, '{"show":"game-of-thrones","kind":"depicted","seasons":["Season 4"]}');
INSERT INTO sources (entity_key, label, url, provider, source_kind, accessed) VALUES ('character:api-character-1990', 'An API of Ice and Fire — character 1990', 'https://anapioficeandfire.com/api/characters/1990', 'An API of Ice and Fire', 'structured_database', '2026-07-10');
INSERT INTO media (entity_key, local_path, provider, source_page, asset_url, media_kind, uncertain, metadata_json) VALUES ('character:api-character-1990', '/images/fallback-character.svg', 'Local archive fallback', NULL, NULL, 'fallback', 0, '{"provider":"Local archive fallback","kind":"fallback","match":"none","uncertain":false,"reason":"No exact verified image-page mapping is available.","url":null,"assetUrl":null}');
INSERT INTO entities_fts (entity_key, name, aliases, type) VALUES ('character:api-character-1990', 'Ternesio Terys', '', 'character');
INSERT INTO characters (entity_key, gender, culture, born, died, actor_json, titles_json, era) VALUES ('character:api-character-1990', 'male', 'Braavosi', NULL, NULL, '["Gary Oliver"]', '["Captain"]', NULL);
INSERT INTO entities (entity_key, id, type, name, description, status, verification, raw_json) VALUES ('character:api-character-1994', 'api-character-1994', 'character', 'The Tickler', NULL, 'dead', 'upstream_record', '{"id":"api-character-1994","apiId":1994,"name":"The Tickler","canonicalName":"The Tickler","aliases":["the Tickler"],"actor":["Anthony Morris"],"gender":"female","culture":null,"born":null,"died":"In 300 AC, at Inn at the Crossroads","status":"dead","houses":["house-clegane"],"titles":[],"father":null,"mother":null,"spouse":null,"books":[2,3,5,8],"povBooks":[],"show":["game-of-thrones"],"presence":[{"show":"game-of-thrones","kind":"depicted","seasons":["Season 2"]}],"playedBy":["Anthony Morris"],"sources":[{"label":"An API of Ice and Fire — character 1994","url":"https://anapioficeandfire.com/api/characters/1994","provider":"An API of Ice and Fire","kind":"structured_database","accessed":"2026-07-10"}],"verification":"upstream_record","image":"/images/fallback-character.svg","imageSource":{"provider":"Local archive fallback","kind":"fallback","match":"none","uncertain":false,"reason":"No exact verified image-page mapping is available.","url":null,"assetUrl":null},"parents":[],"children":[],"spouses":[],"house":null,"dragon":null}');
INSERT INTO aliases (entity_key, alias) VALUES ('character:api-character-1994', 'the Tickler');
INSERT INTO appearances (entity_key, show_id, presence_kind, first_reference, details_json) VALUES ('character:api-character-1994', 'game-of-thrones', 'depicted', NULL, '{"show":"game-of-thrones","kind":"depicted","seasons":["Season 2"]}');
INSERT INTO sources (entity_key, label, url, provider, source_kind, accessed) VALUES ('character:api-character-1994', 'An API of Ice and Fire — character 1994', 'https://anapioficeandfire.com/api/characters/1994', 'An API of Ice and Fire', 'structured_database', '2026-07-10');
INSERT INTO media (entity_key, local_path, provider, source_page, asset_url, media_kind, uncertain, metadata_json) VALUES ('character:api-character-1994', '/images/fallback-character.svg', 'Local archive fallback', NULL, NULL, 'fallback', 0, '{"provider":"Local archive fallback","kind":"fallback","match":"none","uncertain":false,"reason":"No exact verified image-page mapping is available.","url":null,"assetUrl":null}');
INSERT INTO entities_fts (entity_key, name, aliases, type) VALUES ('character:api-character-1994', 'The Tickler', 'the Tickler', 'character');
INSERT INTO characters (entity_key, gender, culture, born, died, actor_json, titles_json, era) VALUES ('character:api-character-1994', 'female', NULL, NULL, 'In 300 AC, at Inn at the Crossroads', '["Anthony Morris"]', '[]', NULL);
INSERT INTO entities (entity_key, id, type, name, description, status, verification, raw_json) VALUES ('character:api-character-2002', 'api-character-2002', 'character', 'Thoros of Myr', NULL, 'unknown', 'upstream_record', '{"id":"api-character-2002","apiId":2002,"name":"Thoros of Myr","canonicalName":"Thoros of Myr","aliases":["The red wizard","The Ember"],"actor":["Paul Kaye"],"gender":"male","culture":"Myrish","born":null,"died":null,"status":"unknown","houses":[],"titles":[],"father":null,"mother":null,"spouse":null,"books":[1,2,3,5,8],"povBooks":[],"show":["game-of-thrones"],"presence":[{"show":"game-of-thrones","kind":"depicted","seasons":["Season 3","Season 6"]}],"playedBy":["Paul Kaye"],"sources":[{"label":"An API of Ice and Fire — character 2002","url":"https://anapioficeandfire.com/api/characters/2002","provider":"An API of Ice and Fire","kind":"structured_database","accessed":"2026-07-10"},{"label":"A Song of Ice and Fire Wiki — Thoros of Myr","url":"https://iceandfire.fandom.com/wiki/Thoros_of_Myr","provider":"A Song of Ice and Fire Wiki","kind":"reference_page","accessed":"2026-07-10"}],"verification":"upstream_record","image":"/images/characters/api-character-2002.webp","imageSource":{"provider":"A Song of Ice and Fire Wiki","kind":"wiki_lead_image","match":"exact_page_title","uncertain":false,"url":"https://iceandfire.fandom.com/wiki/Thoros_of_Myr","assetUrl":"https://static.wikia.nocookie.net/iceandfire/images/c/cb/Thoros_of_Myr.png/revision/latest?cb=20250128101414","accessed":"2026-07-10","originalSha256":"f0a3f2a638d29dd7b1dfbb508ae916eb583640ae5558bb4e48b1f7e8f0ed765f","derivativeSha256":"302dd710c7f5d6273de60eb7653664b1bccfe6a8920216ac76d91ec8b4d6b3da","width":1200,"height":900,"presentation":"proportional_resize_with_padding"},"parents":[],"children":[],"spouses":[],"house":null,"dragon":null}');
INSERT INTO aliases (entity_key, alias) VALUES ('character:api-character-2002', 'The red wizard');
INSERT INTO aliases (entity_key, alias) VALUES ('character:api-character-2002', 'The Ember');
INSERT INTO appearances (entity_key, show_id, presence_kind, first_reference, details_json) VALUES ('character:api-character-2002', 'game-of-thrones', 'depicted', NULL, '{"show":"game-of-thrones","kind":"depicted","seasons":["Season 3","Season 6"]}');
INSERT INTO sources (entity_key, label, url, provider, source_kind, accessed) VALUES ('character:api-character-2002', 'An API of Ice and Fire — character 2002', 'https://anapioficeandfire.com/api/characters/2002', 'An API of Ice and Fire', 'structured_database', '2026-07-10');
INSERT INTO sources (entity_key, label, url, provider, source_kind, accessed) VALUES ('character:api-character-2002', 'A Song of Ice and Fire Wiki — Thoros of Myr', 'https://iceandfire.fandom.com/wiki/Thoros_of_Myr', 'A Song of Ice and Fire Wiki', 'reference_page', '2026-07-10');
INSERT INTO media (entity_key, local_path, provider, source_page, asset_url, media_kind, uncertain, metadata_json) VALUES ('character:api-character-2002', '/images/characters/api-character-2002.webp', 'A Song of Ice and Fire Wiki', 'https://iceandfire.fandom.com/wiki/Thoros_of_Myr', 'https://static.wikia.nocookie.net/iceandfire/images/c/cb/Thoros_of_Myr.png/revision/latest?cb=20250128101414', 'wiki_lead_image', 0, '{"provider":"A Song of Ice and Fire Wiki","kind":"wiki_lead_image","match":"exact_page_title","uncertain":false,"url":"https://iceandfire.fandom.com/wiki/Thoros_of_Myr","assetUrl":"https://static.wikia.nocookie.net/iceandfire/images/c/cb/Thoros_of_Myr.png/revision/latest?cb=20250128101414","accessed":"2026-07-10","originalSha256":"f0a3f2a638d29dd7b1dfbb508ae916eb583640ae5558bb4e48b1f7e8f0ed765f","derivativeSha256":"302dd710c7f5d6273de60eb7653664b1bccfe6a8920216ac76d91ec8b4d6b3da","width":1200,"height":900,"presentation":"proportional_resize_with_padding"}');
INSERT INTO entities_fts (entity_key, name, aliases, type) VALUES ('character:api-character-2002', 'Thoros of Myr', 'The red wizard The Ember', 'character');
INSERT INTO characters (entity_key, gender, culture, born, died, actor_json, titles_json, era) VALUES ('character:api-character-2002', 'male', 'Myrish', NULL, NULL, '["Paul Kaye"]', '[]', NULL);
INSERT INTO entities (entity_key, id, type, name, description, status, verification, raw_json) VALUES ('character:api-character-2009', 'api-character-2009', 'character', 'Timett son of Timett', NULL, 'unknown', 'upstream_record', '{"id":"api-character-2009","apiId":2009,"name":"Timett son of Timett","canonicalName":"Timett son of Timett","aliases":["Timett One-Eye"],"actor":["Tobias Winter"],"gender":"male","culture":"Mountain clans","born":"In or between 278 AC and 282 AC","died":null,"status":"unknown","houses":[],"titles":["Red Hand"],"father":null,"mother":null,"spouse":null,"books":[1,2,3,8],"povBooks":[],"show":["game-of-thrones"],"presence":[{"show":"game-of-thrones","kind":"depicted","seasons":["Season 1","Season 2"]}],"playedBy":["Tobias Winter"],"sources":[{"label":"An API of Ice and Fire — character 2009","url":"https://anapioficeandfire.com/api/characters/2009","provider":"An API of Ice and Fire","kind":"structured_database","accessed":"2026-07-10"}],"verification":"upstream_record","image":"/images/fallback-character.svg","imageSource":{"provider":"Local archive fallback","kind":"fallback","match":"none","uncertain":false,"reason":"No exact verified image-page mapping is available.","url":null,"assetUrl":null},"parents":[],"children":[],"spouses":[],"house":null,"dragon":null}');
INSERT INTO aliases (entity_key, alias) VALUES ('character:api-character-2009', 'Timett One-Eye');
INSERT INTO appearances (entity_key, show_id, presence_kind, first_reference, details_json) VALUES ('character:api-character-2009', 'game-of-thrones', 'depicted', NULL, '{"show":"game-of-thrones","kind":"depicted","seasons":["Season 1","Season 2"]}');
INSERT INTO sources (entity_key, label, url, provider, source_kind, accessed) VALUES ('character:api-character-2009', 'An API of Ice and Fire — character 2009', 'https://anapioficeandfire.com/api/characters/2009', 'An API of Ice and Fire', 'structured_database', '2026-07-10');
INSERT INTO media (entity_key, local_path, provider, source_page, asset_url, media_kind, uncertain, metadata_json) VALUES ('character:api-character-2009', '/images/fallback-character.svg', 'Local archive fallback', NULL, NULL, 'fallback', 0, '{"provider":"Local archive fallback","kind":"fallback","match":"none","uncertain":false,"reason":"No exact verified image-page mapping is available.","url":null,"assetUrl":null}');
INSERT INTO entities_fts (entity_key, name, aliases, type) VALUES ('character:api-character-2009', 'Timett son of Timett', 'Timett One-Eye', 'character');
INSERT INTO characters (entity_key, gender, culture, born, died, actor_json, titles_json, era) VALUES ('character:api-character-2009', 'male', 'Mountain clans', 'In or between 278 AC and 282 AC', NULL, '["Tobias Winter"]', '["Red Hand"]', NULL);
INSERT INTO entities (entity_key, id, type, name, description, status, verification, raw_json) VALUES ('character:api-character-2013', 'api-character-2013', 'character', 'Tobho Mott', NULL, 'unknown', 'upstream_record', '{"id":"api-character-2013","apiId":2013,"name":"Tobho Mott","canonicalName":"Tobho Mott","aliases":[],"actor":["Andrew Wilde"],"gender":"male","culture":"Qohor","born":null,"died":null,"status":"unknown","houses":[],"titles":[],"father":null,"mother":null,"spouse":null,"books":[1,2,3,5,8],"povBooks":[],"show":["game-of-thrones"],"presence":[{"show":"game-of-thrones","kind":"depicted","seasons":["Season 1"]}],"playedBy":["Andrew Wilde"],"sources":[{"label":"An API of Ice and Fire — character 2013","url":"https://anapioficeandfire.com/api/characters/2013","provider":"An API of Ice and Fire","kind":"structured_database","accessed":"2026-07-10"},{"label":"A Song of Ice and Fire Wiki — Tobho Mott","url":"https://iceandfire.fandom.com/wiki/Tobho_Mott","provider":"A Song of Ice and Fire Wiki","kind":"reference_page","accessed":"2026-07-10"}],"verification":"upstream_record","image":"/images/characters/api-character-2013.webp","imageSource":{"provider":"A Song of Ice and Fire Wiki","kind":"wiki_lead_image","match":"exact_page_title","uncertain":false,"url":"https://iceandfire.fandom.com/wiki/Tobho_Mott","assetUrl":"https://static.wikia.nocookie.net/iceandfire/images/6/6e/Tobho_Mott.png/revision/latest?cb=20250128100229","accessed":"2026-07-10","originalSha256":"ac9916ba25d65175c70dfd3394122c0f3a509ac65a2957621d8957e01c0a85e7","derivativeSha256":"2afe5c53676c9007e0a2187412aef03f0ea84fd7951e4b8f5b2bba9ec207d18d","width":1200,"height":900,"presentation":"proportional_resize_with_padding"},"parents":[],"children":[],"spouses":[],"house":null,"dragon":null}');
INSERT INTO appearances (entity_key, show_id, presence_kind, first_reference, details_json) VALUES ('character:api-character-2013', 'game-of-thrones', 'depicted', NULL, '{"show":"game-of-thrones","kind":"depicted","seasons":["Season 1"]}');
INSERT INTO sources (entity_key, label, url, provider, source_kind, accessed) VALUES ('character:api-character-2013', 'An API of Ice and Fire — character 2013', 'https://anapioficeandfire.com/api/characters/2013', 'An API of Ice and Fire', 'structured_database', '2026-07-10');
INSERT INTO sources (entity_key, label, url, provider, source_kind, accessed) VALUES ('character:api-character-2013', 'A Song of Ice and Fire Wiki — Tobho Mott', 'https://iceandfire.fandom.com/wiki/Tobho_Mott', 'A Song of Ice and Fire Wiki', 'reference_page', '2026-07-10');
INSERT INTO media (entity_key, local_path, provider, source_page, asset_url, media_kind, uncertain, metadata_json) VALUES ('character:api-character-2013', '/images/characters/api-character-2013.webp', 'A Song of Ice and Fire Wiki', 'https://iceandfire.fandom.com/wiki/Tobho_Mott', 'https://static.wikia.nocookie.net/iceandfire/images/6/6e/Tobho_Mott.png/revision/latest?cb=20250128100229', 'wiki_lead_image', 0, '{"provider":"A Song of Ice and Fire Wiki","kind":"wiki_lead_image","match":"exact_page_title","uncertain":false,"url":"https://iceandfire.fandom.com/wiki/Tobho_Mott","assetUrl":"https://static.wikia.nocookie.net/iceandfire/images/6/6e/Tobho_Mott.png/revision/latest?cb=20250128100229","accessed":"2026-07-10","originalSha256":"ac9916ba25d65175c70dfd3394122c0f3a509ac65a2957621d8957e01c0a85e7","derivativeSha256":"2afe5c53676c9007e0a2187412aef03f0ea84fd7951e4b8f5b2bba9ec207d18d","width":1200,"height":900,"presentation":"proportional_resize_with_padding"}');
INSERT INTO entities_fts (entity_key, name, aliases, type) VALUES ('character:api-character-2013', 'Tobho Mott', '', 'character');
INSERT INTO characters (entity_key, gender, culture, born, died, actor_json, titles_json, era) VALUES ('character:api-character-2013', 'male', 'Qohor', NULL, NULL, '["Andrew Wilde"]', '[]', NULL);
INSERT INTO entities (entity_key, id, type, name, description, status, verification, raw_json) VALUES ('character:api-character-2024', 'api-character-2024', 'character', 'Tormund', NULL, 'unknown', 'upstream_record', '{"id":"api-character-2024","apiId":2024,"name":"Tormund","canonicalName":"Tormund","aliases":["Tormund Giantsbane","Mead-King of Ruddy Hall","Tormund Thunderfist","Tormund Horn-Blower","Tormund Tall-Talker","Breaker of Ice","Husband to Bears","Speaker to Gods","Father of Hosts"],"actor":["Kristofer Hivju"],"gender":"male","culture":"Free Folk","born":null,"died":null,"status":"unknown","houses":[],"titles":["Tall-talker","Horn-blower and Breaker of Ice","Husband to Bears","the Mead-king of Ruddy Hall","Speaker to Gods and Father of Hosts"],"father":null,"mother":null,"spouse":null,"books":[3,5,8],"povBooks":[],"show":["game-of-thrones"],"presence":[{"show":"game-of-thrones","kind":"depicted","seasons":["Season 3","Season 4","Season 5","Season 6"]}],"playedBy":["Kristofer Hivju"],"sources":[{"label":"An API of Ice and Fire — character 2024","url":"https://anapioficeandfire.com/api/characters/2024","provider":"An API of Ice and Fire","kind":"structured_database","accessed":"2026-07-10"}],"verification":"upstream_record","image":"/images/fallback-character.svg","imageSource":{"provider":"Local archive fallback","kind":"fallback","match":"none","uncertain":false,"reason":"No exact verified image-page mapping is available.","url":null,"assetUrl":null},"parents":[],"children":[],"spouses":[],"house":null,"dragon":null}');
INSERT INTO aliases (entity_key, alias) VALUES ('character:api-character-2024', 'Tormund Giantsbane');
INSERT INTO aliases (entity_key, alias) VALUES ('character:api-character-2024', 'Mead-King of Ruddy Hall');
INSERT INTO aliases (entity_key, alias) VALUES ('character:api-character-2024', 'Tormund Thunderfist');
INSERT INTO aliases (entity_key, alias) VALUES ('character:api-character-2024', 'Tormund Horn-Blower');
INSERT INTO aliases (entity_key, alias) VALUES ('character:api-character-2024', 'Tormund Tall-Talker');
INSERT INTO aliases (entity_key, alias) VALUES ('character:api-character-2024', 'Breaker of Ice');
INSERT INTO aliases (entity_key, alias) VALUES ('character:api-character-2024', 'Husband to Bears');
INSERT INTO aliases (entity_key, alias) VALUES ('character:api-character-2024', 'Speaker to Gods');
INSERT INTO aliases (entity_key, alias) VALUES ('character:api-character-2024', 'Father of Hosts');
INSERT INTO appearances (entity_key, show_id, presence_kind, first_reference, details_json) VALUES ('character:api-character-2024', 'game-of-thrones', 'depicted', NULL, '{"show":"game-of-thrones","kind":"depicted","seasons":["Season 3","Season 4","Season 5","Season 6"]}');
INSERT INTO sources (entity_key, label, url, provider, source_kind, accessed) VALUES ('character:api-character-2024', 'An API of Ice and Fire — character 2024', 'https://anapioficeandfire.com/api/characters/2024', 'An API of Ice and Fire', 'structured_database', '2026-07-10');
INSERT INTO media (entity_key, local_path, provider, source_page, asset_url, media_kind, uncertain, metadata_json) VALUES ('character:api-character-2024', '/images/fallback-character.svg', 'Local archive fallback', NULL, NULL, 'fallback', 0, '{"provider":"Local archive fallback","kind":"fallback","match":"none","uncertain":false,"reason":"No exact verified image-page mapping is available.","url":null,"assetUrl":null}');
INSERT INTO entities_fts (entity_key, name, aliases, type) VALUES ('character:api-character-2024', 'Tormund', 'Tormund Giantsbane Mead-King of Ruddy Hall Tormund Thunderfist Tormund Horn-Blower Tormund Tall-Talker Breaker of Ice Husband to Bears Speaker to Gods Father of Hosts', 'character');
INSERT INTO characters (entity_key, gender, culture, born, died, actor_json, titles_json, era) VALUES ('character:api-character-2024', 'male', 'Free Folk', NULL, NULL, '["Kristofer Hivju"]', '["Tall-talker","Horn-blower and Breaker of Ice","Husband to Bears","the Mead-king of Ruddy Hall","Speaker to Gods and Father of Hosts"]', NULL);
INSERT INTO entities (entity_key, id, type, name, description, status, verification, raw_json) VALUES ('character:api-character-2040', 'api-character-2040', 'character', 'Tycho Nestoris', NULL, 'unknown', 'upstream_record', '{"id":"api-character-2040","apiId":2040,"name":"Tycho Nestoris","canonicalName":"Tycho Nestoris","aliases":["The Braavosi"],"actor":["Mark Gatiss"],"gender":"male","culture":"Braavosi","born":null,"died":null,"status":"unknown","houses":[],"titles":[],"father":null,"mother":null,"spouse":null,"books":[8],"povBooks":[],"show":["game-of-thrones"],"presence":[{"show":"game-of-thrones","kind":"depicted","seasons":["Season 4","Season 5"]}],"playedBy":["Mark Gatiss"],"sources":[{"label":"An API of Ice and Fire — character 2040","url":"https://anapioficeandfire.com/api/characters/2040","provider":"An API of Ice and Fire","kind":"structured_database","accessed":"2026-07-10"}],"verification":"upstream_record","image":"/images/fallback-character.svg","imageSource":{"provider":"Local archive fallback","kind":"fallback","match":"none","uncertain":false,"reason":"No exact verified image-page mapping is available.","url":null,"assetUrl":null},"parents":[],"children":[],"spouses":[],"house":null,"dragon":null}');
INSERT INTO aliases (entity_key, alias) VALUES ('character:api-character-2040', 'The Braavosi');
INSERT INTO appearances (entity_key, show_id, presence_kind, first_reference, details_json) VALUES ('character:api-character-2040', 'game-of-thrones', 'depicted', NULL, '{"show":"game-of-thrones","kind":"depicted","seasons":["Season 4","Season 5"]}');
INSERT INTO sources (entity_key, label, url, provider, source_kind, accessed) VALUES ('character:api-character-2040', 'An API of Ice and Fire — character 2040', 'https://anapioficeandfire.com/api/characters/2040', 'An API of Ice and Fire', 'structured_database', '2026-07-10');
INSERT INTO media (entity_key, local_path, provider, source_page, asset_url, media_kind, uncertain, metadata_json) VALUES ('character:api-character-2040', '/images/fallback-character.svg', 'Local archive fallback', NULL, NULL, 'fallback', 0, '{"provider":"Local archive fallback","kind":"fallback","match":"none","uncertain":false,"reason":"No exact verified image-page mapping is available.","url":null,"assetUrl":null}');
INSERT INTO entities_fts (entity_key, name, aliases, type) VALUES ('character:api-character-2040', 'Tycho Nestoris', 'The Braavosi', 'character');
INSERT INTO characters (entity_key, gender, culture, born, died, actor_json, titles_json, era) VALUES ('character:api-character-2040', 'male', 'Braavosi', NULL, NULL, '["Mark Gatiss"]', '[]', NULL);
INSERT INTO entities (entity_key, id, type, name, description, status, verification, raw_json) VALUES ('character:api-character-2041', 'api-character-2041', 'character', 'Tyene Sand', NULL, 'unknown', 'upstream_record', '{"id":"api-character-2041","apiId":2041,"name":"Tyene Sand","canonicalName":"Tyene Sand","aliases":[],"actor":["Rosabell Laurenti Sellers"],"gender":"female","culture":"Dornish","born":"In 276 AC or 277 AC","died":null,"status":"unknown","houses":[],"titles":[],"father":null,"mother":null,"spouse":null,"books":[3,5,8],"povBooks":[],"show":["game-of-thrones"],"presence":[{"show":"game-of-thrones","kind":"depicted","seasons":["Season 5","Season 6"]}],"playedBy":["Rosabell Laurenti Sellers"],"sources":[{"label":"An API of Ice and Fire — character 2041","url":"https://anapioficeandfire.com/api/characters/2041","provider":"An API of Ice and Fire","kind":"structured_database","accessed":"2026-07-10"},{"label":"A Song of Ice and Fire Wiki — Tyene Sand","url":"https://iceandfire.fandom.com/wiki/Tyene_Sand","provider":"A Song of Ice and Fire Wiki","kind":"reference_page","accessed":"2026-07-10"}],"verification":"upstream_record","image":"/images/characters/api-character-2041.webp","imageSource":{"provider":"A Song of Ice and Fire Wiki","kind":"wiki_lead_image","match":"exact_page_title","uncertain":false,"url":"https://iceandfire.fandom.com/wiki/Tyene_Sand","assetUrl":"https://static.wikia.nocookie.net/iceandfire/images/3/3a/Tyene_Sand.png/revision/latest?cb=20250128100613","accessed":"2026-07-10","originalSha256":"10ee268ffbe660d8356a7385d2c06c450ee51959a01e08bcd7208d5e224feaa5","derivativeSha256":"129cbad7ac99a9afd87a92c08fec33715a021d2d78018f0d0691576c2599912a","width":1200,"height":900,"presentation":"proportional_resize_with_padding"},"parents":[],"children":[],"spouses":[],"house":null,"dragon":null}');
INSERT INTO appearances (entity_key, show_id, presence_kind, first_reference, details_json) VALUES ('character:api-character-2041', 'game-of-thrones', 'depicted', NULL, '{"show":"game-of-thrones","kind":"depicted","seasons":["Season 5","Season 6"]}');
INSERT INTO sources (entity_key, label, url, provider, source_kind, accessed) VALUES ('character:api-character-2041', 'An API of Ice and Fire — character 2041', 'https://anapioficeandfire.com/api/characters/2041', 'An API of Ice and Fire', 'structured_database', '2026-07-10');
INSERT INTO sources (entity_key, label, url, provider, source_kind, accessed) VALUES ('character:api-character-2041', 'A Song of Ice and Fire Wiki — Tyene Sand', 'https://iceandfire.fandom.com/wiki/Tyene_Sand', 'A Song of Ice and Fire Wiki', 'reference_page', '2026-07-10');
INSERT INTO media (entity_key, local_path, provider, source_page, asset_url, media_kind, uncertain, metadata_json) VALUES ('character:api-character-2041', '/images/characters/api-character-2041.webp', 'A Song of Ice and Fire Wiki', 'https://iceandfire.fandom.com/wiki/Tyene_Sand', 'https://static.wikia.nocookie.net/iceandfire/images/3/3a/Tyene_Sand.png/revision/latest?cb=20250128100613', 'wiki_lead_image', 0, '{"provider":"A Song of Ice and Fire Wiki","kind":"wiki_lead_image","match":"exact_page_title","uncertain":false,"url":"https://iceandfire.fandom.com/wiki/Tyene_Sand","assetUrl":"https://static.wikia.nocookie.net/iceandfire/images/3/3a/Tyene_Sand.png/revision/latest?cb=20250128100613","accessed":"2026-07-10","originalSha256":"10ee268ffbe660d8356a7385d2c06c450ee51959a01e08bcd7208d5e224feaa5","derivativeSha256":"129cbad7ac99a9afd87a92c08fec33715a021d2d78018f0d0691576c2599912a","width":1200,"height":900,"presentation":"proportional_resize_with_padding"}');
INSERT INTO entities_fts (entity_key, name, aliases, type) VALUES ('character:api-character-2041', 'Tyene Sand', '', 'character');
INSERT INTO characters (entity_key, gender, culture, born, died, actor_json, titles_json, era) VALUES ('character:api-character-2041', 'female', 'Dornish', 'In 276 AC or 277 AC', NULL, '["Rosabell Laurenti Sellers"]', '[]', NULL);
INSERT INTO entities (entity_key, id, type, name, description, status, verification, raw_json) VALUES ('character:api-character-2069', 'api-character-2069', 'character', 'Varys', NULL, 'unknown', 'upstream_record', '{"id":"api-character-2069","apiId":2069,"name":"Varys","canonicalName":"Varys","aliases":["The Spider","The Eunuch","Rugen","Varys of Lys"],"actor":["Conleth Hill"],"gender":"male","culture":null,"born":"At Lys","died":null,"status":"unknown","houses":[],"titles":["Master of Whisperers"],"father":null,"mother":null,"spouse":null,"books":[1,2,3,5,8],"povBooks":[],"show":["game-of-thrones"],"presence":[{"show":"game-of-thrones","kind":"depicted","seasons":["Season 1","Season 2","Season 3","Season 4","Season 5","Season 6"]}],"playedBy":["Conleth Hill"],"sources":[{"label":"An API of Ice and Fire — character 2069","url":"https://anapioficeandfire.com/api/characters/2069","provider":"An API of Ice and Fire","kind":"structured_database","accessed":"2026-07-10"},{"label":"A Song of Ice and Fire Wiki — Varys","url":"https://iceandfire.fandom.com/wiki/Varys","provider":"A Song of Ice and Fire Wiki","kind":"reference_page","accessed":"2026-07-10"}],"verification":"upstream_record","image":"/images/characters/api-character-2069.webp","imageSource":{"provider":"A Song of Ice and Fire Wiki","kind":"wiki_lead_image","match":"exact_page_title","uncertain":false,"url":"https://iceandfire.fandom.com/wiki/Varys","assetUrl":"https://static.wikia.nocookie.net/iceandfire/images/e/e5/Varys_by_amoka.jpg/revision/latest?cb=20150517212416","accessed":"2026-07-10","originalSha256":"6e86d037ce84595d1830668e0d8585df0449ffc8abc02dbfebb43d779d2e0c46","derivativeSha256":"51ed4253b380c2da3fb9ac949f115ae07bbd8e70ab347df543e1fb8c4f803aaf","width":1200,"height":900,"presentation":"proportional_resize_with_padding"},"parents":[],"children":[],"spouses":[],"house":null,"dragon":null}');
INSERT INTO aliases (entity_key, alias) VALUES ('character:api-character-2069', 'The Spider');
INSERT INTO aliases (entity_key, alias) VALUES ('character:api-character-2069', 'The Eunuch');
INSERT INTO aliases (entity_key, alias) VALUES ('character:api-character-2069', 'Rugen');
INSERT INTO aliases (entity_key, alias) VALUES ('character:api-character-2069', 'Varys of Lys');
INSERT INTO appearances (entity_key, show_id, presence_kind, first_reference, details_json) VALUES ('character:api-character-2069', 'game-of-thrones', 'depicted', NULL, '{"show":"game-of-thrones","kind":"depicted","seasons":["Season 1","Season 2","Season 3","Season 4","Season 5","Season 6"]}');
INSERT INTO sources (entity_key, label, url, provider, source_kind, accessed) VALUES ('character:api-character-2069', 'An API of Ice and Fire — character 2069', 'https://anapioficeandfire.com/api/characters/2069', 'An API of Ice and Fire', 'structured_database', '2026-07-10');
INSERT INTO sources (entity_key, label, url, provider, source_kind, accessed) VALUES ('character:api-character-2069', 'A Song of Ice and Fire Wiki — Varys', 'https://iceandfire.fandom.com/wiki/Varys', 'A Song of Ice and Fire Wiki', 'reference_page', '2026-07-10');
INSERT INTO media (entity_key, local_path, provider, source_page, asset_url, media_kind, uncertain, metadata_json) VALUES ('character:api-character-2069', '/images/characters/api-character-2069.webp', 'A Song of Ice and Fire Wiki', 'https://iceandfire.fandom.com/wiki/Varys', 'https://static.wikia.nocookie.net/iceandfire/images/e/e5/Varys_by_amoka.jpg/revision/latest?cb=20150517212416', 'wiki_lead_image', 0, '{"provider":"A Song of Ice and Fire Wiki","kind":"wiki_lead_image","match":"exact_page_title","uncertain":false,"url":"https://iceandfire.fandom.com/wiki/Varys","assetUrl":"https://static.wikia.nocookie.net/iceandfire/images/e/e5/Varys_by_amoka.jpg/revision/latest?cb=20150517212416","accessed":"2026-07-10","originalSha256":"6e86d037ce84595d1830668e0d8585df0449ffc8abc02dbfebb43d779d2e0c46","derivativeSha256":"51ed4253b380c2da3fb9ac949f115ae07bbd8e70ab347df543e1fb8c4f803aaf","width":1200,"height":900,"presentation":"proportional_resize_with_padding"}');
INSERT INTO entities_fts (entity_key, name, aliases, type) VALUES ('character:api-character-2069', 'Varys', 'The Spider The Eunuch Rugen Varys of Lys', 'character');
INSERT INTO characters (entity_key, gender, culture, born, died, actor_json, titles_json, era) VALUES ('character:api-character-2069', 'male', NULL, 'At Lys', NULL, '["Conleth Hill"]', '["Master of Whisperers"]', NULL);
INSERT INTO entities (entity_key, id, type, name, description, status, verification, raw_json) VALUES ('character:api-character-2077', 'api-character-2077', 'character', 'Walton', NULL, 'unknown', 'upstream_record', '{"id":"api-character-2077","apiId":2077,"name":"Walton","canonicalName":"Walton","aliases":["Steelshanks Walton"],"actor":["Jamie Michie"],"gender":"male","culture":null,"born":null,"died":null,"status":"unknown","houses":["house-bolton"],"titles":[],"father":null,"mother":null,"spouse":null,"books":[2,3,5,8],"povBooks":[],"show":["game-of-thrones"],"presence":[{"show":"game-of-thrones","kind":"depicted","seasons":["Season 3"]}],"playedBy":["Jamie Michie"],"sources":[{"label":"An API of Ice and Fire — character 2077","url":"https://anapioficeandfire.com/api/characters/2077","provider":"An API of Ice and Fire","kind":"structured_database","accessed":"2026-07-10"}],"verification":"upstream_record","image":"/images/fallback-character.svg","imageSource":{"provider":"Local archive fallback","kind":"fallback","match":"none","uncertain":false,"reason":"No exact verified image-page mapping is available.","url":null,"assetUrl":null},"parents":[],"children":[],"spouses":[],"house":null,"dragon":null}');
INSERT INTO aliases (entity_key, alias) VALUES ('character:api-character-2077', 'Steelshanks Walton');
INSERT INTO appearances (entity_key, show_id, presence_kind, first_reference, details_json) VALUES ('character:api-character-2077', 'game-of-thrones', 'depicted', NULL, '{"show":"game-of-thrones","kind":"depicted","seasons":["Season 3"]}');
INSERT INTO sources (entity_key, label, url, provider, source_kind, accessed) VALUES ('character:api-character-2077', 'An API of Ice and Fire — character 2077', 'https://anapioficeandfire.com/api/characters/2077', 'An API of Ice and Fire', 'structured_database', '2026-07-10');
INSERT INTO media (entity_key, local_path, provider, source_page, asset_url, media_kind, uncertain, metadata_json) VALUES ('character:api-character-2077', '/images/fallback-character.svg', 'Local archive fallback', NULL, NULL, 'fallback', 0, '{"provider":"Local archive fallback","kind":"fallback","match":"none","uncertain":false,"reason":"No exact verified image-page mapping is available.","url":null,"assetUrl":null}');
INSERT INTO entities_fts (entity_key, name, aliases, type) VALUES ('character:api-character-2077', 'Walton', 'Steelshanks Walton', 'character');
INSERT INTO characters (entity_key, gender, culture, born, died, actor_json, titles_json, era) VALUES ('character:api-character-2077', 'male', NULL, NULL, NULL, '["Jamie Michie"]', '[]', NULL);
INSERT INTO entities (entity_key, id, type, name, description, status, verification, raw_json) VALUES ('character:api-character-2118', 'api-character-2118', 'character', 'Wun Weg Wun Dar Wun', NULL, 'unknown', 'upstream_record', '{"id":"api-character-2118","apiId":2118,"name":"Wun Weg Wun Dar Wun","canonicalName":"Wun Weg Wun Dar Wun","aliases":["Wun Wun"],"actor":["Ian Whyte"],"gender":"male","culture":null,"born":"At Beyond the Wall","died":null,"status":"unknown","houses":[],"titles":[],"father":null,"mother":null,"spouse":null,"books":[8],"povBooks":[],"show":["game-of-thrones"],"presence":[{"show":"game-of-thrones","kind":"depicted","seasons":["Season 5","Season 6"]}],"playedBy":["Ian Whyte"],"sources":[{"label":"An API of Ice and Fire — character 2118","url":"https://anapioficeandfire.com/api/characters/2118","provider":"An API of Ice and Fire","kind":"structured_database","accessed":"2026-07-10"}],"verification":"upstream_record","image":"/images/fallback-character.svg","imageSource":{"provider":"Local archive fallback","kind":"fallback","match":"none","uncertain":false,"reason":"No exact verified image-page mapping is available.","url":null,"assetUrl":null},"parents":[],"children":[],"spouses":[],"house":null,"dragon":null}');
INSERT INTO aliases (entity_key, alias) VALUES ('character:api-character-2118', 'Wun Wun');
INSERT INTO appearances (entity_key, show_id, presence_kind, first_reference, details_json) VALUES ('character:api-character-2118', 'game-of-thrones', 'depicted', NULL, '{"show":"game-of-thrones","kind":"depicted","seasons":["Season 5","Season 6"]}');
INSERT INTO sources (entity_key, label, url, provider, source_kind, accessed) VALUES ('character:api-character-2118', 'An API of Ice and Fire — character 2118', 'https://anapioficeandfire.com/api/characters/2118', 'An API of Ice and Fire', 'structured_database', '2026-07-10');
INSERT INTO media (entity_key, local_path, provider, source_page, asset_url, media_kind, uncertain, metadata_json) VALUES ('character:api-character-2118', '/images/fallback-character.svg', 'Local archive fallback', NULL, NULL, 'fallback', 0, '{"provider":"Local archive fallback","kind":"fallback","match":"none","uncertain":false,"reason":"No exact verified image-page mapping is available.","url":null,"assetUrl":null}');
INSERT INTO entities_fts (entity_key, name, aliases, type) VALUES ('character:api-character-2118', 'Wun Weg Wun Dar Wun', 'Wun Wun', 'character');
INSERT INTO characters (entity_key, gender, culture, born, died, actor_json, titles_json, era) VALUES ('character:api-character-2118', 'male', NULL, 'At Beyond the Wall', NULL, '["Ian Whyte"]', '[]', NULL);
INSERT INTO entities (entity_key, id, type, name, description, status, verification, raw_json) VALUES ('character:api-character-2122', 'api-character-2122', 'character', 'Xaro Xhoan Daxos', NULL, 'unknown', 'upstream_record', '{"id":"api-character-2122","apiId":2122,"name":"Xaro Xhoan Daxos","canonicalName":"Xaro Xhoan Daxos","aliases":[],"actor":["Nonso Anozie"],"gender":"male","culture":"Qartheen","born":null,"died":null,"status":"unknown","houses":[],"titles":[],"father":null,"mother":null,"spouse":null,"books":[2,3,5,8],"povBooks":[],"show":["game-of-thrones"],"presence":[{"show":"game-of-thrones","kind":"depicted","seasons":["Season 2"]}],"playedBy":["Nonso Anozie"],"sources":[{"label":"An API of Ice and Fire — character 2122","url":"https://anapioficeandfire.com/api/characters/2122","provider":"An API of Ice and Fire","kind":"structured_database","accessed":"2026-07-10"},{"label":"A Song of Ice and Fire Wiki — Xaro Xhoan Daxos","url":"https://iceandfire.fandom.com/wiki/Xaro_Xhoan_Daxos","provider":"A Song of Ice and Fire Wiki","kind":"reference_page","accessed":"2026-07-10"}],"verification":"upstream_record","image":"/images/characters/api-character-2122.webp","imageSource":{"provider":"A Song of Ice and Fire Wiki","kind":"wiki_lead_image","match":"exact_page_title","uncertain":false,"url":"https://iceandfire.fandom.com/wiki/Xaro_Xhoan_Daxos","assetUrl":"https://static.wikia.nocookie.net/iceandfire/images/1/1e/Xaro.png/revision/latest?cb=20141114004043","accessed":"2026-07-10","originalSha256":"b023e81625a3864e87449ce86653245d374756cf0fdcc05e4beb2ed40c7ee52a","derivativeSha256":"f665500c154bcbd43e1637e744961deb5a872dcf32e7dd8e99669ac0f316166f","width":1200,"height":900,"presentation":"proportional_resize_with_padding"},"parents":[],"children":[],"spouses":[],"house":null,"dragon":null}');
INSERT INTO appearances (entity_key, show_id, presence_kind, first_reference, details_json) VALUES ('character:api-character-2122', 'game-of-thrones', 'depicted', NULL, '{"show":"game-of-thrones","kind":"depicted","seasons":["Season 2"]}');
INSERT INTO sources (entity_key, label, url, provider, source_kind, accessed) VALUES ('character:api-character-2122', 'An API of Ice and Fire — character 2122', 'https://anapioficeandfire.com/api/characters/2122', 'An API of Ice and Fire', 'structured_database', '2026-07-10');
INSERT INTO sources (entity_key, label, url, provider, source_kind, accessed) VALUES ('character:api-character-2122', 'A Song of Ice and Fire Wiki — Xaro Xhoan Daxos', 'https://iceandfire.fandom.com/wiki/Xaro_Xhoan_Daxos', 'A Song of Ice and Fire Wiki', 'reference_page', '2026-07-10');
INSERT INTO media (entity_key, local_path, provider, source_page, asset_url, media_kind, uncertain, metadata_json) VALUES ('character:api-character-2122', '/images/characters/api-character-2122.webp', 'A Song of Ice and Fire Wiki', 'https://iceandfire.fandom.com/wiki/Xaro_Xhoan_Daxos', 'https://static.wikia.nocookie.net/iceandfire/images/1/1e/Xaro.png/revision/latest?cb=20141114004043', 'wiki_lead_image', 0, '{"provider":"A Song of Ice and Fire Wiki","kind":"wiki_lead_image","match":"exact_page_title","uncertain":false,"url":"https://iceandfire.fandom.com/wiki/Xaro_Xhoan_Daxos","assetUrl":"https://static.wikia.nocookie.net/iceandfire/images/1/1e/Xaro.png/revision/latest?cb=20141114004043","accessed":"2026-07-10","originalSha256":"b023e81625a3864e87449ce86653245d374756cf0fdcc05e4beb2ed40c7ee52a","derivativeSha256":"f665500c154bcbd43e1637e744961deb5a872dcf32e7dd8e99669ac0f316166f","width":1200,"height":900,"presentation":"proportional_resize_with_padding"}');
INSERT INTO entities_fts (entity_key, name, aliases, type) VALUES ('character:api-character-2122', 'Xaro Xhoan Daxos', '', 'character');
INSERT INTO characters (entity_key, gender, culture, born, died, actor_json, titles_json, era) VALUES ('character:api-character-2122', 'male', 'Qartheen', NULL, NULL, '["Nonso Anozie"]', '[]', NULL);
INSERT INTO entities (entity_key, id, type, name, description, status, verification, raw_json) VALUES ('character:api-character-2126', 'api-character-2126', 'character', 'Ygritte', NULL, 'dead', 'upstream_record', '{"id":"api-character-2126","apiId":2126,"name":"Ygritte","canonicalName":"Ygritte","aliases":[],"actor":["Rose Leslie"],"gender":"female","culture":"Free Folk","born":"In 280 AC","died":"In 299 AC, at Castle Black","status":"dead","houses":[],"titles":[],"father":null,"mother":null,"spouse":null,"books":[2,3,5,8],"povBooks":[],"show":["game-of-thrones"],"presence":[{"show":"game-of-thrones","kind":"depicted","seasons":["Season 2","Season 3","Season 4"]}],"playedBy":["Rose Leslie"],"sources":[{"label":"An API of Ice and Fire — character 2126","url":"https://anapioficeandfire.com/api/characters/2126","provider":"An API of Ice and Fire","kind":"structured_database","accessed":"2026-07-10"},{"label":"A Song of Ice and Fire Wiki — Ygritte","url":"https://iceandfire.fandom.com/wiki/Ygritte","provider":"A Song of Ice and Fire Wiki","kind":"reference_page","accessed":"2026-07-10"}],"verification":"upstream_record","image":"/images/characters/api-character-2126.webp","imageSource":{"provider":"A Song of Ice and Fire Wiki","kind":"wiki_lead_image","match":"exact_page_title","uncertain":false,"url":"https://iceandfire.fandom.com/wiki/Ygritte","assetUrl":"https://static.wikia.nocookie.net/iceandfire/images/5/52/Ygritte_by_amoka.jpg/revision/latest?cb=20150516155457","accessed":"2026-07-10","originalSha256":"829c479345691cf28996965a919ab95e0bc0e953ae947f82a43556618761ea33","derivativeSha256":"1a1ab2b5c516a8610146ffe72eb7a9f0f67e3338936597ca328203ff8e6fece4","width":1200,"height":900,"presentation":"proportional_resize_with_padding"},"parents":[],"children":[],"spouses":[],"house":null,"dragon":null}');
INSERT INTO appearances (entity_key, show_id, presence_kind, first_reference, details_json) VALUES ('character:api-character-2126', 'game-of-thrones', 'depicted', NULL, '{"show":"game-of-thrones","kind":"depicted","seasons":["Season 2","Season 3","Season 4"]}');
INSERT INTO sources (entity_key, label, url, provider, source_kind, accessed) VALUES ('character:api-character-2126', 'An API of Ice and Fire — character 2126', 'https://anapioficeandfire.com/api/characters/2126', 'An API of Ice and Fire', 'structured_database', '2026-07-10');
INSERT INTO sources (entity_key, label, url, provider, source_kind, accessed) VALUES ('character:api-character-2126', 'A Song of Ice and Fire Wiki — Ygritte', 'https://iceandfire.fandom.com/wiki/Ygritte', 'A Song of Ice and Fire Wiki', 'reference_page', '2026-07-10');
INSERT INTO media (entity_key, local_path, provider, source_page, asset_url, media_kind, uncertain, metadata_json) VALUES ('character:api-character-2126', '/images/characters/api-character-2126.webp', 'A Song of Ice and Fire Wiki', 'https://iceandfire.fandom.com/wiki/Ygritte', 'https://static.wikia.nocookie.net/iceandfire/images/5/52/Ygritte_by_amoka.jpg/revision/latest?cb=20150516155457', 'wiki_lead_image', 0, '{"provider":"A Song of Ice and Fire Wiki","kind":"wiki_lead_image","match":"exact_page_title","uncertain":false,"url":"https://iceandfire.fandom.com/wiki/Ygritte","assetUrl":"https://static.wikia.nocookie.net/iceandfire/images/5/52/Ygritte_by_amoka.jpg/revision/latest?cb=20150516155457","accessed":"2026-07-10","originalSha256":"829c479345691cf28996965a919ab95e0bc0e953ae947f82a43556618761ea33","derivativeSha256":"1a1ab2b5c516a8610146ffe72eb7a9f0f67e3338936597ca328203ff8e6fece4","width":1200,"height":900,"presentation":"proportional_resize_with_padding"}');
INSERT INTO entities_fts (entity_key, name, aliases, type) VALUES ('character:api-character-2126', 'Ygritte', '', 'character');
INSERT INTO characters (entity_key, gender, culture, born, died, actor_json, titles_json, era) VALUES ('character:api-character-2126', 'female', 'Free Folk', 'In 280 AC', 'In 299 AC, at Castle Black', '["Rose Leslie"]', '[]', NULL);
INSERT INTO entities (entity_key, id, type, name, description, status, verification, raw_json) VALUES ('character:night-king', 'night-king', 'character', 'Night King', 'The leader of the White Walkers in Game of Thrones.', 'dead', 'single_source_curated', '{"id":"night-king","name":"Night King","aliases":[],"actor":["Richard Brake","Vladimir Furdik"],"gender":"male","status":"dead","house":null,"houses":[],"titles":["Leader of the White Walkers"],"parents":[],"children":[],"spouses":[],"dragon":"viserion","show":["game-of-thrones"],"presence":[{"show":"game-of-thrones","kind":"depicted","first":"S4E4"}],"era":7,"biography":"The leader of the White Walkers in Game of Thrones.","sources":[{"label":"Wiki of Westeros — Night King","url":"https://gameofthrones.fandom.com/wiki/Night_King","provider":"Wiki of Westeros","kind":"reference_page","accessed":"2026-07-10"}],"verification":"single_source_curated","image":"/images/characters/night-king.webp","imageSource":{"provider":"Wiki of Westeros","kind":"wiki_lead_image","match":"exact_page_title","uncertain":false,"url":"https://gameofthrones.fandom.com/wiki/Night_King","assetUrl":"https://static.wikia.nocookie.net/gameofthrones/images/1/1f/Night_King_BTW.jpg/revision/latest?cb=20210722093007","accessed":"2026-07-10","originalSha256":"a2727d9ddf11f8c63842d2bcdccbcad33b82ac8157c8544f2d631abe8ce7799a","derivativeSha256":"f0e45fbf45ee25d0928894c8f0ba452c57a8cf96122adad4151e32c3c0efe9d5","width":1200,"height":900,"presentation":"proportional_resize_with_padding"},"apiId":null,"legacyIds":[],"father":null,"mother":null,"spouse":null}');
INSERT INTO appearances (entity_key, show_id, presence_kind, first_reference, details_json) VALUES ('character:night-king', 'game-of-thrones', 'depicted', 'S4E4', '{"show":"game-of-thrones","kind":"depicted","first":"S4E4"}');
INSERT INTO sources (entity_key, label, url, provider, source_kind, accessed) VALUES ('character:night-king', 'Wiki of Westeros — Night King', 'https://gameofthrones.fandom.com/wiki/Night_King', 'Wiki of Westeros', 'reference_page', '2026-07-10');
INSERT INTO media (entity_key, local_path, provider, source_page, asset_url, media_kind, uncertain, metadata_json) VALUES ('character:night-king', '/images/characters/night-king.webp', 'Wiki of Westeros', 'https://gameofthrones.fandom.com/wiki/Night_King', 'https://static.wikia.nocookie.net/gameofthrones/images/1/1f/Night_King_BTW.jpg/revision/latest?cb=20210722093007', 'wiki_lead_image', 0, '{"provider":"Wiki of Westeros","kind":"wiki_lead_image","match":"exact_page_title","uncertain":false,"url":"https://gameofthrones.fandom.com/wiki/Night_King","assetUrl":"https://static.wikia.nocookie.net/gameofthrones/images/1/1f/Night_King_BTW.jpg/revision/latest?cb=20210722093007","accessed":"2026-07-10","originalSha256":"a2727d9ddf11f8c63842d2bcdccbcad33b82ac8157c8544f2d631abe8ce7799a","derivativeSha256":"f0e45fbf45ee25d0928894c8f0ba452c57a8cf96122adad4151e32c3c0efe9d5","width":1200,"height":900,"presentation":"proportional_resize_with_padding"}');
INSERT INTO entities_fts (entity_key, name, aliases, type) VALUES ('character:night-king', 'Night King', '', 'character');
INSERT INTO characters (entity_key, gender, culture, born, died, actor_json, titles_json, era) VALUES ('character:night-king', 'male', NULL, NULL, NULL, '["Richard Brake","Vladimir Furdik"]', '["Leader of the White Walkers"]', 7);
INSERT INTO entities (entity_key, id, type, name, description, status, verification, raw_json) VALUES ('dragon:balerion', 'balerion', 'dragon', 'Balerion', NULL, 'dead', 'single_source_curated', '{"id":"balerion","name":"Balerion","aliases":["The Black Dread"],"color":"Black","status":"dead","riders":["aegon-i","maegor-i","viserys-i"],"show":["house-of-the-dragon","game-of-thrones"],"presence":[{"show":"house-of-the-dragon","kind":"historical_reference"},{"show":"game-of-thrones","kind":"depicted"}],"era":0,"sources":[{"label":"Wiki of Westeros — Balerion","url":"https://gameofthrones.fandom.com/wiki/Balerion","provider":"Wiki of Westeros","kind":"reference_page","accessed":"2026-07-10"},{"label":"A Wiki of Ice and Fire — Balerion","url":"https://awoiaf.westeros.org/index.php/Balerion","provider":"A Wiki of Ice and Fire","kind":"reference_page","accessed":"2026-07-10"}],"verification":"single_source_curated","image":"/images/dragons/balerion.webp","imageSource":{"provider":"A Wiki of Ice and Fire","kind":"wiki_lead_image","match":"exact_page_title","uncertain":false,"url":"https://awoiaf.westeros.org/index.php/Balerion","assetUrl":"https://awoiaf.westeros.org/images/thumb/d/d4/Aegon_on_Balerion.jpg/1200px-Aegon_on_Balerion.jpg","accessed":"2026-07-10","originalSha256":"cf3666e458e889b0d9df8b14a3d96793a22e38f1c009e25b4b2f7127a654de52","derivativeSha256":"72486f9616f0da471190eb53d2038e3ebccfe96d6d6dcf925ef8f041220ff944","width":1200,"height":900,"presentation":"proportional_resize_with_padding"}}');
INSERT INTO aliases (entity_key, alias) VALUES ('dragon:balerion', 'The Black Dread');
INSERT INTO appearances (entity_key, show_id, presence_kind, first_reference, details_json) VALUES ('dragon:balerion', 'house-of-the-dragon', 'historical_reference', NULL, '{"show":"house-of-the-dragon","kind":"historical_reference"}');
INSERT INTO appearances (entity_key, show_id, presence_kind, first_reference, details_json) VALUES ('dragon:balerion', 'game-of-thrones', 'depicted', NULL, '{"show":"game-of-thrones","kind":"depicted"}');
INSERT INTO sources (entity_key, label, url, provider, source_kind, accessed) VALUES ('dragon:balerion', 'Wiki of Westeros — Balerion', 'https://gameofthrones.fandom.com/wiki/Balerion', 'Wiki of Westeros', 'reference_page', '2026-07-10');
INSERT INTO sources (entity_key, label, url, provider, source_kind, accessed) VALUES ('dragon:balerion', 'A Wiki of Ice and Fire — Balerion', 'https://awoiaf.westeros.org/index.php/Balerion', 'A Wiki of Ice and Fire', 'reference_page', '2026-07-10');
INSERT INTO media (entity_key, local_path, provider, source_page, asset_url, media_kind, uncertain, metadata_json) VALUES ('dragon:balerion', '/images/dragons/balerion.webp', 'A Wiki of Ice and Fire', 'https://awoiaf.westeros.org/index.php/Balerion', 'https://awoiaf.westeros.org/images/thumb/d/d4/Aegon_on_Balerion.jpg/1200px-Aegon_on_Balerion.jpg', 'wiki_lead_image', 0, '{"provider":"A Wiki of Ice and Fire","kind":"wiki_lead_image","match":"exact_page_title","uncertain":false,"url":"https://awoiaf.westeros.org/index.php/Balerion","assetUrl":"https://awoiaf.westeros.org/images/thumb/d/d4/Aegon_on_Balerion.jpg/1200px-Aegon_on_Balerion.jpg","accessed":"2026-07-10","originalSha256":"cf3666e458e889b0d9df8b14a3d96793a22e38f1c009e25b4b2f7127a654de52","derivativeSha256":"72486f9616f0da471190eb53d2038e3ebccfe96d6d6dcf925ef8f041220ff944","width":1200,"height":900,"presentation":"proportional_resize_with_padding"}');
INSERT INTO entities_fts (entity_key, name, aliases, type) VALUES ('dragon:balerion', 'Balerion', 'The Black Dread', 'dragon');
INSERT INTO dragons (entity_key, color, era) VALUES ('dragon:balerion', 'Black', 0);
INSERT INTO entities (entity_key, id, type, name, description, status, verification, raw_json) VALUES ('dragon:meraxes', 'meraxes', 'dragon', 'Meraxes', NULL, 'dead', 'single_source_curated', '{"id":"meraxes","name":"Meraxes","aliases":[],"color":null,"status":"dead","riders":["rhaenys-i"],"show":["house-of-the-dragon"],"presence":[{"show":"house-of-the-dragon","kind":"historical_reference"}],"era":0,"sources":[{"label":"Wiki of Westeros — Meraxes","url":"https://gameofthrones.fandom.com/wiki/Meraxes","provider":"Wiki of Westeros","kind":"reference_page","accessed":"2026-07-10"},{"label":"A Wiki of Ice and Fire — Meraxes","url":"https://awoiaf.westeros.org/index.php/Meraxes","provider":"A Wiki of Ice and Fire","kind":"reference_page","accessed":"2026-07-10"}],"verification":"single_source_curated","image":"/images/dragons/meraxes.webp","imageSource":{"provider":"A Wiki of Ice and Fire","kind":"wiki_lead_image","match":"exact_page_title","uncertain":false,"url":"https://awoiaf.westeros.org/index.php/Meraxes","assetUrl":"https://awoiaf.westeros.org/images/e/e4/Meraxes_by_Paparinka_Art.jpg","accessed":"2026-07-10","originalSha256":"36e47e69b4b70b85d1eaba7313fc699b971edefec424923812825ad87b4692a8","derivativeSha256":"7ecb6a3c627d4d783b6e8b9885e3e22ef2693f9bc2649216ffce9ae9cadd20ad","width":1200,"height":900,"presentation":"proportional_resize_with_padding"}}');
INSERT INTO appearances (entity_key, show_id, presence_kind, first_reference, details_json) VALUES ('dragon:meraxes', 'house-of-the-dragon', 'historical_reference', NULL, '{"show":"house-of-the-dragon","kind":"historical_reference"}');
INSERT INTO sources (entity_key, label, url, provider, source_kind, accessed) VALUES ('dragon:meraxes', 'Wiki of Westeros — Meraxes', 'https://gameofthrones.fandom.com/wiki/Meraxes', 'Wiki of Westeros', 'reference_page', '2026-07-10');
INSERT INTO sources (entity_key, label, url, provider, source_kind, accessed) VALUES ('dragon:meraxes', 'A Wiki of Ice and Fire — Meraxes', 'https://awoiaf.westeros.org/index.php/Meraxes', 'A Wiki of Ice and Fire', 'reference_page', '2026-07-10');
INSERT INTO media (entity_key, local_path, provider, source_page, asset_url, media_kind, uncertain, metadata_json) VALUES ('dragon:meraxes', '/images/dragons/meraxes.webp', 'A Wiki of Ice and Fire', 'https://awoiaf.westeros.org/index.php/Meraxes', 'https://awoiaf.westeros.org/images/e/e4/Meraxes_by_Paparinka_Art.jpg', 'wiki_lead_image', 0, '{"provider":"A Wiki of Ice and Fire","kind":"wiki_lead_image","match":"exact_page_title","uncertain":false,"url":"https://awoiaf.westeros.org/index.php/Meraxes","assetUrl":"https://awoiaf.westeros.org/images/e/e4/Meraxes_by_Paparinka_Art.jpg","accessed":"2026-07-10","originalSha256":"36e47e69b4b70b85d1eaba7313fc699b971edefec424923812825ad87b4692a8","derivativeSha256":"7ecb6a3c627d4d783b6e8b9885e3e22ef2693f9bc2649216ffce9ae9cadd20ad","width":1200,"height":900,"presentation":"proportional_resize_with_padding"}');
INSERT INTO entities_fts (entity_key, name, aliases, type) VALUES ('dragon:meraxes', 'Meraxes', '', 'dragon');
INSERT INTO dragons (entity_key, color, era) VALUES ('dragon:meraxes', NULL, 0);
INSERT INTO entities (entity_key, id, type, name, description, status, verification, raw_json) VALUES ('dragon:vhagar', 'vhagar', 'dragon', 'Vhagar', NULL, 'alive_as_of_cutoff', 'single_source_curated', '{"id":"vhagar","name":"Vhagar","aliases":[],"color":"Bronze with green-blue highlights","status":"alive_as_of_cutoff","riders":["visenya","laena-velaryon","aemond-targaryen"],"show":["house-of-the-dragon"],"presence":[{"show":"house-of-the-dragon","kind":"depicted","first":"S1E2"}],"era":0,"sources":[{"label":"Wiki of Westeros — Vhagar","url":"https://gameofthrones.fandom.com/wiki/Vhagar","provider":"Wiki of Westeros","kind":"reference_page","accessed":"2026-07-10"},{"label":"A Wiki of Ice and Fire — Vhagar","url":"https://awoiaf.westeros.org/index.php/Vhagar","provider":"A Wiki of Ice and Fire","kind":"reference_page","accessed":"2026-07-10"}],"verification":"single_source_curated","image":"/images/dragons/vhagar.webp","imageSource":{"provider":"A Wiki of Ice and Fire","kind":"wiki_lead_image","match":"exact_page_title","uncertain":false,"url":"https://awoiaf.westeros.org/index.php/Vhagar","assetUrl":"https://awoiaf.westeros.org/images/f/f6/Burning_Arryn_fleet.jpg","accessed":"2026-07-10","originalSha256":"edb3696faa543c26e08f7b321d7e125507d521b4be9657178772d8794594ad27","derivativeSha256":"db50a1d6c15cbd3b1c746a3299b882a32665da23b6817b500745aa96ffbd083e","width":1200,"height":900,"presentation":"proportional_resize_with_padding"}}');
INSERT INTO appearances (entity_key, show_id, presence_kind, first_reference, details_json) VALUES ('dragon:vhagar', 'house-of-the-dragon', 'depicted', 'S1E2', '{"show":"house-of-the-dragon","kind":"depicted","first":"S1E2"}');
INSERT INTO sources (entity_key, label, url, provider, source_kind, accessed) VALUES ('dragon:vhagar', 'Wiki of Westeros — Vhagar', 'https://gameofthrones.fandom.com/wiki/Vhagar', 'Wiki of Westeros', 'reference_page', '2026-07-10');
INSERT INTO sources (entity_key, label, url, provider, source_kind, accessed) VALUES ('dragon:vhagar', 'A Wiki of Ice and Fire — Vhagar', 'https://awoiaf.westeros.org/index.php/Vhagar', 'A Wiki of Ice and Fire', 'reference_page', '2026-07-10');
INSERT INTO media (entity_key, local_path, provider, source_page, asset_url, media_kind, uncertain, metadata_json) VALUES ('dragon:vhagar', '/images/dragons/vhagar.webp', 'A Wiki of Ice and Fire', 'https://awoiaf.westeros.org/index.php/Vhagar', 'https://awoiaf.westeros.org/images/f/f6/Burning_Arryn_fleet.jpg', 'wiki_lead_image', 0, '{"provider":"A Wiki of Ice and Fire","kind":"wiki_lead_image","match":"exact_page_title","uncertain":false,"url":"https://awoiaf.westeros.org/index.php/Vhagar","assetUrl":"https://awoiaf.westeros.org/images/f/f6/Burning_Arryn_fleet.jpg","accessed":"2026-07-10","originalSha256":"edb3696faa543c26e08f7b321d7e125507d521b4be9657178772d8794594ad27","derivativeSha256":"db50a1d6c15cbd3b1c746a3299b882a32665da23b6817b500745aa96ffbd083e","width":1200,"height":900,"presentation":"proportional_resize_with_padding"}');
INSERT INTO entities_fts (entity_key, name, aliases, type) VALUES ('dragon:vhagar', 'Vhagar', '', 'dragon');
INSERT INTO dragons (entity_key, color, era) VALUES ('dragon:vhagar', 'Bronze with green-blue highlights', 0);
INSERT INTO entities (entity_key, id, type, name, description, status, verification, raw_json) VALUES ('dragon:vermithor', 'vermithor', 'dragon', 'Vermithor', NULL, 'alive_as_of_cutoff', 'single_source_curated', '{"id":"vermithor","name":"Vermithor","aliases":["The Bronze Fury"],"color":"Bronze","status":"alive_as_of_cutoff","riders":["jaehaerys-i","hugh-hammer"],"show":["house-of-the-dragon"],"presence":[{"show":"house-of-the-dragon","kind":"depicted","first":"S1E10"}],"era":1,"sources":[{"label":"Wiki of Westeros — Vermithor","url":"https://gameofthrones.fandom.com/wiki/Vermithor","provider":"Wiki of Westeros","kind":"reference_page","accessed":"2026-07-10"},{"label":"A Wiki of Ice and Fire — Vermithor","url":"https://awoiaf.westeros.org/index.php/Vermithor","provider":"A Wiki of Ice and Fire","kind":"reference_page","accessed":"2026-07-10"}],"verification":"single_source_curated","image":"/images/dragons/vermithor.webp","imageSource":{"provider":"A Wiki of Ice and Fire","kind":"wiki_lead_image","match":"exact_page_title","uncertain":false,"url":"https://awoiaf.westeros.org/index.php/Vermithor","assetUrl":"https://awoiaf.westeros.org/images/thumb/c/ca/Jaehaerys_I_makes_peace_with_Rogar_Baratheon_by_Jota_Saraiva.jpg/800px-Jaehaerys_I_makes_peace_with_Rogar_Baratheon_by_Jota_Saraiva.jpg","accessed":"2026-07-10","originalSha256":"5ec20145b009fdc07c84a6b752c4f73c42538e3242309760ca76487ab2fec429","derivativeSha256":"9d3ff8a7330b0c40ee41ae113cd5f61d43d6eb70d4de54d8b950f61f914c3a28","width":1200,"height":900,"presentation":"proportional_resize_with_padding"}}');
INSERT INTO aliases (entity_key, alias) VALUES ('dragon:vermithor', 'The Bronze Fury');
INSERT INTO appearances (entity_key, show_id, presence_kind, first_reference, details_json) VALUES ('dragon:vermithor', 'house-of-the-dragon', 'depicted', 'S1E10', '{"show":"house-of-the-dragon","kind":"depicted","first":"S1E10"}');
INSERT INTO sources (entity_key, label, url, provider, source_kind, accessed) VALUES ('dragon:vermithor', 'Wiki of Westeros — Vermithor', 'https://gameofthrones.fandom.com/wiki/Vermithor', 'Wiki of Westeros', 'reference_page', '2026-07-10');
INSERT INTO sources (entity_key, label, url, provider, source_kind, accessed) VALUES ('dragon:vermithor', 'A Wiki of Ice and Fire — Vermithor', 'https://awoiaf.westeros.org/index.php/Vermithor', 'A Wiki of Ice and Fire', 'reference_page', '2026-07-10');
INSERT INTO media (entity_key, local_path, provider, source_page, asset_url, media_kind, uncertain, metadata_json) VALUES ('dragon:vermithor', '/images/dragons/vermithor.webp', 'A Wiki of Ice and Fire', 'https://awoiaf.westeros.org/index.php/Vermithor', 'https://awoiaf.westeros.org/images/thumb/c/ca/Jaehaerys_I_makes_peace_with_Rogar_Baratheon_by_Jota_Saraiva.jpg/800px-Jaehaerys_I_makes_peace_with_Rogar_Baratheon_by_Jota_Saraiva.jpg', 'wiki_lead_image', 0, '{"provider":"A Wiki of Ice and Fire","kind":"wiki_lead_image","match":"exact_page_title","uncertain":false,"url":"https://awoiaf.westeros.org/index.php/Vermithor","assetUrl":"https://awoiaf.westeros.org/images/thumb/c/ca/Jaehaerys_I_makes_peace_with_Rogar_Baratheon_by_Jota_Saraiva.jpg/800px-Jaehaerys_I_makes_peace_with_Rogar_Baratheon_by_Jota_Saraiva.jpg","accessed":"2026-07-10","originalSha256":"5ec20145b009fdc07c84a6b752c4f73c42538e3242309760ca76487ab2fec429","derivativeSha256":"9d3ff8a7330b0c40ee41ae113cd5f61d43d6eb70d4de54d8b950f61f914c3a28","width":1200,"height":900,"presentation":"proportional_resize_with_padding"}');
INSERT INTO entities_fts (entity_key, name, aliases, type) VALUES ('dragon:vermithor', 'Vermithor', 'The Bronze Fury', 'dragon');
INSERT INTO dragons (entity_key, color, era) VALUES ('dragon:vermithor', 'Bronze', 1);
INSERT INTO entities (entity_key, id, type, name, description, status, verification, raw_json) VALUES ('dragon:silverwing', 'silverwing', 'dragon', 'Silverwing', NULL, 'alive_as_of_cutoff', 'single_source_curated', '{"id":"silverwing","name":"Silverwing","aliases":[],"color":"Silver","status":"alive_as_of_cutoff","riders":["alysanne-targaryen","ulf-white"],"show":["house-of-the-dragon"],"presence":[{"show":"house-of-the-dragon","kind":"depicted","first":"S2E7"}],"era":1,"sources":[{"label":"Wiki of Westeros — Silverwing","url":"https://gameofthrones.fandom.com/wiki/Silverwing","provider":"Wiki of Westeros","kind":"reference_page","accessed":"2026-07-10"},{"label":"A Wiki of Ice and Fire — Silverwing","url":"https://awoiaf.westeros.org/index.php/Silverwing","provider":"A Wiki of Ice and Fire","kind":"reference_page","accessed":"2026-07-10"}],"verification":"single_source_curated","image":"/images/dragons/silverwing.webp","imageSource":{"provider":"A Wiki of Ice and Fire","kind":"wiki_lead_image","match":"exact_page_title","uncertain":false,"url":"https://awoiaf.westeros.org/index.php/Silverwing","assetUrl":"https://awoiaf.westeros.org/images/d/df/Queen_Alysanne_by_Trishkell.jpg","accessed":"2026-07-10","originalSha256":"26663fa18cfbd98576539aac7ae3f7f0da8c4be7be5edef65b0a862f7f5f0c1b","derivativeSha256":"1e4f0d978a9c052a256fcf2cd0f1e0cd6989bc9da5e260008fc5ebecc5eb0831","width":1200,"height":900,"presentation":"proportional_resize_with_padding"}}');
INSERT INTO appearances (entity_key, show_id, presence_kind, first_reference, details_json) VALUES ('dragon:silverwing', 'house-of-the-dragon', 'depicted', 'S2E7', '{"show":"house-of-the-dragon","kind":"depicted","first":"S2E7"}');
INSERT INTO sources (entity_key, label, url, provider, source_kind, accessed) VALUES ('dragon:silverwing', 'Wiki of Westeros — Silverwing', 'https://gameofthrones.fandom.com/wiki/Silverwing', 'Wiki of Westeros', 'reference_page', '2026-07-10');
INSERT INTO sources (entity_key, label, url, provider, source_kind, accessed) VALUES ('dragon:silverwing', 'A Wiki of Ice and Fire — Silverwing', 'https://awoiaf.westeros.org/index.php/Silverwing', 'A Wiki of Ice and Fire', 'reference_page', '2026-07-10');
INSERT INTO media (entity_key, local_path, provider, source_page, asset_url, media_kind, uncertain, metadata_json) VALUES ('dragon:silverwing', '/images/dragons/silverwing.webp', 'A Wiki of Ice and Fire', 'https://awoiaf.westeros.org/index.php/Silverwing', 'https://awoiaf.westeros.org/images/d/df/Queen_Alysanne_by_Trishkell.jpg', 'wiki_lead_image', 0, '{"provider":"A Wiki of Ice and Fire","kind":"wiki_lead_image","match":"exact_page_title","uncertain":false,"url":"https://awoiaf.westeros.org/index.php/Silverwing","assetUrl":"https://awoiaf.westeros.org/images/d/df/Queen_Alysanne_by_Trishkell.jpg","accessed":"2026-07-10","originalSha256":"26663fa18cfbd98576539aac7ae3f7f0da8c4be7be5edef65b0a862f7f5f0c1b","derivativeSha256":"1e4f0d978a9c052a256fcf2cd0f1e0cd6989bc9da5e260008fc5ebecc5eb0831","width":1200,"height":900,"presentation":"proportional_resize_with_padding"}');
INSERT INTO entities_fts (entity_key, name, aliases, type) VALUES ('dragon:silverwing', 'Silverwing', '', 'dragon');
INSERT INTO dragons (entity_key, color, era) VALUES ('dragon:silverwing', 'Silver', 1);
INSERT INTO entities (entity_key, id, type, name, description, status, verification, raw_json) VALUES ('dragon:meleys', 'meleys', 'dragon', 'Meleys', NULL, 'dead', 'single_source_curated', '{"id":"meleys","name":"Meleys","aliases":["The Red Queen"],"color":"Scarlet","status":"dead","riders":["alyssa-targaryen","rhaenys-targaryen"],"show":["house-of-the-dragon"],"presence":[{"show":"house-of-the-dragon","kind":"depicted","first":"S1E5"}],"era":2,"sources":[{"label":"Wiki of Westeros — Meleys","url":"https://gameofthrones.fandom.com/wiki/Meleys","provider":"Wiki of Westeros","kind":"reference_page","accessed":"2026-07-10"},{"label":"A Wiki of Ice and Fire — Meleys","url":"https://awoiaf.westeros.org/index.php/Meleys","provider":"A Wiki of Ice and Fire","kind":"reference_page","accessed":"2026-07-10"}],"verification":"single_source_curated","image":"/images/dragons/meleys.webp","imageSource":{"provider":"A Wiki of Ice and Fire","kind":"wiki_lead_image","match":"exact_page_title","uncertain":false,"url":"https://awoiaf.westeros.org/index.php/Meleys","assetUrl":"https://awoiaf.westeros.org/images/thumb/5/59/Meleys.png/700px-Meleys.png","accessed":"2026-07-10","originalSha256":"e8ab405192a7e3918185242c5d4b3c5cabfedf2da25e0f7f87ad7fabec461220","derivativeSha256":"b40fc5d4931973fbeab9c6ccc82da65ebb7ef02fc5a6a99741364cd9b93e27c0","width":1200,"height":900,"presentation":"proportional_resize_with_padding"}}');
INSERT INTO aliases (entity_key, alias) VALUES ('dragon:meleys', 'The Red Queen');
INSERT INTO appearances (entity_key, show_id, presence_kind, first_reference, details_json) VALUES ('dragon:meleys', 'house-of-the-dragon', 'depicted', 'S1E5', '{"show":"house-of-the-dragon","kind":"depicted","first":"S1E5"}');
INSERT INTO sources (entity_key, label, url, provider, source_kind, accessed) VALUES ('dragon:meleys', 'Wiki of Westeros — Meleys', 'https://gameofthrones.fandom.com/wiki/Meleys', 'Wiki of Westeros', 'reference_page', '2026-07-10');
INSERT INTO sources (entity_key, label, url, provider, source_kind, accessed) VALUES ('dragon:meleys', 'A Wiki of Ice and Fire — Meleys', 'https://awoiaf.westeros.org/index.php/Meleys', 'A Wiki of Ice and Fire', 'reference_page', '2026-07-10');
INSERT INTO media (entity_key, local_path, provider, source_page, asset_url, media_kind, uncertain, metadata_json) VALUES ('dragon:meleys', '/images/dragons/meleys.webp', 'A Wiki of Ice and Fire', 'https://awoiaf.westeros.org/index.php/Meleys', 'https://awoiaf.westeros.org/images/thumb/5/59/Meleys.png/700px-Meleys.png', 'wiki_lead_image', 0, '{"provider":"A Wiki of Ice and Fire","kind":"wiki_lead_image","match":"exact_page_title","uncertain":false,"url":"https://awoiaf.westeros.org/index.php/Meleys","assetUrl":"https://awoiaf.westeros.org/images/thumb/5/59/Meleys.png/700px-Meleys.png","accessed":"2026-07-10","originalSha256":"e8ab405192a7e3918185242c5d4b3c5cabfedf2da25e0f7f87ad7fabec461220","derivativeSha256":"b40fc5d4931973fbeab9c6ccc82da65ebb7ef02fc5a6a99741364cd9b93e27c0","width":1200,"height":900,"presentation":"proportional_resize_with_padding"}');
INSERT INTO entities_fts (entity_key, name, aliases, type) VALUES ('dragon:meleys', 'Meleys', 'The Red Queen', 'dragon');
INSERT INTO dragons (entity_key, color, era) VALUES ('dragon:meleys', 'Scarlet', 2);
INSERT INTO entities (entity_key, id, type, name, description, status, verification, raw_json) VALUES ('dragon:caraxes', 'caraxes', 'dragon', 'Caraxes', NULL, 'alive_as_of_cutoff', 'single_source_curated', '{"id":"caraxes","name":"Caraxes","aliases":["The Blood Wyrm"],"color":"Red","status":"alive_as_of_cutoff","riders":["daemon-targaryen"],"show":["house-of-the-dragon"],"presence":[{"show":"house-of-the-dragon","kind":"depicted","first":"S1E1"}],"era":2,"sources":[{"label":"Wiki of Westeros — Caraxes","url":"https://gameofthrones.fandom.com/wiki/Caraxes","provider":"Wiki of Westeros","kind":"reference_page","accessed":"2026-07-10"},{"label":"A Wiki of Ice and Fire — Caraxes","url":"https://awoiaf.westeros.org/index.php/Caraxes","provider":"A Wiki of Ice and Fire","kind":"reference_page","accessed":"2026-07-10"}],"verification":"single_source_curated","image":"/images/dragons/caraxes.webp","imageSource":{"provider":"A Wiki of Ice and Fire","kind":"wiki_lead_image","match":"exact_page_title","uncertain":false,"url":"https://awoiaf.westeros.org/index.php/Caraxes","assetUrl":"https://awoiaf.westeros.org/images/9/99/Caraxes_at_Harrenhal_by_Gaga_Turmanishvili_%28The_Rise_of_the_Dragon%29.jpg","accessed":"2026-07-10","originalSha256":"2d7cd8c4285e7540740eb11fdd16337f4a1185f8a362d8e59d8a1d926fecf622","derivativeSha256":"0239ea9b4c4dd0422eb2ea231228b7e77825dba2a5f2e965e5884ef2454861f7","width":1200,"height":900,"presentation":"proportional_resize_with_padding"}}');
INSERT INTO aliases (entity_key, alias) VALUES ('dragon:caraxes', 'The Blood Wyrm');
INSERT INTO appearances (entity_key, show_id, presence_kind, first_reference, details_json) VALUES ('dragon:caraxes', 'house-of-the-dragon', 'depicted', 'S1E1', '{"show":"house-of-the-dragon","kind":"depicted","first":"S1E1"}');
INSERT INTO sources (entity_key, label, url, provider, source_kind, accessed) VALUES ('dragon:caraxes', 'Wiki of Westeros — Caraxes', 'https://gameofthrones.fandom.com/wiki/Caraxes', 'Wiki of Westeros', 'reference_page', '2026-07-10');
INSERT INTO sources (entity_key, label, url, provider, source_kind, accessed) VALUES ('dragon:caraxes', 'A Wiki of Ice and Fire — Caraxes', 'https://awoiaf.westeros.org/index.php/Caraxes', 'A Wiki of Ice and Fire', 'reference_page', '2026-07-10');
INSERT INTO media (entity_key, local_path, provider, source_page, asset_url, media_kind, uncertain, metadata_json) VALUES ('dragon:caraxes', '/images/dragons/caraxes.webp', 'A Wiki of Ice and Fire', 'https://awoiaf.westeros.org/index.php/Caraxes', 'https://awoiaf.westeros.org/images/9/99/Caraxes_at_Harrenhal_by_Gaga_Turmanishvili_%28The_Rise_of_the_Dragon%29.jpg', 'wiki_lead_image', 0, '{"provider":"A Wiki of Ice and Fire","kind":"wiki_lead_image","match":"exact_page_title","uncertain":false,"url":"https://awoiaf.westeros.org/index.php/Caraxes","assetUrl":"https://awoiaf.westeros.org/images/9/99/Caraxes_at_Harrenhal_by_Gaga_Turmanishvili_%28The_Rise_of_the_Dragon%29.jpg","accessed":"2026-07-10","originalSha256":"2d7cd8c4285e7540740eb11fdd16337f4a1185f8a362d8e59d8a1d926fecf622","derivativeSha256":"0239ea9b4c4dd0422eb2ea231228b7e77825dba2a5f2e965e5884ef2454861f7","width":1200,"height":900,"presentation":"proportional_resize_with_padding"}');
INSERT INTO entities_fts (entity_key, name, aliases, type) VALUES ('dragon:caraxes', 'Caraxes', 'The Blood Wyrm', 'dragon');
INSERT INTO dragons (entity_key, color, era) VALUES ('dragon:caraxes', 'Red', 2);
INSERT INTO entities (entity_key, id, type, name, description, status, verification, raw_json) VALUES ('dragon:syrax', 'syrax', 'dragon', 'Syrax', NULL, 'alive_as_of_cutoff', 'single_source_curated', '{"id":"syrax","name":"Syrax","aliases":[],"color":"Yellow-gold","status":"alive_as_of_cutoff","riders":["rhaenyra-targaryen"],"show":["house-of-the-dragon"],"presence":[{"show":"house-of-the-dragon","kind":"depicted","first":"S1E1"}],"era":2,"sources":[{"label":"Wiki of Westeros — Syrax","url":"https://gameofthrones.fandom.com/wiki/Syrax","provider":"Wiki of Westeros","kind":"reference_page","accessed":"2026-07-10"},{"label":"A Wiki of Ice and Fire — Syrax","url":"https://awoiaf.westeros.org/index.php/Syrax","provider":"A Wiki of Ice and Fire","kind":"reference_page","accessed":"2026-07-10"}],"verification":"single_source_curated","image":"/images/dragons/syrax.webp","imageSource":{"provider":"A Wiki of Ice and Fire","kind":"wiki_lead_image","match":"exact_page_title","uncertain":false,"url":"https://awoiaf.westeros.org/index.php/Syrax","assetUrl":"https://awoiaf.westeros.org/images/a/a7/Rhaenyra_and_Syrax_by_Nutchapol_Thitinunthakorn_%28The_Rise_of_the_Dragon%29.jpg","accessed":"2026-07-10","originalSha256":"72c204abea0cb79c0a4ad7e64df2913ef4c185eab085e671e0bfae629f3c77b0","derivativeSha256":"2c7e6e4d0839c22c4c9874bab61b495ee54cc49a4287a584834eb8b3aebf4858","width":1200,"height":900,"presentation":"proportional_resize_with_padding"}}');
INSERT INTO appearances (entity_key, show_id, presence_kind, first_reference, details_json) VALUES ('dragon:syrax', 'house-of-the-dragon', 'depicted', 'S1E1', '{"show":"house-of-the-dragon","kind":"depicted","first":"S1E1"}');
INSERT INTO sources (entity_key, label, url, provider, source_kind, accessed) VALUES ('dragon:syrax', 'Wiki of Westeros — Syrax', 'https://gameofthrones.fandom.com/wiki/Syrax', 'Wiki of Westeros', 'reference_page', '2026-07-10');
INSERT INTO sources (entity_key, label, url, provider, source_kind, accessed) VALUES ('dragon:syrax', 'A Wiki of Ice and Fire — Syrax', 'https://awoiaf.westeros.org/index.php/Syrax', 'A Wiki of Ice and Fire', 'reference_page', '2026-07-10');
INSERT INTO media (entity_key, local_path, provider, source_page, asset_url, media_kind, uncertain, metadata_json) VALUES ('dragon:syrax', '/images/dragons/syrax.webp', 'A Wiki of Ice and Fire', 'https://awoiaf.westeros.org/index.php/Syrax', 'https://awoiaf.westeros.org/images/a/a7/Rhaenyra_and_Syrax_by_Nutchapol_Thitinunthakorn_%28The_Rise_of_the_Dragon%29.jpg', 'wiki_lead_image', 0, '{"provider":"A Wiki of Ice and Fire","kind":"wiki_lead_image","match":"exact_page_title","uncertain":false,"url":"https://awoiaf.westeros.org/index.php/Syrax","assetUrl":"https://awoiaf.westeros.org/images/a/a7/Rhaenyra_and_Syrax_by_Nutchapol_Thitinunthakorn_%28The_Rise_of_the_Dragon%29.jpg","accessed":"2026-07-10","originalSha256":"72c204abea0cb79c0a4ad7e64df2913ef4c185eab085e671e0bfae629f3c77b0","derivativeSha256":"2c7e6e4d0839c22c4c9874bab61b495ee54cc49a4287a584834eb8b3aebf4858","width":1200,"height":900,"presentation":"proportional_resize_with_padding"}');
INSERT INTO entities_fts (entity_key, name, aliases, type) VALUES ('dragon:syrax', 'Syrax', '', 'dragon');
INSERT INTO dragons (entity_key, color, era) VALUES ('dragon:syrax', 'Yellow-gold', 2);
INSERT INTO entities (entity_key, id, type, name, description, status, verification, raw_json) VALUES ('dragon:seasmoke', 'seasmoke', 'dragon', 'Seasmoke', NULL, 'alive_as_of_cutoff', 'single_source_curated', '{"id":"seasmoke","name":"Seasmoke","aliases":[],"color":"Pale silver-grey","status":"alive_as_of_cutoff","riders":["laenor-velaryon","addam-of-hull"],"show":["house-of-the-dragon"],"presence":[{"show":"house-of-the-dragon","kind":"depicted","first":"S1E3"}],"era":2,"sources":[{"label":"Wiki of Westeros — Seasmoke","url":"https://gameofthrones.fandom.com/wiki/Seasmoke","provider":"Wiki of Westeros","kind":"reference_page","accessed":"2026-07-10"},{"label":"A Wiki of Ice and Fire — Seasmoke","url":"https://awoiaf.westeros.org/index.php/Seasmoke","provider":"A Wiki of Ice and Fire","kind":"reference_page","accessed":"2026-07-10"}],"verification":"single_source_curated","image":"/images/dragons/seasmoke.webp","imageSource":{"provider":"A Wiki of Ice and Fire","kind":"wiki_lead_image","match":"exact_page_title","uncertain":false,"url":"https://awoiaf.westeros.org/index.php/Seasmoke","assetUrl":"https://awoiaf.westeros.org/images/b/be/TV_Seasmoke.png","accessed":"2026-07-10","originalSha256":"d574ef77a8c881e1eb9a27df0579e1414a39ac9d7400a8971f60ee5ce3d31e6e","derivativeSha256":"4b1d0bee4c7a5d38ab74877372c8437ef8a9abcf86335d1823c224601733af16","width":1200,"height":900,"presentation":"proportional_resize_with_padding"}}');
INSERT INTO appearances (entity_key, show_id, presence_kind, first_reference, details_json) VALUES ('dragon:seasmoke', 'house-of-the-dragon', 'depicted', 'S1E3', '{"show":"house-of-the-dragon","kind":"depicted","first":"S1E3"}');
INSERT INTO sources (entity_key, label, url, provider, source_kind, accessed) VALUES ('dragon:seasmoke', 'Wiki of Westeros — Seasmoke', 'https://gameofthrones.fandom.com/wiki/Seasmoke', 'Wiki of Westeros', 'reference_page', '2026-07-10');
INSERT INTO sources (entity_key, label, url, provider, source_kind, accessed) VALUES ('dragon:seasmoke', 'A Wiki of Ice and Fire — Seasmoke', 'https://awoiaf.westeros.org/index.php/Seasmoke', 'A Wiki of Ice and Fire', 'reference_page', '2026-07-10');
INSERT INTO media (entity_key, local_path, provider, source_page, asset_url, media_kind, uncertain, metadata_json) VALUES ('dragon:seasmoke', '/images/dragons/seasmoke.webp', 'A Wiki of Ice and Fire', 'https://awoiaf.westeros.org/index.php/Seasmoke', 'https://awoiaf.westeros.org/images/b/be/TV_Seasmoke.png', 'wiki_lead_image', 0, '{"provider":"A Wiki of Ice and Fire","kind":"wiki_lead_image","match":"exact_page_title","uncertain":false,"url":"https://awoiaf.westeros.org/index.php/Seasmoke","assetUrl":"https://awoiaf.westeros.org/images/b/be/TV_Seasmoke.png","accessed":"2026-07-10","originalSha256":"d574ef77a8c881e1eb9a27df0579e1414a39ac9d7400a8971f60ee5ce3d31e6e","derivativeSha256":"4b1d0bee4c7a5d38ab74877372c8437ef8a9abcf86335d1823c224601733af16","width":1200,"height":900,"presentation":"proportional_resize_with_padding"}');
INSERT INTO entities_fts (entity_key, name, aliases, type) VALUES ('dragon:seasmoke', 'Seasmoke', '', 'dragon');
INSERT INTO dragons (entity_key, color, era) VALUES ('dragon:seasmoke', 'Pale silver-grey', 2);
INSERT INTO entities (entity_key, id, type, name, description, status, verification, raw_json) VALUES ('dragon:sunfyre', 'sunfyre', 'dragon', 'Sunfyre', NULL, 'uncertain_as_of_cutoff', 'single_source_curated', '{"id":"sunfyre","name":"Sunfyre","aliases":["Sunfyre the Golden"],"color":"Gold","status":"uncertain_as_of_cutoff","riders":["aegon-ii"],"show":["house-of-the-dragon"],"presence":[{"show":"house-of-the-dragon","kind":"depicted","first":"S1E7"}],"era":3,"sources":[{"label":"Wiki of Westeros — Sunfyre","url":"https://gameofthrones.fandom.com/wiki/Sunfyre","provider":"Wiki of Westeros","kind":"reference_page","accessed":"2026-07-10"},{"label":"A Wiki of Ice and Fire — Sunfyre","url":"https://awoiaf.westeros.org/index.php/Sunfyre","provider":"A Wiki of Ice and Fire","kind":"reference_page","accessed":"2026-07-10"}],"verification":"single_source_curated","image":"/images/dragons/sunfyre.webp","imageSource":{"provider":"A Wiki of Ice and Fire","kind":"wiki_lead_image","match":"exact_page_title","uncertain":false,"url":"https://awoiaf.westeros.org/index.php/Sunfyre","assetUrl":"https://awoiaf.westeros.org/images/thumb/9/91/Ertac_Altinoz-Sunfyre.jpg/1200px-Ertac_Altinoz-Sunfyre.jpg","accessed":"2026-07-10","originalSha256":"aa094f7f2d6b28e6a8a50c3d90a12fc980fb735647fdc8a576280c3ea18ffdd4","derivativeSha256":"77a433a56da095de581f8243033ba8e51133c01ee5089f6816388d9b6b9915ce","width":1200,"height":900,"presentation":"proportional_resize_with_padding"}}');
INSERT INTO aliases (entity_key, alias) VALUES ('dragon:sunfyre', 'Sunfyre the Golden');
INSERT INTO appearances (entity_key, show_id, presence_kind, first_reference, details_json) VALUES ('dragon:sunfyre', 'house-of-the-dragon', 'depicted', 'S1E7', '{"show":"house-of-the-dragon","kind":"depicted","first":"S1E7"}');
INSERT INTO sources (entity_key, label, url, provider, source_kind, accessed) VALUES ('dragon:sunfyre', 'Wiki of Westeros — Sunfyre', 'https://gameofthrones.fandom.com/wiki/Sunfyre', 'Wiki of Westeros', 'reference_page', '2026-07-10');
INSERT INTO sources (entity_key, label, url, provider, source_kind, accessed) VALUES ('dragon:sunfyre', 'A Wiki of Ice and Fire — Sunfyre', 'https://awoiaf.westeros.org/index.php/Sunfyre', 'A Wiki of Ice and Fire', 'reference_page', '2026-07-10');
INSERT INTO media (entity_key, local_path, provider, source_page, asset_url, media_kind, uncertain, metadata_json) VALUES ('dragon:sunfyre', '/images/dragons/sunfyre.webp', 'A Wiki of Ice and Fire', 'https://awoiaf.westeros.org/index.php/Sunfyre', 'https://awoiaf.westeros.org/images/thumb/9/91/Ertac_Altinoz-Sunfyre.jpg/1200px-Ertac_Altinoz-Sunfyre.jpg', 'wiki_lead_image', 0, '{"provider":"A Wiki of Ice and Fire","kind":"wiki_lead_image","match":"exact_page_title","uncertain":false,"url":"https://awoiaf.westeros.org/index.php/Sunfyre","assetUrl":"https://awoiaf.westeros.org/images/thumb/9/91/Ertac_Altinoz-Sunfyre.jpg/1200px-Ertac_Altinoz-Sunfyre.jpg","accessed":"2026-07-10","originalSha256":"aa094f7f2d6b28e6a8a50c3d90a12fc980fb735647fdc8a576280c3ea18ffdd4","derivativeSha256":"77a433a56da095de581f8243033ba8e51133c01ee5089f6816388d9b6b9915ce","width":1200,"height":900,"presentation":"proportional_resize_with_padding"}');
INSERT INTO entities_fts (entity_key, name, aliases, type) VALUES ('dragon:sunfyre', 'Sunfyre', 'Sunfyre the Golden', 'dragon');
INSERT INTO dragons (entity_key, color, era) VALUES ('dragon:sunfyre', 'Gold', 3);
INSERT INTO entities (entity_key, id, type, name, description, status, verification, raw_json) VALUES ('dragon:dreamfyre', 'dreamfyre', 'dragon', 'Dreamfyre', NULL, 'alive_as_of_cutoff', 'single_source_curated', '{"id":"dreamfyre","name":"Dreamfyre","aliases":[],"color":"Pale blue","status":"alive_as_of_cutoff","riders":["helaena-targaryen"],"show":["house-of-the-dragon"],"presence":[{"show":"house-of-the-dragon","kind":"depicted","first":"S1E6"}],"era":3,"sources":[{"label":"Wiki of Westeros — Dreamfyre","url":"https://gameofthrones.fandom.com/wiki/Dreamfyre","provider":"Wiki of Westeros","kind":"reference_page","accessed":"2026-07-10"},{"label":"A Wiki of Ice and Fire — Dreamfyre","url":"https://awoiaf.westeros.org/index.php/Dreamfyre","provider":"A Wiki of Ice and Fire","kind":"reference_page","accessed":"2026-07-10"}],"verification":"single_source_curated","image":"/images/dragons/dreamfyre.webp","imageSource":{"provider":"A Wiki of Ice and Fire","kind":"wiki_lead_image","match":"exact_page_title","uncertain":false,"url":"https://awoiaf.westeros.org/index.php/Dreamfyre","assetUrl":"https://awoiaf.westeros.org/images/thumb/d/dd/Kyidyl-Dreamfyre.jpg/1200px-Kyidyl-Dreamfyre.jpg","accessed":"2026-07-10","originalSha256":"b2988d78cdb892f381243689bb355eab5200a3c0820ea27feb32e472c400e2b0","derivativeSha256":"40313be6921100c2940611e17d0dd3d776a5d3b2a628883f6e6a9840e9a6d6a5","width":1200,"height":900,"presentation":"proportional_resize_with_padding"}}');
INSERT INTO appearances (entity_key, show_id, presence_kind, first_reference, details_json) VALUES ('dragon:dreamfyre', 'house-of-the-dragon', 'depicted', 'S1E6', '{"show":"house-of-the-dragon","kind":"depicted","first":"S1E6"}');
INSERT INTO sources (entity_key, label, url, provider, source_kind, accessed) VALUES ('dragon:dreamfyre', 'Wiki of Westeros — Dreamfyre', 'https://gameofthrones.fandom.com/wiki/Dreamfyre', 'Wiki of Westeros', 'reference_page', '2026-07-10');
INSERT INTO sources (entity_key, label, url, provider, source_kind, accessed) VALUES ('dragon:dreamfyre', 'A Wiki of Ice and Fire — Dreamfyre', 'https://awoiaf.westeros.org/index.php/Dreamfyre', 'A Wiki of Ice and Fire', 'reference_page', '2026-07-10');
INSERT INTO media (entity_key, local_path, provider, source_page, asset_url, media_kind, uncertain, metadata_json) VALUES ('dragon:dreamfyre', '/images/dragons/dreamfyre.webp', 'A Wiki of Ice and Fire', 'https://awoiaf.westeros.org/index.php/Dreamfyre', 'https://awoiaf.westeros.org/images/thumb/d/dd/Kyidyl-Dreamfyre.jpg/1200px-Kyidyl-Dreamfyre.jpg', 'wiki_lead_image', 0, '{"provider":"A Wiki of Ice and Fire","kind":"wiki_lead_image","match":"exact_page_title","uncertain":false,"url":"https://awoiaf.westeros.org/index.php/Dreamfyre","assetUrl":"https://awoiaf.westeros.org/images/thumb/d/dd/Kyidyl-Dreamfyre.jpg/1200px-Kyidyl-Dreamfyre.jpg","accessed":"2026-07-10","originalSha256":"b2988d78cdb892f381243689bb355eab5200a3c0820ea27feb32e472c400e2b0","derivativeSha256":"40313be6921100c2940611e17d0dd3d776a5d3b2a628883f6e6a9840e9a6d6a5","width":1200,"height":900,"presentation":"proportional_resize_with_padding"}');
INSERT INTO entities_fts (entity_key, name, aliases, type) VALUES ('dragon:dreamfyre', 'Dreamfyre', '', 'dragon');
INSERT INTO dragons (entity_key, color, era) VALUES ('dragon:dreamfyre', 'Pale blue', 3);
INSERT INTO entities (entity_key, id, type, name, description, status, verification, raw_json) VALUES ('dragon:tessarion', 'tessarion', 'dragon', 'Tessarion', NULL, 'alive_as_of_cutoff', 'single_source_curated', '{"id":"tessarion","name":"Tessarion","aliases":["The Blue Queen"],"color":"Cobalt blue","status":"alive_as_of_cutoff","riders":["daeron-targaryen"],"show":["house-of-the-dragon"],"presence":[{"show":"house-of-the-dragon","kind":"depicted","first":"S3"}],"era":3,"sources":[{"label":"Wiki of Westeros — Tessarion","url":"https://gameofthrones.fandom.com/wiki/Tessarion","provider":"Wiki of Westeros","kind":"reference_page","accessed":"2026-07-10"},{"label":"A Wiki of Ice and Fire — Tessarion","url":"https://awoiaf.westeros.org/index.php/Tessarion","provider":"A Wiki of Ice and Fire","kind":"reference_page","accessed":"2026-07-10"}],"verification":"single_source_curated","image":"/images/dragons/tessarion.webp","imageSource":{"provider":"A Wiki of Ice and Fire","kind":"wiki_lead_image","match":"exact_page_title","uncertain":false,"url":"https://awoiaf.westeros.org/index.php/Tessarion","assetUrl":"https://awoiaf.westeros.org/images/thumb/d/dc/Kyidyl-tessarion.jpg/1200px-Kyidyl-tessarion.jpg","accessed":"2026-07-10","originalSha256":"d0750a9d9d571d15e69a376987cb5808fe1b17de2bcdcc348147693663b99a05","derivativeSha256":"825144989dc3068146d08193443b77b6817ab7b14aca6aed7a9466a171fdc830","width":1200,"height":900,"presentation":"proportional_resize_with_padding"}}');
INSERT INTO aliases (entity_key, alias) VALUES ('dragon:tessarion', 'The Blue Queen');
INSERT INTO appearances (entity_key, show_id, presence_kind, first_reference, details_json) VALUES ('dragon:tessarion', 'house-of-the-dragon', 'depicted', 'S3', '{"show":"house-of-the-dragon","kind":"depicted","first":"S3"}');
INSERT INTO sources (entity_key, label, url, provider, source_kind, accessed) VALUES ('dragon:tessarion', 'Wiki of Westeros — Tessarion', 'https://gameofthrones.fandom.com/wiki/Tessarion', 'Wiki of Westeros', 'reference_page', '2026-07-10');
INSERT INTO sources (entity_key, label, url, provider, source_kind, accessed) VALUES ('dragon:tessarion', 'A Wiki of Ice and Fire — Tessarion', 'https://awoiaf.westeros.org/index.php/Tessarion', 'A Wiki of Ice and Fire', 'reference_page', '2026-07-10');
INSERT INTO media (entity_key, local_path, provider, source_page, asset_url, media_kind, uncertain, metadata_json) VALUES ('dragon:tessarion', '/images/dragons/tessarion.webp', 'A Wiki of Ice and Fire', 'https://awoiaf.westeros.org/index.php/Tessarion', 'https://awoiaf.westeros.org/images/thumb/d/dc/Kyidyl-tessarion.jpg/1200px-Kyidyl-tessarion.jpg', 'wiki_lead_image', 0, '{"provider":"A Wiki of Ice and Fire","kind":"wiki_lead_image","match":"exact_page_title","uncertain":false,"url":"https://awoiaf.westeros.org/index.php/Tessarion","assetUrl":"https://awoiaf.westeros.org/images/thumb/d/dc/Kyidyl-tessarion.jpg/1200px-Kyidyl-tessarion.jpg","accessed":"2026-07-10","originalSha256":"d0750a9d9d571d15e69a376987cb5808fe1b17de2bcdcc348147693663b99a05","derivativeSha256":"825144989dc3068146d08193443b77b6817ab7b14aca6aed7a9466a171fdc830","width":1200,"height":900,"presentation":"proportional_resize_with_padding"}');
INSERT INTO entities_fts (entity_key, name, aliases, type) VALUES ('dragon:tessarion', 'Tessarion', 'The Blue Queen', 'dragon');
INSERT INTO dragons (entity_key, color, era) VALUES ('dragon:tessarion', 'Cobalt blue', 3);
INSERT INTO entities (entity_key, id, type, name, description, status, verification, raw_json) VALUES ('dragon:arrax', 'arrax', 'dragon', 'Arrax', NULL, 'dead', 'single_source_curated', '{"id":"arrax","name":"Arrax","aliases":[],"color":"Pearlescent white","status":"dead","riders":["lucerys-velaryon"],"show":["house-of-the-dragon"],"presence":[{"show":"house-of-the-dragon","kind":"depicted","first":"S1E10"}],"era":3,"sources":[{"label":"Wiki of Westeros — Arrax","url":"https://gameofthrones.fandom.com/wiki/Arrax","provider":"Wiki of Westeros","kind":"reference_page","accessed":"2026-07-10"},{"label":"A Wiki of Ice and Fire — Arrax","url":"https://awoiaf.westeros.org/index.php/Arrax","provider":"A Wiki of Ice and Fire","kind":"reference_page","accessed":"2026-07-10"}],"verification":"single_source_curated","image":"/images/dragons/arrax.webp","imageSource":{"provider":"A Wiki of Ice and Fire","kind":"wiki_lead_image","match":"exact_page_title","uncertain":false,"url":"https://awoiaf.westeros.org/index.php/Arrax","assetUrl":"https://awoiaf.westeros.org/images/thumb/8/8b/Prince_Lucerys_Velaryon_and_his_dragon_Arrax_by_Jota_Saraiva.jpg/700px-Prince_Lucerys_Velaryon_and_his_dragon_Arrax_by_Jota_Saraiva.jpg","accessed":"2026-07-10","originalSha256":"0540740c45a2b4ea2314bf2c19d8a54350aaedea3570797d98b6a0f5f9c9bf9a","derivativeSha256":"d92d4288d4b8e7439f5883afa61c21ff4727c6528f64f3d482c7401682b8d3ca","width":1200,"height":900,"presentation":"proportional_resize_with_padding"}}');
INSERT INTO appearances (entity_key, show_id, presence_kind, first_reference, details_json) VALUES ('dragon:arrax', 'house-of-the-dragon', 'depicted', 'S1E10', '{"show":"house-of-the-dragon","kind":"depicted","first":"S1E10"}');
INSERT INTO sources (entity_key, label, url, provider, source_kind, accessed) VALUES ('dragon:arrax', 'Wiki of Westeros — Arrax', 'https://gameofthrones.fandom.com/wiki/Arrax', 'Wiki of Westeros', 'reference_page', '2026-07-10');
INSERT INTO sources (entity_key, label, url, provider, source_kind, accessed) VALUES ('dragon:arrax', 'A Wiki of Ice and Fire — Arrax', 'https://awoiaf.westeros.org/index.php/Arrax', 'A Wiki of Ice and Fire', 'reference_page', '2026-07-10');
INSERT INTO media (entity_key, local_path, provider, source_page, asset_url, media_kind, uncertain, metadata_json) VALUES ('dragon:arrax', '/images/dragons/arrax.webp', 'A Wiki of Ice and Fire', 'https://awoiaf.westeros.org/index.php/Arrax', 'https://awoiaf.westeros.org/images/thumb/8/8b/Prince_Lucerys_Velaryon_and_his_dragon_Arrax_by_Jota_Saraiva.jpg/700px-Prince_Lucerys_Velaryon_and_his_dragon_Arrax_by_Jota_Saraiva.jpg', 'wiki_lead_image', 0, '{"provider":"A Wiki of Ice and Fire","kind":"wiki_lead_image","match":"exact_page_title","uncertain":false,"url":"https://awoiaf.westeros.org/index.php/Arrax","assetUrl":"https://awoiaf.westeros.org/images/thumb/8/8b/Prince_Lucerys_Velaryon_and_his_dragon_Arrax_by_Jota_Saraiva.jpg/700px-Prince_Lucerys_Velaryon_and_his_dragon_Arrax_by_Jota_Saraiva.jpg","accessed":"2026-07-10","originalSha256":"0540740c45a2b4ea2314bf2c19d8a54350aaedea3570797d98b6a0f5f9c9bf9a","derivativeSha256":"d92d4288d4b8e7439f5883afa61c21ff4727c6528f64f3d482c7401682b8d3ca","width":1200,"height":900,"presentation":"proportional_resize_with_padding"}');
INSERT INTO entities_fts (entity_key, name, aliases, type) VALUES ('dragon:arrax', 'Arrax', '', 'dragon');
INSERT INTO dragons (entity_key, color, era) VALUES ('dragon:arrax', 'Pearlescent white', 3);
INSERT INTO entities (entity_key, id, type, name, description, status, verification, raw_json) VALUES ('dragon:vermax', 'vermax', 'dragon', 'Vermax', NULL, 'alive_as_of_cutoff', 'single_source_curated', '{"id":"vermax","name":"Vermax","aliases":[],"color":"Olive green","status":"alive_as_of_cutoff","riders":["jacaerys-velaryon"],"show":["house-of-the-dragon"],"presence":[{"show":"house-of-the-dragon","kind":"depicted","first":"S1E6"}],"era":3,"sources":[{"label":"Wiki of Westeros — Vermax","url":"https://gameofthrones.fandom.com/wiki/Vermax","provider":"Wiki of Westeros","kind":"reference_page","accessed":"2026-07-10"},{"label":"A Wiki of Ice and Fire — Vermax","url":"https://awoiaf.westeros.org/index.php/Vermax","provider":"A Wiki of Ice and Fire","kind":"reference_page","accessed":"2026-07-10"}],"verification":"single_source_curated","image":"/images/dragons/vermax.webp","imageSource":{"provider":"A Wiki of Ice and Fire","kind":"wiki_lead_image","match":"exact_page_title","uncertain":false,"url":"https://awoiaf.westeros.org/index.php/Vermax","assetUrl":"https://awoiaf.westeros.org/images/9/91/Prince_Jacaerys_Velaryon_and_his_dragon_Vermax_by_Jota_Saraiva.jpg","accessed":"2026-07-10","originalSha256":"6e24a52e1e15d28ff935730fe3bbac2c6d17e955529e9c0e105bb99b08e0800d","derivativeSha256":"b7d61a35efd9fdc698d54fd44e1752d982b3b71a65ae82b653a87feaeb396f2b","width":1200,"height":900,"presentation":"proportional_resize_with_padding"}}');
INSERT INTO appearances (entity_key, show_id, presence_kind, first_reference, details_json) VALUES ('dragon:vermax', 'house-of-the-dragon', 'depicted', 'S1E6', '{"show":"house-of-the-dragon","kind":"depicted","first":"S1E6"}');
INSERT INTO sources (entity_key, label, url, provider, source_kind, accessed) VALUES ('dragon:vermax', 'Wiki of Westeros — Vermax', 'https://gameofthrones.fandom.com/wiki/Vermax', 'Wiki of Westeros', 'reference_page', '2026-07-10');
INSERT INTO sources (entity_key, label, url, provider, source_kind, accessed) VALUES ('dragon:vermax', 'A Wiki of Ice and Fire — Vermax', 'https://awoiaf.westeros.org/index.php/Vermax', 'A Wiki of Ice and Fire', 'reference_page', '2026-07-10');
INSERT INTO media (entity_key, local_path, provider, source_page, asset_url, media_kind, uncertain, metadata_json) VALUES ('dragon:vermax', '/images/dragons/vermax.webp', 'A Wiki of Ice and Fire', 'https://awoiaf.westeros.org/index.php/Vermax', 'https://awoiaf.westeros.org/images/9/91/Prince_Jacaerys_Velaryon_and_his_dragon_Vermax_by_Jota_Saraiva.jpg', 'wiki_lead_image', 0, '{"provider":"A Wiki of Ice and Fire","kind":"wiki_lead_image","match":"exact_page_title","uncertain":false,"url":"https://awoiaf.westeros.org/index.php/Vermax","assetUrl":"https://awoiaf.westeros.org/images/9/91/Prince_Jacaerys_Velaryon_and_his_dragon_Vermax_by_Jota_Saraiva.jpg","accessed":"2026-07-10","originalSha256":"6e24a52e1e15d28ff935730fe3bbac2c6d17e955529e9c0e105bb99b08e0800d","derivativeSha256":"b7d61a35efd9fdc698d54fd44e1752d982b3b71a65ae82b653a87feaeb396f2b","width":1200,"height":900,"presentation":"proportional_resize_with_padding"}');
INSERT INTO entities_fts (entity_key, name, aliases, type) VALUES ('dragon:vermax', 'Vermax', '', 'dragon');
INSERT INTO dragons (entity_key, color, era) VALUES ('dragon:vermax', 'Olive green', 3);
INSERT INTO entities (entity_key, id, type, name, description, status, verification, raw_json) VALUES ('dragon:moondancer', 'moondancer', 'dragon', 'Moondancer', NULL, 'alive_as_of_cutoff', 'single_source_curated', '{"id":"moondancer","name":"Moondancer","aliases":[],"color":"Pale green","status":"alive_as_of_cutoff","riders":["baela-targaryen"],"show":["house-of-the-dragon"],"presence":[{"show":"house-of-the-dragon","kind":"depicted","first":"S2E3"}],"era":3,"sources":[{"label":"Wiki of Westeros — Moondancer","url":"https://gameofthrones.fandom.com/wiki/Moondancer","provider":"Wiki of Westeros","kind":"reference_page","accessed":"2026-07-10"},{"label":"A Wiki of Ice and Fire — Moondancer","url":"https://awoiaf.westeros.org/index.php/Moondancer","provider":"A Wiki of Ice and Fire","kind":"reference_page","accessed":"2026-07-10"}],"verification":"single_source_curated","image":"/images/dragons/moondancer.webp","imageSource":{"provider":"A Wiki of Ice and Fire","kind":"wiki_lead_image","match":"exact_page_title","uncertain":false,"url":"https://awoiaf.westeros.org/index.php/Moondancer","assetUrl":"https://awoiaf.westeros.org/images/thumb/b/b0/Lady_Baela_and_her_dragon_Moondancer_by_Jota_Saraiva.jpg/800px-Lady_Baela_and_her_dragon_Moondancer_by_Jota_Saraiva.jpg","accessed":"2026-07-10","originalSha256":"9dda3a07b01f75f4026b0876d530c53a00bb80f1c47818ecf88c51528d7fdc7b","derivativeSha256":"bd0e38e5dfafa95a23c4b78a461d0e3c1051aeeb845344a9ab7c3e763c683f6e","width":1200,"height":900,"presentation":"proportional_resize_with_padding"}}');
INSERT INTO appearances (entity_key, show_id, presence_kind, first_reference, details_json) VALUES ('dragon:moondancer', 'house-of-the-dragon', 'depicted', 'S2E3', '{"show":"house-of-the-dragon","kind":"depicted","first":"S2E3"}');
INSERT INTO sources (entity_key, label, url, provider, source_kind, accessed) VALUES ('dragon:moondancer', 'Wiki of Westeros — Moondancer', 'https://gameofthrones.fandom.com/wiki/Moondancer', 'Wiki of Westeros', 'reference_page', '2026-07-10');
INSERT INTO sources (entity_key, label, url, provider, source_kind, accessed) VALUES ('dragon:moondancer', 'A Wiki of Ice and Fire — Moondancer', 'https://awoiaf.westeros.org/index.php/Moondancer', 'A Wiki of Ice and Fire', 'reference_page', '2026-07-10');
INSERT INTO media (entity_key, local_path, provider, source_page, asset_url, media_kind, uncertain, metadata_json) VALUES ('dragon:moondancer', '/images/dragons/moondancer.webp', 'A Wiki of Ice and Fire', 'https://awoiaf.westeros.org/index.php/Moondancer', 'https://awoiaf.westeros.org/images/thumb/b/b0/Lady_Baela_and_her_dragon_Moondancer_by_Jota_Saraiva.jpg/800px-Lady_Baela_and_her_dragon_Moondancer_by_Jota_Saraiva.jpg', 'wiki_lead_image', 0, '{"provider":"A Wiki of Ice and Fire","kind":"wiki_lead_image","match":"exact_page_title","uncertain":false,"url":"https://awoiaf.westeros.org/index.php/Moondancer","assetUrl":"https://awoiaf.westeros.org/images/thumb/b/b0/Lady_Baela_and_her_dragon_Moondancer_by_Jota_Saraiva.jpg/800px-Lady_Baela_and_her_dragon_Moondancer_by_Jota_Saraiva.jpg","accessed":"2026-07-10","originalSha256":"9dda3a07b01f75f4026b0876d530c53a00bb80f1c47818ecf88c51528d7fdc7b","derivativeSha256":"bd0e38e5dfafa95a23c4b78a461d0e3c1051aeeb845344a9ab7c3e763c683f6e","width":1200,"height":900,"presentation":"proportional_resize_with_padding"}');
INSERT INTO entities_fts (entity_key, name, aliases, type) VALUES ('dragon:moondancer', 'Moondancer', '', 'dragon');
INSERT INTO dragons (entity_key, color, era) VALUES ('dragon:moondancer', 'Pale green', 3);
INSERT INTO entities (entity_key, id, type, name, description, status, verification, raw_json) VALUES ('dragon:tyraxes', 'tyraxes', 'dragon', 'Tyraxes', NULL, 'alive_as_of_cutoff', 'single_source', '{"id":"tyraxes","name":"Tyraxes","aliases":[],"color":null,"status":"alive_as_of_cutoff","riders":["joffrey-velaryon"],"show":["house-of-the-dragon"],"presence":[{"show":"house-of-the-dragon","kind":"mentioned"}],"era":3,"sources":[{"label":"Wiki of Westeros — Tyraxes","url":"https://gameofthrones.fandom.com/wiki/Tyraxes","provider":"Wiki of Westeros","kind":"reference_page","accessed":"2026-07-10"},{"label":"A Wiki of Ice and Fire — Tyraxes","url":"https://awoiaf.westeros.org/index.php/Tyraxes","provider":"A Wiki of Ice and Fire","kind":"reference_page","accessed":"2026-07-10"}],"verification":"single_source","image":"/images/dragons/tyraxes.webp","imageSource":{"provider":"A Wiki of Ice and Fire","kind":"wiki_lead_image","match":"exact_page_title","uncertain":false,"url":"https://awoiaf.westeros.org/index.php/Tyraxes","assetUrl":"https://awoiaf.westeros.org/images/thumb/f/fc/Tyraxes_by_Rudolf_Hima.jpg/700px-Tyraxes_by_Rudolf_Hima.jpg","accessed":"2026-07-10","originalSha256":"bb01d463dcc5037f6c268a1b8eb5de560e2c59b7c94ee1a87fbdce55c8efa75d","derivativeSha256":"f2195ef66b4d498b879094e856af79353d1a35273cae0ff289a61eaa24f07130","width":1200,"height":900,"presentation":"proportional_resize_with_padding"}}');
INSERT INTO appearances (entity_key, show_id, presence_kind, first_reference, details_json) VALUES ('dragon:tyraxes', 'house-of-the-dragon', 'mentioned', NULL, '{"show":"house-of-the-dragon","kind":"mentioned"}');
INSERT INTO sources (entity_key, label, url, provider, source_kind, accessed) VALUES ('dragon:tyraxes', 'Wiki of Westeros — Tyraxes', 'https://gameofthrones.fandom.com/wiki/Tyraxes', 'Wiki of Westeros', 'reference_page', '2026-07-10');
INSERT INTO sources (entity_key, label, url, provider, source_kind, accessed) VALUES ('dragon:tyraxes', 'A Wiki of Ice and Fire — Tyraxes', 'https://awoiaf.westeros.org/index.php/Tyraxes', 'A Wiki of Ice and Fire', 'reference_page', '2026-07-10');
INSERT INTO media (entity_key, local_path, provider, source_page, asset_url, media_kind, uncertain, metadata_json) VALUES ('dragon:tyraxes', '/images/dragons/tyraxes.webp', 'A Wiki of Ice and Fire', 'https://awoiaf.westeros.org/index.php/Tyraxes', 'https://awoiaf.westeros.org/images/thumb/f/fc/Tyraxes_by_Rudolf_Hima.jpg/700px-Tyraxes_by_Rudolf_Hima.jpg', 'wiki_lead_image', 0, '{"provider":"A Wiki of Ice and Fire","kind":"wiki_lead_image","match":"exact_page_title","uncertain":false,"url":"https://awoiaf.westeros.org/index.php/Tyraxes","assetUrl":"https://awoiaf.westeros.org/images/thumb/f/fc/Tyraxes_by_Rudolf_Hima.jpg/700px-Tyraxes_by_Rudolf_Hima.jpg","accessed":"2026-07-10","originalSha256":"bb01d463dcc5037f6c268a1b8eb5de560e2c59b7c94ee1a87fbdce55c8efa75d","derivativeSha256":"f2195ef66b4d498b879094e856af79353d1a35273cae0ff289a61eaa24f07130","width":1200,"height":900,"presentation":"proportional_resize_with_padding"}');
INSERT INTO entities_fts (entity_key, name, aliases, type) VALUES ('dragon:tyraxes', 'Tyraxes', '', 'dragon');
INSERT INTO dragons (entity_key, color, era) VALUES ('dragon:tyraxes', NULL, 3);
INSERT INTO entities (entity_key, id, type, name, description, status, verification, raw_json) VALUES ('dragon:stormcloud', 'stormcloud', 'dragon', 'Stormcloud', NULL, 'alive_as_of_cutoff', 'single_source', '{"id":"stormcloud","name":"Stormcloud","aliases":[],"color":null,"status":"alive_as_of_cutoff","riders":["aegon-iii"],"show":["house-of-the-dragon"],"presence":[{"show":"house-of-the-dragon","kind":"depicted"}],"era":3,"sources":[{"label":"Wiki of Westeros — Stormcloud","url":"https://gameofthrones.fandom.com/wiki/Stormcloud","provider":"Wiki of Westeros","kind":"reference_page","accessed":"2026-07-10"},{"label":"A Wiki of Ice and Fire — Stormcloud","url":"https://awoiaf.westeros.org/index.php/Stormcloud","provider":"A Wiki of Ice and Fire","kind":"reference_page","accessed":"2026-07-10"}],"verification":"single_source","image":"/images/dragons/stormcloud.webp","imageSource":{"provider":"A Wiki of Ice and Fire","kind":"wiki_lead_image","match":"exact_page_title","uncertain":false,"url":"https://awoiaf.westeros.org/index.php/Stormcloud","assetUrl":"https://awoiaf.westeros.org/images/thumb/b/b9/Stormcloud_Aegon.jpg/1200px-Stormcloud_Aegon.jpg","accessed":"2026-07-10","originalSha256":"d487aa2b2462b38161ab3668b667d142abe13e32174925587b65413cdae54f74","derivativeSha256":"ab04943d57de74181d0409ecb3a7ec38f318d0e6916873d3ed9f442403d2d495","width":1200,"height":900,"presentation":"proportional_resize_with_padding"}}');
INSERT INTO appearances (entity_key, show_id, presence_kind, first_reference, details_json) VALUES ('dragon:stormcloud', 'house-of-the-dragon', 'depicted', NULL, '{"show":"house-of-the-dragon","kind":"depicted"}');
INSERT INTO sources (entity_key, label, url, provider, source_kind, accessed) VALUES ('dragon:stormcloud', 'Wiki of Westeros — Stormcloud', 'https://gameofthrones.fandom.com/wiki/Stormcloud', 'Wiki of Westeros', 'reference_page', '2026-07-10');
INSERT INTO sources (entity_key, label, url, provider, source_kind, accessed) VALUES ('dragon:stormcloud', 'A Wiki of Ice and Fire — Stormcloud', 'https://awoiaf.westeros.org/index.php/Stormcloud', 'A Wiki of Ice and Fire', 'reference_page', '2026-07-10');
INSERT INTO media (entity_key, local_path, provider, source_page, asset_url, media_kind, uncertain, metadata_json) VALUES ('dragon:stormcloud', '/images/dragons/stormcloud.webp', 'A Wiki of Ice and Fire', 'https://awoiaf.westeros.org/index.php/Stormcloud', 'https://awoiaf.westeros.org/images/thumb/b/b9/Stormcloud_Aegon.jpg/1200px-Stormcloud_Aegon.jpg', 'wiki_lead_image', 0, '{"provider":"A Wiki of Ice and Fire","kind":"wiki_lead_image","match":"exact_page_title","uncertain":false,"url":"https://awoiaf.westeros.org/index.php/Stormcloud","assetUrl":"https://awoiaf.westeros.org/images/thumb/b/b9/Stormcloud_Aegon.jpg/1200px-Stormcloud_Aegon.jpg","accessed":"2026-07-10","originalSha256":"d487aa2b2462b38161ab3668b667d142abe13e32174925587b65413cdae54f74","derivativeSha256":"ab04943d57de74181d0409ecb3a7ec38f318d0e6916873d3ed9f442403d2d495","width":1200,"height":900,"presentation":"proportional_resize_with_padding"}');
INSERT INTO entities_fts (entity_key, name, aliases, type) VALUES ('dragon:stormcloud', 'Stormcloud', '', 'dragon');
INSERT INTO dragons (entity_key, color, era) VALUES ('dragon:stormcloud', NULL, 3);
INSERT INTO entities (entity_key, id, type, name, description, status, verification, raw_json) VALUES ('dragon:sheepstealer', 'sheepstealer', 'dragon', 'Sheepstealer', NULL, 'alive_as_of_cutoff', 'single_source_curated', '{"id":"sheepstealer","name":"Sheepstealer","aliases":[],"color":"Muddy brown","status":"alive_as_of_cutoff","riders":[],"show":["house-of-the-dragon"],"presence":[{"show":"house-of-the-dragon","kind":"depicted","first":"S2"}],"era":2,"sources":[{"label":"Wiki of Westeros — Sheepstealer","url":"https://gameofthrones.fandom.com/wiki/Sheepstealer","provider":"Wiki of Westeros","kind":"reference_page","accessed":"2026-07-10"},{"label":"A Wiki of Ice and Fire — Sheepstealer","url":"https://awoiaf.westeros.org/index.php/Sheepstealer","provider":"A Wiki of Ice and Fire","kind":"reference_page","accessed":"2026-07-10"}],"verification":"single_source_curated","image":"/images/dragons/sheepstealer.webp","imageSource":{"provider":"A Wiki of Ice and Fire","kind":"wiki_lead_image","match":"exact_page_title","uncertain":false,"url":"https://awoiaf.westeros.org/index.php/Sheepstealer","assetUrl":"https://awoiaf.westeros.org/images/0/0c/Nettles_and_her_dragon_Sheepstealer_by_Jota_Saraiva.jpg","accessed":"2026-07-10","originalSha256":"daadef74cbb4084d2d71346f6ce8dcb3b707caf8aea2723d5c79859b3e25c61c","derivativeSha256":"d1ce1c99332b0f6080561748bf039d0a5088109a54cef7d8f3cb317d56d43c91","width":1200,"height":900,"presentation":"proportional_resize_with_padding"}}');
INSERT INTO appearances (entity_key, show_id, presence_kind, first_reference, details_json) VALUES ('dragon:sheepstealer', 'house-of-the-dragon', 'depicted', 'S2', '{"show":"house-of-the-dragon","kind":"depicted","first":"S2"}');
INSERT INTO sources (entity_key, label, url, provider, source_kind, accessed) VALUES ('dragon:sheepstealer', 'Wiki of Westeros — Sheepstealer', 'https://gameofthrones.fandom.com/wiki/Sheepstealer', 'Wiki of Westeros', 'reference_page', '2026-07-10');
INSERT INTO sources (entity_key, label, url, provider, source_kind, accessed) VALUES ('dragon:sheepstealer', 'A Wiki of Ice and Fire — Sheepstealer', 'https://awoiaf.westeros.org/index.php/Sheepstealer', 'A Wiki of Ice and Fire', 'reference_page', '2026-07-10');
INSERT INTO media (entity_key, local_path, provider, source_page, asset_url, media_kind, uncertain, metadata_json) VALUES ('dragon:sheepstealer', '/images/dragons/sheepstealer.webp', 'A Wiki of Ice and Fire', 'https://awoiaf.westeros.org/index.php/Sheepstealer', 'https://awoiaf.westeros.org/images/0/0c/Nettles_and_her_dragon_Sheepstealer_by_Jota_Saraiva.jpg', 'wiki_lead_image', 0, '{"provider":"A Wiki of Ice and Fire","kind":"wiki_lead_image","match":"exact_page_title","uncertain":false,"url":"https://awoiaf.westeros.org/index.php/Sheepstealer","assetUrl":"https://awoiaf.westeros.org/images/0/0c/Nettles_and_her_dragon_Sheepstealer_by_Jota_Saraiva.jpg","accessed":"2026-07-10","originalSha256":"daadef74cbb4084d2d71346f6ce8dcb3b707caf8aea2723d5c79859b3e25c61c","derivativeSha256":"d1ce1c99332b0f6080561748bf039d0a5088109a54cef7d8f3cb317d56d43c91","width":1200,"height":900,"presentation":"proportional_resize_with_padding"}');
INSERT INTO entities_fts (entity_key, name, aliases, type) VALUES ('dragon:sheepstealer', 'Sheepstealer', '', 'dragon');
INSERT INTO dragons (entity_key, color, era) VALUES ('dragon:sheepstealer', 'Muddy brown', 2);
INSERT INTO entities (entity_key, id, type, name, description, status, verification, raw_json) VALUES ('dragon:the-cannibal', 'the-cannibal', 'dragon', 'The Cannibal', NULL, 'unconfirmed', 'single_source', '{"id":"the-cannibal","name":"The Cannibal","aliases":[],"color":"Black with green eyes","status":"unconfirmed","riders":[],"show":["house-of-the-dragon"],"presence":[{"show":"house-of-the-dragon","kind":"mentioned"}],"era":2,"sources":[{"label":"Wiki of Westeros — Cannibal","url":"https://gameofthrones.fandom.com/wiki/Cannibal","provider":"Wiki of Westeros","kind":"reference_page","accessed":"2026-07-10"},{"label":"A Wiki of Ice and Fire — Cannibal (dragon)","url":"https://awoiaf.westeros.org/index.php/Cannibal_(dragon)","provider":"A Wiki of Ice and Fire","kind":"reference_page","accessed":"2026-07-10"}],"verification":"single_source","image":"/images/dragons/the-cannibal.webp","imageSource":{"provider":"A Wiki of Ice and Fire","kind":"wiki_lead_image","match":"exact_page_title","uncertain":false,"url":"https://awoiaf.westeros.org/index.php/Cannibal_(dragon)","assetUrl":"https://awoiaf.westeros.org/images/thumb/e/e9/Cannibal.jpg/1200px-Cannibal.jpg","accessed":"2026-07-10","originalSha256":"c92ee5a487b6f2fe70bc87b9bd644869cdf9e2ee84de33b2ce3208d295ab3e55","derivativeSha256":"f0470270e4dcd7ba51783decef23072382d3bede48fd8363abc089bbd57b42f6","width":1200,"height":900,"presentation":"proportional_resize_with_padding"}}');
INSERT INTO appearances (entity_key, show_id, presence_kind, first_reference, details_json) VALUES ('dragon:the-cannibal', 'house-of-the-dragon', 'mentioned', NULL, '{"show":"house-of-the-dragon","kind":"mentioned"}');
INSERT INTO sources (entity_key, label, url, provider, source_kind, accessed) VALUES ('dragon:the-cannibal', 'Wiki of Westeros — Cannibal', 'https://gameofthrones.fandom.com/wiki/Cannibal', 'Wiki of Westeros', 'reference_page', '2026-07-10');
INSERT INTO sources (entity_key, label, url, provider, source_kind, accessed) VALUES ('dragon:the-cannibal', 'A Wiki of Ice and Fire — Cannibal (dragon)', 'https://awoiaf.westeros.org/index.php/Cannibal_(dragon)', 'A Wiki of Ice and Fire', 'reference_page', '2026-07-10');
INSERT INTO media (entity_key, local_path, provider, source_page, asset_url, media_kind, uncertain, metadata_json) VALUES ('dragon:the-cannibal', '/images/dragons/the-cannibal.webp', 'A Wiki of Ice and Fire', 'https://awoiaf.westeros.org/index.php/Cannibal_(dragon)', 'https://awoiaf.westeros.org/images/thumb/e/e9/Cannibal.jpg/1200px-Cannibal.jpg', 'wiki_lead_image', 0, '{"provider":"A Wiki of Ice and Fire","kind":"wiki_lead_image","match":"exact_page_title","uncertain":false,"url":"https://awoiaf.westeros.org/index.php/Cannibal_(dragon)","assetUrl":"https://awoiaf.westeros.org/images/thumb/e/e9/Cannibal.jpg/1200px-Cannibal.jpg","accessed":"2026-07-10","originalSha256":"c92ee5a487b6f2fe70bc87b9bd644869cdf9e2ee84de33b2ce3208d295ab3e55","derivativeSha256":"f0470270e4dcd7ba51783decef23072382d3bede48fd8363abc089bbd57b42f6","width":1200,"height":900,"presentation":"proportional_resize_with_padding"}');
INSERT INTO entities_fts (entity_key, name, aliases, type) VALUES ('dragon:the-cannibal', 'The Cannibal', '', 'dragon');
INSERT INTO dragons (entity_key, color, era) VALUES ('dragon:the-cannibal', 'Black with green eyes', 2);
INSERT INTO entities (entity_key, id, type, name, description, status, verification, raw_json) VALUES ('dragon:grey-ghost', 'grey-ghost', 'dragon', 'Grey Ghost', NULL, 'unconfirmed', 'single_source', '{"id":"grey-ghost","name":"Grey Ghost","aliases":[],"color":"Pale grey-white","status":"unconfirmed","riders":[],"show":["house-of-the-dragon"],"presence":[{"show":"house-of-the-dragon","kind":"mentioned"}],"era":2,"sources":[{"label":"Wiki of Westeros — Grey Ghost","url":"https://gameofthrones.fandom.com/wiki/Grey_Ghost","provider":"Wiki of Westeros","kind":"reference_page","accessed":"2026-07-10"},{"label":"A Wiki of Ice and Fire — Grey Ghost","url":"https://awoiaf.westeros.org/index.php/Grey_Ghost","provider":"A Wiki of Ice and Fire","kind":"reference_page","accessed":"2026-07-10"}],"verification":"single_source","image":"/images/dragons/grey-ghost.webp","imageSource":{"provider":"A Wiki of Ice and Fire","kind":"wiki_lead_image","match":"exact_page_title","uncertain":false,"url":"https://awoiaf.westeros.org/index.php/Grey_Ghost","assetUrl":"https://awoiaf.westeros.org/images/thumb/4/47/Rudolf_Hima-Grey-Ghost.jpg/1200px-Rudolf_Hima-Grey-Ghost.jpg","accessed":"2026-07-10","originalSha256":"2459bfe1099be8e8a385c6ba1e1be392defe1e298a3939e24d91a13c010ba5a9","derivativeSha256":"413306a1dfb7754d85a116643f2d5233f3586d00074adcbc6e1d326de978aa4f","width":1200,"height":900,"presentation":"proportional_resize_with_padding"}}');
INSERT INTO appearances (entity_key, show_id, presence_kind, first_reference, details_json) VALUES ('dragon:grey-ghost', 'house-of-the-dragon', 'mentioned', NULL, '{"show":"house-of-the-dragon","kind":"mentioned"}');
INSERT INTO sources (entity_key, label, url, provider, source_kind, accessed) VALUES ('dragon:grey-ghost', 'Wiki of Westeros — Grey Ghost', 'https://gameofthrones.fandom.com/wiki/Grey_Ghost', 'Wiki of Westeros', 'reference_page', '2026-07-10');
INSERT INTO sources (entity_key, label, url, provider, source_kind, accessed) VALUES ('dragon:grey-ghost', 'A Wiki of Ice and Fire — Grey Ghost', 'https://awoiaf.westeros.org/index.php/Grey_Ghost', 'A Wiki of Ice and Fire', 'reference_page', '2026-07-10');
INSERT INTO media (entity_key, local_path, provider, source_page, asset_url, media_kind, uncertain, metadata_json) VALUES ('dragon:grey-ghost', '/images/dragons/grey-ghost.webp', 'A Wiki of Ice and Fire', 'https://awoiaf.westeros.org/index.php/Grey_Ghost', 'https://awoiaf.westeros.org/images/thumb/4/47/Rudolf_Hima-Grey-Ghost.jpg/1200px-Rudolf_Hima-Grey-Ghost.jpg', 'wiki_lead_image', 0, '{"provider":"A Wiki of Ice and Fire","kind":"wiki_lead_image","match":"exact_page_title","uncertain":false,"url":"https://awoiaf.westeros.org/index.php/Grey_Ghost","assetUrl":"https://awoiaf.westeros.org/images/thumb/4/47/Rudolf_Hima-Grey-Ghost.jpg/1200px-Rudolf_Hima-Grey-Ghost.jpg","accessed":"2026-07-10","originalSha256":"2459bfe1099be8e8a385c6ba1e1be392defe1e298a3939e24d91a13c010ba5a9","derivativeSha256":"413306a1dfb7754d85a116643f2d5233f3586d00074adcbc6e1d326de978aa4f","width":1200,"height":900,"presentation":"proportional_resize_with_padding"}');
INSERT INTO entities_fts (entity_key, name, aliases, type) VALUES ('dragon:grey-ghost', 'Grey Ghost', '', 'dragon');
INSERT INTO dragons (entity_key, color, era) VALUES ('dragon:grey-ghost', 'Pale grey-white', 2);
INSERT INTO entities (entity_key, id, type, name, description, status, verification, raw_json) VALUES ('dragon:drogon', 'drogon', 'dragon', 'Drogon', NULL, 'alive', 'single_source_curated', '{"id":"drogon","name":"Drogon","aliases":[],"color":"Black with red markings","status":"alive","riders":["daenerys-targaryen"],"show":["game-of-thrones"],"presence":[{"show":"game-of-thrones","kind":"depicted","first":"S1E10","last":"S8E6"}],"era":8,"sources":[{"label":"Wiki of Westeros — Drogon","url":"https://gameofthrones.fandom.com/wiki/Drogon","provider":"Wiki of Westeros","kind":"reference_page","accessed":"2026-07-10"},{"label":"A Wiki of Ice and Fire — Drogon","url":"https://awoiaf.westeros.org/index.php/Drogon","provider":"A Wiki of Ice and Fire","kind":"reference_page","accessed":"2026-07-10"}],"verification":"single_source_curated","image":"/images/dragons/drogon.webp","imageSource":{"provider":"A Wiki of Ice and Fire","kind":"wiki_lead_image","match":"exact_page_title","uncertain":false,"url":"https://awoiaf.westeros.org/index.php/Drogon","assetUrl":"https://awoiaf.westeros.org/images/thumb/d/d9/Drogon_a_hidden_agenda_by_christopherburdett.jpg/700px-Drogon_a_hidden_agenda_by_christopherburdett.jpg","accessed":"2026-07-10","originalSha256":"99a9009ddeeb5a3b129549c47b9278b3566c0ede8b7715da814566a8786be66f","derivativeSha256":"a27ed9a7df0e0ba9709d5c73633340aca107e35be64011ce19b8d1d9e0372359","width":1200,"height":900,"presentation":"proportional_resize_with_padding"}}');
INSERT INTO appearances (entity_key, show_id, presence_kind, first_reference, details_json) VALUES ('dragon:drogon', 'game-of-thrones', 'depicted', 'S1E10', '{"show":"game-of-thrones","kind":"depicted","first":"S1E10","last":"S8E6"}');
INSERT INTO sources (entity_key, label, url, provider, source_kind, accessed) VALUES ('dragon:drogon', 'Wiki of Westeros — Drogon', 'https://gameofthrones.fandom.com/wiki/Drogon', 'Wiki of Westeros', 'reference_page', '2026-07-10');
INSERT INTO sources (entity_key, label, url, provider, source_kind, accessed) VALUES ('dragon:drogon', 'A Wiki of Ice and Fire — Drogon', 'https://awoiaf.westeros.org/index.php/Drogon', 'A Wiki of Ice and Fire', 'reference_page', '2026-07-10');
INSERT INTO media (entity_key, local_path, provider, source_page, asset_url, media_kind, uncertain, metadata_json) VALUES ('dragon:drogon', '/images/dragons/drogon.webp', 'A Wiki of Ice and Fire', 'https://awoiaf.westeros.org/index.php/Drogon', 'https://awoiaf.westeros.org/images/thumb/d/d9/Drogon_a_hidden_agenda_by_christopherburdett.jpg/700px-Drogon_a_hidden_agenda_by_christopherburdett.jpg', 'wiki_lead_image', 0, '{"provider":"A Wiki of Ice and Fire","kind":"wiki_lead_image","match":"exact_page_title","uncertain":false,"url":"https://awoiaf.westeros.org/index.php/Drogon","assetUrl":"https://awoiaf.westeros.org/images/thumb/d/d9/Drogon_a_hidden_agenda_by_christopherburdett.jpg/700px-Drogon_a_hidden_agenda_by_christopherburdett.jpg","accessed":"2026-07-10","originalSha256":"99a9009ddeeb5a3b129549c47b9278b3566c0ede8b7715da814566a8786be66f","derivativeSha256":"a27ed9a7df0e0ba9709d5c73633340aca107e35be64011ce19b8d1d9e0372359","width":1200,"height":900,"presentation":"proportional_resize_with_padding"}');
INSERT INTO entities_fts (entity_key, name, aliases, type) VALUES ('dragon:drogon', 'Drogon', '', 'dragon');
INSERT INTO dragons (entity_key, color, era) VALUES ('dragon:drogon', 'Black with red markings', 8);
INSERT INTO entities (entity_key, id, type, name, description, status, verification, raw_json) VALUES ('dragon:rhaegal', 'rhaegal', 'dragon', 'Rhaegal', NULL, 'dead', 'single_source_curated', '{"id":"rhaegal","name":"Rhaegal","aliases":[],"color":"Green and bronze","status":"dead","riders":["daenerys-targaryen","jon-snow"],"show":["game-of-thrones"],"presence":[{"show":"game-of-thrones","kind":"depicted","first":"S1E10","last":"S8E4"}],"era":8,"sources":[{"label":"Wiki of Westeros — Rhaegal","url":"https://gameofthrones.fandom.com/wiki/Rhaegal","provider":"Wiki of Westeros","kind":"reference_page","accessed":"2026-07-10"},{"label":"A Wiki of Ice and Fire — Rhaegal","url":"https://awoiaf.westeros.org/index.php/Rhaegal","provider":"A Wiki of Ice and Fire","kind":"reference_page","accessed":"2026-07-10"}],"verification":"single_source_curated","image":"/images/dragons/rhaegal.webp","imageSource":{"provider":"A Wiki of Ice and Fire","kind":"wiki_lead_image","match":"exact_page_title","uncertain":false,"url":"https://awoiaf.westeros.org/index.php/Rhaegal","assetUrl":"https://awoiaf.westeros.org/images/thumb/0/0f/Rhaegal_a_hidden_agenda_by_christopherburdett.jpg/700px-Rhaegal_a_hidden_agenda_by_christopherburdett.jpg","accessed":"2026-07-10","originalSha256":"c177e1c0f0125142be6774e47701e9f0b5e8cdbacfa7a3890173ab68afe00ff9","derivativeSha256":"97a45a09d7b051e6070f366cddd600e1449b3383a3ec4b517755f9552ee3e3ab","width":1200,"height":900,"presentation":"proportional_resize_with_padding"}}');
INSERT INTO appearances (entity_key, show_id, presence_kind, first_reference, details_json) VALUES ('dragon:rhaegal', 'game-of-thrones', 'depicted', 'S1E10', '{"show":"game-of-thrones","kind":"depicted","first":"S1E10","last":"S8E4"}');
INSERT INTO sources (entity_key, label, url, provider, source_kind, accessed) VALUES ('dragon:rhaegal', 'Wiki of Westeros — Rhaegal', 'https://gameofthrones.fandom.com/wiki/Rhaegal', 'Wiki of Westeros', 'reference_page', '2026-07-10');
INSERT INTO sources (entity_key, label, url, provider, source_kind, accessed) VALUES ('dragon:rhaegal', 'A Wiki of Ice and Fire — Rhaegal', 'https://awoiaf.westeros.org/index.php/Rhaegal', 'A Wiki of Ice and Fire', 'reference_page', '2026-07-10');
INSERT INTO media (entity_key, local_path, provider, source_page, asset_url, media_kind, uncertain, metadata_json) VALUES ('dragon:rhaegal', '/images/dragons/rhaegal.webp', 'A Wiki of Ice and Fire', 'https://awoiaf.westeros.org/index.php/Rhaegal', 'https://awoiaf.westeros.org/images/thumb/0/0f/Rhaegal_a_hidden_agenda_by_christopherburdett.jpg/700px-Rhaegal_a_hidden_agenda_by_christopherburdett.jpg', 'wiki_lead_image', 0, '{"provider":"A Wiki of Ice and Fire","kind":"wiki_lead_image","match":"exact_page_title","uncertain":false,"url":"https://awoiaf.westeros.org/index.php/Rhaegal","assetUrl":"https://awoiaf.westeros.org/images/thumb/0/0f/Rhaegal_a_hidden_agenda_by_christopherburdett.jpg/700px-Rhaegal_a_hidden_agenda_by_christopherburdett.jpg","accessed":"2026-07-10","originalSha256":"c177e1c0f0125142be6774e47701e9f0b5e8cdbacfa7a3890173ab68afe00ff9","derivativeSha256":"97a45a09d7b051e6070f366cddd600e1449b3383a3ec4b517755f9552ee3e3ab","width":1200,"height":900,"presentation":"proportional_resize_with_padding"}');
INSERT INTO entities_fts (entity_key, name, aliases, type) VALUES ('dragon:rhaegal', 'Rhaegal', '', 'dragon');
INSERT INTO dragons (entity_key, color, era) VALUES ('dragon:rhaegal', 'Green and bronze', 8);
INSERT INTO entities (entity_key, id, type, name, description, status, verification, raw_json) VALUES ('dragon:viserion', 'viserion', 'dragon', 'Viserion', NULL, 'dead', 'single_source_curated', '{"id":"viserion","name":"Viserion","aliases":[],"color":"Cream and gold","status":"dead","riders":["daenerys-targaryen","night-king"],"show":["game-of-thrones"],"presence":[{"show":"game-of-thrones","kind":"depicted","first":"S1E10","last":"S8E3"}],"era":8,"sources":[{"label":"Wiki of Westeros — Viserion","url":"https://gameofthrones.fandom.com/wiki/Viserion","provider":"Wiki of Westeros","kind":"reference_page","accessed":"2026-07-10"},{"label":"A Wiki of Ice and Fire — Viserion","url":"https://awoiaf.westeros.org/index.php/Viserion","provider":"A Wiki of Ice and Fire","kind":"reference_page","accessed":"2026-07-10"}],"verification":"single_source_curated","image":"/images/dragons/viserion.webp","imageSource":{"provider":"A Wiki of Ice and Fire","kind":"wiki_lead_image","match":"exact_page_title","uncertain":false,"url":"https://awoiaf.westeros.org/index.php/Viserion","assetUrl":"https://awoiaf.westeros.org/images/b/bc/Viserion_a_hidden_agenda_by_christopherburdett.jpg","accessed":"2026-07-10","originalSha256":"49fc020f225681f72416631704e20b8cad4b80b793303882f6c617c7a8fa30be","derivativeSha256":"0b174a7d9822953f803eb5d426bc1576068e423eba0ee9037c681fef6ce7f888","width":1200,"height":900,"presentation":"proportional_resize_with_padding"}}');
INSERT INTO appearances (entity_key, show_id, presence_kind, first_reference, details_json) VALUES ('dragon:viserion', 'game-of-thrones', 'depicted', 'S1E10', '{"show":"game-of-thrones","kind":"depicted","first":"S1E10","last":"S8E3"}');
INSERT INTO sources (entity_key, label, url, provider, source_kind, accessed) VALUES ('dragon:viserion', 'Wiki of Westeros — Viserion', 'https://gameofthrones.fandom.com/wiki/Viserion', 'Wiki of Westeros', 'reference_page', '2026-07-10');
INSERT INTO sources (entity_key, label, url, provider, source_kind, accessed) VALUES ('dragon:viserion', 'A Wiki of Ice and Fire — Viserion', 'https://awoiaf.westeros.org/index.php/Viserion', 'A Wiki of Ice and Fire', 'reference_page', '2026-07-10');
INSERT INTO media (entity_key, local_path, provider, source_page, asset_url, media_kind, uncertain, metadata_json) VALUES ('dragon:viserion', '/images/dragons/viserion.webp', 'A Wiki of Ice and Fire', 'https://awoiaf.westeros.org/index.php/Viserion', 'https://awoiaf.westeros.org/images/b/bc/Viserion_a_hidden_agenda_by_christopherburdett.jpg', 'wiki_lead_image', 0, '{"provider":"A Wiki of Ice and Fire","kind":"wiki_lead_image","match":"exact_page_title","uncertain":false,"url":"https://awoiaf.westeros.org/index.php/Viserion","assetUrl":"https://awoiaf.westeros.org/images/b/bc/Viserion_a_hidden_agenda_by_christopherburdett.jpg","accessed":"2026-07-10","originalSha256":"49fc020f225681f72416631704e20b8cad4b80b793303882f6c617c7a8fa30be","derivativeSha256":"0b174a7d9822953f803eb5d426bc1576068e423eba0ee9037c681fef6ce7f888","width":1200,"height":900,"presentation":"proportional_resize_with_padding"}');
INSERT INTO entities_fts (entity_key, name, aliases, type) VALUES ('dragon:viserion', 'Viserion', '', 'dragon');
INSERT INTO dragons (entity_key, color, era) VALUES ('dragon:viserion', 'Cream and gold', 8);
INSERT INTO entities (entity_key, id, type, name, description, status, verification, raw_json) VALUES ('house:house-targaryen', 'house-targaryen', 'house', 'House Targaryen', 'Sable, a dragon thrice-headed gules', NULL, 'single_source_curated', '{"id":"house-targaryen","apiId":378,"name":"House Targaryen","slug":"house-targaryen","region":"Crownlands","coatOfArms":"Sable, a dragon thrice-headed gules","words":"Fire and Blood","titles":["King of the Andals, the Rhoynar and the First Men","Lord of the Seven Kingdoms","Prince of Summerhall"],"seats":["Red Keep (formerly)","Summerhall (formerly)","Dragonstone","King''s Landing"],"currentLord":"daenerys-targaryen","heir":null,"overlord":null,"founded":"House Targaryen: >114 BCHouse Targaryen of King''s Landing:1 AC","founder":null,"diedOut":null,"ancestralWeapons":["Blackfyre","Dark Sister"],"cadetBranches":["house-blackfyre"],"swornMembers":["addam-of-hull","aegon-i","aegon-ii","aegon-iii","aegon-iv","aegon-v","aemma-arryn","aemond-targaryen","aenys-i","aerion-targaryen","aerys-ii","alicent-hightower","alyn-of-hull","alysanne-targaryen","alyssa-targaryen","api-character-1142","api-character-1242","api-character-1340","api-character-1445","api-character-1520","api-character-1523","api-character-1548","api-character-168","api-character-1709","api-character-1826","api-character-1856","api-character-42","baela-targaryen","baelon-targaryen","baelor-breakspear","daemon-targaryen","daenerys-targaryen","daeron-ii","daeron-targaryen","daeron-the-drunken","elia-martell","helaena-targaryen","jacaerys-velaryon","jaehaera-targaryen","jaehaerys-i","jaehaerys-targaryen","joffrey-velaryon","jorah-mormont","laena-velaryon","laenor-velaryon","lucerys-velaryon","maegor-i","maekar-targaryen","maester-aemon","myriah-martell","naerys-targaryen","rhaegar-targaryen","rhaella-targaryen","rhaena-targaryen","rhaenyra-targaryen","rhaenys-i","rhaenys-targaryen","valarr-targaryen","visenya","viserys-i","viserys-ii","viserys-iii"],"show":["house-of-the-dragon","a-knight-of-the-seven-kingdoms","game-of-thrones"],"sources":[{"label":"An API of Ice and Fire — house 378","url":"https://anapioficeandfire.com/api/houses/378","provider":"An API of Ice and Fire","kind":"structured_database","accessed":"2026-07-10"},{"label":"Wiki of Westeros — House Targaryen","url":"https://gameofthrones.fandom.com/wiki/House_Targaryen","provider":"Wiki of Westeros","kind":"reference_page","accessed":"2026-07-10"},{"label":"A Wiki of Ice and Fire — House Targaryen","url":"https://awoiaf.westeros.org/index.php/House_Targaryen","provider":"A Wiki of Ice and Fire","kind":"reference_page","accessed":"2026-07-10"}],"verification":"single_source_curated","image":"/images/houses/house-targaryen.webp","imageSource":{"provider":"A Wiki of Ice and Fire","kind":"wiki_sigil","match":"exact_page_title","uncertain":false,"url":"https://awoiaf.westeros.org/index.php/House_Targaryen","assetUrl":"https://awoiaf.westeros.org/images/thumb/1/1e/House_Targaryen.svg/1200px-House_Targaryen.svg.png","accessed":"2026-07-10","originalSha256":"f6779f59ae602ba4d13a9b00355a00fb6f47e221e699e4d3d615d6907959d228","derivativeSha256":"85fa4c9515d259c231fc9e4570b7b8605e80691c6f1b674539fc56537be2d9e9","width":1200,"height":900,"presentation":"proportional_resize_with_padding"},"seat":"Dragonstone / King''s Landing","color":"#8f1d21","legacyIds":["api-house-378"],"aliases":[],"presence":[]}');
INSERT INTO appearances (entity_key, show_id, presence_kind, first_reference, details_json) VALUES ('house:house-targaryen', 'house-of-the-dragon', 'listed', NULL, '{"show":"house-of-the-dragon","kind":"listed"}');
INSERT INTO appearances (entity_key, show_id, presence_kind, first_reference, details_json) VALUES ('house:house-targaryen', 'a-knight-of-the-seven-kingdoms', 'listed', NULL, '{"show":"a-knight-of-the-seven-kingdoms","kind":"listed"}');
INSERT INTO appearances (entity_key, show_id, presence_kind, first_reference, details_json) VALUES ('house:house-targaryen', 'game-of-thrones', 'listed', NULL, '{"show":"game-of-thrones","kind":"listed"}');
INSERT INTO sources (entity_key, label, url, provider, source_kind, accessed) VALUES ('house:house-targaryen', 'An API of Ice and Fire — house 378', 'https://anapioficeandfire.com/api/houses/378', 'An API of Ice and Fire', 'structured_database', '2026-07-10');
INSERT INTO sources (entity_key, label, url, provider, source_kind, accessed) VALUES ('house:house-targaryen', 'Wiki of Westeros — House Targaryen', 'https://gameofthrones.fandom.com/wiki/House_Targaryen', 'Wiki of Westeros', 'reference_page', '2026-07-10');
INSERT INTO sources (entity_key, label, url, provider, source_kind, accessed) VALUES ('house:house-targaryen', 'A Wiki of Ice and Fire — House Targaryen', 'https://awoiaf.westeros.org/index.php/House_Targaryen', 'A Wiki of Ice and Fire', 'reference_page', '2026-07-10');
INSERT INTO media (entity_key, local_path, provider, source_page, asset_url, media_kind, uncertain, metadata_json) VALUES ('house:house-targaryen', '/images/houses/house-targaryen.webp', 'A Wiki of Ice and Fire', 'https://awoiaf.westeros.org/index.php/House_Targaryen', 'https://awoiaf.westeros.org/images/thumb/1/1e/House_Targaryen.svg/1200px-House_Targaryen.svg.png', 'wiki_sigil', 0, '{"provider":"A Wiki of Ice and Fire","kind":"wiki_sigil","match":"exact_page_title","uncertain":false,"url":"https://awoiaf.westeros.org/index.php/House_Targaryen","assetUrl":"https://awoiaf.westeros.org/images/thumb/1/1e/House_Targaryen.svg/1200px-House_Targaryen.svg.png","accessed":"2026-07-10","originalSha256":"f6779f59ae602ba4d13a9b00355a00fb6f47e221e699e4d3d615d6907959d228","derivativeSha256":"85fa4c9515d259c231fc9e4570b7b8605e80691c6f1b674539fc56537be2d9e9","width":1200,"height":900,"presentation":"proportional_resize_with_padding"}');
INSERT INTO entities_fts (entity_key, name, aliases, type) VALUES ('house:house-targaryen', 'House Targaryen', '', 'house');
INSERT INTO houses (entity_key, region, words, coat_of_arms, seats_json, color) VALUES ('house:house-targaryen', 'Crownlands', 'Fire and Blood', 'Sable, a dragon thrice-headed gules', '["Red Keep (formerly)","Summerhall (formerly)","Dragonstone","King''s Landing"]', '#8f1d21');
INSERT INTO entities (entity_key, id, type, name, description, status, verification, raw_json) VALUES ('house:house-velaryon', 'house-velaryon', 'house', 'House Velaryon', 'seahorse rampant argent, on sea green', NULL, 'single_source_curated', '{"id":"house-velaryon","apiId":407,"name":"House Velaryon","slug":"house-velaryon","region":"Crownlands","coatOfArms":"seahorse rampant argent, on sea green","words":null,"titles":["Lord of the Tides","Master of Driftmark"],"seats":["High Tide or Driftmark","High Tide, Driftmark"],"currentLord":null,"heir":null,"overlord":"house-baratheon","founded":"prior to 114BC","founder":null,"diedOut":null,"ancestralWeapons":[],"cadetBranches":[],"swornMembers":["addam-of-hull","alyn-of-hull","baela-targaryen","corlys-velaryon","laena-velaryon","laenor-velaryon","rhaenys-targaryen"],"show":["house-of-the-dragon"],"sources":[{"label":"An API of Ice and Fire — house 407","url":"https://anapioficeandfire.com/api/houses/407","provider":"An API of Ice and Fire","kind":"structured_database","accessed":"2026-07-10"},{"label":"Wiki of Westeros — House Velaryon","url":"https://gameofthrones.fandom.com/wiki/House_Velaryon","provider":"Wiki of Westeros","kind":"reference_page","accessed":"2026-07-10"},{"label":"A Wiki of Ice and Fire — House Velaryon","url":"https://awoiaf.westeros.org/index.php/House_Velaryon","provider":"A Wiki of Ice and Fire","kind":"reference_page","accessed":"2026-07-10"}],"verification":"single_source_curated","image":"/images/houses/house-velaryon.webp","imageSource":{"provider":"A Wiki of Ice and Fire","kind":"wiki_sigil","match":"exact_page_title","uncertain":false,"url":"https://awoiaf.westeros.org/index.php/House_Velaryon","assetUrl":"https://awoiaf.westeros.org/images/thumb/5/5f/House_Velaryon.svg/1200px-House_Velaryon.svg.png","accessed":"2026-07-10","originalSha256":"6e4991cf92993dd13453ec86ba572f2792eee17a6da08a70271330e1cbf98e29","derivativeSha256":"bacc847d34802bbbca46ec1cbf0469a2f7b602f33489ea60cefbd48fa232a2cb","width":1200,"height":900,"presentation":"proportional_resize_with_padding"},"seat":"High Tide, Driftmark","color":"#6ca6b8","legacyIds":["api-house-407"],"aliases":[],"presence":[]}');
INSERT INTO appearances (entity_key, show_id, presence_kind, first_reference, details_json) VALUES ('house:house-velaryon', 'house-of-the-dragon', 'listed', NULL, '{"show":"house-of-the-dragon","kind":"listed"}');
INSERT INTO sources (entity_key, label, url, provider, source_kind, accessed) VALUES ('house:house-velaryon', 'An API of Ice and Fire — house 407', 'https://anapioficeandfire.com/api/houses/407', 'An API of Ice and Fire', 'structured_database', '2026-07-10');
INSERT INTO sources (entity_key, label, url, provider, source_kind, accessed) VALUES ('house:house-velaryon', 'Wiki of Westeros — House Velaryon', 'https://gameofthrones.fandom.com/wiki/House_Velaryon', 'Wiki of Westeros', 'reference_page', '2026-07-10');
INSERT INTO sources (entity_key, label, url, provider, source_kind, accessed) VALUES ('house:house-velaryon', 'A Wiki of Ice and Fire — House Velaryon', 'https://awoiaf.westeros.org/index.php/House_Velaryon', 'A Wiki of Ice and Fire', 'reference_page', '2026-07-10');
INSERT INTO media (entity_key, local_path, provider, source_page, asset_url, media_kind, uncertain, metadata_json) VALUES ('house:house-velaryon', '/images/houses/house-velaryon.webp', 'A Wiki of Ice and Fire', 'https://awoiaf.westeros.org/index.php/House_Velaryon', 'https://awoiaf.westeros.org/images/thumb/5/5f/House_Velaryon.svg/1200px-House_Velaryon.svg.png', 'wiki_sigil', 0, '{"provider":"A Wiki of Ice and Fire","kind":"wiki_sigil","match":"exact_page_title","uncertain":false,"url":"https://awoiaf.westeros.org/index.php/House_Velaryon","assetUrl":"https://awoiaf.westeros.org/images/thumb/5/5f/House_Velaryon.svg/1200px-House_Velaryon.svg.png","accessed":"2026-07-10","originalSha256":"6e4991cf92993dd13453ec86ba572f2792eee17a6da08a70271330e1cbf98e29","derivativeSha256":"bacc847d34802bbbca46ec1cbf0469a2f7b602f33489ea60cefbd48fa232a2cb","width":1200,"height":900,"presentation":"proportional_resize_with_padding"}');
INSERT INTO entities_fts (entity_key, name, aliases, type) VALUES ('house:house-velaryon', 'House Velaryon', '', 'house');
INSERT INTO houses (entity_key, region, words, coat_of_arms, seats_json, color) VALUES ('house:house-velaryon', 'Crownlands', NULL, 'seahorse rampant argent, on sea green', '["High Tide or Driftmark","High Tide, Driftmark"]', '#6ca6b8');
INSERT INTO entities (entity_key, id, type, name, description, status, verification, raw_json) VALUES ('house:house-hightower', 'house-hightower', 'house', 'House Hightower', 'Cendrée, a tower argent with a beacon on fire gules', NULL, 'single_source_curated', '{"id":"house-hightower","apiId":195,"name":"House Hightower","slug":"house-hightower","region":"The Reach","coatOfArms":"Cendrée, a tower argent with a beacon on fire gules","words":"We Light the Way","titles":["Lord of the Hightower","Lord of the Port","Voice of Oldtown","Defender of the Citadel","Beacon of the South","King of the High Tower (formerly)"],"seats":["The Hightower","Oldtown","The Hightower, Oldtown"],"currentLord":null,"heir":null,"overlord":"house-tyrell","founded":"Age of Dawn","founder":null,"diedOut":null,"ancestralWeapons":["Vigilance"],"cadetBranches":[],"swornMembers":["alicent-hightower","api-character-421","gwayne-hightower","otto-hightower"],"show":["house-of-the-dragon","a-knight-of-the-seven-kingdoms","game-of-thrones"],"sources":[{"label":"An API of Ice and Fire — house 195","url":"https://anapioficeandfire.com/api/houses/195","provider":"An API of Ice and Fire","kind":"structured_database","accessed":"2026-07-10"},{"label":"Wiki of Westeros — House Hightower","url":"https://gameofthrones.fandom.com/wiki/House_Hightower","provider":"Wiki of Westeros","kind":"reference_page","accessed":"2026-07-10"},{"label":"A Wiki of Ice and Fire — House Hightower","url":"https://awoiaf.westeros.org/index.php/House_Hightower","provider":"A Wiki of Ice and Fire","kind":"reference_page","accessed":"2026-07-10"}],"verification":"single_source_curated","image":"/images/houses/house-hightower.webp","imageSource":{"provider":"A Wiki of Ice and Fire","kind":"wiki_sigil","match":"exact_page_title","uncertain":false,"url":"https://awoiaf.westeros.org/index.php/House_Hightower","assetUrl":"https://awoiaf.westeros.org/images/thumb/f/fe/House_Hightower.svg/1200px-House_Hightower.svg.png","accessed":"2026-07-10","originalSha256":"67df026bd5da14faed2afe8abb1940b3bc4c50ca5238d79f3bf7eda3591e1800","derivativeSha256":"e2e88cdb8c9b12b0e67e88713004afb60eb479de69fa73b88601593c1b0c067a","width":1200,"height":900,"presentation":"proportional_resize_with_padding"},"seat":"The Hightower, Oldtown","color":"#a9b7a5","legacyIds":["api-house-195"],"aliases":[],"presence":[]}');
INSERT INTO appearances (entity_key, show_id, presence_kind, first_reference, details_json) VALUES ('house:house-hightower', 'house-of-the-dragon', 'listed', NULL, '{"show":"house-of-the-dragon","kind":"listed"}');
INSERT INTO appearances (entity_key, show_id, presence_kind, first_reference, details_json) VALUES ('house:house-hightower', 'a-knight-of-the-seven-kingdoms', 'listed', NULL, '{"show":"a-knight-of-the-seven-kingdoms","kind":"listed"}');
INSERT INTO appearances (entity_key, show_id, presence_kind, first_reference, details_json) VALUES ('house:house-hightower', 'game-of-thrones', 'listed', NULL, '{"show":"game-of-thrones","kind":"listed"}');
INSERT INTO sources (entity_key, label, url, provider, source_kind, accessed) VALUES ('house:house-hightower', 'An API of Ice and Fire — house 195', 'https://anapioficeandfire.com/api/houses/195', 'An API of Ice and Fire', 'structured_database', '2026-07-10');
INSERT INTO sources (entity_key, label, url, provider, source_kind, accessed) VALUES ('house:house-hightower', 'Wiki of Westeros — House Hightower', 'https://gameofthrones.fandom.com/wiki/House_Hightower', 'Wiki of Westeros', 'reference_page', '2026-07-10');
INSERT INTO sources (entity_key, label, url, provider, source_kind, accessed) VALUES ('house:house-hightower', 'A Wiki of Ice and Fire — House Hightower', 'https://awoiaf.westeros.org/index.php/House_Hightower', 'A Wiki of Ice and Fire', 'reference_page', '2026-07-10');
INSERT INTO media (entity_key, local_path, provider, source_page, asset_url, media_kind, uncertain, metadata_json) VALUES ('house:house-hightower', '/images/houses/house-hightower.webp', 'A Wiki of Ice and Fire', 'https://awoiaf.westeros.org/index.php/House_Hightower', 'https://awoiaf.westeros.org/images/thumb/f/fe/House_Hightower.svg/1200px-House_Hightower.svg.png', 'wiki_sigil', 0, '{"provider":"A Wiki of Ice and Fire","kind":"wiki_sigil","match":"exact_page_title","uncertain":false,"url":"https://awoiaf.westeros.org/index.php/House_Hightower","assetUrl":"https://awoiaf.westeros.org/images/thumb/f/fe/House_Hightower.svg/1200px-House_Hightower.svg.png","accessed":"2026-07-10","originalSha256":"67df026bd5da14faed2afe8abb1940b3bc4c50ca5238d79f3bf7eda3591e1800","derivativeSha256":"e2e88cdb8c9b12b0e67e88713004afb60eb479de69fa73b88601593c1b0c067a","width":1200,"height":900,"presentation":"proportional_resize_with_padding"}');
INSERT INTO entities_fts (entity_key, name, aliases, type) VALUES ('house:house-hightower', 'House Hightower', '', 'house');
INSERT INTO houses (entity_key, region, words, coat_of_arms, seats_json, color) VALUES ('house:house-hightower', 'The Reach', 'We Light the Way', 'Cendrée, a tower argent with a beacon on fire gules', '["The Hightower","Oldtown","The Hightower, Oldtown"]', '#a9b7a5');
INSERT INTO entities (entity_key, id, type, name, description, status, verification, raw_json) VALUES ('house:house-stark', 'house-stark', 'house', 'House Stark', 'A running grey direwolf, on an ice-white field', NULL, 'single_source_curated', '{"id":"house-stark","apiId":362,"name":"House Stark","slug":"house-stark","region":"The North","coatOfArms":"A running grey direwolf, on an ice-white field","words":"Winter is Coming","titles":["King in the North","Lord of Winterfell","Warden of the North","King of the Trident"],"seats":["Scattered (formerly Winterfell)","Winterfell"],"currentLord":null,"heir":null,"overlord":"house-baratheon","founded":"Age of Heroes","founder":null,"diedOut":null,"ancestralWeapons":["Ice"],"cadetBranches":["house-karstark"],"swornMembers":["api-character-1383","api-character-1649","api-character-1706","api-character-1749","api-character-1787","api-character-1979","api-character-2","api-character-20","api-character-216","api-character-887","api-character-912","arya-stark","benjen-stark","bran-stark","catelyn-stark","cregan-stark","eddard-stark","jon-snow","lyanna-stark","rickon-stark","robb-stark","sansa-stark","talisa-stark"],"show":["house-of-the-dragon","game-of-thrones"],"sources":[{"label":"An API of Ice and Fire — house 362","url":"https://anapioficeandfire.com/api/houses/362","provider":"An API of Ice and Fire","kind":"structured_database","accessed":"2026-07-10"},{"label":"Wiki of Westeros — House Stark","url":"https://gameofthrones.fandom.com/wiki/House_Stark","provider":"Wiki of Westeros","kind":"reference_page","accessed":"2026-07-10"},{"label":"A Wiki of Ice and Fire — House Stark","url":"https://awoiaf.westeros.org/index.php/House_Stark","provider":"A Wiki of Ice and Fire","kind":"reference_page","accessed":"2026-07-10"}],"verification":"single_source_curated","image":"/images/houses/house-stark.webp","imageSource":{"provider":"A Wiki of Ice and Fire","kind":"wiki_sigil","match":"exact_page_title","uncertain":false,"url":"https://awoiaf.westeros.org/index.php/House_Stark","assetUrl":"https://awoiaf.westeros.org/images/thumb/7/7e/House_Stark.svg/1200px-House_Stark.svg.png","accessed":"2026-07-10","originalSha256":"ad5c5956c2f9c176b0c370d1a0720fa66ff74237eeed46270b41a2ff0a911825","derivativeSha256":"cf4fd6327c5560bb989bb5a03c16ad6d12124c1cee63b5554d9a2bde00922e5b","width":1200,"height":900,"presentation":"proportional_resize_with_padding"},"seat":"Winterfell","color":"#889198","legacyIds":["api-house-362"],"aliases":[],"presence":[]}');
INSERT INTO appearances (entity_key, show_id, presence_kind, first_reference, details_json) VALUES ('house:house-stark', 'house-of-the-dragon', 'listed', NULL, '{"show":"house-of-the-dragon","kind":"listed"}');
INSERT INTO appearances (entity_key, show_id, presence_kind, first_reference, details_json) VALUES ('house:house-stark', 'game-of-thrones', 'listed', NULL, '{"show":"game-of-thrones","kind":"listed"}');
INSERT INTO sources (entity_key, label, url, provider, source_kind, accessed) VALUES ('house:house-stark', 'An API of Ice and Fire — house 362', 'https://anapioficeandfire.com/api/houses/362', 'An API of Ice and Fire', 'structured_database', '2026-07-10');
INSERT INTO sources (entity_key, label, url, provider, source_kind, accessed) VALUES ('house:house-stark', 'Wiki of Westeros — House Stark', 'https://gameofthrones.fandom.com/wiki/House_Stark', 'Wiki of Westeros', 'reference_page', '2026-07-10');
INSERT INTO sources (entity_key, label, url, provider, source_kind, accessed) VALUES ('house:house-stark', 'A Wiki of Ice and Fire — House Stark', 'https://awoiaf.westeros.org/index.php/House_Stark', 'A Wiki of Ice and Fire', 'reference_page', '2026-07-10');
INSERT INTO media (entity_key, local_path, provider, source_page, asset_url, media_kind, uncertain, metadata_json) VALUES ('house:house-stark', '/images/houses/house-stark.webp', 'A Wiki of Ice and Fire', 'https://awoiaf.westeros.org/index.php/House_Stark', 'https://awoiaf.westeros.org/images/thumb/7/7e/House_Stark.svg/1200px-House_Stark.svg.png', 'wiki_sigil', 0, '{"provider":"A Wiki of Ice and Fire","kind":"wiki_sigil","match":"exact_page_title","uncertain":false,"url":"https://awoiaf.westeros.org/index.php/House_Stark","assetUrl":"https://awoiaf.westeros.org/images/thumb/7/7e/House_Stark.svg/1200px-House_Stark.svg.png","accessed":"2026-07-10","originalSha256":"ad5c5956c2f9c176b0c370d1a0720fa66ff74237eeed46270b41a2ff0a911825","derivativeSha256":"cf4fd6327c5560bb989bb5a03c16ad6d12124c1cee63b5554d9a2bde00922e5b","width":1200,"height":900,"presentation":"proportional_resize_with_padding"}');
INSERT INTO entities_fts (entity_key, name, aliases, type) VALUES ('house:house-stark', 'House Stark', '', 'house');
INSERT INTO houses (entity_key, region, words, coat_of_arms, seats_json, color) VALUES ('house:house-stark', 'The North', 'Winter is Coming', 'A running grey direwolf, on an ice-white field', '["Scattered (formerly Winterfell)","Winterfell"]', '#889198');
INSERT INTO entities (entity_key, id, type, name, description, status, verification, raw_json) VALUES ('house:house-baratheon', 'house-baratheon', 'house', 'House Baratheon', 'A black crowned stag, on a gold field(Or, a stag salient, crowned, sable)', NULL, 'single_source_curated', '{"id":"house-baratheon","apiId":17,"name":"House Baratheon","slug":"house-baratheon","region":"Stormlands","coatOfArms":"A black crowned stag, on a gold field(Or, a stag salient, crowned, sable)","words":"Ours is the Fury","titles":["Lord of the Seven Kingdoms","Lord of Dragonstone","King of Westeros","Lord of Storm''s End","Lord Paramount of the Stormlands"],"seats":["King''s Landing","Dragonstone","Storm''s End","Dragonstone (House Baratheon of Dragonstone)"],"currentLord":"tommen-baratheon","heir":"myrcella-baratheon","overlord":null,"founded":"1 AC","founder":null,"diedOut":null,"ancestralWeapons":[],"cadetBranches":[],"swornMembers":["api-character-1319","api-character-1826","api-character-1925","api-character-216","borros-baratheon","gendry","lyonel-baratheon","myrcella-baratheon","renly-baratheon","robert-baratheon","selyse-baratheon","shireen-baratheon","stannis-baratheon","tommen-baratheon"],"show":["house-of-the-dragon","a-knight-of-the-seven-kingdoms","game-of-thrones"],"sources":[{"label":"An API of Ice and Fire — house 16","url":"https://anapioficeandfire.com/api/houses/16","provider":"An API of Ice and Fire","kind":"structured_database","accessed":"2026-07-10"},{"label":"An API of Ice and Fire — house 15","url":"https://anapioficeandfire.com/api/houses/15","provider":"An API of Ice and Fire","kind":"structured_database","accessed":"2026-07-10"},{"label":"An API of Ice and Fire — house 17","url":"https://anapioficeandfire.com/api/houses/17","provider":"An API of Ice and Fire","kind":"structured_database","accessed":"2026-07-10"},{"label":"Wiki of Westeros — House Baratheon","url":"https://gameofthrones.fandom.com/wiki/House_Baratheon","provider":"Wiki of Westeros","kind":"reference_page","accessed":"2026-07-10"},{"label":"A Wiki of Ice and Fire — House Baratheon","url":"https://awoiaf.westeros.org/index.php/House_Baratheon","provider":"A Wiki of Ice and Fire","kind":"reference_page","accessed":"2026-07-10"}],"verification":"single_source_curated","image":"/images/houses/house-baratheon.webp","imageSource":{"provider":"A Wiki of Ice and Fire","kind":"wiki_sigil","match":"exact_page_title","uncertain":false,"url":"https://awoiaf.westeros.org/index.php/House_Baratheon","assetUrl":"https://awoiaf.westeros.org/images/thumb/2/2d/House_Baratheon.svg/500px-House_Baratheon.svg.png","accessed":"2026-07-10","originalSha256":"2019c39b51133fad833a0f66072b4238521c5d299a8b7f6477096b59f9ef0f6d","derivativeSha256":"2e3d6370d3312ea33fc7a78fbf9094783c0dbd5ac8801cddf5807ff71a96ef1d","width":1200,"height":900,"presentation":"proportional_resize_with_padding"},"seat":"Storm''s End","color":"#d7ad32","legacyIds":["api-house-17","api-house-15","api-house-16"],"canonicalName":"House Baratheon","aliases":["House Baratheon of Storm''s End","House Baratheon of Dragonstone","House Baratheon of King''s Landing"],"branchNames":["House Baratheon of Storm''s End","House Baratheon of Dragonstone","House Baratheon of King''s Landing"],"presence":[]}');
INSERT INTO aliases (entity_key, alias) VALUES ('house:house-baratheon', 'House Baratheon of Storm''s End');
INSERT INTO aliases (entity_key, alias) VALUES ('house:house-baratheon', 'House Baratheon of Dragonstone');
INSERT INTO aliases (entity_key, alias) VALUES ('house:house-baratheon', 'House Baratheon of King''s Landing');
INSERT INTO appearances (entity_key, show_id, presence_kind, first_reference, details_json) VALUES ('house:house-baratheon', 'house-of-the-dragon', 'listed', NULL, '{"show":"house-of-the-dragon","kind":"listed"}');
INSERT INTO appearances (entity_key, show_id, presence_kind, first_reference, details_json) VALUES ('house:house-baratheon', 'a-knight-of-the-seven-kingdoms', 'listed', NULL, '{"show":"a-knight-of-the-seven-kingdoms","kind":"listed"}');
INSERT INTO appearances (entity_key, show_id, presence_kind, first_reference, details_json) VALUES ('house:house-baratheon', 'game-of-thrones', 'listed', NULL, '{"show":"game-of-thrones","kind":"listed"}');
INSERT INTO sources (entity_key, label, url, provider, source_kind, accessed) VALUES ('house:house-baratheon', 'An API of Ice and Fire — house 16', 'https://anapioficeandfire.com/api/houses/16', 'An API of Ice and Fire', 'structured_database', '2026-07-10');
INSERT INTO sources (entity_key, label, url, provider, source_kind, accessed) VALUES ('house:house-baratheon', 'An API of Ice and Fire — house 15', 'https://anapioficeandfire.com/api/houses/15', 'An API of Ice and Fire', 'structured_database', '2026-07-10');
INSERT INTO sources (entity_key, label, url, provider, source_kind, accessed) VALUES ('house:house-baratheon', 'An API of Ice and Fire — house 17', 'https://anapioficeandfire.com/api/houses/17', 'An API of Ice and Fire', 'structured_database', '2026-07-10');
INSERT INTO sources (entity_key, label, url, provider, source_kind, accessed) VALUES ('house:house-baratheon', 'Wiki of Westeros — House Baratheon', 'https://gameofthrones.fandom.com/wiki/House_Baratheon', 'Wiki of Westeros', 'reference_page', '2026-07-10');
INSERT INTO sources (entity_key, label, url, provider, source_kind, accessed) VALUES ('house:house-baratheon', 'A Wiki of Ice and Fire — House Baratheon', 'https://awoiaf.westeros.org/index.php/House_Baratheon', 'A Wiki of Ice and Fire', 'reference_page', '2026-07-10');
INSERT INTO media (entity_key, local_path, provider, source_page, asset_url, media_kind, uncertain, metadata_json) VALUES ('house:house-baratheon', '/images/houses/house-baratheon.webp', 'A Wiki of Ice and Fire', 'https://awoiaf.westeros.org/index.php/House_Baratheon', 'https://awoiaf.westeros.org/images/thumb/2/2d/House_Baratheon.svg/500px-House_Baratheon.svg.png', 'wiki_sigil', 0, '{"provider":"A Wiki of Ice and Fire","kind":"wiki_sigil","match":"exact_page_title","uncertain":false,"url":"https://awoiaf.westeros.org/index.php/House_Baratheon","assetUrl":"https://awoiaf.westeros.org/images/thumb/2/2d/House_Baratheon.svg/500px-House_Baratheon.svg.png","accessed":"2026-07-10","originalSha256":"2019c39b51133fad833a0f66072b4238521c5d299a8b7f6477096b59f9ef0f6d","derivativeSha256":"2e3d6370d3312ea33fc7a78fbf9094783c0dbd5ac8801cddf5807ff71a96ef1d","width":1200,"height":900,"presentation":"proportional_resize_with_padding"}');
INSERT INTO entities_fts (entity_key, name, aliases, type) VALUES ('house:house-baratheon', 'House Baratheon', 'House Baratheon of Storm''s End House Baratheon of Dragonstone House Baratheon of King''s Landing', 'house');
INSERT INTO houses (entity_key, region, words, coat_of_arms, seats_json, color) VALUES ('house:house-baratheon', 'Stormlands', 'Ours is the Fury', 'A black crowned stag, on a gold field(Or, a stag salient, crowned, sable)', '["King''s Landing","Dragonstone","Storm''s End","Dragonstone (House Baratheon of Dragonstone)"]', '#d7ad32');
INSERT INTO entities (entity_key, id, type, name, description, status, verification, raw_json) VALUES ('house:house-martell', 'house-martell', 'house', 'House Martell', NULL, NULL, 'single_source_curated', '{"id":"house-martell","name":"House Martell","slug":"house-martell","words":"Unbowed, Unbent, Unbroken","region":"Dorne","seat":"Sunspear","color":"#d76b2d","show":["a-knight-of-the-seven-kingdoms","game-of-thrones"],"sources":[{"label":"Wiki of Westeros — House Martell","url":"https://gameofthrones.fandom.com/wiki/House_Martell","provider":"Wiki of Westeros","kind":"reference_page","accessed":"2026-07-10"},{"label":"A Wiki of Ice and Fire — House Martell","url":"https://awoiaf.westeros.org/index.php/House_Martell","provider":"A Wiki of Ice and Fire","kind":"reference_page","accessed":"2026-07-10"}],"verification":"single_source_curated","apiId":null,"seats":["Sunspear"],"image":"/images/houses/house-martell.webp","imageSource":{"provider":"A Wiki of Ice and Fire","kind":"wiki_sigil","match":"exact_page_title","uncertain":false,"url":"https://awoiaf.westeros.org/index.php/House_Martell","assetUrl":"https://awoiaf.westeros.org/images/thumb/6/60/House_Martell.svg/1200px-House_Martell.svg.png","accessed":"2026-07-10","originalSha256":"ec0693bdb81682ceee3c07cfa32327870b4f31966438d30dc8475fbcab3f9fbd","derivativeSha256":"819b42a73ff06154ea2cba86bf1098ec00f9612ca6b645dd305f53853a3ac521","width":1200,"height":900,"presentation":"proportional_resize_with_padding"},"legacyIds":[],"aliases":[],"presence":[],"currentLord":null,"heir":null,"founder":null,"overlord":null,"cadetBranches":[],"swornMembers":["elia-martell","myriah-martell"]}');
INSERT INTO appearances (entity_key, show_id, presence_kind, first_reference, details_json) VALUES ('house:house-martell', 'a-knight-of-the-seven-kingdoms', 'listed', NULL, '{"show":"a-knight-of-the-seven-kingdoms","kind":"listed"}');
INSERT INTO appearances (entity_key, show_id, presence_kind, first_reference, details_json) VALUES ('house:house-martell', 'game-of-thrones', 'listed', NULL, '{"show":"game-of-thrones","kind":"listed"}');
INSERT INTO sources (entity_key, label, url, provider, source_kind, accessed) VALUES ('house:house-martell', 'Wiki of Westeros — House Martell', 'https://gameofthrones.fandom.com/wiki/House_Martell', 'Wiki of Westeros', 'reference_page', '2026-07-10');
INSERT INTO sources (entity_key, label, url, provider, source_kind, accessed) VALUES ('house:house-martell', 'A Wiki of Ice and Fire — House Martell', 'https://awoiaf.westeros.org/index.php/House_Martell', 'A Wiki of Ice and Fire', 'reference_page', '2026-07-10');
INSERT INTO media (entity_key, local_path, provider, source_page, asset_url, media_kind, uncertain, metadata_json) VALUES ('house:house-martell', '/images/houses/house-martell.webp', 'A Wiki of Ice and Fire', 'https://awoiaf.westeros.org/index.php/House_Martell', 'https://awoiaf.westeros.org/images/thumb/6/60/House_Martell.svg/1200px-House_Martell.svg.png', 'wiki_sigil', 0, '{"provider":"A Wiki of Ice and Fire","kind":"wiki_sigil","match":"exact_page_title","uncertain":false,"url":"https://awoiaf.westeros.org/index.php/House_Martell","assetUrl":"https://awoiaf.westeros.org/images/thumb/6/60/House_Martell.svg/1200px-House_Martell.svg.png","accessed":"2026-07-10","originalSha256":"ec0693bdb81682ceee3c07cfa32327870b4f31966438d30dc8475fbcab3f9fbd","derivativeSha256":"819b42a73ff06154ea2cba86bf1098ec00f9612ca6b645dd305f53853a3ac521","width":1200,"height":900,"presentation":"proportional_resize_with_padding"}');
INSERT INTO entities_fts (entity_key, name, aliases, type) VALUES ('house:house-martell', 'House Martell', '', 'house');
INSERT INTO houses (entity_key, region, words, coat_of_arms, seats_json, color) VALUES ('house:house-martell', 'Dorne', 'Unbowed, Unbent, Unbroken', NULL, '["Sunspear"]', '#d76b2d');
INSERT INTO entities (entity_key, id, type, name, description, status, verification, raw_json) VALUES ('house:house-arryn', 'house-arryn', 'house', 'House Arryn', 'A sky-blue falcon soaring against a white moon, on a sky-blue field(Bleu celeste, upon a plate a falcon volant of the field)', NULL, 'single_source_curated', '{"id":"house-arryn","apiId":7,"name":"House Arryn","slug":"house-arryn","region":"The Vale","coatOfArms":"A sky-blue falcon soaring against a white moon, on a sky-blue field(Bleu celeste, upon a plate a falcon volant of the field)","words":"As High as Honor","titles":["King of Mountain and Vale (formerly)","Lord of the Eyrie","Defender of the Vale","Warden of the East"],"seats":["Gulltown","The Eyrie (summer)","Gates of the Moon (winter)","The Eyrie"],"currentLord":"api-character-894","heir":null,"overlord":"house-baratheon","founded":"Coming of the Andals","founder":null,"diedOut":null,"ancestralWeapons":[],"cadetBranches":[],"swornMembers":["aemma-arryn","api-character-1068","api-character-1715","api-character-223","api-character-572","api-character-688","api-character-894","jeyne-arryn"],"show":["house-of-the-dragon","game-of-thrones"],"sources":[{"label":"An API of Ice and Fire — house 6","url":"https://anapioficeandfire.com/api/houses/6","provider":"An API of Ice and Fire","kind":"structured_database","accessed":"2026-07-10"},{"label":"An API of Ice and Fire — house 7","url":"https://anapioficeandfire.com/api/houses/7","provider":"An API of Ice and Fire","kind":"structured_database","accessed":"2026-07-10"},{"label":"Wiki of Westeros — House Arryn","url":"https://gameofthrones.fandom.com/wiki/House_Arryn","provider":"Wiki of Westeros","kind":"reference_page","accessed":"2026-07-10"},{"label":"A Wiki of Ice and Fire — House Arryn","url":"https://awoiaf.westeros.org/index.php/House_Arryn","provider":"A Wiki of Ice and Fire","kind":"reference_page","accessed":"2026-07-10"}],"verification":"single_source_curated","image":"/images/houses/house-arryn.webp","imageSource":{"provider":"A Wiki of Ice and Fire","kind":"wiki_sigil","match":"exact_page_title","uncertain":false,"url":"https://awoiaf.westeros.org/index.php/House_Arryn","assetUrl":"https://awoiaf.westeros.org/images/thumb/b/b4/House_Arryn.svg/500px-House_Arryn.svg.png","accessed":"2026-07-10","originalSha256":"d1425c5ed7c4adc574854a016e42755fe751d28b7ccd3cf55968044e32b41d27","derivativeSha256":"b6daadc1f6eb41a1d244a820dd0763f7cb2a63358a28cf1c86269da6ce63bb6b","width":1200,"height":900,"presentation":"proportional_resize_with_padding"},"seat":"The Eyrie","color":"#6c92b7","legacyIds":["api-house-7","api-house-6"],"canonicalName":"House Arryn","aliases":["House Arryn of the Eyrie","House Arryn of Gulltown"],"branchNames":["House Arryn of the Eyrie","House Arryn of Gulltown"],"presence":[]}');
INSERT INTO aliases (entity_key, alias) VALUES ('house:house-arryn', 'House Arryn of the Eyrie');
INSERT INTO aliases (entity_key, alias) VALUES ('house:house-arryn', 'House Arryn of Gulltown');
INSERT INTO appearances (entity_key, show_id, presence_kind, first_reference, details_json) VALUES ('house:house-arryn', 'house-of-the-dragon', 'listed', NULL, '{"show":"house-of-the-dragon","kind":"listed"}');
INSERT INTO appearances (entity_key, show_id, presence_kind, first_reference, details_json) VALUES ('house:house-arryn', 'game-of-thrones', 'listed', NULL, '{"show":"game-of-thrones","kind":"listed"}');
INSERT INTO sources (entity_key, label, url, provider, source_kind, accessed) VALUES ('house:house-arryn', 'An API of Ice and Fire — house 6', 'https://anapioficeandfire.com/api/houses/6', 'An API of Ice and Fire', 'structured_database', '2026-07-10');
INSERT INTO sources (entity_key, label, url, provider, source_kind, accessed) VALUES ('house:house-arryn', 'An API of Ice and Fire — house 7', 'https://anapioficeandfire.com/api/houses/7', 'An API of Ice and Fire', 'structured_database', '2026-07-10');
INSERT INTO sources (entity_key, label, url, provider, source_kind, accessed) VALUES ('house:house-arryn', 'Wiki of Westeros — House Arryn', 'https://gameofthrones.fandom.com/wiki/House_Arryn', 'Wiki of Westeros', 'reference_page', '2026-07-10');
INSERT INTO sources (entity_key, label, url, provider, source_kind, accessed) VALUES ('house:house-arryn', 'A Wiki of Ice and Fire — House Arryn', 'https://awoiaf.westeros.org/index.php/House_Arryn', 'A Wiki of Ice and Fire', 'reference_page', '2026-07-10');
INSERT INTO media (entity_key, local_path, provider, source_page, asset_url, media_kind, uncertain, metadata_json) VALUES ('house:house-arryn', '/images/houses/house-arryn.webp', 'A Wiki of Ice and Fire', 'https://awoiaf.westeros.org/index.php/House_Arryn', 'https://awoiaf.westeros.org/images/thumb/b/b4/House_Arryn.svg/500px-House_Arryn.svg.png', 'wiki_sigil', 0, '{"provider":"A Wiki of Ice and Fire","kind":"wiki_sigil","match":"exact_page_title","uncertain":false,"url":"https://awoiaf.westeros.org/index.php/House_Arryn","assetUrl":"https://awoiaf.westeros.org/images/thumb/b/b4/House_Arryn.svg/500px-House_Arryn.svg.png","accessed":"2026-07-10","originalSha256":"d1425c5ed7c4adc574854a016e42755fe751d28b7ccd3cf55968044e32b41d27","derivativeSha256":"b6daadc1f6eb41a1d244a820dd0763f7cb2a63358a28cf1c86269da6ce63bb6b","width":1200,"height":900,"presentation":"proportional_resize_with_padding"}');
INSERT INTO entities_fts (entity_key, name, aliases, type) VALUES ('house:house-arryn', 'House Arryn', 'House Arryn of the Eyrie House Arryn of Gulltown', 'house');
INSERT INTO houses (entity_key, region, words, coat_of_arms, seats_json, color) VALUES ('house:house-arryn', 'The Vale', 'As High as Honor', 'A sky-blue falcon soaring against a white moon, on a sky-blue field(Bleu celeste, upon a plate a falcon volant of the field)', '["Gulltown","The Eyrie (summer)","Gates of the Moon (winter)","The Eyrie"]', '#6c92b7');
INSERT INTO entities (entity_key, id, type, name, description, status, verification, raw_json) VALUES ('house:house-strong', 'house-strong', 'house', 'House Strong', 'A tripartite pale, blue, red, and green, on a white field(Argent, a pale tierced per pale azure, gules, and vert)', NULL, 'single_source_curated', '{"id":"house-strong","apiId":369,"name":"House Strong","slug":"house-strong","region":"Riverlands","coatOfArms":"A tripartite pale, blue, red, and green, on a white field(Argent, a pale tierced per pale azure, gules, and vert)","words":null,"titles":["Lord of Harrenhal"],"seats":["Harrenhal"],"currentLord":null,"heir":null,"overlord":"house-tully","founded":null,"founder":null,"diedOut":"131 AC","ancestralWeapons":[],"cadetBranches":[],"swornMembers":["harwin-strong","larys-strong","lyonel-strong"],"show":["house-of-the-dragon"],"sources":[{"label":"An API of Ice and Fire — house 369","url":"https://anapioficeandfire.com/api/houses/369","provider":"An API of Ice and Fire","kind":"structured_database","accessed":"2026-07-10"},{"label":"Wiki of Westeros — House Strong","url":"https://gameofthrones.fandom.com/wiki/House_Strong","provider":"Wiki of Westeros","kind":"reference_page","accessed":"2026-07-10"},{"label":"A Wiki of Ice and Fire — House Strong","url":"https://awoiaf.westeros.org/index.php/House_Strong","provider":"A Wiki of Ice and Fire","kind":"reference_page","accessed":"2026-07-10"}],"verification":"single_source_curated","image":"/images/houses/house-strong.webp","imageSource":{"provider":"A Wiki of Ice and Fire","kind":"wiki_sigil","match":"exact_page_title","uncertain":false,"url":"https://awoiaf.westeros.org/index.php/House_Strong","assetUrl":"https://awoiaf.westeros.org/images/thumb/3/36/House_Strong.svg/1200px-House_Strong.svg.png","accessed":"2026-07-10","originalSha256":"7d24c79935bca4541cb0a8227535c1a69b22308096bdb5aeb8bff55e5a4593e8","derivativeSha256":"aba970704280a87ae49393321c100f0997fe640329d78937198e6ffcaa986255","width":1200,"height":900,"presentation":"proportional_resize_with_padding"},"seat":"Harrenhal","color":"#756c58","legacyIds":["api-house-369"],"aliases":[],"presence":[]}');
INSERT INTO appearances (entity_key, show_id, presence_kind, first_reference, details_json) VALUES ('house:house-strong', 'house-of-the-dragon', 'listed', NULL, '{"show":"house-of-the-dragon","kind":"listed"}');
INSERT INTO sources (entity_key, label, url, provider, source_kind, accessed) VALUES ('house:house-strong', 'An API of Ice and Fire — house 369', 'https://anapioficeandfire.com/api/houses/369', 'An API of Ice and Fire', 'structured_database', '2026-07-10');
INSERT INTO sources (entity_key, label, url, provider, source_kind, accessed) VALUES ('house:house-strong', 'Wiki of Westeros — House Strong', 'https://gameofthrones.fandom.com/wiki/House_Strong', 'Wiki of Westeros', 'reference_page', '2026-07-10');
INSERT INTO sources (entity_key, label, url, provider, source_kind, accessed) VALUES ('house:house-strong', 'A Wiki of Ice and Fire — House Strong', 'https://awoiaf.westeros.org/index.php/House_Strong', 'A Wiki of Ice and Fire', 'reference_page', '2026-07-10');
INSERT INTO media (entity_key, local_path, provider, source_page, asset_url, media_kind, uncertain, metadata_json) VALUES ('house:house-strong', '/images/houses/house-strong.webp', 'A Wiki of Ice and Fire', 'https://awoiaf.westeros.org/index.php/House_Strong', 'https://awoiaf.westeros.org/images/thumb/3/36/House_Strong.svg/1200px-House_Strong.svg.png', 'wiki_sigil', 0, '{"provider":"A Wiki of Ice and Fire","kind":"wiki_sigil","match":"exact_page_title","uncertain":false,"url":"https://awoiaf.westeros.org/index.php/House_Strong","assetUrl":"https://awoiaf.westeros.org/images/thumb/3/36/House_Strong.svg/1200px-House_Strong.svg.png","accessed":"2026-07-10","originalSha256":"7d24c79935bca4541cb0a8227535c1a69b22308096bdb5aeb8bff55e5a4593e8","derivativeSha256":"aba970704280a87ae49393321c100f0997fe640329d78937198e6ffcaa986255","width":1200,"height":900,"presentation":"proportional_resize_with_padding"}');
INSERT INTO entities_fts (entity_key, name, aliases, type) VALUES ('house:house-strong', 'House Strong', '', 'house');
INSERT INTO houses (entity_key, region, words, coat_of_arms, seats_json, color) VALUES ('house:house-strong', 'Riverlands', NULL, 'A tripartite pale, blue, red, and green, on a white field(Argent, a pale tierced per pale azure, gules, and vert)', '["Harrenhal"]', '#756c58');
INSERT INTO entities (entity_key, id, type, name, description, status, verification, raw_json) VALUES ('house:house-blackfyre', 'house-blackfyre', 'house', 'House Blackfyre', 'Gules, a three headed dragon breathing flames sable', NULL, 'single_source_curated', '{"id":"house-blackfyre","apiId":23,"name":"House Blackfyre","slug":"house-blackfyre","region":null,"coatOfArms":"Gules, a three headed dragon breathing flames sable","words":null,"titles":[],"seats":[],"currentLord":null,"heir":null,"overlord":"house-targaryen","founded":"184 AC","founder":"daemon-blackfyre","diedOut":"260 AC","ancestralWeapons":["Blackfyre"],"cadetBranches":[],"swornMembers":["daemon-blackfyre"],"show":["a-knight-of-the-seven-kingdoms"],"sources":[{"label":"An API of Ice and Fire — house 23","url":"https://anapioficeandfire.com/api/houses/23","provider":"An API of Ice and Fire","kind":"structured_database","accessed":"2026-07-10"},{"label":"Wiki of Westeros — House Blackfyre","url":"https://gameofthrones.fandom.com/wiki/House_Blackfyre","provider":"Wiki of Westeros","kind":"reference_page","accessed":"2026-07-10"},{"label":"A Wiki of Ice and Fire — House Blackfyre","url":"https://awoiaf.westeros.org/index.php/House_Blackfyre","provider":"A Wiki of Ice and Fire","kind":"reference_page","accessed":"2026-07-10"}],"verification":"single_source_curated","image":"/images/houses/house-blackfyre.webp","imageSource":{"provider":"A Wiki of Ice and Fire","kind":"wiki_sigil","match":"exact_page_title","uncertain":false,"url":"https://awoiaf.westeros.org/index.php/House_Blackfyre","assetUrl":"https://awoiaf.westeros.org/images/thumb/a/a3/House_Blackfyre_2.svg/500px-House_Blackfyre_2.svg.png","accessed":"2026-07-10","originalSha256":"daa8f7bf59b4590ed1b6d62f340312150fd6a3dbc87dd6b1df003be4d8e4e101","derivativeSha256":"17aa19c86ee01c8fd65985aa1b4b762bade0501ab6e00f0a0302d24d4bdb0c52","width":1200,"height":900,"presentation":"proportional_resize_with_padding"},"seat":null,"color":"#171717","legacyIds":["api-house-23"],"aliases":[],"presence":[]}');
INSERT INTO appearances (entity_key, show_id, presence_kind, first_reference, details_json) VALUES ('house:house-blackfyre', 'a-knight-of-the-seven-kingdoms', 'listed', NULL, '{"show":"a-knight-of-the-seven-kingdoms","kind":"listed"}');
INSERT INTO sources (entity_key, label, url, provider, source_kind, accessed) VALUES ('house:house-blackfyre', 'An API of Ice and Fire — house 23', 'https://anapioficeandfire.com/api/houses/23', 'An API of Ice and Fire', 'structured_database', '2026-07-10');
INSERT INTO sources (entity_key, label, url, provider, source_kind, accessed) VALUES ('house:house-blackfyre', 'Wiki of Westeros — House Blackfyre', 'https://gameofthrones.fandom.com/wiki/House_Blackfyre', 'Wiki of Westeros', 'reference_page', '2026-07-10');
INSERT INTO sources (entity_key, label, url, provider, source_kind, accessed) VALUES ('house:house-blackfyre', 'A Wiki of Ice and Fire — House Blackfyre', 'https://awoiaf.westeros.org/index.php/House_Blackfyre', 'A Wiki of Ice and Fire', 'reference_page', '2026-07-10');
INSERT INTO media (entity_key, local_path, provider, source_page, asset_url, media_kind, uncertain, metadata_json) VALUES ('house:house-blackfyre', '/images/houses/house-blackfyre.webp', 'A Wiki of Ice and Fire', 'https://awoiaf.westeros.org/index.php/House_Blackfyre', 'https://awoiaf.westeros.org/images/thumb/a/a3/House_Blackfyre_2.svg/500px-House_Blackfyre_2.svg.png', 'wiki_sigil', 0, '{"provider":"A Wiki of Ice and Fire","kind":"wiki_sigil","match":"exact_page_title","uncertain":false,"url":"https://awoiaf.westeros.org/index.php/House_Blackfyre","assetUrl":"https://awoiaf.westeros.org/images/thumb/a/a3/House_Blackfyre_2.svg/500px-House_Blackfyre_2.svg.png","accessed":"2026-07-10","originalSha256":"daa8f7bf59b4590ed1b6d62f340312150fd6a3dbc87dd6b1df003be4d8e4e101","derivativeSha256":"17aa19c86ee01c8fd65985aa1b4b762bade0501ab6e00f0a0302d24d4bdb0c52","width":1200,"height":900,"presentation":"proportional_resize_with_padding"}');
INSERT INTO entities_fts (entity_key, name, aliases, type) VALUES ('house:house-blackfyre', 'House Blackfyre', '', 'house');
INSERT INTO houses (entity_key, region, words, coat_of_arms, seats_json, color) VALUES ('house:house-blackfyre', NULL, NULL, 'Gules, a three headed dragon breathing flames sable', '[]', '#171717');
INSERT INTO entities (entity_key, id, type, name, description, status, verification, raw_json) VALUES ('house:house-lannister', 'house-lannister', 'house', 'House Lannister', 'A gold lion, on a crimson field(Gules, a lion or)', NULL, 'single_source_curated', '{"id":"house-lannister","apiId":229,"name":"House Lannister","slug":"house-lannister","region":"Westerlands","coatOfArms":"A gold lion, on a crimson field(Gules, a lion or)","words":"Hear Me Roar!","titles":["Lord of Darry","King of the Rock (formerly)","Lord of Casterly Rock","Shield of Lannisport","Warden of the West"],"seats":["Lannisport","Darry","Casterly Rock"],"currentLord":"cersei-lannister","heir":null,"overlord":"house-baratheon","founded":"Age of Heroes","founder":null,"diedOut":null,"ancestralWeapons":["Brightroar"],"cadetBranches":[],"swornMembers":["api-character-115","api-character-1826","api-character-1848","api-character-605","api-character-613","api-character-725","cersei-lannister","gregor-clegane","jaime-lannister","jason-lannister","joffrey-baratheon","myrcella-baratheon","sandor-clegane","tommen-baratheon","tyland-lannister","tyrion-lannister","tywin-lannister"],"show":["house-of-the-dragon","game-of-thrones"],"sources":[{"label":"An API of Ice and Fire — house 231","url":"https://anapioficeandfire.com/api/houses/231","provider":"An API of Ice and Fire","kind":"structured_database","accessed":"2026-07-10"},{"label":"An API of Ice and Fire — house 230","url":"https://anapioficeandfire.com/api/houses/230","provider":"An API of Ice and Fire","kind":"structured_database","accessed":"2026-07-10"},{"label":"An API of Ice and Fire — house 229","url":"https://anapioficeandfire.com/api/houses/229","provider":"An API of Ice and Fire","kind":"structured_database","accessed":"2026-07-10"},{"label":"Wiki of Westeros — House Lannister","url":"https://gameofthrones.fandom.com/wiki/House_Lannister","provider":"Wiki of Westeros","kind":"reference_page","accessed":"2026-07-10"},{"label":"A Wiki of Ice and Fire — House Lannister","url":"https://awoiaf.westeros.org/index.php/House_Lannister","provider":"A Wiki of Ice and Fire","kind":"reference_page","accessed":"2026-07-10"}],"verification":"single_source_curated","image":"/images/houses/house-lannister.webp","imageSource":{"provider":"A Wiki of Ice and Fire","kind":"wiki_sigil","match":"exact_page_title","uncertain":false,"url":"https://awoiaf.westeros.org/index.php/House_Lannister","assetUrl":"https://awoiaf.westeros.org/images/thumb/d/d5/House_Lannister.svg/500px-House_Lannister.svg.png","accessed":"2026-07-10","originalSha256":"98a91fc2e6a050f849de583906c53651d7176a94d58058d943d64fe7541a3b28","derivativeSha256":"13b19dd472be0ba879e3106c98fe15c389ce291d58013084c1699f016b058334","width":1200,"height":900,"presentation":"proportional_resize_with_padding"},"seat":"Casterly Rock","color":"#ae2d32","legacyIds":["api-house-229","api-house-230","api-house-231"],"canonicalName":"House Lannister","aliases":["House Lannister of Casterly Rock","House Lannister of Darry","House Lannister of Lannisport"],"branchNames":["House Lannister of Casterly Rock","House Lannister of Darry","House Lannister of Lannisport"],"presence":[]}');
INSERT INTO aliases (entity_key, alias) VALUES ('house:house-lannister', 'House Lannister of Casterly Rock');
INSERT INTO aliases (entity_key, alias) VALUES ('house:house-lannister', 'House Lannister of Darry');
INSERT INTO aliases (entity_key, alias) VALUES ('house:house-lannister', 'House Lannister of Lannisport');
INSERT INTO appearances (entity_key, show_id, presence_kind, first_reference, details_json) VALUES ('house:house-lannister', 'house-of-the-dragon', 'listed', NULL, '{"show":"house-of-the-dragon","kind":"listed"}');
INSERT INTO appearances (entity_key, show_id, presence_kind, first_reference, details_json) VALUES ('house:house-lannister', 'game-of-thrones', 'listed', NULL, '{"show":"game-of-thrones","kind":"listed"}');
INSERT INTO sources (entity_key, label, url, provider, source_kind, accessed) VALUES ('house:house-lannister', 'An API of Ice and Fire — house 231', 'https://anapioficeandfire.com/api/houses/231', 'An API of Ice and Fire', 'structured_database', '2026-07-10');
INSERT INTO sources (entity_key, label, url, provider, source_kind, accessed) VALUES ('house:house-lannister', 'An API of Ice and Fire — house 230', 'https://anapioficeandfire.com/api/houses/230', 'An API of Ice and Fire', 'structured_database', '2026-07-10');
INSERT INTO sources (entity_key, label, url, provider, source_kind, accessed) VALUES ('house:house-lannister', 'An API of Ice and Fire — house 229', 'https://anapioficeandfire.com/api/houses/229', 'An API of Ice and Fire', 'structured_database', '2026-07-10');
INSERT INTO sources (entity_key, label, url, provider, source_kind, accessed) VALUES ('house:house-lannister', 'Wiki of Westeros — House Lannister', 'https://gameofthrones.fandom.com/wiki/House_Lannister', 'Wiki of Westeros', 'reference_page', '2026-07-10');
INSERT INTO sources (entity_key, label, url, provider, source_kind, accessed) VALUES ('house:house-lannister', 'A Wiki of Ice and Fire — House Lannister', 'https://awoiaf.westeros.org/index.php/House_Lannister', 'A Wiki of Ice and Fire', 'reference_page', '2026-07-10');
INSERT INTO media (entity_key, local_path, provider, source_page, asset_url, media_kind, uncertain, metadata_json) VALUES ('house:house-lannister', '/images/houses/house-lannister.webp', 'A Wiki of Ice and Fire', 'https://awoiaf.westeros.org/index.php/House_Lannister', 'https://awoiaf.westeros.org/images/thumb/d/d5/House_Lannister.svg/500px-House_Lannister.svg.png', 'wiki_sigil', 0, '{"provider":"A Wiki of Ice and Fire","kind":"wiki_sigil","match":"exact_page_title","uncertain":false,"url":"https://awoiaf.westeros.org/index.php/House_Lannister","assetUrl":"https://awoiaf.westeros.org/images/thumb/d/d5/House_Lannister.svg/500px-House_Lannister.svg.png","accessed":"2026-07-10","originalSha256":"98a91fc2e6a050f849de583906c53651d7176a94d58058d943d64fe7541a3b28","derivativeSha256":"13b19dd472be0ba879e3106c98fe15c389ce291d58013084c1699f016b058334","width":1200,"height":900,"presentation":"proportional_resize_with_padding"}');
INSERT INTO entities_fts (entity_key, name, aliases, type) VALUES ('house:house-lannister', 'House Lannister', 'House Lannister of Casterly Rock House Lannister of Darry House Lannister of Lannisport', 'house');
INSERT INTO houses (entity_key, region, words, coat_of_arms, seats_json, color) VALUES ('house:house-lannister', 'Westerlands', 'Hear Me Roar!', 'A gold lion, on a crimson field(Gules, a lion or)', '["Lannisport","Darry","Casterly Rock"]', '#ae2d32');
INSERT INTO entities (entity_key, id, type, name, description, status, verification, raw_json) VALUES ('house:house-dayne', 'house-dayne', 'house', 'House Dayne', 'A white sword and falling star crossed on lilac (Purpure, a blazing star bendways surmounted by a sword bendways sinister argent)', NULL, 'single_source_curated', '{"id":"house-dayne","apiId":99,"name":"House Dayne","slug":"house-dayne","region":"Dorne","coatOfArms":"A white sword and falling star crossed on lilac (Purpure, a blazing star bendways surmounted by a sword bendways sinister argent)","words":null,"titles":["the Knight of High Hermitage","Lord of Starfall","King of the Torrentine (historical)"],"seats":["High Hermitage","Starfall"],"currentLord":null,"heir":null,"overlord":null,"founded":null,"founder":null,"diedOut":null,"ancestralWeapons":["Dawn"],"cadetBranches":[],"swornMembers":["api-character-142"],"show":["a-knight-of-the-seven-kingdoms","game-of-thrones"],"sources":[{"label":"An API of Ice and Fire — house 98","url":"https://anapioficeandfire.com/api/houses/98","provider":"An API of Ice and Fire","kind":"structured_database","accessed":"2026-07-10"},{"label":"An API of Ice and Fire — house 99","url":"https://anapioficeandfire.com/api/houses/99","provider":"An API of Ice and Fire","kind":"structured_database","accessed":"2026-07-10"},{"label":"Wiki of Westeros — House Dayne","url":"https://gameofthrones.fandom.com/wiki/House_Dayne","provider":"Wiki of Westeros","kind":"reference_page","accessed":"2026-07-10"},{"label":"A Wiki of Ice and Fire — House Dayne","url":"https://awoiaf.westeros.org/index.php/House_Dayne","provider":"A Wiki of Ice and Fire","kind":"reference_page","accessed":"2026-07-10"}],"verification":"single_source_curated","image":"/images/houses/house-dayne.webp","imageSource":{"provider":"A Wiki of Ice and Fire","kind":"wiki_sigil","match":"exact_page_title","uncertain":false,"url":"https://awoiaf.westeros.org/index.php/House_Dayne","assetUrl":"https://awoiaf.westeros.org/images/thumb/9/95/House_Dayne.svg/1200px-House_Dayne.svg.png","accessed":"2026-07-10","originalSha256":"82c30c74b7bacb5c4a77d9d1cf6cc7180d596cd7046e1e3993a5065aae58a3ef","derivativeSha256":"284f43cd893541ecf348126eccc8521be5b2452bc896dc27febf7d81bbcd23b9","width":1200,"height":900,"presentation":"proportional_resize_with_padding"},"seat":"Starfall","color":"#8c7cab","legacyIds":["api-house-99","api-house-98"],"canonicalName":"House Dayne","aliases":["House Dayne of Starfall","House Dayne of High Hermitage"],"branchNames":["House Dayne of Starfall","House Dayne of High Hermitage"],"presence":[]}');
INSERT INTO aliases (entity_key, alias) VALUES ('house:house-dayne', 'House Dayne of Starfall');
INSERT INTO aliases (entity_key, alias) VALUES ('house:house-dayne', 'House Dayne of High Hermitage');
INSERT INTO appearances (entity_key, show_id, presence_kind, first_reference, details_json) VALUES ('house:house-dayne', 'a-knight-of-the-seven-kingdoms', 'listed', NULL, '{"show":"a-knight-of-the-seven-kingdoms","kind":"listed"}');
INSERT INTO appearances (entity_key, show_id, presence_kind, first_reference, details_json) VALUES ('house:house-dayne', 'game-of-thrones', 'listed', NULL, '{"show":"game-of-thrones","kind":"listed"}');
INSERT INTO sources (entity_key, label, url, provider, source_kind, accessed) VALUES ('house:house-dayne', 'An API of Ice and Fire — house 98', 'https://anapioficeandfire.com/api/houses/98', 'An API of Ice and Fire', 'structured_database', '2026-07-10');
INSERT INTO sources (entity_key, label, url, provider, source_kind, accessed) VALUES ('house:house-dayne', 'An API of Ice and Fire — house 99', 'https://anapioficeandfire.com/api/houses/99', 'An API of Ice and Fire', 'structured_database', '2026-07-10');
INSERT INTO sources (entity_key, label, url, provider, source_kind, accessed) VALUES ('house:house-dayne', 'Wiki of Westeros — House Dayne', 'https://gameofthrones.fandom.com/wiki/House_Dayne', 'Wiki of Westeros', 'reference_page', '2026-07-10');
INSERT INTO sources (entity_key, label, url, provider, source_kind, accessed) VALUES ('house:house-dayne', 'A Wiki of Ice and Fire — House Dayne', 'https://awoiaf.westeros.org/index.php/House_Dayne', 'A Wiki of Ice and Fire', 'reference_page', '2026-07-10');
INSERT INTO media (entity_key, local_path, provider, source_page, asset_url, media_kind, uncertain, metadata_json) VALUES ('house:house-dayne', '/images/houses/house-dayne.webp', 'A Wiki of Ice and Fire', 'https://awoiaf.westeros.org/index.php/House_Dayne', 'https://awoiaf.westeros.org/images/thumb/9/95/House_Dayne.svg/1200px-House_Dayne.svg.png', 'wiki_sigil', 0, '{"provider":"A Wiki of Ice and Fire","kind":"wiki_sigil","match":"exact_page_title","uncertain":false,"url":"https://awoiaf.westeros.org/index.php/House_Dayne","assetUrl":"https://awoiaf.westeros.org/images/thumb/9/95/House_Dayne.svg/1200px-House_Dayne.svg.png","accessed":"2026-07-10","originalSha256":"82c30c74b7bacb5c4a77d9d1cf6cc7180d596cd7046e1e3993a5065aae58a3ef","derivativeSha256":"284f43cd893541ecf348126eccc8521be5b2452bc896dc27febf7d81bbcd23b9","width":1200,"height":900,"presentation":"proportional_resize_with_padding"}');
INSERT INTO entities_fts (entity_key, name, aliases, type) VALUES ('house:house-dayne', 'House Dayne', 'House Dayne of Starfall House Dayne of High Hermitage', 'house');
INSERT INTO houses (entity_key, region, words, coat_of_arms, seats_json, color) VALUES ('house:house-dayne', 'Dorne', NULL, 'A white sword and falling star crossed on lilac (Purpure, a blazing star bendways surmounted by a sword bendways sinister argent)', '["High Hermitage","Starfall"]', '#8c7cab');
INSERT INTO entities (entity_key, id, type, name, description, status, verification, raw_json) VALUES ('house:house-bolton', 'house-bolton', 'house', 'House Bolton', 'A red flayed man on pink de sang', NULL, 'single_source_curated', '{"id":"house-bolton","apiId":34,"name":"House Bolton","slug":"house-bolton","region":"The North","coatOfArms":"A red flayed man on pink de sang","words":"Our Blades Are Sharp","titles":["Red King (Age of Heroes)","Lord of the Dreadfort","Warden of the North"],"seats":["The Dreadfort"],"currentLord":"roose-bolton","heir":"ramsay-bolton","overlord":"house-baratheon","founded":"Age of Heroes","founder":null,"diedOut":null,"ancestralWeapons":[],"cadetBranches":[],"swornMembers":["api-character-2077","ramsay-bolton","roose-bolton","theon-greyjoy","walda-bolton"],"show":["game-of-thrones"],"sources":[{"label":"An API of Ice and Fire — house 34","url":"https://anapioficeandfire.com/api/houses/34","provider":"An API of Ice and Fire","kind":"structured_database","accessed":"2026-07-10"},{"label":"Wiki of Westeros — House Bolton","url":"https://gameofthrones.fandom.com/wiki/House_Bolton","provider":"Wiki of Westeros","kind":"reference_page","accessed":"2026-07-10"},{"label":"A Wiki of Ice and Fire — House Bolton","url":"https://awoiaf.westeros.org/index.php/House_Bolton","provider":"A Wiki of Ice and Fire","kind":"reference_page","accessed":"2026-07-10"}],"verification":"single_source_curated","image":"/images/houses/house-bolton.webp","imageSource":{"provider":"A Wiki of Ice and Fire","kind":"wiki_sigil","match":"exact_page_title","uncertain":false,"url":"https://awoiaf.westeros.org/index.php/House_Bolton","assetUrl":"https://awoiaf.westeros.org/images/thumb/0/0c/House_Bolton.svg/500px-House_Bolton.svg.png","accessed":"2026-07-10","originalSha256":"3c69ddbb62b87dbd888e868da6ba8f79ff3385287cc4c0e30ebbebe82833b7d3","derivativeSha256":"7087ad7ec48906608062f9c6754b6d27f1af39c457388216e8350cb3473740c4","width":1200,"height":900,"presentation":"proportional_resize_with_padding"},"seat":"The Dreadfort","color":"#9b7777","legacyIds":["api-house-34"],"aliases":[],"presence":[]}');
INSERT INTO appearances (entity_key, show_id, presence_kind, first_reference, details_json) VALUES ('house:house-bolton', 'game-of-thrones', 'listed', NULL, '{"show":"game-of-thrones","kind":"listed"}');
INSERT INTO sources (entity_key, label, url, provider, source_kind, accessed) VALUES ('house:house-bolton', 'An API of Ice and Fire — house 34', 'https://anapioficeandfire.com/api/houses/34', 'An API of Ice and Fire', 'structured_database', '2026-07-10');
INSERT INTO sources (entity_key, label, url, provider, source_kind, accessed) VALUES ('house:house-bolton', 'Wiki of Westeros — House Bolton', 'https://gameofthrones.fandom.com/wiki/House_Bolton', 'Wiki of Westeros', 'reference_page', '2026-07-10');
INSERT INTO sources (entity_key, label, url, provider, source_kind, accessed) VALUES ('house:house-bolton', 'A Wiki of Ice and Fire — House Bolton', 'https://awoiaf.westeros.org/index.php/House_Bolton', 'A Wiki of Ice and Fire', 'reference_page', '2026-07-10');
INSERT INTO media (entity_key, local_path, provider, source_page, asset_url, media_kind, uncertain, metadata_json) VALUES ('house:house-bolton', '/images/houses/house-bolton.webp', 'A Wiki of Ice and Fire', 'https://awoiaf.westeros.org/index.php/House_Bolton', 'https://awoiaf.westeros.org/images/thumb/0/0c/House_Bolton.svg/500px-House_Bolton.svg.png', 'wiki_sigil', 0, '{"provider":"A Wiki of Ice and Fire","kind":"wiki_sigil","match":"exact_page_title","uncertain":false,"url":"https://awoiaf.westeros.org/index.php/House_Bolton","assetUrl":"https://awoiaf.westeros.org/images/thumb/0/0c/House_Bolton.svg/500px-House_Bolton.svg.png","accessed":"2026-07-10","originalSha256":"3c69ddbb62b87dbd888e868da6ba8f79ff3385287cc4c0e30ebbebe82833b7d3","derivativeSha256":"7087ad7ec48906608062f9c6754b6d27f1af39c457388216e8350cb3473740c4","width":1200,"height":900,"presentation":"proportional_resize_with_padding"}');
INSERT INTO entities_fts (entity_key, name, aliases, type) VALUES ('house:house-bolton', 'House Bolton', '', 'house');
INSERT INTO houses (entity_key, region, words, coat_of_arms, seats_json, color) VALUES ('house:house-bolton', 'The North', 'Our Blades Are Sharp', 'A red flayed man on pink de sang', '["The Dreadfort"]', '#9b7777');
INSERT INTO entities (entity_key, id, type, name, description, status, verification, raw_json) VALUES ('house:house-greyjoy', 'house-greyjoy', 'house', 'House Greyjoy', 'Sable, a kraken Or', NULL, 'single_source_curated', '{"id":"house-greyjoy","apiId":169,"name":"House Greyjoy","slug":"house-greyjoy","region":"Iron Islands","coatOfArms":"Sable, a kraken Or","words":"We Do Not Sow","titles":["King of Salt and Rock","Son of the Sea Wind","Lord Reaper of Pyke"],"seats":["Pyke"],"currentLord":"euron-greyjoy","heir":"theon-greyjoy","overlord":"house-baratheon","founded":"Age of Heroes","founder":null,"diedOut":null,"ancestralWeapons":[],"cadetBranches":[],"swornMembers":["api-character-1306","api-character-1345","api-character-60","balon-greyjoy","euron-greyjoy","theon-greyjoy","yara-greyjoy"],"show":["game-of-thrones"],"sources":[{"label":"An API of Ice and Fire — house 169","url":"https://anapioficeandfire.com/api/houses/169","provider":"An API of Ice and Fire","kind":"structured_database","accessed":"2026-07-10"},{"label":"Wiki of Westeros — House Greyjoy","url":"https://gameofthrones.fandom.com/wiki/House_Greyjoy","provider":"Wiki of Westeros","kind":"reference_page","accessed":"2026-07-10"},{"label":"A Wiki of Ice and Fire — House Greyjoy","url":"https://awoiaf.westeros.org/index.php/House_Greyjoy","provider":"A Wiki of Ice and Fire","kind":"reference_page","accessed":"2026-07-10"}],"verification":"single_source_curated","image":"/images/houses/house-greyjoy.webp","imageSource":{"provider":"A Wiki of Ice and Fire","kind":"wiki_sigil","match":"exact_page_title","uncertain":false,"url":"https://awoiaf.westeros.org/index.php/House_Greyjoy","assetUrl":"https://awoiaf.westeros.org/images/thumb/5/5b/House_Greyjoy.svg/500px-House_Greyjoy.svg.png","accessed":"2026-07-10","originalSha256":"b7e54a49f21be34a3748947db11b7737145240a4ef2cb93bfaba3df650916e0c","derivativeSha256":"1c1b272ec30d3a913cd4160c1ff2b5bf7bfe4d503689f396867c0f97a99ca9e7","width":1200,"height":900,"presentation":"proportional_resize_with_padding"},"seat":"Pyke","color":"#bca645","legacyIds":["api-house-169"],"aliases":[],"presence":[]}');
INSERT INTO appearances (entity_key, show_id, presence_kind, first_reference, details_json) VALUES ('house:house-greyjoy', 'game-of-thrones', 'listed', NULL, '{"show":"game-of-thrones","kind":"listed"}');
INSERT INTO sources (entity_key, label, url, provider, source_kind, accessed) VALUES ('house:house-greyjoy', 'An API of Ice and Fire — house 169', 'https://anapioficeandfire.com/api/houses/169', 'An API of Ice and Fire', 'structured_database', '2026-07-10');
INSERT INTO sources (entity_key, label, url, provider, source_kind, accessed) VALUES ('house:house-greyjoy', 'Wiki of Westeros — House Greyjoy', 'https://gameofthrones.fandom.com/wiki/House_Greyjoy', 'Wiki of Westeros', 'reference_page', '2026-07-10');
INSERT INTO sources (entity_key, label, url, provider, source_kind, accessed) VALUES ('house:house-greyjoy', 'A Wiki of Ice and Fire — House Greyjoy', 'https://awoiaf.westeros.org/index.php/House_Greyjoy', 'A Wiki of Ice and Fire', 'reference_page', '2026-07-10');
INSERT INTO media (entity_key, local_path, provider, source_page, asset_url, media_kind, uncertain, metadata_json) VALUES ('house:house-greyjoy', '/images/houses/house-greyjoy.webp', 'A Wiki of Ice and Fire', 'https://awoiaf.westeros.org/index.php/House_Greyjoy', 'https://awoiaf.westeros.org/images/thumb/5/5b/House_Greyjoy.svg/500px-House_Greyjoy.svg.png', 'wiki_sigil', 0, '{"provider":"A Wiki of Ice and Fire","kind":"wiki_sigil","match":"exact_page_title","uncertain":false,"url":"https://awoiaf.westeros.org/index.php/House_Greyjoy","assetUrl":"https://awoiaf.westeros.org/images/thumb/5/5b/House_Greyjoy.svg/500px-House_Greyjoy.svg.png","accessed":"2026-07-10","originalSha256":"b7e54a49f21be34a3748947db11b7737145240a4ef2cb93bfaba3df650916e0c","derivativeSha256":"1c1b272ec30d3a913cd4160c1ff2b5bf7bfe4d503689f396867c0f97a99ca9e7","width":1200,"height":900,"presentation":"proportional_resize_with_padding"}');
INSERT INTO entities_fts (entity_key, name, aliases, type) VALUES ('house:house-greyjoy', 'House Greyjoy', '', 'house');
INSERT INTO houses (entity_key, region, words, coat_of_arms, seats_json, color) VALUES ('house:house-greyjoy', 'Iron Islands', 'We Do Not Sow', 'Sable, a kraken Or', '["Pyke"]', '#bca645');
INSERT INTO entities (entity_key, id, type, name, description, status, verification, raw_json) VALUES ('house:house-tully', 'house-tully', 'house', 'House Tully', 'A leaping silver trout on a field of blue and mud red(Paly wavy azure and gules, a trout embowed argent)', NULL, 'single_source_curated', '{"id":"house-tully","apiId":395,"name":"House Tully","slug":"house-tully","region":"Riverlands","coatOfArms":"A leaping silver trout on a field of blue and mud red(Paly wavy azure and gules, a trout embowed argent)","words":"Family, Duty, Honor","titles":["Lord of Riverrun","Lord Paramount of the Trident"],"seats":["Scattered (formerly Riverrun)","Riverrun"],"currentLord":"api-character-346","heir":"api-character-894","overlord":"house-stark","founded":null,"founder":null,"diedOut":null,"ancestralWeapons":[],"cadetBranches":[],"swornMembers":["api-character-223","api-character-346","api-character-688","api-character-894","api-character-937","catelyn-stark"],"show":["house-of-the-dragon","game-of-thrones"],"sources":[{"label":"An API of Ice and Fire — house 395","url":"https://anapioficeandfire.com/api/houses/395","provider":"An API of Ice and Fire","kind":"structured_database","accessed":"2026-07-10"},{"label":"Wiki of Westeros — House Tully","url":"https://gameofthrones.fandom.com/wiki/House_Tully","provider":"Wiki of Westeros","kind":"reference_page","accessed":"2026-07-10"},{"label":"A Wiki of Ice and Fire — House Tully","url":"https://awoiaf.westeros.org/index.php/House_Tully","provider":"A Wiki of Ice and Fire","kind":"reference_page","accessed":"2026-07-10"}],"verification":"single_source_curated","image":"/images/houses/house-tully.webp","imageSource":{"provider":"A Wiki of Ice and Fire","kind":"wiki_sigil","match":"exact_page_title","uncertain":false,"url":"https://awoiaf.westeros.org/index.php/House_Tully","assetUrl":"https://awoiaf.westeros.org/images/thumb/6/61/House_Tully.svg/500px-House_Tully.svg.png","accessed":"2026-07-10","originalSha256":"354c4ae27c2265c4237f52a922def0dd703dd2c2bf9ba79aaa82145dee908a36","derivativeSha256":"dad5033d420f946fe8a625a3e8f52c1d1ce606d89491420dcb60cde244bd4a0c","width":1200,"height":900,"presentation":"proportional_resize_with_padding"},"seat":"Riverrun","color":"#476b9a","legacyIds":["api-house-395"],"aliases":[],"presence":[]}');
INSERT INTO appearances (entity_key, show_id, presence_kind, first_reference, details_json) VALUES ('house:house-tully', 'house-of-the-dragon', 'listed', NULL, '{"show":"house-of-the-dragon","kind":"listed"}');
INSERT INTO appearances (entity_key, show_id, presence_kind, first_reference, details_json) VALUES ('house:house-tully', 'game-of-thrones', 'listed', NULL, '{"show":"game-of-thrones","kind":"listed"}');
INSERT INTO sources (entity_key, label, url, provider, source_kind, accessed) VALUES ('house:house-tully', 'An API of Ice and Fire — house 395', 'https://anapioficeandfire.com/api/houses/395', 'An API of Ice and Fire', 'structured_database', '2026-07-10');
INSERT INTO sources (entity_key, label, url, provider, source_kind, accessed) VALUES ('house:house-tully', 'Wiki of Westeros — House Tully', 'https://gameofthrones.fandom.com/wiki/House_Tully', 'Wiki of Westeros', 'reference_page', '2026-07-10');
INSERT INTO sources (entity_key, label, url, provider, source_kind, accessed) VALUES ('house:house-tully', 'A Wiki of Ice and Fire — House Tully', 'https://awoiaf.westeros.org/index.php/House_Tully', 'A Wiki of Ice and Fire', 'reference_page', '2026-07-10');
INSERT INTO media (entity_key, local_path, provider, source_page, asset_url, media_kind, uncertain, metadata_json) VALUES ('house:house-tully', '/images/houses/house-tully.webp', 'A Wiki of Ice and Fire', 'https://awoiaf.westeros.org/index.php/House_Tully', 'https://awoiaf.westeros.org/images/thumb/6/61/House_Tully.svg/500px-House_Tully.svg.png', 'wiki_sigil', 0, '{"provider":"A Wiki of Ice and Fire","kind":"wiki_sigil","match":"exact_page_title","uncertain":false,"url":"https://awoiaf.westeros.org/index.php/House_Tully","assetUrl":"https://awoiaf.westeros.org/images/thumb/6/61/House_Tully.svg/500px-House_Tully.svg.png","accessed":"2026-07-10","originalSha256":"354c4ae27c2265c4237f52a922def0dd703dd2c2bf9ba79aaa82145dee908a36","derivativeSha256":"dad5033d420f946fe8a625a3e8f52c1d1ce606d89491420dcb60cde244bd4a0c","width":1200,"height":900,"presentation":"proportional_resize_with_padding"}');
INSERT INTO entities_fts (entity_key, name, aliases, type) VALUES ('house:house-tully', 'House Tully', '', 'house');
INSERT INTO houses (entity_key, region, words, coat_of_arms, seats_json, color) VALUES ('house:house-tully', 'Riverlands', 'Family, Duty, Honor', 'A leaping silver trout on a field of blue and mud red(Paly wavy azure and gules, a trout embowed argent)', '["Scattered (formerly Riverrun)","Riverrun"]', '#476b9a');
INSERT INTO entities (entity_key, id, type, name, description, status, verification, raw_json) VALUES ('house:house-tyrell', 'house-tyrell', 'house', 'House Tyrell', 'Vert, a rose Or', NULL, 'single_source_curated', '{"id":"house-tyrell","apiId":398,"name":"House Tyrell","slug":"house-tyrell","region":"The Reach","coatOfArms":"Vert, a rose Or","words":"Growing Strong","titles":["Lord of Brightwater Keep","Lord of Highgarden","Defender of the Marches","High Marshal of the Reach","Warden of the South","Lord Paramount of the Mander","High Steward of Highgarden (pre-Conquest)"],"seats":["Brightwater Keep (disputed by House Florent)","Highgarden"],"currentLord":"mace-tyrell","heir":null,"overlord":"house-baratheon","founded":null,"founder":null,"diedOut":null,"ancestralWeapons":[],"cadetBranches":[],"swornMembers":["loras-tyrell","mace-tyrell","margaery-tyrell","olenna-tyrell"],"show":["game-of-thrones"],"sources":[{"label":"An API of Ice and Fire — house 397","url":"https://anapioficeandfire.com/api/houses/397","provider":"An API of Ice and Fire","kind":"structured_database","accessed":"2026-07-10"},{"label":"An API of Ice and Fire — house 398","url":"https://anapioficeandfire.com/api/houses/398","provider":"An API of Ice and Fire","kind":"structured_database","accessed":"2026-07-10"},{"label":"Wiki of Westeros — House Tyrell","url":"https://gameofthrones.fandom.com/wiki/House_Tyrell","provider":"Wiki of Westeros","kind":"reference_page","accessed":"2026-07-10"},{"label":"A Wiki of Ice and Fire — House Tyrell","url":"https://awoiaf.westeros.org/index.php/House_Tyrell","provider":"A Wiki of Ice and Fire","kind":"reference_page","accessed":"2026-07-10"}],"verification":"single_source_curated","image":"/images/houses/house-tyrell.webp","imageSource":{"provider":"A Wiki of Ice and Fire","kind":"wiki_sigil","match":"exact_page_title","uncertain":false,"url":"https://awoiaf.westeros.org/index.php/House_Tyrell","assetUrl":"https://awoiaf.westeros.org/images/thumb/3/31/House_Tyrell.svg/500px-House_Tyrell.svg.png","accessed":"2026-07-10","originalSha256":"32dcd39de0bfd87498495b484d688d9aad9bb636fbe9d036511c0195fb7e472a","derivativeSha256":"8935f4664bb6547ede06a5362fe47a766c402e625d10dc7c4765157129a9677e","width":1200,"height":900,"presentation":"proportional_resize_with_padding"},"seat":"Highgarden","color":"#7e9b4a","legacyIds":["api-house-398","api-house-397"],"canonicalName":"House Tyrell","aliases":["House Tyrell of Highgarden","House Tyrell of Brightwater Keep"],"branchNames":["House Tyrell of Highgarden","House Tyrell of Brightwater Keep"],"presence":[]}');
INSERT INTO aliases (entity_key, alias) VALUES ('house:house-tyrell', 'House Tyrell of Highgarden');
INSERT INTO aliases (entity_key, alias) VALUES ('house:house-tyrell', 'House Tyrell of Brightwater Keep');
INSERT INTO appearances (entity_key, show_id, presence_kind, first_reference, details_json) VALUES ('house:house-tyrell', 'game-of-thrones', 'listed', NULL, '{"show":"game-of-thrones","kind":"listed"}');
INSERT INTO sources (entity_key, label, url, provider, source_kind, accessed) VALUES ('house:house-tyrell', 'An API of Ice and Fire — house 397', 'https://anapioficeandfire.com/api/houses/397', 'An API of Ice and Fire', 'structured_database', '2026-07-10');
INSERT INTO sources (entity_key, label, url, provider, source_kind, accessed) VALUES ('house:house-tyrell', 'An API of Ice and Fire — house 398', 'https://anapioficeandfire.com/api/houses/398', 'An API of Ice and Fire', 'structured_database', '2026-07-10');
INSERT INTO sources (entity_key, label, url, provider, source_kind, accessed) VALUES ('house:house-tyrell', 'Wiki of Westeros — House Tyrell', 'https://gameofthrones.fandom.com/wiki/House_Tyrell', 'Wiki of Westeros', 'reference_page', '2026-07-10');
INSERT INTO sources (entity_key, label, url, provider, source_kind, accessed) VALUES ('house:house-tyrell', 'A Wiki of Ice and Fire — House Tyrell', 'https://awoiaf.westeros.org/index.php/House_Tyrell', 'A Wiki of Ice and Fire', 'reference_page', '2026-07-10');
INSERT INTO media (entity_key, local_path, provider, source_page, asset_url, media_kind, uncertain, metadata_json) VALUES ('house:house-tyrell', '/images/houses/house-tyrell.webp', 'A Wiki of Ice and Fire', 'https://awoiaf.westeros.org/index.php/House_Tyrell', 'https://awoiaf.westeros.org/images/thumb/3/31/House_Tyrell.svg/500px-House_Tyrell.svg.png', 'wiki_sigil', 0, '{"provider":"A Wiki of Ice and Fire","kind":"wiki_sigil","match":"exact_page_title","uncertain":false,"url":"https://awoiaf.westeros.org/index.php/House_Tyrell","assetUrl":"https://awoiaf.westeros.org/images/thumb/3/31/House_Tyrell.svg/500px-House_Tyrell.svg.png","accessed":"2026-07-10","originalSha256":"32dcd39de0bfd87498495b484d688d9aad9bb636fbe9d036511c0195fb7e472a","derivativeSha256":"8935f4664bb6547ede06a5362fe47a766c402e625d10dc7c4765157129a9677e","width":1200,"height":900,"presentation":"proportional_resize_with_padding"}');
INSERT INTO entities_fts (entity_key, name, aliases, type) VALUES ('house:house-tyrell', 'House Tyrell', 'House Tyrell of Highgarden House Tyrell of Brightwater Keep', 'house');
INSERT INTO houses (entity_key, region, words, coat_of_arms, seats_json, color) VALUES ('house:house-tyrell', 'The Reach', 'Growing Strong', 'Vert, a rose Or', '["Brightwater Keep (disputed by House Florent)","Highgarden"]', '#7e9b4a');
INSERT INTO entities (entity_key, id, type, name, description, status, verification, raw_json) VALUES ('house:house-frey', 'house-frey', 'house', 'House Frey', NULL, NULL, 'single_source_curated', '{"id":"house-frey","apiId":142,"name":"House Frey","slug":"house-frey","region":"Riverlands","coatOfArms":null,"words":null,"titles":["Lord of the Crossing","Lord of Riverrun"],"seats":["The Twins","Riverrun"],"currentLord":null,"heir":null,"overlord":null,"founded":"299 AC","founder":null,"diedOut":null,"ancestralWeapons":[],"cadetBranches":[],"swornMembers":["api-character-1916","api-character-600","api-character-649","api-character-937","api-character-994","walda-bolton","walder-frey"],"show":["game-of-thrones"],"sources":[{"label":"An API of Ice and Fire — house 143","url":"https://anapioficeandfire.com/api/houses/143","provider":"An API of Ice and Fire","kind":"structured_database","accessed":"2026-07-10"},{"label":"An API of Ice and Fire — house 142","url":"https://anapioficeandfire.com/api/houses/142","provider":"An API of Ice and Fire","kind":"structured_database","accessed":"2026-07-10"},{"label":"Wiki of Westeros — House Frey","url":"https://gameofthrones.fandom.com/wiki/House_Frey","provider":"Wiki of Westeros","kind":"reference_page","accessed":"2026-07-10"},{"label":"A Wiki of Ice and Fire — House Frey","url":"https://awoiaf.westeros.org/index.php/House_Frey","provider":"A Wiki of Ice and Fire","kind":"reference_page","accessed":"2026-07-10"}],"verification":"single_source_curated","image":"/images/houses/house-frey.webp","imageSource":{"provider":"A Wiki of Ice and Fire","kind":"wiki_sigil","match":"exact_page_title","uncertain":false,"url":"https://awoiaf.westeros.org/index.php/House_Frey","assetUrl":"https://awoiaf.westeros.org/images/thumb/d/da/House_Frey.svg/1200px-House_Frey.svg.png","accessed":"2026-07-10","originalSha256":"6538f02b7bb3e3f51232aa622af7c0fe1d1ceeda2d4bb52422d04ff9a8b83841","derivativeSha256":"d07b57b3866a87bd29a78eb1044d4526dc80006046544a1144064d5ce4df6537","width":1200,"height":900,"presentation":"proportional_resize_with_padding"},"seat":"The Twins","color":"#697f8f","legacyIds":["api-house-142","api-house-143"],"canonicalName":"House Frey","aliases":["House Frey of Riverrun","House Frey of the Crossing"],"branchNames":["House Frey of Riverrun","House Frey of the Crossing"],"presence":[]}');
INSERT INTO aliases (entity_key, alias) VALUES ('house:house-frey', 'House Frey of Riverrun');
INSERT INTO aliases (entity_key, alias) VALUES ('house:house-frey', 'House Frey of the Crossing');
INSERT INTO appearances (entity_key, show_id, presence_kind, first_reference, details_json) VALUES ('house:house-frey', 'game-of-thrones', 'listed', NULL, '{"show":"game-of-thrones","kind":"listed"}');
INSERT INTO sources (entity_key, label, url, provider, source_kind, accessed) VALUES ('house:house-frey', 'An API of Ice and Fire — house 143', 'https://anapioficeandfire.com/api/houses/143', 'An API of Ice and Fire', 'structured_database', '2026-07-10');
INSERT INTO sources (entity_key, label, url, provider, source_kind, accessed) VALUES ('house:house-frey', 'An API of Ice and Fire — house 142', 'https://anapioficeandfire.com/api/houses/142', 'An API of Ice and Fire', 'structured_database', '2026-07-10');
INSERT INTO sources (entity_key, label, url, provider, source_kind, accessed) VALUES ('house:house-frey', 'Wiki of Westeros — House Frey', 'https://gameofthrones.fandom.com/wiki/House_Frey', 'Wiki of Westeros', 'reference_page', '2026-07-10');
INSERT INTO sources (entity_key, label, url, provider, source_kind, accessed) VALUES ('house:house-frey', 'A Wiki of Ice and Fire — House Frey', 'https://awoiaf.westeros.org/index.php/House_Frey', 'A Wiki of Ice and Fire', 'reference_page', '2026-07-10');
INSERT INTO media (entity_key, local_path, provider, source_page, asset_url, media_kind, uncertain, metadata_json) VALUES ('house:house-frey', '/images/houses/house-frey.webp', 'A Wiki of Ice and Fire', 'https://awoiaf.westeros.org/index.php/House_Frey', 'https://awoiaf.westeros.org/images/thumb/d/da/House_Frey.svg/1200px-House_Frey.svg.png', 'wiki_sigil', 0, '{"provider":"A Wiki of Ice and Fire","kind":"wiki_sigil","match":"exact_page_title","uncertain":false,"url":"https://awoiaf.westeros.org/index.php/House_Frey","assetUrl":"https://awoiaf.westeros.org/images/thumb/d/da/House_Frey.svg/1200px-House_Frey.svg.png","accessed":"2026-07-10","originalSha256":"6538f02b7bb3e3f51232aa622af7c0fe1d1ceeda2d4bb52422d04ff9a8b83841","derivativeSha256":"d07b57b3866a87bd29a78eb1044d4526dc80006046544a1144064d5ce4df6537","width":1200,"height":900,"presentation":"proportional_resize_with_padding"}');
INSERT INTO entities_fts (entity_key, name, aliases, type) VALUES ('house:house-frey', 'House Frey', 'House Frey of Riverrun House Frey of the Crossing', 'house');
INSERT INTO houses (entity_key, region, words, coat_of_arms, seats_json, color) VALUES ('house:house-frey', 'Riverlands', NULL, NULL, '["The Twins","Riverrun"]', '#697f8f');
INSERT INTO entities (entity_key, id, type, name, description, status, verification, raw_json) VALUES ('house:house-mormont', 'house-mormont', 'house', 'House Mormont', 'A wood vert, a bear sable', NULL, 'single_source_curated', '{"id":"house-mormont","apiId":271,"name":"House Mormont","slug":"house-mormont","region":"The North","coatOfArms":"A wood vert, a bear sable","words":"Here We Stand","titles":["Lord of Bear Island"],"seats":["Bear Island"],"currentLord":"api-character-692","heir":null,"overlord":"house-stark","founded":null,"founder":null,"diedOut":null,"ancestralWeapons":["Longclaw"],"cadetBranches":[],"swornMembers":["api-character-692","jeor-mormont","jorah-mormont","lyanna-mormont"],"show":["game-of-thrones"],"sources":[{"label":"An API of Ice and Fire — house 271","url":"https://anapioficeandfire.com/api/houses/271","provider":"An API of Ice and Fire","kind":"structured_database","accessed":"2026-07-10"},{"label":"Wiki of Westeros — House Mormont","url":"https://gameofthrones.fandom.com/wiki/House_Mormont","provider":"Wiki of Westeros","kind":"reference_page","accessed":"2026-07-10"},{"label":"A Wiki of Ice and Fire — House Mormont","url":"https://awoiaf.westeros.org/index.php/House_Mormont","provider":"A Wiki of Ice and Fire","kind":"reference_page","accessed":"2026-07-10"}],"verification":"single_source_curated","image":"/images/houses/house-mormont.webp","imageSource":{"provider":"A Wiki of Ice and Fire","kind":"wiki_sigil","match":"exact_page_title","uncertain":false,"url":"https://awoiaf.westeros.org/index.php/House_Mormont","assetUrl":"https://awoiaf.westeros.org/images/thumb/4/46/House_Mormont.svg/1200px-House_Mormont.svg.png","accessed":"2026-07-10","originalSha256":"3f25e0cd00f85dc85b9d4efcdb5457023d483bd3d7aae7824ee11fd13a2e1caf","derivativeSha256":"f961eb3f05230e61b60bc65531a2e12add3c9db0a094ded19e03e47b0a159c53","width":1200,"height":900,"presentation":"proportional_resize_with_padding"},"seat":"Bear Island","color":"#536d50","legacyIds":["api-house-271"],"aliases":[],"presence":[]}');
INSERT INTO appearances (entity_key, show_id, presence_kind, first_reference, details_json) VALUES ('house:house-mormont', 'game-of-thrones', 'listed', NULL, '{"show":"game-of-thrones","kind":"listed"}');
INSERT INTO sources (entity_key, label, url, provider, source_kind, accessed) VALUES ('house:house-mormont', 'An API of Ice and Fire — house 271', 'https://anapioficeandfire.com/api/houses/271', 'An API of Ice and Fire', 'structured_database', '2026-07-10');
INSERT INTO sources (entity_key, label, url, provider, source_kind, accessed) VALUES ('house:house-mormont', 'Wiki of Westeros — House Mormont', 'https://gameofthrones.fandom.com/wiki/House_Mormont', 'Wiki of Westeros', 'reference_page', '2026-07-10');
INSERT INTO sources (entity_key, label, url, provider, source_kind, accessed) VALUES ('house:house-mormont', 'A Wiki of Ice and Fire — House Mormont', 'https://awoiaf.westeros.org/index.php/House_Mormont', 'A Wiki of Ice and Fire', 'reference_page', '2026-07-10');
INSERT INTO media (entity_key, local_path, provider, source_page, asset_url, media_kind, uncertain, metadata_json) VALUES ('house:house-mormont', '/images/houses/house-mormont.webp', 'A Wiki of Ice and Fire', 'https://awoiaf.westeros.org/index.php/House_Mormont', 'https://awoiaf.westeros.org/images/thumb/4/46/House_Mormont.svg/1200px-House_Mormont.svg.png', 'wiki_sigil', 0, '{"provider":"A Wiki of Ice and Fire","kind":"wiki_sigil","match":"exact_page_title","uncertain":false,"url":"https://awoiaf.westeros.org/index.php/House_Mormont","assetUrl":"https://awoiaf.westeros.org/images/thumb/4/46/House_Mormont.svg/1200px-House_Mormont.svg.png","accessed":"2026-07-10","originalSha256":"3f25e0cd00f85dc85b9d4efcdb5457023d483bd3d7aae7824ee11fd13a2e1caf","derivativeSha256":"f961eb3f05230e61b60bc65531a2e12add3c9db0a094ded19e03e47b0a159c53","width":1200,"height":900,"presentation":"proportional_resize_with_padding"}');
INSERT INTO entities_fts (entity_key, name, aliases, type) VALUES ('house:house-mormont', 'House Mormont', '', 'house');
INSERT INTO houses (entity_key, region, words, coat_of_arms, seats_json, color) VALUES ('house:house-mormont', 'The North', 'Here We Stand', 'A wood vert, a bear sable', '["Bear Island"]', '#536d50');
INSERT INTO entities (entity_key, id, type, name, description, status, verification, raw_json) VALUES ('house:house-tarly', 'house-tarly', 'house', 'House Tarly', 'Vert, a huntsman striding to dexter proper garbed gules', NULL, 'single_source_curated', '{"id":"house-tarly","apiId":379,"name":"House Tarly","slug":"house-tarly","region":"The Reach","coatOfArms":"Vert, a huntsman striding to dexter proper garbed gules","words":"First in Battle","titles":["Lord of Horn Hill"],"seats":["Horn Hill"],"currentLord":"randyll-tarly","heir":"dickon-tarly","overlord":"house-tyrell","founded":null,"founder":null,"diedOut":null,"ancestralWeapons":[],"cadetBranches":[],"swornMembers":["api-character-1008","api-character-742","dickon-tarly","randyll-tarly","samwell-tarly"],"show":["game-of-thrones"],"sources":[{"label":"An API of Ice and Fire — house 379","url":"https://anapioficeandfire.com/api/houses/379","provider":"An API of Ice and Fire","kind":"structured_database","accessed":"2026-07-10"},{"label":"Wiki of Westeros — House Tarly","url":"https://gameofthrones.fandom.com/wiki/House_Tarly","provider":"Wiki of Westeros","kind":"reference_page","accessed":"2026-07-10"},{"label":"A Wiki of Ice and Fire — House Tarly","url":"https://awoiaf.westeros.org/index.php/House_Tarly","provider":"A Wiki of Ice and Fire","kind":"reference_page","accessed":"2026-07-10"}],"verification":"single_source_curated","image":"/images/houses/house-tarly.webp","imageSource":{"provider":"A Wiki of Ice and Fire","kind":"wiki_sigil","match":"exact_page_title","uncertain":false,"url":"https://awoiaf.westeros.org/index.php/House_Tarly","assetUrl":"https://awoiaf.westeros.org/images/thumb/c/cc/House_Tarly.svg/1200px-House_Tarly.svg.png","accessed":"2026-07-10","originalSha256":"4fe5ea875e418bbcff578837de7ffdb188704e55745c6f1c20a610898fd59ae1","derivativeSha256":"9cdfb7bf764acbbae5a3fa1e236724ccbd930f7ba0a80f982f6f66832b5b65c4","width":1200,"height":900,"presentation":"proportional_resize_with_padding"},"seat":"Horn Hill","color":"#566d3a","legacyIds":["api-house-379"],"aliases":[],"presence":[]}');
INSERT INTO appearances (entity_key, show_id, presence_kind, first_reference, details_json) VALUES ('house:house-tarly', 'game-of-thrones', 'listed', NULL, '{"show":"game-of-thrones","kind":"listed"}');
INSERT INTO sources (entity_key, label, url, provider, source_kind, accessed) VALUES ('house:house-tarly', 'An API of Ice and Fire — house 379', 'https://anapioficeandfire.com/api/houses/379', 'An API of Ice and Fire', 'structured_database', '2026-07-10');
INSERT INTO sources (entity_key, label, url, provider, source_kind, accessed) VALUES ('house:house-tarly', 'Wiki of Westeros — House Tarly', 'https://gameofthrones.fandom.com/wiki/House_Tarly', 'Wiki of Westeros', 'reference_page', '2026-07-10');
INSERT INTO sources (entity_key, label, url, provider, source_kind, accessed) VALUES ('house:house-tarly', 'A Wiki of Ice and Fire — House Tarly', 'https://awoiaf.westeros.org/index.php/House_Tarly', 'A Wiki of Ice and Fire', 'reference_page', '2026-07-10');
INSERT INTO media (entity_key, local_path, provider, source_page, asset_url, media_kind, uncertain, metadata_json) VALUES ('house:house-tarly', '/images/houses/house-tarly.webp', 'A Wiki of Ice and Fire', 'https://awoiaf.westeros.org/index.php/House_Tarly', 'https://awoiaf.westeros.org/images/thumb/c/cc/House_Tarly.svg/1200px-House_Tarly.svg.png', 'wiki_sigil', 0, '{"provider":"A Wiki of Ice and Fire","kind":"wiki_sigil","match":"exact_page_title","uncertain":false,"url":"https://awoiaf.westeros.org/index.php/House_Tarly","assetUrl":"https://awoiaf.westeros.org/images/thumb/c/cc/House_Tarly.svg/1200px-House_Tarly.svg.png","accessed":"2026-07-10","originalSha256":"4fe5ea875e418bbcff578837de7ffdb188704e55745c6f1c20a610898fd59ae1","derivativeSha256":"9cdfb7bf764acbbae5a3fa1e236724ccbd930f7ba0a80f982f6f66832b5b65c4","width":1200,"height":900,"presentation":"proportional_resize_with_padding"}');
INSERT INTO entities_fts (entity_key, name, aliases, type) VALUES ('house:house-tarly', 'House Tarly', '', 'house');
INSERT INTO houses (entity_key, region, words, coat_of_arms, seats_json, color) VALUES ('house:house-tarly', 'The Reach', 'First in Battle', 'Vert, a huntsman striding to dexter proper garbed gules', '["Horn Hill"]', '#566d3a');
INSERT INTO entities (entity_key, id, type, name, description, status, verification, raw_json) VALUES ('house:house-reed', 'house-reed', 'house', 'House Reed', 'Vert, a lizard-lion sable', NULL, 'single_source_curated', '{"id":"house-reed","apiId":318,"name":"House Reed","slug":"house-reed","region":"The North","coatOfArms":"Vert, a lizard-lion sable","words":null,"titles":[],"seats":["Greywater Watch"],"currentLord":"api-character-506","heir":"api-character-571","overlord":"house-stark","founded":null,"founder":null,"diedOut":null,"ancestralWeapons":[],"cadetBranches":[],"swornMembers":["api-character-506","api-character-571","api-character-735"],"show":["game-of-thrones"],"sources":[{"label":"An API of Ice and Fire — house 318","url":"https://anapioficeandfire.com/api/houses/318","provider":"An API of Ice and Fire","kind":"structured_database","accessed":"2026-07-10"},{"label":"Wiki of Westeros — House Reed","url":"https://gameofthrones.fandom.com/wiki/House_Reed","provider":"Wiki of Westeros","kind":"reference_page","accessed":"2026-07-10"},{"label":"A Wiki of Ice and Fire — House Reed","url":"https://awoiaf.westeros.org/index.php/House_Reed","provider":"A Wiki of Ice and Fire","kind":"reference_page","accessed":"2026-07-10"}],"verification":"single_source_curated","image":"/images/houses/house-reed.webp","imageSource":{"provider":"A Wiki of Ice and Fire","kind":"wiki_sigil","match":"exact_page_title","uncertain":false,"url":"https://awoiaf.westeros.org/index.php/House_Reed","assetUrl":"https://awoiaf.westeros.org/images/thumb/b/b6/House_Reed.svg/500px-House_Reed.svg.png","accessed":"2026-07-10","originalSha256":"66a5c126c3528a5894c58c87be8a115c8a24164c4d0f82df4af459c91d21707f","derivativeSha256":"21666f943d0a035cf1076e70ce9ca967a7f8166fcd5bd3a7a5dd8655b905801b","width":1200,"height":900,"presentation":"proportional_resize_with_padding"},"seat":"Greywater Watch","color":"#5e775d","legacyIds":["api-house-318"],"aliases":[],"presence":[]}');
INSERT INTO appearances (entity_key, show_id, presence_kind, first_reference, details_json) VALUES ('house:house-reed', 'game-of-thrones', 'listed', NULL, '{"show":"game-of-thrones","kind":"listed"}');
INSERT INTO sources (entity_key, label, url, provider, source_kind, accessed) VALUES ('house:house-reed', 'An API of Ice and Fire — house 318', 'https://anapioficeandfire.com/api/houses/318', 'An API of Ice and Fire', 'structured_database', '2026-07-10');
INSERT INTO sources (entity_key, label, url, provider, source_kind, accessed) VALUES ('house:house-reed', 'Wiki of Westeros — House Reed', 'https://gameofthrones.fandom.com/wiki/House_Reed', 'Wiki of Westeros', 'reference_page', '2026-07-10');
INSERT INTO sources (entity_key, label, url, provider, source_kind, accessed) VALUES ('house:house-reed', 'A Wiki of Ice and Fire — House Reed', 'https://awoiaf.westeros.org/index.php/House_Reed', 'A Wiki of Ice and Fire', 'reference_page', '2026-07-10');
INSERT INTO media (entity_key, local_path, provider, source_page, asset_url, media_kind, uncertain, metadata_json) VALUES ('house:house-reed', '/images/houses/house-reed.webp', 'A Wiki of Ice and Fire', 'https://awoiaf.westeros.org/index.php/House_Reed', 'https://awoiaf.westeros.org/images/thumb/b/b6/House_Reed.svg/500px-House_Reed.svg.png', 'wiki_sigil', 0, '{"provider":"A Wiki of Ice and Fire","kind":"wiki_sigil","match":"exact_page_title","uncertain":false,"url":"https://awoiaf.westeros.org/index.php/House_Reed","assetUrl":"https://awoiaf.westeros.org/images/thumb/b/b6/House_Reed.svg/500px-House_Reed.svg.png","accessed":"2026-07-10","originalSha256":"66a5c126c3528a5894c58c87be8a115c8a24164c4d0f82df4af459c91d21707f","derivativeSha256":"21666f943d0a035cf1076e70ce9ca967a7f8166fcd5bd3a7a5dd8655b905801b","width":1200,"height":900,"presentation":"proportional_resize_with_padding"}');
INSERT INTO entities_fts (entity_key, name, aliases, type) VALUES ('house:house-reed', 'House Reed', '', 'house');
INSERT INTO houses (entity_key, region, words, coat_of_arms, seats_json, color) VALUES ('house:house-reed', 'The North', NULL, 'Vert, a lizard-lion sable', '["Greywater Watch"]', '#5e775d');
INSERT INTO entities (entity_key, id, type, name, description, status, verification, raw_json) VALUES ('house:house-manderly', 'house-manderly', 'house', 'House Manderly', 'A white merman with dark green hair, beard and tail, carrying a black trident, on a blue-green field', NULL, 'single_source_curated', '{"id":"house-manderly","apiId":255,"name":"House Manderly","slug":"house-manderly","region":"The North","coatOfArms":"A white merman with dark green hair, beard and tail, carrying a black trident, on a blue-green field","words":null,"titles":["Lord of White Harbor","Warden of the White Knife","Shield of the Faith","Defender of the Dispossessed","Lord Marshal of the Mander","Knight of the Order of the Green Hand","Lord of Dunstonbury (formerly)"],"seats":["New Castle in White Harbor","Dunstonbury (formerly)","White Harbor"],"currentLord":null,"heir":null,"overlord":"house-bolton","founded":null,"founder":null,"diedOut":null,"ancestralWeapons":[],"cadetBranches":[],"swornMembers":["api-character-1106"],"show":["house-of-the-dragon","game-of-thrones"],"sources":[{"label":"An API of Ice and Fire — house 255","url":"https://anapioficeandfire.com/api/houses/255","provider":"An API of Ice and Fire","kind":"structured_database","accessed":"2026-07-10"},{"label":"Wiki of Westeros — House Manderly","url":"https://gameofthrones.fandom.com/wiki/House_Manderly","provider":"Wiki of Westeros","kind":"reference_page","accessed":"2026-07-10"},{"label":"A Wiki of Ice and Fire — House Manderly","url":"https://awoiaf.westeros.org/index.php/House_Manderly","provider":"A Wiki of Ice and Fire","kind":"reference_page","accessed":"2026-07-10"}],"verification":"single_source_curated","image":"/images/houses/house-manderly.webp","imageSource":{"provider":"A Wiki of Ice and Fire","kind":"wiki_sigil","match":"exact_page_title","uncertain":false,"url":"https://awoiaf.westeros.org/index.php/House_Manderly","assetUrl":"https://awoiaf.westeros.org/images/thumb/c/c9/House_Manderly.svg/500px-House_Manderly.svg.png","accessed":"2026-07-10","originalSha256":"9d8c9468f32efb03a2393952465b44c534abb5e8d67e8542af1f5d5da8c76e65","derivativeSha256":"51b15054015cbbfff4b4c03aa64d6ee6c0de15d8ccfac09e5bc412e34643c5ec","width":1200,"height":900,"presentation":"proportional_resize_with_padding"},"seat":"White Harbor","color":"#4f8995","legacyIds":["api-house-255"],"aliases":[],"presence":[]}');
INSERT INTO appearances (entity_key, show_id, presence_kind, first_reference, details_json) VALUES ('house:house-manderly', 'house-of-the-dragon', 'listed', NULL, '{"show":"house-of-the-dragon","kind":"listed"}');
INSERT INTO appearances (entity_key, show_id, presence_kind, first_reference, details_json) VALUES ('house:house-manderly', 'game-of-thrones', 'listed', NULL, '{"show":"game-of-thrones","kind":"listed"}');
INSERT INTO sources (entity_key, label, url, provider, source_kind, accessed) VALUES ('house:house-manderly', 'An API of Ice and Fire — house 255', 'https://anapioficeandfire.com/api/houses/255', 'An API of Ice and Fire', 'structured_database', '2026-07-10');
INSERT INTO sources (entity_key, label, url, provider, source_kind, accessed) VALUES ('house:house-manderly', 'Wiki of Westeros — House Manderly', 'https://gameofthrones.fandom.com/wiki/House_Manderly', 'Wiki of Westeros', 'reference_page', '2026-07-10');
INSERT INTO sources (entity_key, label, url, provider, source_kind, accessed) VALUES ('house:house-manderly', 'A Wiki of Ice and Fire — House Manderly', 'https://awoiaf.westeros.org/index.php/House_Manderly', 'A Wiki of Ice and Fire', 'reference_page', '2026-07-10');
INSERT INTO media (entity_key, local_path, provider, source_page, asset_url, media_kind, uncertain, metadata_json) VALUES ('house:house-manderly', '/images/houses/house-manderly.webp', 'A Wiki of Ice and Fire', 'https://awoiaf.westeros.org/index.php/House_Manderly', 'https://awoiaf.westeros.org/images/thumb/c/c9/House_Manderly.svg/500px-House_Manderly.svg.png', 'wiki_sigil', 0, '{"provider":"A Wiki of Ice and Fire","kind":"wiki_sigil","match":"exact_page_title","uncertain":false,"url":"https://awoiaf.westeros.org/index.php/House_Manderly","assetUrl":"https://awoiaf.westeros.org/images/thumb/c/c9/House_Manderly.svg/500px-House_Manderly.svg.png","accessed":"2026-07-10","originalSha256":"9d8c9468f32efb03a2393952465b44c534abb5e8d67e8542af1f5d5da8c76e65","derivativeSha256":"51b15054015cbbfff4b4c03aa64d6ee6c0de15d8ccfac09e5bc412e34643c5ec","width":1200,"height":900,"presentation":"proportional_resize_with_padding"}');
INSERT INTO entities_fts (entity_key, name, aliases, type) VALUES ('house:house-manderly', 'House Manderly', '', 'house');
INSERT INTO houses (entity_key, region, words, coat_of_arms, seats_json, color) VALUES ('house:house-manderly', 'The North', NULL, 'A white merman with dark green hair, beard and tail, carrying a black trident, on a blue-green field', '["New Castle in White Harbor","Dunstonbury (formerly)","White Harbor"]', '#4f8995');
INSERT INTO entities (entity_key, id, type, name, description, status, verification, raw_json) VALUES ('house:house-karstark', 'house-karstark', 'house', 'House Karstark', 'Sable, a sunburst argent', NULL, 'single_source_curated', '{"id":"house-karstark","apiId":215,"name":"House Karstark","slug":"house-karstark","region":"The North","coatOfArms":"Sable, a sunburst argent","words":"The Sun of Winter","titles":["Lord of Karhold"],"seats":["Karhold"],"currentLord":null,"heir":null,"overlord":"house-bolton","founded":"One thousand years ago","founder":null,"diedOut":null,"ancestralWeapons":[],"cadetBranches":[],"swornMembers":["api-character-1033","api-character-884"],"show":["game-of-thrones"],"sources":[{"label":"An API of Ice and Fire — house 215","url":"https://anapioficeandfire.com/api/houses/215","provider":"An API of Ice and Fire","kind":"structured_database","accessed":"2026-07-10"},{"label":"Wiki of Westeros — House Karstark","url":"https://gameofthrones.fandom.com/wiki/House_Karstark","provider":"Wiki of Westeros","kind":"reference_page","accessed":"2026-07-10"},{"label":"A Wiki of Ice and Fire — House Karstark","url":"https://awoiaf.westeros.org/index.php/House_Karstark","provider":"A Wiki of Ice and Fire","kind":"reference_page","accessed":"2026-07-10"}],"verification":"single_source_curated","image":"/images/houses/house-karstark.webp","imageSource":{"provider":"A Wiki of Ice and Fire","kind":"wiki_sigil","match":"exact_page_title","uncertain":false,"url":"https://awoiaf.westeros.org/index.php/House_Karstark","assetUrl":"https://awoiaf.westeros.org/images/thumb/2/26/House_Karstark.svg/1200px-House_Karstark.svg.png","accessed":"2026-07-10","originalSha256":"ca38fb700a582d613eb227deb4ecdb2f5b5c36f90e8c3945fff514d601b8626a","derivativeSha256":"5a123bee76f17f9f654553530480df4fb4d0a0d0d5f9321d1ac2c3e924df28a9","width":1200,"height":900,"presentation":"proportional_resize_with_padding"},"seat":"Karhold","color":"#87939b","legacyIds":["api-house-215"],"aliases":[],"presence":[]}');
INSERT INTO appearances (entity_key, show_id, presence_kind, first_reference, details_json) VALUES ('house:house-karstark', 'game-of-thrones', 'listed', NULL, '{"show":"game-of-thrones","kind":"listed"}');
INSERT INTO sources (entity_key, label, url, provider, source_kind, accessed) VALUES ('house:house-karstark', 'An API of Ice and Fire — house 215', 'https://anapioficeandfire.com/api/houses/215', 'An API of Ice and Fire', 'structured_database', '2026-07-10');
INSERT INTO sources (entity_key, label, url, provider, source_kind, accessed) VALUES ('house:house-karstark', 'Wiki of Westeros — House Karstark', 'https://gameofthrones.fandom.com/wiki/House_Karstark', 'Wiki of Westeros', 'reference_page', '2026-07-10');
INSERT INTO sources (entity_key, label, url, provider, source_kind, accessed) VALUES ('house:house-karstark', 'A Wiki of Ice and Fire — House Karstark', 'https://awoiaf.westeros.org/index.php/House_Karstark', 'A Wiki of Ice and Fire', 'reference_page', '2026-07-10');
INSERT INTO media (entity_key, local_path, provider, source_page, asset_url, media_kind, uncertain, metadata_json) VALUES ('house:house-karstark', '/images/houses/house-karstark.webp', 'A Wiki of Ice and Fire', 'https://awoiaf.westeros.org/index.php/House_Karstark', 'https://awoiaf.westeros.org/images/thumb/2/26/House_Karstark.svg/1200px-House_Karstark.svg.png', 'wiki_sigil', 0, '{"provider":"A Wiki of Ice and Fire","kind":"wiki_sigil","match":"exact_page_title","uncertain":false,"url":"https://awoiaf.westeros.org/index.php/House_Karstark","assetUrl":"https://awoiaf.westeros.org/images/thumb/2/26/House_Karstark.svg/1200px-House_Karstark.svg.png","accessed":"2026-07-10","originalSha256":"ca38fb700a582d613eb227deb4ecdb2f5b5c36f90e8c3945fff514d601b8626a","derivativeSha256":"5a123bee76f17f9f654553530480df4fb4d0a0d0d5f9321d1ac2c3e924df28a9","width":1200,"height":900,"presentation":"proportional_resize_with_padding"}');
INSERT INTO entities_fts (entity_key, name, aliases, type) VALUES ('house:house-karstark', 'House Karstark', '', 'house');
INSERT INTO houses (entity_key, region, words, coat_of_arms, seats_json, color) VALUES ('house:house-karstark', 'The North', 'The Sun of Winter', 'Sable, a sunburst argent', '["Karhold"]', '#87939b');
INSERT INTO entities (entity_key, id, type, name, description, status, verification, raw_json) VALUES ('house:house-umber', 'house-umber', 'house', 'House Umber', 'Gules, a roaring giant proper with shattered chains argent', NULL, 'single_source_curated', '{"id":"house-umber","apiId":401,"name":"House Umber","slug":"house-umber","region":"The North","coatOfArms":"Gules, a roaring giant proper with shattered chains argent","words":null,"titles":["Lord of the Last Hearth"],"seats":["The Last Hearth","Last Hearth"],"currentLord":"api-character-585","heir":null,"overlord":"house-stark","founded":null,"founder":null,"diedOut":null,"ancestralWeapons":[],"cadetBranches":[],"swornMembers":["api-character-585","api-character-586"],"show":["game-of-thrones"],"sources":[{"label":"An API of Ice and Fire — house 401","url":"https://anapioficeandfire.com/api/houses/401","provider":"An API of Ice and Fire","kind":"structured_database","accessed":"2026-07-10"},{"label":"Wiki of Westeros — House Umber","url":"https://gameofthrones.fandom.com/wiki/House_Umber","provider":"Wiki of Westeros","kind":"reference_page","accessed":"2026-07-10"},{"label":"A Wiki of Ice and Fire — House Umber","url":"https://awoiaf.westeros.org/index.php/House_Umber","provider":"A Wiki of Ice and Fire","kind":"reference_page","accessed":"2026-07-10"}],"verification":"single_source_curated","image":"/images/houses/house-umber.webp","imageSource":{"provider":"A Wiki of Ice and Fire","kind":"wiki_sigil","match":"exact_page_title","uncertain":false,"url":"https://awoiaf.westeros.org/index.php/House_Umber","assetUrl":"https://awoiaf.westeros.org/images/thumb/0/0f/House_Umber.svg/1200px-House_Umber.svg.png","accessed":"2026-07-10","originalSha256":"d16a914c9345f6c8ed5cf99171bb9066e18fa28015f589d5c3ccd84435630770","derivativeSha256":"0eed708e308194220124e1abdd1de07d8b6f96ac0674403c876c056d0a8dbed2","width":1200,"height":900,"presentation":"proportional_resize_with_padding"},"seat":"Last Hearth","color":"#755d47","legacyIds":["api-house-401"],"aliases":[],"presence":[]}');
INSERT INTO appearances (entity_key, show_id, presence_kind, first_reference, details_json) VALUES ('house:house-umber', 'game-of-thrones', 'listed', NULL, '{"show":"game-of-thrones","kind":"listed"}');
INSERT INTO sources (entity_key, label, url, provider, source_kind, accessed) VALUES ('house:house-umber', 'An API of Ice and Fire — house 401', 'https://anapioficeandfire.com/api/houses/401', 'An API of Ice and Fire', 'structured_database', '2026-07-10');
INSERT INTO sources (entity_key, label, url, provider, source_kind, accessed) VALUES ('house:house-umber', 'Wiki of Westeros — House Umber', 'https://gameofthrones.fandom.com/wiki/House_Umber', 'Wiki of Westeros', 'reference_page', '2026-07-10');
INSERT INTO sources (entity_key, label, url, provider, source_kind, accessed) VALUES ('house:house-umber', 'A Wiki of Ice and Fire — House Umber', 'https://awoiaf.westeros.org/index.php/House_Umber', 'A Wiki of Ice and Fire', 'reference_page', '2026-07-10');
INSERT INTO media (entity_key, local_path, provider, source_page, asset_url, media_kind, uncertain, metadata_json) VALUES ('house:house-umber', '/images/houses/house-umber.webp', 'A Wiki of Ice and Fire', 'https://awoiaf.westeros.org/index.php/House_Umber', 'https://awoiaf.westeros.org/images/thumb/0/0f/House_Umber.svg/1200px-House_Umber.svg.png', 'wiki_sigil', 0, '{"provider":"A Wiki of Ice and Fire","kind":"wiki_sigil","match":"exact_page_title","uncertain":false,"url":"https://awoiaf.westeros.org/index.php/House_Umber","assetUrl":"https://awoiaf.westeros.org/images/thumb/0/0f/House_Umber.svg/1200px-House_Umber.svg.png","accessed":"2026-07-10","originalSha256":"d16a914c9345f6c8ed5cf99171bb9066e18fa28015f589d5c3ccd84435630770","derivativeSha256":"0eed708e308194220124e1abdd1de07d8b6f96ac0674403c876c056d0a8dbed2","width":1200,"height":900,"presentation":"proportional_resize_with_padding"}');
INSERT INTO entities_fts (entity_key, name, aliases, type) VALUES ('house:house-umber', 'House Umber', '', 'house');
INSERT INTO houses (entity_key, region, words, coat_of_arms, seats_json, color) VALUES ('house:house-umber', 'The North', NULL, 'Gules, a roaring giant proper with shattered chains argent', '["The Last Hearth","Last Hearth"]', '#755d47');
INSERT INTO entities (entity_key, id, type, name, description, status, verification, raw_json) VALUES ('house:house-glover', 'house-glover', 'house', 'House Glover', 'Gules, a gauntlet argent', NULL, 'single_source_curated', '{"id":"house-glover","apiId":150,"name":"House Glover","slug":"house-glover","region":"The North","coatOfArms":"Gules, a gauntlet argent","words":null,"titles":["Master of Deepwood Motte"],"seats":["Deepwood Motte"],"currentLord":"api-character-397","heir":"api-character-903","overlord":"house-stark","founded":null,"founder":null,"diedOut":null,"ancestralWeapons":[],"cadetBranches":[],"swornMembers":["api-character-397","api-character-903"],"show":["game-of-thrones"],"sources":[{"label":"An API of Ice and Fire — house 150","url":"https://anapioficeandfire.com/api/houses/150","provider":"An API of Ice and Fire","kind":"structured_database","accessed":"2026-07-10"},{"label":"Wiki of Westeros — House Glover","url":"https://gameofthrones.fandom.com/wiki/House_Glover","provider":"Wiki of Westeros","kind":"reference_page","accessed":"2026-07-10"},{"label":"A Wiki of Ice and Fire — House Glover","url":"https://awoiaf.westeros.org/index.php/House_Glover","provider":"A Wiki of Ice and Fire","kind":"reference_page","accessed":"2026-07-10"}],"verification":"single_source_curated","image":"/images/houses/house-glover.webp","imageSource":{"provider":"A Wiki of Ice and Fire","kind":"wiki_sigil","match":"exact_page_title","uncertain":false,"url":"https://awoiaf.westeros.org/index.php/House_Glover","assetUrl":"https://awoiaf.westeros.org/images/thumb/4/41/House_Glover.svg/1200px-House_Glover.svg.png","accessed":"2026-07-10","originalSha256":"277908e7c9296f48b116cea4ed46e64ae4fa9dd9cf9783c42a9a60f64b40833d","derivativeSha256":"57decacd90912043c01a6247a746dcdde0565a629c1c91e91ca389b91142a844","width":1200,"height":900,"presentation":"proportional_resize_with_padding"},"seat":"Deepwood Motte","color":"#8b5c4f","legacyIds":["api-house-150"],"aliases":[],"presence":[]}');
INSERT INTO appearances (entity_key, show_id, presence_kind, first_reference, details_json) VALUES ('house:house-glover', 'game-of-thrones', 'listed', NULL, '{"show":"game-of-thrones","kind":"listed"}');
INSERT INTO sources (entity_key, label, url, provider, source_kind, accessed) VALUES ('house:house-glover', 'An API of Ice and Fire — house 150', 'https://anapioficeandfire.com/api/houses/150', 'An API of Ice and Fire', 'structured_database', '2026-07-10');
INSERT INTO sources (entity_key, label, url, provider, source_kind, accessed) VALUES ('house:house-glover', 'Wiki of Westeros — House Glover', 'https://gameofthrones.fandom.com/wiki/House_Glover', 'Wiki of Westeros', 'reference_page', '2026-07-10');
INSERT INTO sources (entity_key, label, url, provider, source_kind, accessed) VALUES ('house:house-glover', 'A Wiki of Ice and Fire — House Glover', 'https://awoiaf.westeros.org/index.php/House_Glover', 'A Wiki of Ice and Fire', 'reference_page', '2026-07-10');
INSERT INTO media (entity_key, local_path, provider, source_page, asset_url, media_kind, uncertain, metadata_json) VALUES ('house:house-glover', '/images/houses/house-glover.webp', 'A Wiki of Ice and Fire', 'https://awoiaf.westeros.org/index.php/House_Glover', 'https://awoiaf.westeros.org/images/thumb/4/41/House_Glover.svg/1200px-House_Glover.svg.png', 'wiki_sigil', 0, '{"provider":"A Wiki of Ice and Fire","kind":"wiki_sigil","match":"exact_page_title","uncertain":false,"url":"https://awoiaf.westeros.org/index.php/House_Glover","assetUrl":"https://awoiaf.westeros.org/images/thumb/4/41/House_Glover.svg/1200px-House_Glover.svg.png","accessed":"2026-07-10","originalSha256":"277908e7c9296f48b116cea4ed46e64ae4fa9dd9cf9783c42a9a60f64b40833d","derivativeSha256":"57decacd90912043c01a6247a746dcdde0565a629c1c91e91ca389b91142a844","width":1200,"height":900,"presentation":"proportional_resize_with_padding"}');
INSERT INTO entities_fts (entity_key, name, aliases, type) VALUES ('house:house-glover', 'House Glover', '', 'house');
INSERT INTO houses (entity_key, region, words, coat_of_arms, seats_json, color) VALUES ('house:house-glover', 'The North', NULL, 'Gules, a gauntlet argent', '["Deepwood Motte"]', '#8b5c4f');
INSERT INTO entities (entity_key, id, type, name, description, status, verification, raw_json) VALUES ('house:house-clegane', 'house-clegane', 'house', 'House Clegane', 'Three dogs on a yellow field(Or, three dogs courant in pale sable)', NULL, 'single_source_curated', '{"id":"house-clegane","apiId":72,"name":"House Clegane","slug":"house-clegane","region":"Westerlands","coatOfArms":"Three dogs on a yellow field(Or, three dogs courant in pale sable)","words":null,"titles":["Ser"],"seats":["Clegane''s Keep"],"currentLord":null,"heir":null,"overlord":"house-lannister","founded":null,"founder":null,"diedOut":null,"ancestralWeapons":[],"cadetBranches":[],"swornMembers":["api-character-1814","api-character-1994","gregor-clegane","sandor-clegane"],"show":["game-of-thrones"],"sources":[{"label":"Wiki of Westeros — House Clegane","url":"https://gameofthrones.fandom.com/wiki/House_Clegane","provider":"Wiki of Westeros","kind":"reference_page","accessed":"2026-07-10"},{"label":"An API of Ice and Fire — house 72","url":"https://anapioficeandfire.com/api/houses/72","provider":"An API of Ice and Fire","kind":"structured_database","accessed":"2026-07-10"},{"label":"A Wiki of Ice and Fire — House Clegane","url":"https://awoiaf.westeros.org/index.php/House_Clegane","provider":"A Wiki of Ice and Fire","kind":"reference_page","accessed":"2026-07-10"}],"verification":"single_source_curated","image":"/images/houses/house-clegane.webp","imageSource":{"provider":"A Wiki of Ice and Fire","kind":"wiki_sigil","match":"exact_page_title","uncertain":false,"url":"https://awoiaf.westeros.org/index.php/House_Clegane","assetUrl":"https://awoiaf.westeros.org/images/thumb/b/b6/House_Clegane.svg/500px-House_Clegane.svg.png","accessed":"2026-07-10","originalSha256":"ed3fda693d167ce38cb5a3d45522999634343b84d4f03fd625cdb9894e3410af","derivativeSha256":"1bcf52b86e955fb383e2136ae94de4dfd563d6f0e8ca63db3b745921c39d345e","width":1200,"height":900,"presentation":"proportional_resize_with_padding"},"seat":"Clegane''s Keep","color":"#6a6257","legacyIds":["api-house-72"],"aliases":[],"presence":[]}');
INSERT INTO appearances (entity_key, show_id, presence_kind, first_reference, details_json) VALUES ('house:house-clegane', 'game-of-thrones', 'listed', NULL, '{"show":"game-of-thrones","kind":"listed"}');
INSERT INTO sources (entity_key, label, url, provider, source_kind, accessed) VALUES ('house:house-clegane', 'Wiki of Westeros — House Clegane', 'https://gameofthrones.fandom.com/wiki/House_Clegane', 'Wiki of Westeros', 'reference_page', '2026-07-10');
INSERT INTO sources (entity_key, label, url, provider, source_kind, accessed) VALUES ('house:house-clegane', 'An API of Ice and Fire — house 72', 'https://anapioficeandfire.com/api/houses/72', 'An API of Ice and Fire', 'structured_database', '2026-07-10');
INSERT INTO sources (entity_key, label, url, provider, source_kind, accessed) VALUES ('house:house-clegane', 'A Wiki of Ice and Fire — House Clegane', 'https://awoiaf.westeros.org/index.php/House_Clegane', 'A Wiki of Ice and Fire', 'reference_page', '2026-07-10');
INSERT INTO media (entity_key, local_path, provider, source_page, asset_url, media_kind, uncertain, metadata_json) VALUES ('house:house-clegane', '/images/houses/house-clegane.webp', 'A Wiki of Ice and Fire', 'https://awoiaf.westeros.org/index.php/House_Clegane', 'https://awoiaf.westeros.org/images/thumb/b/b6/House_Clegane.svg/500px-House_Clegane.svg.png', 'wiki_sigil', 0, '{"provider":"A Wiki of Ice and Fire","kind":"wiki_sigil","match":"exact_page_title","uncertain":false,"url":"https://awoiaf.westeros.org/index.php/House_Clegane","assetUrl":"https://awoiaf.westeros.org/images/thumb/b/b6/House_Clegane.svg/500px-House_Clegane.svg.png","accessed":"2026-07-10","originalSha256":"ed3fda693d167ce38cb5a3d45522999634343b84d4f03fd625cdb9894e3410af","derivativeSha256":"1bcf52b86e955fb383e2136ae94de4dfd563d6f0e8ca63db3b745921c39d345e","width":1200,"height":900,"presentation":"proportional_resize_with_padding"}');
INSERT INTO entities_fts (entity_key, name, aliases, type) VALUES ('house:house-clegane', 'House Clegane', '', 'house');
INSERT INTO houses (entity_key, region, words, coat_of_arms, seats_json, color) VALUES ('house:house-clegane', 'Westerlands', NULL, 'Three dogs on a yellow field(Or, three dogs courant in pale sable)', '["Clegane''s Keep"]', '#6a6257');
INSERT INTO entities (entity_key, id, type, name, description, status, verification, raw_json) VALUES ('house:house-dondarrion', 'house-dondarrion', 'house', 'House Dondarrion', 'A forked purple lightning bolt, on black field speckled with four-pointed stars(Sable, semé of mullets of four points argent, a lightning bolt forked purpure)', NULL, 'single_source_curated', '{"id":"house-dondarrion","apiId":102,"name":"House Dondarrion","slug":"house-dondarrion","region":"Stormlands","coatOfArms":"A forked purple lightning bolt, on black field speckled with four-pointed stars(Sable, semé of mullets of four points argent, a lightning bolt forked purpure)","words":null,"titles":["Lord of Blackhaven"],"seats":["Blackhaven"],"currentLord":"api-character-190","heir":null,"overlord":"house-baratheon","founded":"Before 1 AC","founder":null,"diedOut":null,"ancestralWeapons":[],"cadetBranches":[],"swornMembers":["api-character-190","manfred-dondarrion"],"show":["a-knight-of-the-seven-kingdoms","game-of-thrones"],"sources":[{"label":"An API of Ice and Fire — house 102","url":"https://anapioficeandfire.com/api/houses/102","provider":"An API of Ice and Fire","kind":"structured_database","accessed":"2026-07-10"},{"label":"Wiki of Westeros — House Dondarrion","url":"https://gameofthrones.fandom.com/wiki/House_Dondarrion","provider":"Wiki of Westeros","kind":"reference_page","accessed":"2026-07-10"},{"label":"A Wiki of Ice and Fire — House Dondarrion","url":"https://awoiaf.westeros.org/index.php/House_Dondarrion","provider":"A Wiki of Ice and Fire","kind":"reference_page","accessed":"2026-07-10"}],"verification":"single_source_curated","image":"/images/houses/house-dondarrion.webp","imageSource":{"provider":"A Wiki of Ice and Fire","kind":"wiki_sigil","match":"exact_page_title","uncertain":false,"url":"https://awoiaf.westeros.org/index.php/House_Dondarrion","assetUrl":"https://awoiaf.westeros.org/images/thumb/a/ad/House_Dondarrion.svg/1200px-House_Dondarrion.svg.png","accessed":"2026-07-10","originalSha256":"15e4f4cadeba81551f88acaf110145f210282d1456ad80a4400b4a271bc8008b","derivativeSha256":"b5cb6be4bdff71eb6f2f7dcd3e1ddd0c2a4bab24e4996a9f4904bcd4a40411d7","width":1200,"height":900,"presentation":"proportional_resize_with_padding"},"seat":"Blackhaven","color":"#5d4a73","legacyIds":["api-house-102"],"aliases":[],"presence":[]}');
INSERT INTO appearances (entity_key, show_id, presence_kind, first_reference, details_json) VALUES ('house:house-dondarrion', 'a-knight-of-the-seven-kingdoms', 'listed', NULL, '{"show":"a-knight-of-the-seven-kingdoms","kind":"listed"}');
INSERT INTO appearances (entity_key, show_id, presence_kind, first_reference, details_json) VALUES ('house:house-dondarrion', 'game-of-thrones', 'listed', NULL, '{"show":"game-of-thrones","kind":"listed"}');
INSERT INTO sources (entity_key, label, url, provider, source_kind, accessed) VALUES ('house:house-dondarrion', 'An API of Ice and Fire — house 102', 'https://anapioficeandfire.com/api/houses/102', 'An API of Ice and Fire', 'structured_database', '2026-07-10');
INSERT INTO sources (entity_key, label, url, provider, source_kind, accessed) VALUES ('house:house-dondarrion', 'Wiki of Westeros — House Dondarrion', 'https://gameofthrones.fandom.com/wiki/House_Dondarrion', 'Wiki of Westeros', 'reference_page', '2026-07-10');
INSERT INTO sources (entity_key, label, url, provider, source_kind, accessed) VALUES ('house:house-dondarrion', 'A Wiki of Ice and Fire — House Dondarrion', 'https://awoiaf.westeros.org/index.php/House_Dondarrion', 'A Wiki of Ice and Fire', 'reference_page', '2026-07-10');
INSERT INTO media (entity_key, local_path, provider, source_page, asset_url, media_kind, uncertain, metadata_json) VALUES ('house:house-dondarrion', '/images/houses/house-dondarrion.webp', 'A Wiki of Ice and Fire', 'https://awoiaf.westeros.org/index.php/House_Dondarrion', 'https://awoiaf.westeros.org/images/thumb/a/ad/House_Dondarrion.svg/1200px-House_Dondarrion.svg.png', 'wiki_sigil', 0, '{"provider":"A Wiki of Ice and Fire","kind":"wiki_sigil","match":"exact_page_title","uncertain":false,"url":"https://awoiaf.westeros.org/index.php/House_Dondarrion","assetUrl":"https://awoiaf.westeros.org/images/thumb/a/ad/House_Dondarrion.svg/1200px-House_Dondarrion.svg.png","accessed":"2026-07-10","originalSha256":"15e4f4cadeba81551f88acaf110145f210282d1456ad80a4400b4a271bc8008b","derivativeSha256":"b5cb6be4bdff71eb6f2f7dcd3e1ddd0c2a4bab24e4996a9f4904bcd4a40411d7","width":1200,"height":900,"presentation":"proportional_resize_with_padding"}');
INSERT INTO entities_fts (entity_key, name, aliases, type) VALUES ('house:house-dondarrion', 'House Dondarrion', '', 'house');
INSERT INTO houses (entity_key, region, words, coat_of_arms, seats_json, color) VALUES ('house:house-dondarrion', 'Stormlands', NULL, 'A forked purple lightning bolt, on black field speckled with four-pointed stars(Sable, semé of mullets of four points argent, a lightning bolt forked purpure)', '["Blackhaven"]', '#5d4a73');
INSERT INTO entities (entity_key, id, type, name, description, status, verification, raw_json) VALUES ('house:house-royce', 'house-royce', 'house', 'House Royce', 'Black iron studs on a bronze field, bordered with runes(Tenné pelletée, an orle of ancient runes sable)', NULL, 'single_source_curated', '{"id":"house-royce","apiId":328,"name":"House Royce","slug":"house-royce","region":"The Vale","coatOfArms":"Black iron studs on a bronze field, bordered with runes(Tenné pelletée, an orle of ancient runes sable)","words":"We Remember","titles":["Lord of the Gates of the Moon","High King of the Vale, the Fingers and the Mountains of the Moon (formerly)","Lord of Runestone"],"seats":["Gates of the Moon","Runestone"],"currentLord":"api-character-1131","heir":null,"overlord":"house-arryn","founded":"Age of Heroes","founder":null,"diedOut":null,"ancestralWeapons":["Lamentation"],"cadetBranches":[],"swornMembers":["api-character-1104","api-character-1131"],"show":["house-of-the-dragon","game-of-thrones"],"sources":[{"label":"An API of Ice and Fire — house 329","url":"https://anapioficeandfire.com/api/houses/329","provider":"An API of Ice and Fire","kind":"structured_database","accessed":"2026-07-10"},{"label":"An API of Ice and Fire — house 328","url":"https://anapioficeandfire.com/api/houses/328","provider":"An API of Ice and Fire","kind":"structured_database","accessed":"2026-07-10"},{"label":"Wiki of Westeros — House Royce","url":"https://gameofthrones.fandom.com/wiki/House_Royce","provider":"Wiki of Westeros","kind":"reference_page","accessed":"2026-07-10"},{"label":"A Wiki of Ice and Fire — House Royce","url":"https://awoiaf.westeros.org/index.php/House_Royce","provider":"A Wiki of Ice and Fire","kind":"reference_page","accessed":"2026-07-10"}],"verification":"single_source_curated","image":"/images/houses/house-royce.webp","imageSource":{"provider":"A Wiki of Ice and Fire","kind":"wiki_sigil","match":"exact_page_title","uncertain":false,"url":"https://awoiaf.westeros.org/index.php/House_Royce","assetUrl":"https://awoiaf.westeros.org/images/thumb/c/cf/House_Royce.svg/1200px-House_Royce.svg.png","accessed":"2026-07-10","originalSha256":"0df4dc0fed6e13f086637f9683699bbd952cb9f6b39e9ece2ca1b11f2aa5bae1","derivativeSha256":"af47f031451e0c1773d088dc878fbc883f5859dc5622252229a7a6382cb3052d","width":1200,"height":900,"presentation":"proportional_resize_with_padding"},"seat":"Runestone","color":"#98754c","legacyIds":["api-house-328","api-house-329"],"canonicalName":"House Royce","aliases":["House Royce of Runestone","House Royce of the Gates of the Moon"],"branchNames":["House Royce of Runestone","House Royce of the Gates of the Moon"],"presence":[]}');
INSERT INTO aliases (entity_key, alias) VALUES ('house:house-royce', 'House Royce of Runestone');
INSERT INTO aliases (entity_key, alias) VALUES ('house:house-royce', 'House Royce of the Gates of the Moon');
INSERT INTO appearances (entity_key, show_id, presence_kind, first_reference, details_json) VALUES ('house:house-royce', 'house-of-the-dragon', 'listed', NULL, '{"show":"house-of-the-dragon","kind":"listed"}');
INSERT INTO appearances (entity_key, show_id, presence_kind, first_reference, details_json) VALUES ('house:house-royce', 'game-of-thrones', 'listed', NULL, '{"show":"game-of-thrones","kind":"listed"}');
INSERT INTO sources (entity_key, label, url, provider, source_kind, accessed) VALUES ('house:house-royce', 'An API of Ice and Fire — house 329', 'https://anapioficeandfire.com/api/houses/329', 'An API of Ice and Fire', 'structured_database', '2026-07-10');
INSERT INTO sources (entity_key, label, url, provider, source_kind, accessed) VALUES ('house:house-royce', 'An API of Ice and Fire — house 328', 'https://anapioficeandfire.com/api/houses/328', 'An API of Ice and Fire', 'structured_database', '2026-07-10');
INSERT INTO sources (entity_key, label, url, provider, source_kind, accessed) VALUES ('house:house-royce', 'Wiki of Westeros — House Royce', 'https://gameofthrones.fandom.com/wiki/House_Royce', 'Wiki of Westeros', 'reference_page', '2026-07-10');
INSERT INTO sources (entity_key, label, url, provider, source_kind, accessed) VALUES ('house:house-royce', 'A Wiki of Ice and Fire — House Royce', 'https://awoiaf.westeros.org/index.php/House_Royce', 'A Wiki of Ice and Fire', 'reference_page', '2026-07-10');
INSERT INTO media (entity_key, local_path, provider, source_page, asset_url, media_kind, uncertain, metadata_json) VALUES ('house:house-royce', '/images/houses/house-royce.webp', 'A Wiki of Ice and Fire', 'https://awoiaf.westeros.org/index.php/House_Royce', 'https://awoiaf.westeros.org/images/thumb/c/cf/House_Royce.svg/1200px-House_Royce.svg.png', 'wiki_sigil', 0, '{"provider":"A Wiki of Ice and Fire","kind":"wiki_sigil","match":"exact_page_title","uncertain":false,"url":"https://awoiaf.westeros.org/index.php/House_Royce","assetUrl":"https://awoiaf.westeros.org/images/thumb/c/cf/House_Royce.svg/1200px-House_Royce.svg.png","accessed":"2026-07-10","originalSha256":"0df4dc0fed6e13f086637f9683699bbd952cb9f6b39e9ece2ca1b11f2aa5bae1","derivativeSha256":"af47f031451e0c1773d088dc878fbc883f5859dc5622252229a7a6382cb3052d","width":1200,"height":900,"presentation":"proportional_resize_with_padding"}');
INSERT INTO entities_fts (entity_key, name, aliases, type) VALUES ('house:house-royce', 'House Royce', 'House Royce of Runestone House Royce of the Gates of the Moon', 'house');
INSERT INTO houses (entity_key, region, words, coat_of_arms, seats_json, color) VALUES ('house:house-royce', 'The Vale', 'We Remember', 'Black iron studs on a bronze field, bordered with runes(Tenné pelletée, an orle of ancient runes sable)', '["Gates of the Moon","Runestone"]', '#98754c');
INSERT INTO entities (entity_key, id, type, name, description, status, verification, raw_json) VALUES ('house:house-redwyne', 'house-redwyne', 'house', 'House Redwyne', 'Azure, a grape cluster proper', NULL, 'single_source_curated', '{"id":"house-redwyne","apiId":317,"name":"House Redwyne","slug":"house-redwyne","region":"The Reach","coatOfArms":"Azure, a grape cluster proper","words":null,"titles":["Lord of the Arbor","King of the Arbor (formerly)"],"seats":["The Arbor"],"currentLord":null,"heir":null,"overlord":"house-tyrell","founded":null,"founder":null,"diedOut":null,"ancestralWeapons":[],"cadetBranches":[],"swornMembers":["olenna-tyrell"],"show":["game-of-thrones"],"sources":[{"label":"An API of Ice and Fire — house 317","url":"https://anapioficeandfire.com/api/houses/317","provider":"An API of Ice and Fire","kind":"structured_database","accessed":"2026-07-10"},{"label":"Wiki of Westeros — House Redwyne","url":"https://gameofthrones.fandom.com/wiki/House_Redwyne","provider":"Wiki of Westeros","kind":"reference_page","accessed":"2026-07-10"},{"label":"A Wiki of Ice and Fire — House Redwyne","url":"https://awoiaf.westeros.org/index.php/House_Redwyne","provider":"A Wiki of Ice and Fire","kind":"reference_page","accessed":"2026-07-10"}],"verification":"single_source_curated","image":"/images/houses/house-redwyne.webp","imageSource":{"provider":"A Wiki of Ice and Fire","kind":"wiki_sigil","match":"exact_page_title","uncertain":false,"url":"https://awoiaf.westeros.org/index.php/House_Redwyne","assetUrl":"https://awoiaf.westeros.org/images/thumb/0/0b/House_Redwyne.svg/1200px-House_Redwyne.svg.png","accessed":"2026-07-10","originalSha256":"65a18364ee883b6cd34928d98f8120780943338baf607929492cd7259496bbfc","derivativeSha256":"c4c56f23294e7abe18d1ebb72ca916821c009e250b2f62fc974ba6a07a6ba065","width":1200,"height":900,"presentation":"proportional_resize_with_padding"},"seat":"The Arbor","color":"#7f3c4d","legacyIds":["api-house-317"],"aliases":[],"presence":[]}');
INSERT INTO appearances (entity_key, show_id, presence_kind, first_reference, details_json) VALUES ('house:house-redwyne', 'game-of-thrones', 'listed', NULL, '{"show":"game-of-thrones","kind":"listed"}');
INSERT INTO sources (entity_key, label, url, provider, source_kind, accessed) VALUES ('house:house-redwyne', 'An API of Ice and Fire — house 317', 'https://anapioficeandfire.com/api/houses/317', 'An API of Ice and Fire', 'structured_database', '2026-07-10');
INSERT INTO sources (entity_key, label, url, provider, source_kind, accessed) VALUES ('house:house-redwyne', 'Wiki of Westeros — House Redwyne', 'https://gameofthrones.fandom.com/wiki/House_Redwyne', 'Wiki of Westeros', 'reference_page', '2026-07-10');
INSERT INTO sources (entity_key, label, url, provider, source_kind, accessed) VALUES ('house:house-redwyne', 'A Wiki of Ice and Fire — House Redwyne', 'https://awoiaf.westeros.org/index.php/House_Redwyne', 'A Wiki of Ice and Fire', 'reference_page', '2026-07-10');
INSERT INTO media (entity_key, local_path, provider, source_page, asset_url, media_kind, uncertain, metadata_json) VALUES ('house:house-redwyne', '/images/houses/house-redwyne.webp', 'A Wiki of Ice and Fire', 'https://awoiaf.westeros.org/index.php/House_Redwyne', 'https://awoiaf.westeros.org/images/thumb/0/0b/House_Redwyne.svg/1200px-House_Redwyne.svg.png', 'wiki_sigil', 0, '{"provider":"A Wiki of Ice and Fire","kind":"wiki_sigil","match":"exact_page_title","uncertain":false,"url":"https://awoiaf.westeros.org/index.php/House_Redwyne","assetUrl":"https://awoiaf.westeros.org/images/thumb/0/0b/House_Redwyne.svg/1200px-House_Redwyne.svg.png","accessed":"2026-07-10","originalSha256":"65a18364ee883b6cd34928d98f8120780943338baf607929492cd7259496bbfc","derivativeSha256":"c4c56f23294e7abe18d1ebb72ca916821c009e250b2f62fc974ba6a07a6ba065","width":1200,"height":900,"presentation":"proportional_resize_with_padding"}');
INSERT INTO entities_fts (entity_key, name, aliases, type) VALUES ('house:house-redwyne', 'House Redwyne', '', 'house');
INSERT INTO houses (entity_key, region, words, coat_of_arms, seats_json, color) VALUES ('house:house-redwyne', 'The Reach', NULL, 'Azure, a grape cluster proper', '["The Arbor"]', '#7f3c4d');
INSERT INTO entities (entity_key, id, type, name, description, status, verification, raw_json) VALUES ('house:house-florent', 'house-florent', 'house', 'House Florent', 'A red fox in a circle of blue flowers on ermine', NULL, 'single_source_curated', '{"id":"house-florent","apiId":133,"name":"House Florent","slug":"house-florent","region":"The Reach","coatOfArms":"A red fox in a circle of blue flowers on ermine","words":null,"titles":["Lord of Brightwater"],"seats":["Stripped (formerly Brightwater Keep)","Brightwater Keep"],"currentLord":null,"heir":"api-character-742","overlord":"house-baratheon","founded":null,"founder":null,"diedOut":null,"ancestralWeapons":[],"cadetBranches":[],"swornMembers":["api-character-522","api-character-742","selyse-baratheon"],"show":["game-of-thrones"],"sources":[{"label":"An API of Ice and Fire — house 133","url":"https://anapioficeandfire.com/api/houses/133","provider":"An API of Ice and Fire","kind":"structured_database","accessed":"2026-07-10"},{"label":"Wiki of Westeros — House Florent","url":"https://gameofthrones.fandom.com/wiki/House_Florent","provider":"Wiki of Westeros","kind":"reference_page","accessed":"2026-07-10"},{"label":"A Wiki of Ice and Fire — House Florent","url":"https://awoiaf.westeros.org/index.php/House_Florent","provider":"A Wiki of Ice and Fire","kind":"reference_page","accessed":"2026-07-10"}],"verification":"single_source_curated","image":"/images/houses/house-florent.webp","imageSource":{"provider":"A Wiki of Ice and Fire","kind":"wiki_sigil","match":"exact_page_title","uncertain":false,"url":"https://awoiaf.westeros.org/index.php/House_Florent","assetUrl":"https://awoiaf.westeros.org/images/thumb/4/46/House_Florent.svg/1200px-House_Florent.svg.png","accessed":"2026-07-10","originalSha256":"30ec07f1106eb3081121677cb8db4d2df50910dfe30306eb8a2ade81ad22cf8d","derivativeSha256":"b4437c61511003620ff05c0abf6afaae20e789f45da7c91c79b5ee62cb58414a","width":1200,"height":900,"presentation":"proportional_resize_with_padding"},"seat":"Brightwater Keep","color":"#a87b55","legacyIds":["api-house-133"],"aliases":[],"presence":[]}');
INSERT INTO appearances (entity_key, show_id, presence_kind, first_reference, details_json) VALUES ('house:house-florent', 'game-of-thrones', 'listed', NULL, '{"show":"game-of-thrones","kind":"listed"}');
INSERT INTO sources (entity_key, label, url, provider, source_kind, accessed) VALUES ('house:house-florent', 'An API of Ice and Fire — house 133', 'https://anapioficeandfire.com/api/houses/133', 'An API of Ice and Fire', 'structured_database', '2026-07-10');
INSERT INTO sources (entity_key, label, url, provider, source_kind, accessed) VALUES ('house:house-florent', 'Wiki of Westeros — House Florent', 'https://gameofthrones.fandom.com/wiki/House_Florent', 'Wiki of Westeros', 'reference_page', '2026-07-10');
INSERT INTO sources (entity_key, label, url, provider, source_kind, accessed) VALUES ('house:house-florent', 'A Wiki of Ice and Fire — House Florent', 'https://awoiaf.westeros.org/index.php/House_Florent', 'A Wiki of Ice and Fire', 'reference_page', '2026-07-10');
INSERT INTO media (entity_key, local_path, provider, source_page, asset_url, media_kind, uncertain, metadata_json) VALUES ('house:house-florent', '/images/houses/house-florent.webp', 'A Wiki of Ice and Fire', 'https://awoiaf.westeros.org/index.php/House_Florent', 'https://awoiaf.westeros.org/images/thumb/4/46/House_Florent.svg/1200px-House_Florent.svg.png', 'wiki_sigil', 0, '{"provider":"A Wiki of Ice and Fire","kind":"wiki_sigil","match":"exact_page_title","uncertain":false,"url":"https://awoiaf.westeros.org/index.php/House_Florent","assetUrl":"https://awoiaf.westeros.org/images/thumb/4/46/House_Florent.svg/1200px-House_Florent.svg.png","accessed":"2026-07-10","originalSha256":"30ec07f1106eb3081121677cb8db4d2df50910dfe30306eb8a2ade81ad22cf8d","derivativeSha256":"b4437c61511003620ff05c0abf6afaae20e789f45da7c91c79b5ee62cb58414a","width":1200,"height":900,"presentation":"proportional_resize_with_padding"}');
INSERT INTO entities_fts (entity_key, name, aliases, type) VALUES ('house:house-florent', 'House Florent', '', 'house');
INSERT INTO houses (entity_key, region, words, coat_of_arms, seats_json, color) VALUES ('house:house-florent', 'The Reach', NULL, 'A red fox in a circle of blue flowers on ermine', '["Stripped (formerly Brightwater Keep)","Brightwater Keep"]', '#a87b55');
INSERT INTO entities (entity_key, id, type, name, description, status, verification, raw_json) VALUES ('house:house-blackwood', 'house-blackwood', 'house', 'House Blackwood', 'A flock of ravens surrounding a black shield charged with a dead weirwood, on a scarlet field(Gules, on an escutcheon sable a dead weirwood tree proper, all within an orle of ravens volant sable)', NULL, 'single_source_curated', '{"id":"house-blackwood","apiId":27,"name":"House Blackwood","slug":"house-blackwood","region":"Riverlands","coatOfArms":"A flock of ravens surrounding a black shield charged with a dead weirwood, on a scarlet field(Gules, on an escutcheon sable a dead weirwood tree proper, all within an orle of ravens volant sable)","words":null,"titles":["Lord of Raventree"],"seats":["Raventree Hall"],"currentLord":null,"heir":null,"overlord":null,"founded":"Age of Heroes","founder":null,"diedOut":null,"ancestralWeapons":[],"cadetBranches":[],"swornMembers":[],"show":["house-of-the-dragon"],"sources":[{"label":"An API of Ice and Fire — house 27","url":"https://anapioficeandfire.com/api/houses/27","provider":"An API of Ice and Fire","kind":"structured_database","accessed":"2026-07-10"},{"label":"Wiki of Westeros — House Blackwood","url":"https://gameofthrones.fandom.com/wiki/House_Blackwood","provider":"Wiki of Westeros","kind":"reference_page","accessed":"2026-07-10"},{"label":"A Wiki of Ice and Fire — House Blackwood","url":"https://awoiaf.westeros.org/index.php/House_Blackwood","provider":"A Wiki of Ice and Fire","kind":"reference_page","accessed":"2026-07-10"}],"verification":"single_source_curated","image":"/images/houses/house-blackwood.webp","imageSource":{"provider":"A Wiki of Ice and Fire","kind":"wiki_sigil","match":"exact_page_title","uncertain":false,"url":"https://awoiaf.westeros.org/index.php/House_Blackwood","assetUrl":"https://awoiaf.westeros.org/images/thumb/e/e1/House_Blackwood.svg/1200px-House_Blackwood.svg.png","accessed":"2026-07-10","originalSha256":"4ad2420b843646cd480f9d3f6416dbb3f07266151580ac417c0b8120c0f0d01a","derivativeSha256":"33f72d99c87d473b9e5eb85136a4d929933ee3054a020925c577810ec6681105","width":1200,"height":900,"presentation":"proportional_resize_with_padding"},"seat":"Raventree Hall","color":"#29292e","legacyIds":["api-house-27"],"aliases":[],"presence":[]}');
INSERT INTO appearances (entity_key, show_id, presence_kind, first_reference, details_json) VALUES ('house:house-blackwood', 'house-of-the-dragon', 'listed', NULL, '{"show":"house-of-the-dragon","kind":"listed"}');
INSERT INTO sources (entity_key, label, url, provider, source_kind, accessed) VALUES ('house:house-blackwood', 'An API of Ice and Fire — house 27', 'https://anapioficeandfire.com/api/houses/27', 'An API of Ice and Fire', 'structured_database', '2026-07-10');
INSERT INTO sources (entity_key, label, url, provider, source_kind, accessed) VALUES ('house:house-blackwood', 'Wiki of Westeros — House Blackwood', 'https://gameofthrones.fandom.com/wiki/House_Blackwood', 'Wiki of Westeros', 'reference_page', '2026-07-10');
INSERT INTO sources (entity_key, label, url, provider, source_kind, accessed) VALUES ('house:house-blackwood', 'A Wiki of Ice and Fire — House Blackwood', 'https://awoiaf.westeros.org/index.php/House_Blackwood', 'A Wiki of Ice and Fire', 'reference_page', '2026-07-10');
INSERT INTO media (entity_key, local_path, provider, source_page, asset_url, media_kind, uncertain, metadata_json) VALUES ('house:house-blackwood', '/images/houses/house-blackwood.webp', 'A Wiki of Ice and Fire', 'https://awoiaf.westeros.org/index.php/House_Blackwood', 'https://awoiaf.westeros.org/images/thumb/e/e1/House_Blackwood.svg/1200px-House_Blackwood.svg.png', 'wiki_sigil', 0, '{"provider":"A Wiki of Ice and Fire","kind":"wiki_sigil","match":"exact_page_title","uncertain":false,"url":"https://awoiaf.westeros.org/index.php/House_Blackwood","assetUrl":"https://awoiaf.westeros.org/images/thumb/e/e1/House_Blackwood.svg/1200px-House_Blackwood.svg.png","accessed":"2026-07-10","originalSha256":"4ad2420b843646cd480f9d3f6416dbb3f07266151580ac417c0b8120c0f0d01a","derivativeSha256":"33f72d99c87d473b9e5eb85136a4d929933ee3054a020925c577810ec6681105","width":1200,"height":900,"presentation":"proportional_resize_with_padding"}');
INSERT INTO entities_fts (entity_key, name, aliases, type) VALUES ('house:house-blackwood', 'House Blackwood', '', 'house');
INSERT INTO houses (entity_key, region, words, coat_of_arms, seats_json, color) VALUES ('house:house-blackwood', 'Riverlands', NULL, 'A flock of ravens surrounding a black shield charged with a dead weirwood, on a scarlet field(Gules, on an escutcheon sable a dead weirwood tree proper, all within an orle of ravens volant sable)', '["Raventree Hall"]', '#29292e');
INSERT INTO entities (entity_key, id, type, name, description, status, verification, raw_json) VALUES ('house:house-bracken', 'house-bracken', 'house', 'House Bracken', 'A red stallion upon a gold shield, on a brown field(Tenné, on an escutcheon or a stallion rampant gules)', NULL, 'single_source_curated', '{"id":"house-bracken","apiId":37,"name":"House Bracken","slug":"house-bracken","region":"Riverlands","coatOfArms":"A red stallion upon a gold shield, on a brown field(Tenné, on an escutcheon or a stallion rampant gules)","words":null,"titles":[],"seats":["Stone Hedge"],"currentLord":"api-character-1559","heir":null,"overlord":null,"founded":"Age of Heroes","founder":null,"diedOut":null,"ancestralWeapons":[],"cadetBranches":[],"swornMembers":["api-character-1559"],"show":["house-of-the-dragon"],"sources":[{"label":"An API of Ice and Fire — house 37","url":"https://anapioficeandfire.com/api/houses/37","provider":"An API of Ice and Fire","kind":"structured_database","accessed":"2026-07-10"},{"label":"Wiki of Westeros — House Bracken","url":"https://gameofthrones.fandom.com/wiki/House_Bracken","provider":"Wiki of Westeros","kind":"reference_page","accessed":"2026-07-10"},{"label":"A Wiki of Ice and Fire — House Bracken","url":"https://awoiaf.westeros.org/index.php/House_Bracken","provider":"A Wiki of Ice and Fire","kind":"reference_page","accessed":"2026-07-10"}],"verification":"single_source_curated","image":"/images/houses/house-bracken.webp","imageSource":{"provider":"A Wiki of Ice and Fire","kind":"wiki_sigil","match":"exact_page_title","uncertain":false,"url":"https://awoiaf.westeros.org/index.php/House_Bracken","assetUrl":"https://awoiaf.westeros.org/images/thumb/e/e5/House_Bracken.svg/1200px-House_Bracken.svg.png","accessed":"2026-07-10","originalSha256":"1f545b419df1fab1f09d19d18861f2c06a5f8967efc08e47742ddee6d9aae327","derivativeSha256":"884f9577b3c1d73eb75516b3272086bb2cdbfbe72750580099b9acab9f6000c0","width":1200,"height":900,"presentation":"proportional_resize_with_padding"},"seat":"Stone Hedge","color":"#b4914d","legacyIds":["api-house-37"],"aliases":[],"presence":[]}');
INSERT INTO appearances (entity_key, show_id, presence_kind, first_reference, details_json) VALUES ('house:house-bracken', 'house-of-the-dragon', 'listed', NULL, '{"show":"house-of-the-dragon","kind":"listed"}');
INSERT INTO sources (entity_key, label, url, provider, source_kind, accessed) VALUES ('house:house-bracken', 'An API of Ice and Fire — house 37', 'https://anapioficeandfire.com/api/houses/37', 'An API of Ice and Fire', 'structured_database', '2026-07-10');
INSERT INTO sources (entity_key, label, url, provider, source_kind, accessed) VALUES ('house:house-bracken', 'Wiki of Westeros — House Bracken', 'https://gameofthrones.fandom.com/wiki/House_Bracken', 'Wiki of Westeros', 'reference_page', '2026-07-10');
INSERT INTO sources (entity_key, label, url, provider, source_kind, accessed) VALUES ('house:house-bracken', 'A Wiki of Ice and Fire — House Bracken', 'https://awoiaf.westeros.org/index.php/House_Bracken', 'A Wiki of Ice and Fire', 'reference_page', '2026-07-10');
INSERT INTO media (entity_key, local_path, provider, source_page, asset_url, media_kind, uncertain, metadata_json) VALUES ('house:house-bracken', '/images/houses/house-bracken.webp', 'A Wiki of Ice and Fire', 'https://awoiaf.westeros.org/index.php/House_Bracken', 'https://awoiaf.westeros.org/images/thumb/e/e5/House_Bracken.svg/1200px-House_Bracken.svg.png', 'wiki_sigil', 0, '{"provider":"A Wiki of Ice and Fire","kind":"wiki_sigil","match":"exact_page_title","uncertain":false,"url":"https://awoiaf.westeros.org/index.php/House_Bracken","assetUrl":"https://awoiaf.westeros.org/images/thumb/e/e5/House_Bracken.svg/1200px-House_Bracken.svg.png","accessed":"2026-07-10","originalSha256":"1f545b419df1fab1f09d19d18861f2c06a5f8967efc08e47742ddee6d9aae327","derivativeSha256":"884f9577b3c1d73eb75516b3272086bb2cdbfbe72750580099b9acab9f6000c0","width":1200,"height":900,"presentation":"proportional_resize_with_padding"}');
INSERT INTO entities_fts (entity_key, name, aliases, type) VALUES ('house:house-bracken', 'House Bracken', '', 'house');
INSERT INTO houses (entity_key, region, words, coat_of_arms, seats_json, color) VALUES ('house:house-bracken', 'Riverlands', NULL, 'A red stallion upon a gold shield, on a brown field(Tenné, on an escutcheon or a stallion rampant gules)', '["Stone Hedge"]', '#b4914d');
INSERT INTO entities (entity_key, id, type, name, description, status, verification, raw_json) VALUES ('house:house-beesbury', 'house-beesbury', 'house', 'House Beesbury', 'Paly or and sable, on a pale of the last three beehives of the first', NULL, 'single_source_curated', '{"id":"house-beesbury","apiId":18,"name":"House Beesbury","slug":"house-beesbury","region":"The Reach","coatOfArms":"Paly or and sable, on a pale of the last three beehives of the first","words":null,"titles":[],"seats":["Honeyholt"],"currentLord":null,"heir":null,"overlord":"house-hightower","founded":null,"founder":null,"diedOut":null,"ancestralWeapons":[],"cadetBranches":[],"swornMembers":["humfrey-beesbury"],"show":["house-of-the-dragon","a-knight-of-the-seven-kingdoms"],"sources":[{"label":"An API of Ice and Fire — house 18","url":"https://anapioficeandfire.com/api/houses/18","provider":"An API of Ice and Fire","kind":"structured_database","accessed":"2026-07-10"},{"label":"Wiki of Westeros — House Beesbury","url":"https://gameofthrones.fandom.com/wiki/House_Beesbury","provider":"Wiki of Westeros","kind":"reference_page","accessed":"2026-07-10"},{"label":"A Wiki of Ice and Fire — House Beesbury","url":"https://awoiaf.westeros.org/index.php/House_Beesbury","provider":"A Wiki of Ice and Fire","kind":"reference_page","accessed":"2026-07-10"}],"verification":"single_source_curated","image":"/images/houses/house-beesbury.webp","imageSource":{"provider":"A Wiki of Ice and Fire","kind":"wiki_sigil","match":"exact_page_title","uncertain":false,"url":"https://awoiaf.westeros.org/index.php/House_Beesbury","assetUrl":"https://awoiaf.westeros.org/images/thumb/f/f5/House_Beesbury.svg/1200px-House_Beesbury.svg.png","accessed":"2026-07-10","originalSha256":"5fe0587bd7321c0a59cb2ecbcef89571ffae89c7ff8b9d5320f543e87fd5eb1a","derivativeSha256":"6c8954e91b026d45f6418d5e095598fcd5ce0dc9ed05819517023901c5af6dbe","width":1200,"height":900,"presentation":"proportional_resize_with_padding"},"seat":"Honeyholt","color":"#d0a937","legacyIds":["api-house-18"],"aliases":[],"presence":[]}');
INSERT INTO appearances (entity_key, show_id, presence_kind, first_reference, details_json) VALUES ('house:house-beesbury', 'house-of-the-dragon', 'listed', NULL, '{"show":"house-of-the-dragon","kind":"listed"}');
INSERT INTO appearances (entity_key, show_id, presence_kind, first_reference, details_json) VALUES ('house:house-beesbury', 'a-knight-of-the-seven-kingdoms', 'listed', NULL, '{"show":"a-knight-of-the-seven-kingdoms","kind":"listed"}');
INSERT INTO sources (entity_key, label, url, provider, source_kind, accessed) VALUES ('house:house-beesbury', 'An API of Ice and Fire — house 18', 'https://anapioficeandfire.com/api/houses/18', 'An API of Ice and Fire', 'structured_database', '2026-07-10');
INSERT INTO sources (entity_key, label, url, provider, source_kind, accessed) VALUES ('house:house-beesbury', 'Wiki of Westeros — House Beesbury', 'https://gameofthrones.fandom.com/wiki/House_Beesbury', 'Wiki of Westeros', 'reference_page', '2026-07-10');
INSERT INTO sources (entity_key, label, url, provider, source_kind, accessed) VALUES ('house:house-beesbury', 'A Wiki of Ice and Fire — House Beesbury', 'https://awoiaf.westeros.org/index.php/House_Beesbury', 'A Wiki of Ice and Fire', 'reference_page', '2026-07-10');
INSERT INTO media (entity_key, local_path, provider, source_page, asset_url, media_kind, uncertain, metadata_json) VALUES ('house:house-beesbury', '/images/houses/house-beesbury.webp', 'A Wiki of Ice and Fire', 'https://awoiaf.westeros.org/index.php/House_Beesbury', 'https://awoiaf.westeros.org/images/thumb/f/f5/House_Beesbury.svg/1200px-House_Beesbury.svg.png', 'wiki_sigil', 0, '{"provider":"A Wiki of Ice and Fire","kind":"wiki_sigil","match":"exact_page_title","uncertain":false,"url":"https://awoiaf.westeros.org/index.php/House_Beesbury","assetUrl":"https://awoiaf.westeros.org/images/thumb/f/f5/House_Beesbury.svg/1200px-House_Beesbury.svg.png","accessed":"2026-07-10","originalSha256":"5fe0587bd7321c0a59cb2ecbcef89571ffae89c7ff8b9d5320f543e87fd5eb1a","derivativeSha256":"6c8954e91b026d45f6418d5e095598fcd5ce0dc9ed05819517023901c5af6dbe","width":1200,"height":900,"presentation":"proportional_resize_with_padding"}');
INSERT INTO entities_fts (entity_key, name, aliases, type) VALUES ('house:house-beesbury', 'House Beesbury', '', 'house');
INSERT INTO houses (entity_key, region, words, coat_of_arms, seats_json, color) VALUES ('house:house-beesbury', 'The Reach', NULL, 'Paly or and sable, on a pale of the last three beehives of the first', '["Honeyholt"]', '#d0a937');
INSERT INTO entities (entity_key, id, type, name, description, status, verification, raw_json) VALUES ('house:house-caswell', 'house-caswell', 'house', 'House Caswell', 'Argent, a centaur with bow or', NULL, 'single_source_curated', '{"id":"house-caswell","apiId":63,"name":"House Caswell","slug":"house-caswell","region":"The Reach","coatOfArms":"Argent, a centaur with bow or","words":null,"titles":["Lord of Bitterbridge","Defender of the Fords"],"seats":["Bitterbridge"],"currentLord":null,"heir":null,"overlord":"house-tyrell","founded":null,"founder":null,"diedOut":null,"ancestralWeapons":[],"cadetBranches":[],"swornMembers":[],"show":["house-of-the-dragon","a-knight-of-the-seven-kingdoms"],"sources":[{"label":"An API of Ice and Fire — house 63","url":"https://anapioficeandfire.com/api/houses/63","provider":"An API of Ice and Fire","kind":"structured_database","accessed":"2026-07-10"},{"label":"Wiki of Westeros — House Caswell","url":"https://gameofthrones.fandom.com/wiki/House_Caswell","provider":"Wiki of Westeros","kind":"reference_page","accessed":"2026-07-10"},{"label":"A Wiki of Ice and Fire — House Caswell","url":"https://awoiaf.westeros.org/index.php/House_Caswell","provider":"A Wiki of Ice and Fire","kind":"reference_page","accessed":"2026-07-10"}],"verification":"single_source_curated","image":"/images/houses/house-caswell.webp","imageSource":{"provider":"A Wiki of Ice and Fire","kind":"wiki_sigil","match":"exact_page_title","uncertain":false,"url":"https://awoiaf.westeros.org/index.php/House_Caswell","assetUrl":"https://awoiaf.westeros.org/images/thumb/2/2a/House_Caswell.svg/1200px-House_Caswell.svg.png","accessed":"2026-07-10","originalSha256":"733bee020195254b371e01ea5601e397d68e95931876aa83c3219232ed388178","derivativeSha256":"379123f0f62b759e6d53b6a637ff0c58d81bcc86c2d0a6f145a417cc203c9475","width":1200,"height":900,"presentation":"proportional_resize_with_padding"},"seat":"Bitterbridge","color":"#c9a76a","legacyIds":["api-house-63"],"aliases":[],"presence":[]}');
INSERT INTO appearances (entity_key, show_id, presence_kind, first_reference, details_json) VALUES ('house:house-caswell', 'house-of-the-dragon', 'listed', NULL, '{"show":"house-of-the-dragon","kind":"listed"}');
INSERT INTO appearances (entity_key, show_id, presence_kind, first_reference, details_json) VALUES ('house:house-caswell', 'a-knight-of-the-seven-kingdoms', 'listed', NULL, '{"show":"a-knight-of-the-seven-kingdoms","kind":"listed"}');
INSERT INTO sources (entity_key, label, url, provider, source_kind, accessed) VALUES ('house:house-caswell', 'An API of Ice and Fire — house 63', 'https://anapioficeandfire.com/api/houses/63', 'An API of Ice and Fire', 'structured_database', '2026-07-10');
INSERT INTO sources (entity_key, label, url, provider, source_kind, accessed) VALUES ('house:house-caswell', 'Wiki of Westeros — House Caswell', 'https://gameofthrones.fandom.com/wiki/House_Caswell', 'Wiki of Westeros', 'reference_page', '2026-07-10');
INSERT INTO sources (entity_key, label, url, provider, source_kind, accessed) VALUES ('house:house-caswell', 'A Wiki of Ice and Fire — House Caswell', 'https://awoiaf.westeros.org/index.php/House_Caswell', 'A Wiki of Ice and Fire', 'reference_page', '2026-07-10');
INSERT INTO media (entity_key, local_path, provider, source_page, asset_url, media_kind, uncertain, metadata_json) VALUES ('house:house-caswell', '/images/houses/house-caswell.webp', 'A Wiki of Ice and Fire', 'https://awoiaf.westeros.org/index.php/House_Caswell', 'https://awoiaf.westeros.org/images/thumb/2/2a/House_Caswell.svg/1200px-House_Caswell.svg.png', 'wiki_sigil', 0, '{"provider":"A Wiki of Ice and Fire","kind":"wiki_sigil","match":"exact_page_title","uncertain":false,"url":"https://awoiaf.westeros.org/index.php/House_Caswell","assetUrl":"https://awoiaf.westeros.org/images/thumb/2/2a/House_Caswell.svg/1200px-House_Caswell.svg.png","accessed":"2026-07-10","originalSha256":"733bee020195254b371e01ea5601e397d68e95931876aa83c3219232ed388178","derivativeSha256":"379123f0f62b759e6d53b6a637ff0c58d81bcc86c2d0a6f145a417cc203c9475","width":1200,"height":900,"presentation":"proportional_resize_with_padding"}');
INSERT INTO entities_fts (entity_key, name, aliases, type) VALUES ('house:house-caswell', 'House Caswell', '', 'house');
INSERT INTO houses (entity_key, region, words, coat_of_arms, seats_json, color) VALUES ('house:house-caswell', 'The Reach', NULL, 'Argent, a centaur with bow or', '["Bitterbridge"]', '#c9a76a');
INSERT INTO entities (entity_key, id, type, name, description, status, verification, raw_json) VALUES ('house:house-fossoway', 'house-fossoway', 'house', 'House Fossoway', 'Or, an apple gules', NULL, 'single_source_curated', '{"id":"house-fossoway","apiId":139,"name":"House Fossoway","slug":"house-fossoway","region":"The Reach","coatOfArms":"Or, an apple gules","words":null,"titles":["The Knight of New Barrel","Lord of Cider Hall"],"seats":["New Barrel","Cider Hall"],"currentLord":null,"heir":null,"overlord":"house-tyrell","founded":null,"founder":null,"diedOut":null,"ancestralWeapons":[],"cadetBranches":[],"swornMembers":["raymun-fossoway","steffon-fossoway"],"show":["a-knight-of-the-seven-kingdoms"],"sources":[{"label":"An API of Ice and Fire — house 140","url":"https://anapioficeandfire.com/api/houses/140","provider":"An API of Ice and Fire","kind":"structured_database","accessed":"2026-07-10"},{"label":"An API of Ice and Fire — house 139","url":"https://anapioficeandfire.com/api/houses/139","provider":"An API of Ice and Fire","kind":"structured_database","accessed":"2026-07-10"},{"label":"Wiki of Westeros — House Fossoway","url":"https://gameofthrones.fandom.com/wiki/House_Fossoway","provider":"Wiki of Westeros","kind":"reference_page","accessed":"2026-07-10"}],"verification":"single_source_curated","image":"/images/fallback-house.svg","imageSource":{"provider":"Local archive fallback","kind":"fallback","match":"none","uncertain":false,"reason":"Exact page has no lead or infobox image","url":null,"assetUrl":null},"seat":"Cider Hall","color":"#a3a746","legacyIds":["api-house-139","api-house-140"],"canonicalName":"House Fossoway","aliases":["House Fossoway of Cider Hall","House Fossoway of New Barrel"],"branchNames":["House Fossoway of Cider Hall","House Fossoway of New Barrel"],"presence":[]}');
INSERT INTO aliases (entity_key, alias) VALUES ('house:house-fossoway', 'House Fossoway of Cider Hall');
INSERT INTO aliases (entity_key, alias) VALUES ('house:house-fossoway', 'House Fossoway of New Barrel');
INSERT INTO appearances (entity_key, show_id, presence_kind, first_reference, details_json) VALUES ('house:house-fossoway', 'a-knight-of-the-seven-kingdoms', 'listed', NULL, '{"show":"a-knight-of-the-seven-kingdoms","kind":"listed"}');
INSERT INTO sources (entity_key, label, url, provider, source_kind, accessed) VALUES ('house:house-fossoway', 'An API of Ice and Fire — house 140', 'https://anapioficeandfire.com/api/houses/140', 'An API of Ice and Fire', 'structured_database', '2026-07-10');
INSERT INTO sources (entity_key, label, url, provider, source_kind, accessed) VALUES ('house:house-fossoway', 'An API of Ice and Fire — house 139', 'https://anapioficeandfire.com/api/houses/139', 'An API of Ice and Fire', 'structured_database', '2026-07-10');
INSERT INTO sources (entity_key, label, url, provider, source_kind, accessed) VALUES ('house:house-fossoway', 'Wiki of Westeros — House Fossoway', 'https://gameofthrones.fandom.com/wiki/House_Fossoway', 'Wiki of Westeros', 'reference_page', '2026-07-10');
INSERT INTO media (entity_key, local_path, provider, source_page, asset_url, media_kind, uncertain, metadata_json) VALUES ('house:house-fossoway', '/images/fallback-house.svg', 'Local archive fallback', NULL, NULL, 'fallback', 0, '{"provider":"Local archive fallback","kind":"fallback","match":"none","uncertain":false,"reason":"Exact page has no lead or infobox image","url":null,"assetUrl":null}');
INSERT INTO entities_fts (entity_key, name, aliases, type) VALUES ('house:house-fossoway', 'House Fossoway', 'House Fossoway of Cider Hall House Fossoway of New Barrel', 'house');
INSERT INTO houses (entity_key, region, words, coat_of_arms, seats_json, color) VALUES ('house:house-fossoway', 'The Reach', NULL, 'Or, an apple gules', '["New Barrel","Cider Hall"]', '#a3a746');
INSERT INTO entities (entity_key, id, type, name, description, status, verification, raw_json) VALUES ('house:house-ashford', 'house-ashford', 'house', 'House Ashford', 'Tenny, a sun in splendour beneath a chevron inverted argent', NULL, 'single_source_curated', '{"id":"house-ashford","apiId":8,"name":"House Ashford","slug":"house-ashford","region":"The Reach","coatOfArms":"Tenny, a sun in splendour beneath a chevron inverted argent","words":null,"titles":["Lord of Ashford"],"seats":["Ashford"],"currentLord":null,"heir":null,"overlord":"house-tyrell","founded":null,"founder":null,"diedOut":null,"ancestralWeapons":[],"cadetBranches":[],"swornMembers":[],"show":["a-knight-of-the-seven-kingdoms"],"sources":[{"label":"An API of Ice and Fire — house 8","url":"https://anapioficeandfire.com/api/houses/8","provider":"An API of Ice and Fire","kind":"structured_database","accessed":"2026-07-10"},{"label":"Wiki of Westeros — House Ashford","url":"https://gameofthrones.fandom.com/wiki/House_Ashford","provider":"Wiki of Westeros","kind":"reference_page","accessed":"2026-07-10"},{"label":"A Wiki of Ice and Fire — House Ashford","url":"https://awoiaf.westeros.org/index.php/House_Ashford","provider":"A Wiki of Ice and Fire","kind":"reference_page","accessed":"2026-07-10"}],"verification":"single_source_curated","image":"/images/houses/house-ashford.webp","imageSource":{"provider":"A Wiki of Ice and Fire","kind":"wiki_sigil","match":"exact_page_title","uncertain":false,"url":"https://awoiaf.westeros.org/index.php/House_Ashford","assetUrl":"https://awoiaf.westeros.org/images/thumb/a/a3/House_Ashford.svg/1200px-House_Ashford.svg.png","accessed":"2026-07-10","originalSha256":"45928c79a2f37548fc7b78dcbef209fa6c2f4b66788680d0b93f0116c00c6eeb","derivativeSha256":"a3da73ff6cc1c15b7b8feb54fa979a7352fd03d2ae384badacfca842c6e2515a","width":1200,"height":900,"presentation":"proportional_resize_with_padding"},"seat":"Ashford","color":"#c1a46d","legacyIds":["api-house-8"],"aliases":[],"presence":[]}');
INSERT INTO appearances (entity_key, show_id, presence_kind, first_reference, details_json) VALUES ('house:house-ashford', 'a-knight-of-the-seven-kingdoms', 'listed', NULL, '{"show":"a-knight-of-the-seven-kingdoms","kind":"listed"}');
INSERT INTO sources (entity_key, label, url, provider, source_kind, accessed) VALUES ('house:house-ashford', 'An API of Ice and Fire — house 8', 'https://anapioficeandfire.com/api/houses/8', 'An API of Ice and Fire', 'structured_database', '2026-07-10');
INSERT INTO sources (entity_key, label, url, provider, source_kind, accessed) VALUES ('house:house-ashford', 'Wiki of Westeros — House Ashford', 'https://gameofthrones.fandom.com/wiki/House_Ashford', 'Wiki of Westeros', 'reference_page', '2026-07-10');
INSERT INTO sources (entity_key, label, url, provider, source_kind, accessed) VALUES ('house:house-ashford', 'A Wiki of Ice and Fire — House Ashford', 'https://awoiaf.westeros.org/index.php/House_Ashford', 'A Wiki of Ice and Fire', 'reference_page', '2026-07-10');
INSERT INTO media (entity_key, local_path, provider, source_page, asset_url, media_kind, uncertain, metadata_json) VALUES ('house:house-ashford', '/images/houses/house-ashford.webp', 'A Wiki of Ice and Fire', 'https://awoiaf.westeros.org/index.php/House_Ashford', 'https://awoiaf.westeros.org/images/thumb/a/a3/House_Ashford.svg/1200px-House_Ashford.svg.png', 'wiki_sigil', 0, '{"provider":"A Wiki of Ice and Fire","kind":"wiki_sigil","match":"exact_page_title","uncertain":false,"url":"https://awoiaf.westeros.org/index.php/House_Ashford","assetUrl":"https://awoiaf.westeros.org/images/thumb/a/a3/House_Ashford.svg/1200px-House_Ashford.svg.png","accessed":"2026-07-10","originalSha256":"45928c79a2f37548fc7b78dcbef209fa6c2f4b66788680d0b93f0116c00c6eeb","derivativeSha256":"a3da73ff6cc1c15b7b8feb54fa979a7352fd03d2ae384badacfca842c6e2515a","width":1200,"height":900,"presentation":"proportional_resize_with_padding"}');
INSERT INTO entities_fts (entity_key, name, aliases, type) VALUES ('house:house-ashford', 'House Ashford', '', 'house');
INSERT INTO houses (entity_key, region, words, coat_of_arms, seats_json, color) VALUES ('house:house-ashford', 'The Reach', NULL, 'Tenny, a sun in splendour beneath a chevron inverted argent', '["Ashford"]', '#c1a46d');
INSERT INTO entities (entity_key, id, type, name, description, status, verification, raw_json) VALUES ('house:house-osgrey', 'house-osgrey', 'house', 'House Osgrey', 'Argent, a lion rampant chequy vert and or', NULL, 'single_source_curated', '{"id":"house-osgrey","apiId":291,"name":"House Osgrey","slug":"house-osgrey","region":"The Reach","coatOfArms":"Argent, a lion rampant chequy vert and or","words":null,"titles":["Knight of Standfast","Marshall of the Northmarch (pre-Conquest)"],"seats":["Extinct (formerly Leafy Lake)","Standfast","Coldmoat (formally)"],"currentLord":null,"heir":null,"overlord":null,"founded":null,"founder":null,"diedOut":null,"ancestralWeapons":[],"cadetBranches":[],"swornMembers":[],"show":["a-knight-of-the-seven-kingdoms"],"sources":[{"label":"An API of Ice and Fire — house 290","url":"https://anapioficeandfire.com/api/houses/290","provider":"An API of Ice and Fire","kind":"structured_database","accessed":"2026-07-10"},{"label":"An API of Ice and Fire — house 291","url":"https://anapioficeandfire.com/api/houses/291","provider":"An API of Ice and Fire","kind":"structured_database","accessed":"2026-07-10"},{"label":"Wiki of Westeros — House Osgrey","url":"https://gameofthrones.fandom.com/wiki/House_Osgrey","provider":"Wiki of Westeros","kind":"reference_page","accessed":"2026-07-10"},{"label":"A Wiki of Ice and Fire — House Osgrey","url":"https://awoiaf.westeros.org/index.php/House_Osgrey","provider":"A Wiki of Ice and Fire","kind":"reference_page","accessed":"2026-07-10"}],"verification":"single_source_curated","image":"/images/houses/house-osgrey.webp","imageSource":{"provider":"A Wiki of Ice and Fire","kind":"wiki_sigil","match":"exact_page_title","uncertain":false,"url":"https://awoiaf.westeros.org/index.php/House_Osgrey","assetUrl":"https://awoiaf.westeros.org/images/thumb/a/a7/House_Osgrey.svg/1200px-House_Osgrey.svg.png","accessed":"2026-07-10","originalSha256":"6a1ec88f7869e243ce6134c93f1e0a48e8b1aaa0abf1c1528240cf9b0da92dc1","derivativeSha256":"0af69feee2d56a94cee9031946c7997b270bc9aee7d8bb2c98a451c8839d2535","width":1200,"height":900,"presentation":"proportional_resize_with_padding"},"seat":"Standfast","color":"#9c8966","legacyIds":["api-house-291","api-house-290"],"canonicalName":"House Osgrey","aliases":["House Osgrey of Standfast","House Osgrey of Leafy Lake"],"branchNames":["House Osgrey of Standfast","House Osgrey of Leafy Lake"],"presence":[]}');
INSERT INTO aliases (entity_key, alias) VALUES ('house:house-osgrey', 'House Osgrey of Standfast');
INSERT INTO aliases (entity_key, alias) VALUES ('house:house-osgrey', 'House Osgrey of Leafy Lake');
INSERT INTO appearances (entity_key, show_id, presence_kind, first_reference, details_json) VALUES ('house:house-osgrey', 'a-knight-of-the-seven-kingdoms', 'listed', NULL, '{"show":"a-knight-of-the-seven-kingdoms","kind":"listed"}');
INSERT INTO sources (entity_key, label, url, provider, source_kind, accessed) VALUES ('house:house-osgrey', 'An API of Ice and Fire — house 290', 'https://anapioficeandfire.com/api/houses/290', 'An API of Ice and Fire', 'structured_database', '2026-07-10');
INSERT INTO sources (entity_key, label, url, provider, source_kind, accessed) VALUES ('house:house-osgrey', 'An API of Ice and Fire — house 291', 'https://anapioficeandfire.com/api/houses/291', 'An API of Ice and Fire', 'structured_database', '2026-07-10');
INSERT INTO sources (entity_key, label, url, provider, source_kind, accessed) VALUES ('house:house-osgrey', 'Wiki of Westeros — House Osgrey', 'https://gameofthrones.fandom.com/wiki/House_Osgrey', 'Wiki of Westeros', 'reference_page', '2026-07-10');
INSERT INTO sources (entity_key, label, url, provider, source_kind, accessed) VALUES ('house:house-osgrey', 'A Wiki of Ice and Fire — House Osgrey', 'https://awoiaf.westeros.org/index.php/House_Osgrey', 'A Wiki of Ice and Fire', 'reference_page', '2026-07-10');
INSERT INTO media (entity_key, local_path, provider, source_page, asset_url, media_kind, uncertain, metadata_json) VALUES ('house:house-osgrey', '/images/houses/house-osgrey.webp', 'A Wiki of Ice and Fire', 'https://awoiaf.westeros.org/index.php/House_Osgrey', 'https://awoiaf.westeros.org/images/thumb/a/a7/House_Osgrey.svg/1200px-House_Osgrey.svg.png', 'wiki_sigil', 0, '{"provider":"A Wiki of Ice and Fire","kind":"wiki_sigil","match":"exact_page_title","uncertain":false,"url":"https://awoiaf.westeros.org/index.php/House_Osgrey","assetUrl":"https://awoiaf.westeros.org/images/thumb/a/a7/House_Osgrey.svg/1200px-House_Osgrey.svg.png","accessed":"2026-07-10","originalSha256":"6a1ec88f7869e243ce6134c93f1e0a48e8b1aaa0abf1c1528240cf9b0da92dc1","derivativeSha256":"0af69feee2d56a94cee9031946c7997b270bc9aee7d8bb2c98a451c8839d2535","width":1200,"height":900,"presentation":"proportional_resize_with_padding"}');
INSERT INTO entities_fts (entity_key, name, aliases, type) VALUES ('house:house-osgrey', 'House Osgrey', 'House Osgrey of Standfast House Osgrey of Leafy Lake', 'house');
INSERT INTO houses (entity_key, region, words, coat_of_arms, seats_json, color) VALUES ('house:house-osgrey', 'The Reach', NULL, 'Argent, a lion rampant chequy vert and or', '["Extinct (formerly Leafy Lake)","Standfast","Coldmoat (formally)"]', '#9c8966');
INSERT INTO entities (entity_key, id, type, name, description, status, verification, raw_json) VALUES ('house:house-webber', 'house-webber', 'house', 'House Webber', 'Sable, a cobweb argent thereon a spider gules', NULL, 'single_source_curated', '{"id":"house-webber","apiId":419,"name":"House Webber","slug":"house-webber","region":"The Reach","coatOfArms":"Sable, a cobweb argent thereon a spider gules","words":null,"titles":["Lord of Coldmoat"],"seats":["formerly Coldmoat","Coldmoat"],"currentLord":null,"heir":null,"overlord":null,"founded":null,"founder":null,"diedOut":null,"ancestralWeapons":[],"cadetBranches":[],"swornMembers":[],"show":["a-knight-of-the-seven-kingdoms"],"sources":[{"label":"An API of Ice and Fire — house 419","url":"https://anapioficeandfire.com/api/houses/419","provider":"An API of Ice and Fire","kind":"structured_database","accessed":"2026-07-10"},{"label":"Wiki of Westeros — House Webber","url":"https://gameofthrones.fandom.com/wiki/House_Webber","provider":"Wiki of Westeros","kind":"reference_page","accessed":"2026-07-10"},{"label":"A Wiki of Ice and Fire — House Webber","url":"https://awoiaf.westeros.org/index.php/House_Webber","provider":"A Wiki of Ice and Fire","kind":"reference_page","accessed":"2026-07-10"}],"verification":"single_source_curated","image":"/images/houses/house-webber.webp","imageSource":{"provider":"A Wiki of Ice and Fire","kind":"wiki_sigil","match":"exact_page_title","uncertain":false,"url":"https://awoiaf.westeros.org/index.php/House_Webber","assetUrl":"https://awoiaf.westeros.org/images/thumb/1/16/House_Webber.svg/1200px-House_Webber.svg.png","accessed":"2026-07-10","originalSha256":"a51fe4d8cc5e5662f3ba9ab3612bd85a2c9b7a062a2f73d07c13ec0b61bbd4c2","derivativeSha256":"0255efc03559e8fb4c7f26e868126446b9ccec7e7fcf0d732b6d324c7e8c81e1","width":1200,"height":900,"presentation":"proportional_resize_with_padding"},"seat":"Coldmoat","color":"#7c5050","legacyIds":["api-house-419"],"aliases":[],"presence":[]}');
INSERT INTO appearances (entity_key, show_id, presence_kind, first_reference, details_json) VALUES ('house:house-webber', 'a-knight-of-the-seven-kingdoms', 'listed', NULL, '{"show":"a-knight-of-the-seven-kingdoms","kind":"listed"}');
INSERT INTO sources (entity_key, label, url, provider, source_kind, accessed) VALUES ('house:house-webber', 'An API of Ice and Fire — house 419', 'https://anapioficeandfire.com/api/houses/419', 'An API of Ice and Fire', 'structured_database', '2026-07-10');
INSERT INTO sources (entity_key, label, url, provider, source_kind, accessed) VALUES ('house:house-webber', 'Wiki of Westeros — House Webber', 'https://gameofthrones.fandom.com/wiki/House_Webber', 'Wiki of Westeros', 'reference_page', '2026-07-10');
INSERT INTO sources (entity_key, label, url, provider, source_kind, accessed) VALUES ('house:house-webber', 'A Wiki of Ice and Fire — House Webber', 'https://awoiaf.westeros.org/index.php/House_Webber', 'A Wiki of Ice and Fire', 'reference_page', '2026-07-10');
INSERT INTO media (entity_key, local_path, provider, source_page, asset_url, media_kind, uncertain, metadata_json) VALUES ('house:house-webber', '/images/houses/house-webber.webp', 'A Wiki of Ice and Fire', 'https://awoiaf.westeros.org/index.php/House_Webber', 'https://awoiaf.westeros.org/images/thumb/1/16/House_Webber.svg/1200px-House_Webber.svg.png', 'wiki_sigil', 0, '{"provider":"A Wiki of Ice and Fire","kind":"wiki_sigil","match":"exact_page_title","uncertain":false,"url":"https://awoiaf.westeros.org/index.php/House_Webber","assetUrl":"https://awoiaf.westeros.org/images/thumb/1/16/House_Webber.svg/1200px-House_Webber.svg.png","accessed":"2026-07-10","originalSha256":"a51fe4d8cc5e5662f3ba9ab3612bd85a2c9b7a062a2f73d07c13ec0b61bbd4c2","derivativeSha256":"0255efc03559e8fb4c7f26e868126446b9ccec7e7fcf0d732b6d324c7e8c81e1","width":1200,"height":900,"presentation":"proportional_resize_with_padding"}');
INSERT INTO entities_fts (entity_key, name, aliases, type) VALUES ('house:house-webber', 'House Webber', '', 'house');
INSERT INTO houses (entity_key, region, words, coat_of_arms, seats_json, color) VALUES ('house:house-webber', 'The Reach', NULL, 'Sable, a cobweb argent thereon a spider gules', '["formerly Coldmoat","Coldmoat"]', '#7c5050');
INSERT INTO entities (entity_key, id, type, name, description, status, verification, raw_json) VALUES ('house:house-peake', 'house-peake', 'house', 'House Peake', 'Tenny, three castles sable', NULL, 'single_source_curated', '{"id":"house-peake","apiId":296,"name":"House Peake","slug":"house-peake","region":"The Reach","coatOfArms":"Tenny, three castles sable","words":null,"titles":["Lord of Starpike"],"seats":["Starpike","Whitegrove (formerly)"],"currentLord":null,"heir":null,"overlord":"house-tyrell","founded":null,"founder":null,"diedOut":null,"ancestralWeapons":[],"cadetBranches":[],"swornMembers":[],"show":["a-knight-of-the-seven-kingdoms"],"sources":[{"label":"An API of Ice and Fire — house 296","url":"https://anapioficeandfire.com/api/houses/296","provider":"An API of Ice and Fire","kind":"structured_database","accessed":"2026-07-10"},{"label":"Wiki of Westeros — House Peake","url":"https://gameofthrones.fandom.com/wiki/House_Peake","provider":"Wiki of Westeros","kind":"reference_page","accessed":"2026-07-10"},{"label":"A Wiki of Ice and Fire — House Peake","url":"https://awoiaf.westeros.org/index.php/House_Peake","provider":"A Wiki of Ice and Fire","kind":"reference_page","accessed":"2026-07-10"}],"verification":"single_source_curated","image":"/images/houses/house-peake.webp","imageSource":{"provider":"A Wiki of Ice and Fire","kind":"wiki_sigil","match":"exact_page_title","uncertain":false,"url":"https://awoiaf.westeros.org/index.php/House_Peake","assetUrl":"https://awoiaf.westeros.org/images/thumb/b/b2/House_Peake.svg/1200px-House_Peake.svg.png","accessed":"2026-07-10","originalSha256":"feae256874cd1c77a0cef850b028e7ae346021fedb45c1bf174531531e304e6c","derivativeSha256":"4c00e3ba8d22a520ae0f82e03d289517f06d90075dba819ba07ee84da13d2271","width":1200,"height":900,"presentation":"proportional_resize_with_padding"},"seat":"Starpike","color":"#b26e48","legacyIds":["api-house-296"],"aliases":[],"presence":[]}');
INSERT INTO appearances (entity_key, show_id, presence_kind, first_reference, details_json) VALUES ('house:house-peake', 'a-knight-of-the-seven-kingdoms', 'listed', NULL, '{"show":"a-knight-of-the-seven-kingdoms","kind":"listed"}');
INSERT INTO sources (entity_key, label, url, provider, source_kind, accessed) VALUES ('house:house-peake', 'An API of Ice and Fire — house 296', 'https://anapioficeandfire.com/api/houses/296', 'An API of Ice and Fire', 'structured_database', '2026-07-10');
INSERT INTO sources (entity_key, label, url, provider, source_kind, accessed) VALUES ('house:house-peake', 'Wiki of Westeros — House Peake', 'https://gameofthrones.fandom.com/wiki/House_Peake', 'Wiki of Westeros', 'reference_page', '2026-07-10');
INSERT INTO sources (entity_key, label, url, provider, source_kind, accessed) VALUES ('house:house-peake', 'A Wiki of Ice and Fire — House Peake', 'https://awoiaf.westeros.org/index.php/House_Peake', 'A Wiki of Ice and Fire', 'reference_page', '2026-07-10');
INSERT INTO media (entity_key, local_path, provider, source_page, asset_url, media_kind, uncertain, metadata_json) VALUES ('house:house-peake', '/images/houses/house-peake.webp', 'A Wiki of Ice and Fire', 'https://awoiaf.westeros.org/index.php/House_Peake', 'https://awoiaf.westeros.org/images/thumb/b/b2/House_Peake.svg/1200px-House_Peake.svg.png', 'wiki_sigil', 0, '{"provider":"A Wiki of Ice and Fire","kind":"wiki_sigil","match":"exact_page_title","uncertain":false,"url":"https://awoiaf.westeros.org/index.php/House_Peake","assetUrl":"https://awoiaf.westeros.org/images/thumb/b/b2/House_Peake.svg/1200px-House_Peake.svg.png","accessed":"2026-07-10","originalSha256":"feae256874cd1c77a0cef850b028e7ae346021fedb45c1bf174531531e304e6c","derivativeSha256":"4c00e3ba8d22a520ae0f82e03d289517f06d90075dba819ba07ee84da13d2271","width":1200,"height":900,"presentation":"proportional_resize_with_padding"}');
INSERT INTO entities_fts (entity_key, name, aliases, type) VALUES ('house:house-peake', 'House Peake', '', 'house');
INSERT INTO houses (entity_key, region, words, coat_of_arms, seats_json, color) VALUES ('house:house-peake', 'The Reach', NULL, 'Tenny, three castles sable', '["Starpike","Whitegrove (formerly)"]', '#b26e48');
INSERT INTO entities (entity_key, id, type, name, description, status, verification, raw_json) VALUES ('house:house-darklyn', 'house-darklyn', 'house', 'House Darklyn', 'Fusily sable and or, upon a pale in dexter gules seven escutcheons argent', NULL, 'single_source_curated', '{"id":"house-darklyn","apiId":95,"name":"House Darklyn","slug":"house-darklyn","region":"Crownlands","coatOfArms":"Fusily sable and or, upon a pale in dexter gules seven escutcheons argent","words":null,"titles":["Lord of Duskendale"],"seats":["The Dun Fort","Duskendale"],"currentLord":null,"heir":null,"overlord":"house-targaryen","founded":"Age of Heroes","founder":null,"diedOut":"277 AC","ancestralWeapons":[],"cadetBranches":[],"swornMembers":[],"show":["house-of-the-dragon"],"sources":[{"label":"An API of Ice and Fire — house 95","url":"https://anapioficeandfire.com/api/houses/95","provider":"An API of Ice and Fire","kind":"structured_database","accessed":"2026-07-10"},{"label":"Wiki of Westeros — House Darklyn","url":"https://gameofthrones.fandom.com/wiki/House_Darklyn","provider":"Wiki of Westeros","kind":"reference_page","accessed":"2026-07-10"},{"label":"A Wiki of Ice and Fire — House Darklyn","url":"https://awoiaf.westeros.org/index.php/House_Darklyn","provider":"A Wiki of Ice and Fire","kind":"reference_page","accessed":"2026-07-10"}],"verification":"single_source_curated","image":"/images/houses/house-darklyn.webp","imageSource":{"provider":"A Wiki of Ice and Fire","kind":"wiki_sigil","match":"exact_page_title","uncertain":false,"url":"https://awoiaf.westeros.org/index.php/House_Darklyn","assetUrl":"https://awoiaf.westeros.org/images/thumb/2/28/House_Darklyn.svg/1200px-House_Darklyn.svg.png","accessed":"2026-07-10","originalSha256":"9e6186bec268527ee78817165ebc4e7447d3a337111585e97a012c86df5b4656","derivativeSha256":"f1473ad9ee22f8c267387123647cee275da20a3b40f3d908d60dd79437ee9809","width":1200,"height":900,"presentation":"proportional_resize_with_padding"},"seat":"Duskendale","color":"#735b6c","legacyIds":["api-house-95"],"aliases":[],"presence":[]}');
INSERT INTO appearances (entity_key, show_id, presence_kind, first_reference, details_json) VALUES ('house:house-darklyn', 'house-of-the-dragon', 'listed', NULL, '{"show":"house-of-the-dragon","kind":"listed"}');
INSERT INTO sources (entity_key, label, url, provider, source_kind, accessed) VALUES ('house:house-darklyn', 'An API of Ice and Fire — house 95', 'https://anapioficeandfire.com/api/houses/95', 'An API of Ice and Fire', 'structured_database', '2026-07-10');
INSERT INTO sources (entity_key, label, url, provider, source_kind, accessed) VALUES ('house:house-darklyn', 'Wiki of Westeros — House Darklyn', 'https://gameofthrones.fandom.com/wiki/House_Darklyn', 'Wiki of Westeros', 'reference_page', '2026-07-10');
INSERT INTO sources (entity_key, label, url, provider, source_kind, accessed) VALUES ('house:house-darklyn', 'A Wiki of Ice and Fire — House Darklyn', 'https://awoiaf.westeros.org/index.php/House_Darklyn', 'A Wiki of Ice and Fire', 'reference_page', '2026-07-10');
INSERT INTO media (entity_key, local_path, provider, source_page, asset_url, media_kind, uncertain, metadata_json) VALUES ('house:house-darklyn', '/images/houses/house-darklyn.webp', 'A Wiki of Ice and Fire', 'https://awoiaf.westeros.org/index.php/House_Darklyn', 'https://awoiaf.westeros.org/images/thumb/2/28/House_Darklyn.svg/1200px-House_Darklyn.svg.png', 'wiki_sigil', 0, '{"provider":"A Wiki of Ice and Fire","kind":"wiki_sigil","match":"exact_page_title","uncertain":false,"url":"https://awoiaf.westeros.org/index.php/House_Darklyn","assetUrl":"https://awoiaf.westeros.org/images/thumb/2/28/House_Darklyn.svg/1200px-House_Darklyn.svg.png","accessed":"2026-07-10","originalSha256":"9e6186bec268527ee78817165ebc4e7447d3a337111585e97a012c86df5b4656","derivativeSha256":"f1473ad9ee22f8c267387123647cee275da20a3b40f3d908d60dd79437ee9809","width":1200,"height":900,"presentation":"proportional_resize_with_padding"}');
INSERT INTO entities_fts (entity_key, name, aliases, type) VALUES ('house:house-darklyn', 'House Darklyn', '', 'house');
INSERT INTO houses (entity_key, region, words, coat_of_arms, seats_json, color) VALUES ('house:house-darklyn', 'Crownlands', NULL, 'Fusily sable and or, upon a pale in dexter gules seven escutcheons argent', '["The Dun Fort","Duskendale"]', '#735b6c');
INSERT INTO entities (entity_key, id, type, name, description, status, verification, raw_json) VALUES ('house:house-celtigar', 'house-celtigar', 'house', 'House Celtigar', 'Argent, semy of crabs gules', NULL, 'single_source_curated', '{"id":"house-celtigar","apiId":65,"name":"House Celtigar","slug":"house-celtigar","region":"Crownlands","coatOfArms":"Argent, semy of crabs gules","words":null,"titles":["Lord of Claw Isle"],"seats":["Claw Isle"],"currentLord":null,"heir":null,"overlord":"house-baratheon","founded":"prior to ~112 years before the Conquest","founder":null,"diedOut":null,"ancestralWeapons":[],"cadetBranches":[],"swornMembers":[],"show":["house-of-the-dragon"],"sources":[{"label":"An API of Ice and Fire — house 65","url":"https://anapioficeandfire.com/api/houses/65","provider":"An API of Ice and Fire","kind":"structured_database","accessed":"2026-07-10"},{"label":"Wiki of Westeros — House Celtigar","url":"https://gameofthrones.fandom.com/wiki/House_Celtigar","provider":"Wiki of Westeros","kind":"reference_page","accessed":"2026-07-10"},{"label":"A Wiki of Ice and Fire — House Celtigar","url":"https://awoiaf.westeros.org/index.php/House_Celtigar","provider":"A Wiki of Ice and Fire","kind":"reference_page","accessed":"2026-07-10"}],"verification":"single_source_curated","image":"/images/houses/house-celtigar.webp","imageSource":{"provider":"A Wiki of Ice and Fire","kind":"wiki_sigil","match":"exact_page_title","uncertain":false,"url":"https://awoiaf.westeros.org/index.php/House_Celtigar","assetUrl":"https://awoiaf.westeros.org/images/thumb/0/09/House_Celtigar_2.svg/1200px-House_Celtigar_2.svg.png","accessed":"2026-07-10","originalSha256":"9a32a47e2a62227a5675ca16cb50d7c4cf7965e99f43c19000562282467a9121","derivativeSha256":"86566b61c0acccb6c983b8cda6e79be4a70e9a5e2a267db84df78d554a3886e4","width":1200,"height":900,"presentation":"proportional_resize_with_padding"},"seat":"Claw Isle","color":"#b4b7b9","legacyIds":["api-house-65"],"aliases":[],"presence":[]}');
INSERT INTO appearances (entity_key, show_id, presence_kind, first_reference, details_json) VALUES ('house:house-celtigar', 'house-of-the-dragon', 'listed', NULL, '{"show":"house-of-the-dragon","kind":"listed"}');
INSERT INTO sources (entity_key, label, url, provider, source_kind, accessed) VALUES ('house:house-celtigar', 'An API of Ice and Fire — house 65', 'https://anapioficeandfire.com/api/houses/65', 'An API of Ice and Fire', 'structured_database', '2026-07-10');
INSERT INTO sources (entity_key, label, url, provider, source_kind, accessed) VALUES ('house:house-celtigar', 'Wiki of Westeros — House Celtigar', 'https://gameofthrones.fandom.com/wiki/House_Celtigar', 'Wiki of Westeros', 'reference_page', '2026-07-10');
INSERT INTO sources (entity_key, label, url, provider, source_kind, accessed) VALUES ('house:house-celtigar', 'A Wiki of Ice and Fire — House Celtigar', 'https://awoiaf.westeros.org/index.php/House_Celtigar', 'A Wiki of Ice and Fire', 'reference_page', '2026-07-10');
INSERT INTO media (entity_key, local_path, provider, source_page, asset_url, media_kind, uncertain, metadata_json) VALUES ('house:house-celtigar', '/images/houses/house-celtigar.webp', 'A Wiki of Ice and Fire', 'https://awoiaf.westeros.org/index.php/House_Celtigar', 'https://awoiaf.westeros.org/images/thumb/0/09/House_Celtigar_2.svg/1200px-House_Celtigar_2.svg.png', 'wiki_sigil', 0, '{"provider":"A Wiki of Ice and Fire","kind":"wiki_sigil","match":"exact_page_title","uncertain":false,"url":"https://awoiaf.westeros.org/index.php/House_Celtigar","assetUrl":"https://awoiaf.westeros.org/images/thumb/0/09/House_Celtigar_2.svg/1200px-House_Celtigar_2.svg.png","accessed":"2026-07-10","originalSha256":"9a32a47e2a62227a5675ca16cb50d7c4cf7965e99f43c19000562282467a9121","derivativeSha256":"86566b61c0acccb6c983b8cda6e79be4a70e9a5e2a267db84df78d554a3886e4","width":1200,"height":900,"presentation":"proportional_resize_with_padding"}');
INSERT INTO entities_fts (entity_key, name, aliases, type) VALUES ('house:house-celtigar', 'House Celtigar', '', 'house');
INSERT INTO houses (entity_key, region, words, coat_of_arms, seats_json, color) VALUES ('house:house-celtigar', 'Crownlands', NULL, 'Argent, semy of crabs gules', '["Claw Isle"]', '#b4b7b9');
INSERT INTO entities (entity_key, id, type, name, description, status, verification, raw_json) VALUES ('house:house-mooton', 'house-mooton', 'house', 'House Mooton', 'A red salmon within a gold tressure, on a white field(Argent, a salmon gules within a tressure or)', NULL, 'single_source_curated', '{"id":"house-mooton","apiId":269,"name":"House Mooton","slug":"house-mooton","region":"Riverlands","coatOfArms":"A red salmon within a gold tressure, on a white field(Argent, a salmon gules within a tressure or)","words":null,"titles":["Lord of Maidenpool"],"seats":["Maidenpool"],"currentLord":null,"heir":null,"overlord":null,"founded":null,"founder":null,"diedOut":null,"ancestralWeapons":[],"cadetBranches":[],"swornMembers":[],"show":["house-of-the-dragon"],"sources":[{"label":"An API of Ice and Fire — house 269","url":"https://anapioficeandfire.com/api/houses/269","provider":"An API of Ice and Fire","kind":"structured_database","accessed":"2026-07-10"},{"label":"Wiki of Westeros — House Mooton","url":"https://gameofthrones.fandom.com/wiki/House_Mooton","provider":"Wiki of Westeros","kind":"reference_page","accessed":"2026-07-10"},{"label":"A Wiki of Ice and Fire — House Mooton","url":"https://awoiaf.westeros.org/index.php/House_Mooton","provider":"A Wiki of Ice and Fire","kind":"reference_page","accessed":"2026-07-10"}],"verification":"single_source_curated","image":"/images/houses/house-mooton.webp","imageSource":{"provider":"A Wiki of Ice and Fire","kind":"wiki_sigil","match":"exact_page_title","uncertain":false,"url":"https://awoiaf.westeros.org/index.php/House_Mooton","assetUrl":"https://awoiaf.westeros.org/images/thumb/a/a6/House_Mooton.svg/1200px-House_Mooton.svg.png","accessed":"2026-07-10","originalSha256":"3d6d2bf05f4e8a62ca181bc6ec0af5af5a422c4c6b75f8ec6120d42909c73f9e","derivativeSha256":"8b961c474f6e66029d38ddebaaa91fdd8717b6d8c75cc1bcdd63e31460c7b1a6","width":1200,"height":900,"presentation":"proportional_resize_with_padding"},"seat":"Maidenpool","color":"#b76166","legacyIds":["api-house-269"],"aliases":[],"presence":[]}');
INSERT INTO appearances (entity_key, show_id, presence_kind, first_reference, details_json) VALUES ('house:house-mooton', 'house-of-the-dragon', 'listed', NULL, '{"show":"house-of-the-dragon","kind":"listed"}');
INSERT INTO sources (entity_key, label, url, provider, source_kind, accessed) VALUES ('house:house-mooton', 'An API of Ice and Fire — house 269', 'https://anapioficeandfire.com/api/houses/269', 'An API of Ice and Fire', 'structured_database', '2026-07-10');
INSERT INTO sources (entity_key, label, url, provider, source_kind, accessed) VALUES ('house:house-mooton', 'Wiki of Westeros — House Mooton', 'https://gameofthrones.fandom.com/wiki/House_Mooton', 'Wiki of Westeros', 'reference_page', '2026-07-10');
INSERT INTO sources (entity_key, label, url, provider, source_kind, accessed) VALUES ('house:house-mooton', 'A Wiki of Ice and Fire — House Mooton', 'https://awoiaf.westeros.org/index.php/House_Mooton', 'A Wiki of Ice and Fire', 'reference_page', '2026-07-10');
INSERT INTO media (entity_key, local_path, provider, source_page, asset_url, media_kind, uncertain, metadata_json) VALUES ('house:house-mooton', '/images/houses/house-mooton.webp', 'A Wiki of Ice and Fire', 'https://awoiaf.westeros.org/index.php/House_Mooton', 'https://awoiaf.westeros.org/images/thumb/a/a6/House_Mooton.svg/1200px-House_Mooton.svg.png', 'wiki_sigil', 0, '{"provider":"A Wiki of Ice and Fire","kind":"wiki_sigil","match":"exact_page_title","uncertain":false,"url":"https://awoiaf.westeros.org/index.php/House_Mooton","assetUrl":"https://awoiaf.westeros.org/images/thumb/a/a6/House_Mooton.svg/1200px-House_Mooton.svg.png","accessed":"2026-07-10","originalSha256":"3d6d2bf05f4e8a62ca181bc6ec0af5af5a422c4c6b75f8ec6120d42909c73f9e","derivativeSha256":"8b961c474f6e66029d38ddebaaa91fdd8717b6d8c75cc1bcdd63e31460c7b1a6","width":1200,"height":900,"presentation":"proportional_resize_with_padding"}');
INSERT INTO entities_fts (entity_key, name, aliases, type) VALUES ('house:house-mooton', 'House Mooton', '', 'house');
INSERT INTO houses (entity_key, region, words, coat_of_arms, seats_json, color) VALUES ('house:house-mooton', 'Riverlands', NULL, 'A red salmon within a gold tressure, on a white field(Argent, a salmon gules within a tressure or)', '["Maidenpool"]', '#b76166');
INSERT INTO entities (entity_key, id, type, name, description, status, verification, raw_json) VALUES ('house:house-staunton', 'house-staunton', 'house', 'House Staunton', 'two black wings upon a white fess on checkered black and grey', NULL, 'single_source_curated', '{"id":"house-staunton","apiId":363,"name":"House Staunton","slug":"house-staunton","region":"Crownlands","coatOfArms":"two black wings upon a white fess on checkered black and grey","words":null,"titles":[],"seats":["Rook''s Rest"],"currentLord":null,"heir":null,"overlord":"house-baratheon","founded":null,"founder":null,"diedOut":null,"ancestralWeapons":[],"cadetBranches":[],"swornMembers":[],"show":["house-of-the-dragon"],"sources":[{"label":"An API of Ice and Fire — house 363","url":"https://anapioficeandfire.com/api/houses/363","provider":"An API of Ice and Fire","kind":"structured_database","accessed":"2026-07-10"},{"label":"Wiki of Westeros — House Staunton","url":"https://gameofthrones.fandom.com/wiki/House_Staunton","provider":"Wiki of Westeros","kind":"reference_page","accessed":"2026-07-10"},{"label":"A Wiki of Ice and Fire — House Staunton","url":"https://awoiaf.westeros.org/index.php/House_Staunton","provider":"A Wiki of Ice and Fire","kind":"reference_page","accessed":"2026-07-10"}],"verification":"single_source_curated","image":"/images/houses/house-staunton.webp","imageSource":{"provider":"A Wiki of Ice and Fire","kind":"wiki_sigil","match":"exact_page_title","uncertain":false,"url":"https://awoiaf.westeros.org/index.php/House_Staunton","assetUrl":"https://awoiaf.westeros.org/images/thumb/9/9e/House_Staunton.svg/1200px-House_Staunton.svg.png","accessed":"2026-07-10","originalSha256":"7388f856772657488524850fbd7a751d5973a5d353a2ebfa12a358da447b8fe6","derivativeSha256":"47adae707bbca4eb0ec80b67ef3e464d9c46eb52b94e771e182ad699123c79be","width":1200,"height":900,"presentation":"proportional_resize_with_padding"},"seat":"Rook''s Rest","color":"#8a665d","legacyIds":["api-house-363"],"aliases":[],"presence":[]}');
INSERT INTO appearances (entity_key, show_id, presence_kind, first_reference, details_json) VALUES ('house:house-staunton', 'house-of-the-dragon', 'listed', NULL, '{"show":"house-of-the-dragon","kind":"listed"}');
INSERT INTO sources (entity_key, label, url, provider, source_kind, accessed) VALUES ('house:house-staunton', 'An API of Ice and Fire — house 363', 'https://anapioficeandfire.com/api/houses/363', 'An API of Ice and Fire', 'structured_database', '2026-07-10');
INSERT INTO sources (entity_key, label, url, provider, source_kind, accessed) VALUES ('house:house-staunton', 'Wiki of Westeros — House Staunton', 'https://gameofthrones.fandom.com/wiki/House_Staunton', 'Wiki of Westeros', 'reference_page', '2026-07-10');
INSERT INTO sources (entity_key, label, url, provider, source_kind, accessed) VALUES ('house:house-staunton', 'A Wiki of Ice and Fire — House Staunton', 'https://awoiaf.westeros.org/index.php/House_Staunton', 'A Wiki of Ice and Fire', 'reference_page', '2026-07-10');
INSERT INTO media (entity_key, local_path, provider, source_page, asset_url, media_kind, uncertain, metadata_json) VALUES ('house:house-staunton', '/images/houses/house-staunton.webp', 'A Wiki of Ice and Fire', 'https://awoiaf.westeros.org/index.php/House_Staunton', 'https://awoiaf.westeros.org/images/thumb/9/9e/House_Staunton.svg/1200px-House_Staunton.svg.png', 'wiki_sigil', 0, '{"provider":"A Wiki of Ice and Fire","kind":"wiki_sigil","match":"exact_page_title","uncertain":false,"url":"https://awoiaf.westeros.org/index.php/House_Staunton","assetUrl":"https://awoiaf.westeros.org/images/thumb/9/9e/House_Staunton.svg/1200px-House_Staunton.svg.png","accessed":"2026-07-10","originalSha256":"7388f856772657488524850fbd7a751d5973a5d353a2ebfa12a358da447b8fe6","derivativeSha256":"47adae707bbca4eb0ec80b67ef3e464d9c46eb52b94e771e182ad699123c79be","width":1200,"height":900,"presentation":"proportional_resize_with_padding"}');
INSERT INTO entities_fts (entity_key, name, aliases, type) VALUES ('house:house-staunton', 'House Staunton', '', 'house');
INSERT INTO houses (entity_key, region, words, coat_of_arms, seats_json, color) VALUES ('house:house-staunton', 'Crownlands', NULL, 'two black wings upon a white fess on checkered black and grey', '["Rook''s Rest"]', '#8a665d');
INSERT INTO entities (entity_key, id, type, name, description, status, verification, raw_json) VALUES ('house:house-lefford', 'house-lefford', 'house', 'House Lefford', 'A golden inverted pile on a sky-blue field, a yellow sun in the first(Bleu celeste, a pile reversed or, in canton a sun-in-splendor of the same)', NULL, 'single_source_curated', '{"id":"house-lefford","apiId":234,"name":"House Lefford","slug":"house-lefford","region":"Westerlands","coatOfArms":"A golden inverted pile on a sky-blue field, a yellow sun in the first(Bleu celeste, a pile reversed or, in canton a sun-in-splendor of the same)","words":null,"titles":[],"seats":["Golden Tooth"],"currentLord":null,"heir":null,"overlord":"house-lannister","founded":"Andal invasion","founder":null,"diedOut":null,"ancestralWeapons":[],"cadetBranches":[],"swornMembers":[],"show":["game-of-thrones"],"sources":[{"label":"An API of Ice and Fire — house 234","url":"https://anapioficeandfire.com/api/houses/234","provider":"An API of Ice and Fire","kind":"structured_database","accessed":"2026-07-10"},{"label":"Wiki of Westeros — House Lefford","url":"https://gameofthrones.fandom.com/wiki/House_Lefford","provider":"Wiki of Westeros","kind":"reference_page","accessed":"2026-07-10"},{"label":"A Wiki of Ice and Fire — House Lefford","url":"https://awoiaf.westeros.org/index.php/House_Lefford","provider":"A Wiki of Ice and Fire","kind":"reference_page","accessed":"2026-07-10"}],"verification":"single_source_curated","image":"/images/houses/house-lefford.webp","imageSource":{"provider":"A Wiki of Ice and Fire","kind":"wiki_sigil","match":"exact_page_title","uncertain":false,"url":"https://awoiaf.westeros.org/index.php/House_Lefford","assetUrl":"https://awoiaf.westeros.org/images/thumb/d/d5/House_Lefford.svg/1200px-House_Lefford.svg.png","accessed":"2026-07-10","originalSha256":"aa1b6770afb8e8b897ee4e95feb39a8d832a4df53031bcb77135a70d00324711","derivativeSha256":"f5bed4f2a1bb030c0b3ed9857875e042ff689b2ba3d03645db5af7c958465b0a","width":1200,"height":900,"presentation":"proportional_resize_with_padding"},"seat":"Golden Tooth","color":"#c0a355","legacyIds":["api-house-234"],"aliases":[],"presence":[]}');
INSERT INTO appearances (entity_key, show_id, presence_kind, first_reference, details_json) VALUES ('house:house-lefford', 'game-of-thrones', 'listed', NULL, '{"show":"game-of-thrones","kind":"listed"}');
INSERT INTO sources (entity_key, label, url, provider, source_kind, accessed) VALUES ('house:house-lefford', 'An API of Ice and Fire — house 234', 'https://anapioficeandfire.com/api/houses/234', 'An API of Ice and Fire', 'structured_database', '2026-07-10');
INSERT INTO sources (entity_key, label, url, provider, source_kind, accessed) VALUES ('house:house-lefford', 'Wiki of Westeros — House Lefford', 'https://gameofthrones.fandom.com/wiki/House_Lefford', 'Wiki of Westeros', 'reference_page', '2026-07-10');
INSERT INTO sources (entity_key, label, url, provider, source_kind, accessed) VALUES ('house:house-lefford', 'A Wiki of Ice and Fire — House Lefford', 'https://awoiaf.westeros.org/index.php/House_Lefford', 'A Wiki of Ice and Fire', 'reference_page', '2026-07-10');
INSERT INTO media (entity_key, local_path, provider, source_page, asset_url, media_kind, uncertain, metadata_json) VALUES ('house:house-lefford', '/images/houses/house-lefford.webp', 'A Wiki of Ice and Fire', 'https://awoiaf.westeros.org/index.php/House_Lefford', 'https://awoiaf.westeros.org/images/thumb/d/d5/House_Lefford.svg/1200px-House_Lefford.svg.png', 'wiki_sigil', 0, '{"provider":"A Wiki of Ice and Fire","kind":"wiki_sigil","match":"exact_page_title","uncertain":false,"url":"https://awoiaf.westeros.org/index.php/House_Lefford","assetUrl":"https://awoiaf.westeros.org/images/thumb/d/d5/House_Lefford.svg/1200px-House_Lefford.svg.png","accessed":"2026-07-10","originalSha256":"aa1b6770afb8e8b897ee4e95feb39a8d832a4df53031bcb77135a70d00324711","derivativeSha256":"f5bed4f2a1bb030c0b3ed9857875e042ff689b2ba3d03645db5af7c958465b0a","width":1200,"height":900,"presentation":"proportional_resize_with_padding"}');
INSERT INTO entities_fts (entity_key, name, aliases, type) VALUES ('house:house-lefford', 'House Lefford', '', 'house');
INSERT INTO houses (entity_key, region, words, coat_of_arms, seats_json, color) VALUES ('house:house-lefford', 'Westerlands', NULL, 'A golden inverted pile on a sky-blue field, a yellow sun in the first(Bleu celeste, a pile reversed or, in canton a sun-in-splendor of the same)', '["Golden Tooth"]', '#c0a355');
INSERT INTO entities (entity_key, id, type, name, description, status, verification, raw_json) VALUES ('house:house-seaworth', 'house-seaworth', 'house', 'House Seaworth', 'A black ship on a pale grey field, with a white onion on its sails(Cendrée, a ship sable, its sail charged with an onion argent)', NULL, 'single_source_curated', '{"id":"house-seaworth","apiId":340,"name":"House Seaworth","slug":"house-seaworth","region":"Stormlands","coatOfArms":"A black ship on a pale grey field, with a white onion on its sails(Cendrée, a ship sable, its sail charged with an onion argent)","words":null,"titles":[],"seats":[],"currentLord":"api-character-1319","heir":null,"overlord":"house-baratheon","founded":"284 AC","founder":"api-character-1319","diedOut":null,"ancestralWeapons":[],"cadetBranches":[],"swornMembers":["api-character-1319","api-character-1683"],"show":["game-of-thrones"],"sources":[{"label":"An API of Ice and Fire — house 340","url":"https://anapioficeandfire.com/api/houses/340","provider":"An API of Ice and Fire","kind":"structured_database","accessed":"2026-07-10"},{"label":"Wiki of Westeros — House Seaworth","url":"https://gameofthrones.fandom.com/wiki/House_Seaworth","provider":"Wiki of Westeros","kind":"reference_page","accessed":"2026-07-10"},{"label":"A Wiki of Ice and Fire — House Seaworth","url":"https://awoiaf.westeros.org/index.php/House_Seaworth","provider":"A Wiki of Ice and Fire","kind":"reference_page","accessed":"2026-07-10"}],"verification":"single_source_curated","image":"/images/houses/house-seaworth.webp","imageSource":{"provider":"A Wiki of Ice and Fire","kind":"wiki_sigil","match":"exact_page_title","uncertain":false,"url":"https://awoiaf.westeros.org/index.php/House_Seaworth","assetUrl":"https://awoiaf.westeros.org/images/thumb/6/61/House_Seaworth.svg/1200px-House_Seaworth.svg.png","accessed":"2026-07-10","originalSha256":"9b0d2094f05e9d21d5dab37a3f69bf96a17488bd29ba20e103ff85a339b695e1","derivativeSha256":"6a08f3e04a549160cf34e14b602aaf752f371c0ca6770150e1555ac3d39d4611","width":1200,"height":900,"presentation":"proportional_resize_with_padding"},"seat":null,"color":"#7a877d","legacyIds":["api-house-340"],"aliases":[],"presence":[]}');
INSERT INTO appearances (entity_key, show_id, presence_kind, first_reference, details_json) VALUES ('house:house-seaworth', 'game-of-thrones', 'listed', NULL, '{"show":"game-of-thrones","kind":"listed"}');
INSERT INTO sources (entity_key, label, url, provider, source_kind, accessed) VALUES ('house:house-seaworth', 'An API of Ice and Fire — house 340', 'https://anapioficeandfire.com/api/houses/340', 'An API of Ice and Fire', 'structured_database', '2026-07-10');
INSERT INTO sources (entity_key, label, url, provider, source_kind, accessed) VALUES ('house:house-seaworth', 'Wiki of Westeros — House Seaworth', 'https://gameofthrones.fandom.com/wiki/House_Seaworth', 'Wiki of Westeros', 'reference_page', '2026-07-10');
INSERT INTO sources (entity_key, label, url, provider, source_kind, accessed) VALUES ('house:house-seaworth', 'A Wiki of Ice and Fire — House Seaworth', 'https://awoiaf.westeros.org/index.php/House_Seaworth', 'A Wiki of Ice and Fire', 'reference_page', '2026-07-10');
INSERT INTO media (entity_key, local_path, provider, source_page, asset_url, media_kind, uncertain, metadata_json) VALUES ('house:house-seaworth', '/images/houses/house-seaworth.webp', 'A Wiki of Ice and Fire', 'https://awoiaf.westeros.org/index.php/House_Seaworth', 'https://awoiaf.westeros.org/images/thumb/6/61/House_Seaworth.svg/1200px-House_Seaworth.svg.png', 'wiki_sigil', 0, '{"provider":"A Wiki of Ice and Fire","kind":"wiki_sigil","match":"exact_page_title","uncertain":false,"url":"https://awoiaf.westeros.org/index.php/House_Seaworth","assetUrl":"https://awoiaf.westeros.org/images/thumb/6/61/House_Seaworth.svg/1200px-House_Seaworth.svg.png","accessed":"2026-07-10","originalSha256":"9b0d2094f05e9d21d5dab37a3f69bf96a17488bd29ba20e103ff85a339b695e1","derivativeSha256":"6a08f3e04a549160cf34e14b602aaf752f371c0ca6770150e1555ac3d39d4611","width":1200,"height":900,"presentation":"proportional_resize_with_padding"}');
INSERT INTO entities_fts (entity_key, name, aliases, type) VALUES ('house:house-seaworth', 'House Seaworth', '', 'house');
INSERT INTO houses (entity_key, region, words, coat_of_arms, seats_json, color) VALUES ('house:house-seaworth', 'Stormlands', NULL, 'A black ship on a pale grey field, with a white onion on its sails(Cendrée, a ship sable, its sail charged with an onion argent)', '[]', '#7a877d');
INSERT INTO entities (entity_key, id, type, name, description, status, verification, raw_json) VALUES ('house:house-selmy', 'house-selmy', 'house', 'House Selmy', 'Three stalks of yellow wheat, on a brown field(Tenné, three stalks of wheat or)', NULL, 'single_source_curated', '{"id":"house-selmy","apiId":341,"name":"House Selmy","slug":"house-selmy","region":"Stormlands","coatOfArms":"Three stalks of yellow wheat, on a brown field(Tenné, three stalks of wheat or)","words":null,"titles":["Lord of Harvest Hall"],"seats":["Harvest Hall"],"currentLord":null,"heir":null,"overlord":"house-baratheon","founded":null,"founder":null,"diedOut":null,"ancestralWeapons":[],"cadetBranches":[],"swornMembers":["api-character-168"],"show":["game-of-thrones"],"sources":[{"label":"An API of Ice and Fire — house 341","url":"https://anapioficeandfire.com/api/houses/341","provider":"An API of Ice and Fire","kind":"structured_database","accessed":"2026-07-10"},{"label":"Wiki of Westeros — House Selmy","url":"https://gameofthrones.fandom.com/wiki/House_Selmy","provider":"Wiki of Westeros","kind":"reference_page","accessed":"2026-07-10"},{"label":"A Wiki of Ice and Fire — House Selmy","url":"https://awoiaf.westeros.org/index.php/House_Selmy","provider":"A Wiki of Ice and Fire","kind":"reference_page","accessed":"2026-07-10"}],"verification":"single_source_curated","image":"/images/houses/house-selmy.webp","imageSource":{"provider":"A Wiki of Ice and Fire","kind":"wiki_sigil","match":"exact_page_title","uncertain":false,"url":"https://awoiaf.westeros.org/index.php/House_Selmy","assetUrl":"https://awoiaf.westeros.org/images/thumb/e/ec/House_Selmy.svg/1200px-House_Selmy.svg.png","accessed":"2026-07-10","originalSha256":"6d0061d4508b5932b8b0a5f528e5a7957f438810b8f733287a778126c6eecee9","derivativeSha256":"1cb71e1f91627ec598d835607d72e400619091c07e9de7060c8534595bf9ddb5","width":1200,"height":900,"presentation":"proportional_resize_with_padding"},"seat":"Harvest Hall","color":"#b2a986","legacyIds":["api-house-341"],"aliases":[],"presence":[]}');
INSERT INTO appearances (entity_key, show_id, presence_kind, first_reference, details_json) VALUES ('house:house-selmy', 'game-of-thrones', 'listed', NULL, '{"show":"game-of-thrones","kind":"listed"}');
INSERT INTO sources (entity_key, label, url, provider, source_kind, accessed) VALUES ('house:house-selmy', 'An API of Ice and Fire — house 341', 'https://anapioficeandfire.com/api/houses/341', 'An API of Ice and Fire', 'structured_database', '2026-07-10');
INSERT INTO sources (entity_key, label, url, provider, source_kind, accessed) VALUES ('house:house-selmy', 'Wiki of Westeros — House Selmy', 'https://gameofthrones.fandom.com/wiki/House_Selmy', 'Wiki of Westeros', 'reference_page', '2026-07-10');
INSERT INTO sources (entity_key, label, url, provider, source_kind, accessed) VALUES ('house:house-selmy', 'A Wiki of Ice and Fire — House Selmy', 'https://awoiaf.westeros.org/index.php/House_Selmy', 'A Wiki of Ice and Fire', 'reference_page', '2026-07-10');
INSERT INTO media (entity_key, local_path, provider, source_page, asset_url, media_kind, uncertain, metadata_json) VALUES ('house:house-selmy', '/images/houses/house-selmy.webp', 'A Wiki of Ice and Fire', 'https://awoiaf.westeros.org/index.php/House_Selmy', 'https://awoiaf.westeros.org/images/thumb/e/ec/House_Selmy.svg/1200px-House_Selmy.svg.png', 'wiki_sigil', 0, '{"provider":"A Wiki of Ice and Fire","kind":"wiki_sigil","match":"exact_page_title","uncertain":false,"url":"https://awoiaf.westeros.org/index.php/House_Selmy","assetUrl":"https://awoiaf.westeros.org/images/thumb/e/ec/House_Selmy.svg/1200px-House_Selmy.svg.png","accessed":"2026-07-10","originalSha256":"6d0061d4508b5932b8b0a5f528e5a7957f438810b8f733287a778126c6eecee9","derivativeSha256":"1cb71e1f91627ec598d835607d72e400619091c07e9de7060c8534595bf9ddb5","width":1200,"height":900,"presentation":"proportional_resize_with_padding"}');
INSERT INTO entities_fts (entity_key, name, aliases, type) VALUES ('house:house-selmy', 'House Selmy', '', 'house');
INSERT INTO houses (entity_key, region, words, coat_of_arms, seats_json, color) VALUES ('house:house-selmy', 'Stormlands', NULL, 'Three stalks of yellow wheat, on a brown field(Tenné, three stalks of wheat or)', '["Harvest Hall"]', '#b2a986');
INSERT INTO entities (entity_key, id, type, name, description, status, verification, raw_json) VALUES ('house:house-tarth', 'house-tarth', 'house', 'House Tarth', 'Quartered, yellow sun on a rose-coloured field and white crescents on a blue field(Quarterly, first and fourth, carnation, a sun-in-splendour or, second and third, azure, a moon increscent argent)', NULL, 'single_source_curated', '{"id":"house-tarth","apiId":380,"name":"House Tarth","slug":"house-tarth","region":"Stormlands","coatOfArms":"Quartered, yellow sun on a rose-coloured field and white crescents on a blue field(Quarterly, first and fourth, carnation, a sun-in-splendour or, second and third, azure, a moon increscent argent)","words":null,"titles":["Lord of Tarth","The Evenstar"],"seats":["Evenfall Hall"],"currentLord":null,"heir":"api-character-216","overlord":"house-baratheon","founded":null,"founder":null,"diedOut":null,"ancestralWeapons":[],"cadetBranches":[],"swornMembers":["api-character-216"],"show":["game-of-thrones"],"sources":[{"label":"An API of Ice and Fire — house 380","url":"https://anapioficeandfire.com/api/houses/380","provider":"An API of Ice and Fire","kind":"structured_database","accessed":"2026-07-10"},{"label":"Wiki of Westeros — House Tarth","url":"https://gameofthrones.fandom.com/wiki/House_Tarth","provider":"Wiki of Westeros","kind":"reference_page","accessed":"2026-07-10"},{"label":"A Wiki of Ice and Fire — House Tarth","url":"https://awoiaf.westeros.org/index.php/House_Tarth","provider":"A Wiki of Ice and Fire","kind":"reference_page","accessed":"2026-07-10"}],"verification":"single_source_curated","image":"/images/houses/house-tarth.webp","imageSource":{"provider":"A Wiki of Ice and Fire","kind":"wiki_sigil","match":"exact_page_title","uncertain":false,"url":"https://awoiaf.westeros.org/index.php/House_Tarth","assetUrl":"https://awoiaf.westeros.org/images/thumb/c/cc/House_Tarth.svg/1200px-House_Tarth.svg.png","accessed":"2026-07-10","originalSha256":"f5cc19eb90b47fa6fb812468694767af987e4d5acde9833d668ed2756c7886a9","derivativeSha256":"84aa2031636f39504b4d78e56348401dc4f04ca948131d0c549ff3fda74e1673","width":1200,"height":900,"presentation":"proportional_resize_with_padding"},"seat":"Evenfall Hall","color":"#6aa1ad","legacyIds":["api-house-380"],"aliases":[],"presence":[]}');
INSERT INTO appearances (entity_key, show_id, presence_kind, first_reference, details_json) VALUES ('house:house-tarth', 'game-of-thrones', 'listed', NULL, '{"show":"game-of-thrones","kind":"listed"}');
INSERT INTO sources (entity_key, label, url, provider, source_kind, accessed) VALUES ('house:house-tarth', 'An API of Ice and Fire — house 380', 'https://anapioficeandfire.com/api/houses/380', 'An API of Ice and Fire', 'structured_database', '2026-07-10');
INSERT INTO sources (entity_key, label, url, provider, source_kind, accessed) VALUES ('house:house-tarth', 'Wiki of Westeros — House Tarth', 'https://gameofthrones.fandom.com/wiki/House_Tarth', 'Wiki of Westeros', 'reference_page', '2026-07-10');
INSERT INTO sources (entity_key, label, url, provider, source_kind, accessed) VALUES ('house:house-tarth', 'A Wiki of Ice and Fire — House Tarth', 'https://awoiaf.westeros.org/index.php/House_Tarth', 'A Wiki of Ice and Fire', 'reference_page', '2026-07-10');
INSERT INTO media (entity_key, local_path, provider, source_page, asset_url, media_kind, uncertain, metadata_json) VALUES ('house:house-tarth', '/images/houses/house-tarth.webp', 'A Wiki of Ice and Fire', 'https://awoiaf.westeros.org/index.php/House_Tarth', 'https://awoiaf.westeros.org/images/thumb/c/cc/House_Tarth.svg/1200px-House_Tarth.svg.png', 'wiki_sigil', 0, '{"provider":"A Wiki of Ice and Fire","kind":"wiki_sigil","match":"exact_page_title","uncertain":false,"url":"https://awoiaf.westeros.org/index.php/House_Tarth","assetUrl":"https://awoiaf.westeros.org/images/thumb/c/cc/House_Tarth.svg/1200px-House_Tarth.svg.png","accessed":"2026-07-10","originalSha256":"f5cc19eb90b47fa6fb812468694767af987e4d5acde9833d668ed2756c7886a9","derivativeSha256":"84aa2031636f39504b4d78e56348401dc4f04ca948131d0c549ff3fda74e1673","width":1200,"height":900,"presentation":"proportional_resize_with_padding"}');
INSERT INTO entities_fts (entity_key, name, aliases, type) VALUES ('house:house-tarth', 'House Tarth', '', 'house');
INSERT INTO houses (entity_key, region, words, coat_of_arms, seats_json, color) VALUES ('house:house-tarth', 'Stormlands', NULL, 'Quartered, yellow sun on a rose-coloured field and white crescents on a blue field(Quarterly, first and fourth, carnation, a sun-in-splendour or, second and third, azure, a moon increscent argent)', '["Evenfall Hall"]', '#6aa1ad');
INSERT INTO relationships (source_key, target_key, relationship_type, details_json) VALUES ('character:aegon-i', 'character:aenys-i', 'child', '{}');
INSERT INTO relationships (source_key, target_key, relationship_type, details_json) VALUES ('character:aegon-i', 'character:maegor-i', 'child', '{}');
INSERT INTO relationships (source_key, target_key, relationship_type, details_json) VALUES ('character:aegon-i', 'character:visenya', 'spouse', '{}');
INSERT INTO relationships (source_key, target_key, relationship_type, details_json) VALUES ('character:aegon-i', 'character:rhaenys-i', 'spouse', '{}');
INSERT INTO relationships (source_key, target_key, relationship_type, details_json) VALUES ('character:aegon-i', 'character:aerion-targaryen', 'father', '{}');
INSERT INTO relationships (source_key, target_key, relationship_type, details_json) VALUES ('character:aegon-i', 'dragon:balerion', 'dragon_rider', '{}');
INSERT INTO relationships (source_key, target_key, relationship_type, details_json) VALUES ('character:aegon-i', 'house:house-targaryen', 'allegiance', '{}');
INSERT INTO relationships (source_key, target_key, relationship_type, details_json) VALUES ('character:visenya', 'character:maegor-i', 'child', '{}');
INSERT INTO relationships (source_key, target_key, relationship_type, details_json) VALUES ('character:visenya', 'character:aegon-i', 'spouse', '{}');
INSERT INTO relationships (source_key, target_key, relationship_type, details_json) VALUES ('character:visenya', 'dragon:vhagar', 'dragon_rider', '{}');
INSERT INTO relationships (source_key, target_key, relationship_type, details_json) VALUES ('character:visenya', 'house:house-targaryen', 'allegiance', '{}');
INSERT INTO relationships (source_key, target_key, relationship_type, details_json) VALUES ('character:rhaenys-i', 'character:aenys-i', 'child', '{}');
INSERT INTO relationships (source_key, target_key, relationship_type, details_json) VALUES ('character:rhaenys-i', 'character:aegon-i', 'spouse', '{}');
INSERT INTO relationships (source_key, target_key, relationship_type, details_json) VALUES ('character:rhaenys-i', 'dragon:meraxes', 'dragon_rider', '{}');
INSERT INTO relationships (source_key, target_key, relationship_type, details_json) VALUES ('character:rhaenys-i', 'house:house-targaryen', 'allegiance', '{}');
INSERT INTO relationships (source_key, target_key, relationship_type, details_json) VALUES ('character:aenys-i', 'character:aegon-i', 'parent', '{}');
INSERT INTO relationships (source_key, target_key, relationship_type, details_json) VALUES ('character:aenys-i', 'character:rhaenys-i', 'parent', '{}');
INSERT INTO relationships (source_key, target_key, relationship_type, details_json) VALUES ('character:aenys-i', 'character:jaehaerys-i', 'child', '{}');
INSERT INTO relationships (source_key, target_key, relationship_type, details_json) VALUES ('character:aenys-i', 'character:alysanne-targaryen', 'child', '{}');
INSERT INTO relationships (source_key, target_key, relationship_type, details_json) VALUES ('character:aenys-i', 'house:house-targaryen', 'allegiance', '{}');
INSERT INTO relationships (source_key, target_key, relationship_type, details_json) VALUES ('character:maegor-i', 'character:aegon-i', 'parent', '{}');
INSERT INTO relationships (source_key, target_key, relationship_type, details_json) VALUES ('character:maegor-i', 'character:visenya', 'parent', '{}');
INSERT INTO relationships (source_key, target_key, relationship_type, details_json) VALUES ('character:maegor-i', 'character:aegon-i', 'father', '{}');
INSERT INTO relationships (source_key, target_key, relationship_type, details_json) VALUES ('character:maegor-i', 'character:visenya', 'mother', '{}');
INSERT INTO relationships (source_key, target_key, relationship_type, details_json) VALUES ('character:maegor-i', 'dragon:balerion', 'dragon_rider', '{}');
INSERT INTO relationships (source_key, target_key, relationship_type, details_json) VALUES ('character:maegor-i', 'house:house-targaryen', 'allegiance', '{}');
INSERT INTO relationships (source_key, target_key, relationship_type, details_json) VALUES ('character:jaehaerys-i', 'character:aenys-i', 'parent', '{}');
INSERT INTO relationships (source_key, target_key, relationship_type, details_json) VALUES ('character:jaehaerys-i', 'character:baelon-targaryen', 'child', '{}');
INSERT INTO relationships (source_key, target_key, relationship_type, details_json) VALUES ('character:jaehaerys-i', 'character:alyssa-targaryen', 'child', '{}');
INSERT INTO relationships (source_key, target_key, relationship_type, details_json) VALUES ('character:jaehaerys-i', 'character:alysanne-targaryen', 'spouse', '{}');
INSERT INTO relationships (source_key, target_key, relationship_type, details_json) VALUES ('character:jaehaerys-i', 'dragon:vermithor', 'dragon_rider', '{}');
INSERT INTO relationships (source_key, target_key, relationship_type, details_json) VALUES ('character:jaehaerys-i', 'house:house-targaryen', 'allegiance', '{}');
INSERT INTO relationships (source_key, target_key, relationship_type, details_json) VALUES ('character:alysanne-targaryen', 'character:aenys-i', 'parent', '{}');
INSERT INTO relationships (source_key, target_key, relationship_type, details_json) VALUES ('character:alysanne-targaryen', 'character:baelon-targaryen', 'child', '{}');
INSERT INTO relationships (source_key, target_key, relationship_type, details_json) VALUES ('character:alysanne-targaryen', 'character:alyssa-targaryen', 'child', '{}');
INSERT INTO relationships (source_key, target_key, relationship_type, details_json) VALUES ('character:alysanne-targaryen', 'character:jaehaerys-i', 'spouse', '{}');
INSERT INTO relationships (source_key, target_key, relationship_type, details_json) VALUES ('character:alysanne-targaryen', 'dragon:silverwing', 'dragon_rider', '{}');
INSERT INTO relationships (source_key, target_key, relationship_type, details_json) VALUES ('character:alysanne-targaryen', 'house:house-targaryen', 'allegiance', '{}');
INSERT INTO relationships (source_key, target_key, relationship_type, details_json) VALUES ('character:baelon-targaryen', 'character:jaehaerys-i', 'parent', '{}');
INSERT INTO relationships (source_key, target_key, relationship_type, details_json) VALUES ('character:baelon-targaryen', 'character:alysanne-targaryen', 'parent', '{}');
INSERT INTO relationships (source_key, target_key, relationship_type, details_json) VALUES ('character:baelon-targaryen', 'character:viserys-i', 'child', '{}');
INSERT INTO relationships (source_key, target_key, relationship_type, details_json) VALUES ('character:baelon-targaryen', 'character:daemon-targaryen', 'child', '{}');
INSERT INTO relationships (source_key, target_key, relationship_type, details_json) VALUES ('character:baelon-targaryen', 'character:alyssa-targaryen', 'spouse', '{}');
INSERT INTO relationships (source_key, target_key, relationship_type, details_json) VALUES ('character:baelon-targaryen', 'house:house-targaryen', 'allegiance', '{}');
INSERT INTO relationships (source_key, target_key, relationship_type, details_json) VALUES ('character:alyssa-targaryen', 'character:jaehaerys-i', 'parent', '{}');
INSERT INTO relationships (source_key, target_key, relationship_type, details_json) VALUES ('character:alyssa-targaryen', 'character:alysanne-targaryen', 'parent', '{}');
INSERT INTO relationships (source_key, target_key, relationship_type, details_json) VALUES ('character:alyssa-targaryen', 'character:viserys-i', 'child', '{}');
INSERT INTO relationships (source_key, target_key, relationship_type, details_json) VALUES ('character:alyssa-targaryen', 'character:daemon-targaryen', 'child', '{}');
INSERT INTO relationships (source_key, target_key, relationship_type, details_json) VALUES ('character:alyssa-targaryen', 'character:baelon-targaryen', 'spouse', '{}');
INSERT INTO relationships (source_key, target_key, relationship_type, details_json) VALUES ('character:alyssa-targaryen', 'dragon:meleys', 'dragon_rider', '{}');
INSERT INTO relationships (source_key, target_key, relationship_type, details_json) VALUES ('character:alyssa-targaryen', 'house:house-targaryen', 'allegiance', '{}');
INSERT INTO relationships (source_key, target_key, relationship_type, details_json) VALUES ('character:viserys-i', 'character:baelon-targaryen', 'parent', '{}');
INSERT INTO relationships (source_key, target_key, relationship_type, details_json) VALUES ('character:viserys-i', 'character:alyssa-targaryen', 'parent', '{}');
INSERT INTO relationships (source_key, target_key, relationship_type, details_json) VALUES ('character:viserys-i', 'character:rhaenyra-targaryen', 'child', '{}');
INSERT INTO relationships (source_key, target_key, relationship_type, details_json) VALUES ('character:viserys-i', 'character:aegon-ii', 'child', '{}');
INSERT INTO relationships (source_key, target_key, relationship_type, details_json) VALUES ('character:viserys-i', 'character:helaena-targaryen', 'child', '{}');
INSERT INTO relationships (source_key, target_key, relationship_type, details_json) VALUES ('character:viserys-i', 'character:aemond-targaryen', 'child', '{}');
INSERT INTO relationships (source_key, target_key, relationship_type, details_json) VALUES ('character:viserys-i', 'character:daeron-targaryen', 'child', '{}');
INSERT INTO relationships (source_key, target_key, relationship_type, details_json) VALUES ('character:viserys-i', 'character:aemma-arryn', 'spouse', '{}');
INSERT INTO relationships (source_key, target_key, relationship_type, details_json) VALUES ('character:viserys-i', 'character:alicent-hightower', 'spouse', '{}');
INSERT INTO relationships (source_key, target_key, relationship_type, details_json) VALUES ('character:viserys-i', 'dragon:balerion', 'dragon_rider', '{}');
INSERT INTO relationships (source_key, target_key, relationship_type, details_json) VALUES ('character:viserys-i', 'house:house-targaryen', 'allegiance', '{}');
INSERT INTO relationships (source_key, target_key, relationship_type, details_json) VALUES ('character:daemon-targaryen', 'character:baelon-targaryen', 'parent', '{}');
INSERT INTO relationships (source_key, target_key, relationship_type, details_json) VALUES ('character:daemon-targaryen', 'character:alyssa-targaryen', 'parent', '{}');
INSERT INTO relationships (source_key, target_key, relationship_type, details_json) VALUES ('character:daemon-targaryen', 'character:baela-targaryen', 'child', '{}');
INSERT INTO relationships (source_key, target_key, relationship_type, details_json) VALUES ('character:daemon-targaryen', 'character:rhaena-targaryen', 'child', '{}');
INSERT INTO relationships (source_key, target_key, relationship_type, details_json) VALUES ('character:daemon-targaryen', 'character:aegon-iii', 'child', '{}');
INSERT INTO relationships (source_key, target_key, relationship_type, details_json) VALUES ('character:daemon-targaryen', 'character:viserys-ii', 'child', '{}');
INSERT INTO relationships (source_key, target_key, relationship_type, details_json) VALUES ('character:daemon-targaryen', 'character:laena-velaryon', 'spouse', '{}');
INSERT INTO relationships (source_key, target_key, relationship_type, details_json) VALUES ('character:daemon-targaryen', 'character:rhaenyra-targaryen', 'spouse', '{}');
INSERT INTO relationships (source_key, target_key, relationship_type, details_json) VALUES ('character:daemon-targaryen', 'dragon:caraxes', 'dragon_rider', '{}');
INSERT INTO relationships (source_key, target_key, relationship_type, details_json) VALUES ('character:daemon-targaryen', 'house:house-targaryen', 'allegiance', '{}');
INSERT INTO relationships (source_key, target_key, relationship_type, details_json) VALUES ('character:rhaenys-targaryen', 'character:laena-velaryon', 'child', '{}');
INSERT INTO relationships (source_key, target_key, relationship_type, details_json) VALUES ('character:rhaenys-targaryen', 'character:laenor-velaryon', 'child', '{}');
INSERT INTO relationships (source_key, target_key, relationship_type, details_json) VALUES ('character:rhaenys-targaryen', 'character:corlys-velaryon', 'spouse', '{}');
INSERT INTO relationships (source_key, target_key, relationship_type, details_json) VALUES ('character:rhaenys-targaryen', 'dragon:meleys', 'dragon_rider', '{}');
INSERT INTO relationships (source_key, target_key, relationship_type, details_json) VALUES ('character:rhaenys-targaryen', 'house:house-targaryen', 'allegiance', '{}');
INSERT INTO relationships (source_key, target_key, relationship_type, details_json) VALUES ('character:rhaenys-targaryen', 'house:house-velaryon', 'allegiance', '{}');
INSERT INTO relationships (source_key, target_key, relationship_type, details_json) VALUES ('character:aemma-arryn', 'character:rhaenyra-targaryen', 'child', '{}');
INSERT INTO relationships (source_key, target_key, relationship_type, details_json) VALUES ('character:aemma-arryn', 'character:viserys-i', 'spouse', '{}');
INSERT INTO relationships (source_key, target_key, relationship_type, details_json) VALUES ('character:aemma-arryn', 'house:house-arryn', 'allegiance', '{}');
INSERT INTO relationships (source_key, target_key, relationship_type, details_json) VALUES ('character:aemma-arryn', 'house:house-targaryen', 'allegiance', '{}');
INSERT INTO relationships (source_key, target_key, relationship_type, details_json) VALUES ('character:alicent-hightower', 'character:otto-hightower', 'parent', '{}');
INSERT INTO relationships (source_key, target_key, relationship_type, details_json) VALUES ('character:alicent-hightower', 'character:aegon-ii', 'child', '{}');
INSERT INTO relationships (source_key, target_key, relationship_type, details_json) VALUES ('character:alicent-hightower', 'character:helaena-targaryen', 'child', '{}');
INSERT INTO relationships (source_key, target_key, relationship_type, details_json) VALUES ('character:alicent-hightower', 'character:aemond-targaryen', 'child', '{}');
INSERT INTO relationships (source_key, target_key, relationship_type, details_json) VALUES ('character:alicent-hightower', 'character:daeron-targaryen', 'child', '{}');
INSERT INTO relationships (source_key, target_key, relationship_type, details_json) VALUES ('character:alicent-hightower', 'character:viserys-i', 'spouse', '{}');
INSERT INTO relationships (source_key, target_key, relationship_type, details_json) VALUES ('character:alicent-hightower', 'house:house-hightower', 'allegiance', '{}');
INSERT INTO relationships (source_key, target_key, relationship_type, details_json) VALUES ('character:alicent-hightower', 'house:house-targaryen', 'allegiance', '{}');
INSERT INTO relationships (source_key, target_key, relationship_type, details_json) VALUES ('character:otto-hightower', 'character:alicent-hightower', 'child', '{}');
INSERT INTO relationships (source_key, target_key, relationship_type, details_json) VALUES ('character:otto-hightower', 'house:house-hightower', 'allegiance', '{}');
INSERT INTO relationships (source_key, target_key, relationship_type, details_json) VALUES ('character:rhaenyra-targaryen', 'character:viserys-i', 'parent', '{}');
INSERT INTO relationships (source_key, target_key, relationship_type, details_json) VALUES ('character:rhaenyra-targaryen', 'character:aemma-arryn', 'parent', '{}');
INSERT INTO relationships (source_key, target_key, relationship_type, details_json) VALUES ('character:rhaenyra-targaryen', 'character:jacaerys-velaryon', 'child', '{}');
INSERT INTO relationships (source_key, target_key, relationship_type, details_json) VALUES ('character:rhaenyra-targaryen', 'character:lucerys-velaryon', 'child', '{}');
INSERT INTO relationships (source_key, target_key, relationship_type, details_json) VALUES ('character:rhaenyra-targaryen', 'character:joffrey-velaryon', 'child', '{}');
INSERT INTO relationships (source_key, target_key, relationship_type, details_json) VALUES ('character:rhaenyra-targaryen', 'character:aegon-iii', 'child', '{}');
INSERT INTO relationships (source_key, target_key, relationship_type, details_json) VALUES ('character:rhaenyra-targaryen', 'character:viserys-ii', 'child', '{}');
INSERT INTO relationships (source_key, target_key, relationship_type, details_json) VALUES ('character:rhaenyra-targaryen', 'character:laenor-velaryon', 'spouse', '{}');
INSERT INTO relationships (source_key, target_key, relationship_type, details_json) VALUES ('character:rhaenyra-targaryen', 'character:daemon-targaryen', 'spouse', '{}');
INSERT INTO relationships (source_key, target_key, relationship_type, details_json) VALUES ('character:rhaenyra-targaryen', 'dragon:syrax', 'dragon_rider', '{}');
INSERT INTO relationships (source_key, target_key, relationship_type, details_json) VALUES ('character:rhaenyra-targaryen', 'house:house-targaryen', 'allegiance', '{}');
INSERT INTO relationships (source_key, target_key, relationship_type, details_json) VALUES ('character:corlys-velaryon', 'character:laena-velaryon', 'child', '{}');
INSERT INTO relationships (source_key, target_key, relationship_type, details_json) VALUES ('character:corlys-velaryon', 'character:laenor-velaryon', 'child', '{}');
INSERT INTO relationships (source_key, target_key, relationship_type, details_json) VALUES ('character:corlys-velaryon', 'character:rhaenys-targaryen', 'spouse', '{}');
INSERT INTO relationships (source_key, target_key, relationship_type, details_json) VALUES ('character:corlys-velaryon', 'house:house-velaryon', 'allegiance', '{}');
INSERT INTO relationships (source_key, target_key, relationship_type, details_json) VALUES ('character:laena-velaryon', 'character:corlys-velaryon', 'parent', '{}');
INSERT INTO relationships (source_key, target_key, relationship_type, details_json) VALUES ('character:laena-velaryon', 'character:rhaenys-targaryen', 'parent', '{}');
INSERT INTO relationships (source_key, target_key, relationship_type, details_json) VALUES ('character:laena-velaryon', 'character:baela-targaryen', 'child', '{}');
INSERT INTO relationships (source_key, target_key, relationship_type, details_json) VALUES ('character:laena-velaryon', 'character:rhaena-targaryen', 'child', '{}');
INSERT INTO relationships (source_key, target_key, relationship_type, details_json) VALUES ('character:laena-velaryon', 'character:daemon-targaryen', 'spouse', '{}');
INSERT INTO relationships (source_key, target_key, relationship_type, details_json) VALUES ('character:laena-velaryon', 'dragon:vhagar', 'dragon_rider', '{}');
INSERT INTO relationships (source_key, target_key, relationship_type, details_json) VALUES ('character:laena-velaryon', 'house:house-targaryen', 'allegiance', '{}');
INSERT INTO relationships (source_key, target_key, relationship_type, details_json) VALUES ('character:laena-velaryon', 'house:house-velaryon', 'allegiance', '{}');
INSERT INTO relationships (source_key, target_key, relationship_type, details_json) VALUES ('character:laenor-velaryon', 'character:corlys-velaryon', 'parent', '{}');
INSERT INTO relationships (source_key, target_key, relationship_type, details_json) VALUES ('character:laenor-velaryon', 'character:rhaenys-targaryen', 'parent', '{}');
INSERT INTO relationships (source_key, target_key, relationship_type, details_json) VALUES ('character:laenor-velaryon', 'character:rhaenyra-targaryen', 'spouse', '{}');
INSERT INTO relationships (source_key, target_key, relationship_type, details_json) VALUES ('character:laenor-velaryon', 'dragon:seasmoke', 'dragon_rider', '{}');
INSERT INTO relationships (source_key, target_key, relationship_type, details_json) VALUES ('character:laenor-velaryon', 'house:house-targaryen', 'allegiance', '{}');
INSERT INTO relationships (source_key, target_key, relationship_type, details_json) VALUES ('character:laenor-velaryon', 'house:house-velaryon', 'allegiance', '{}');
INSERT INTO relationships (source_key, target_key, relationship_type, details_json) VALUES ('character:harwin-strong', 'character:jacaerys-velaryon', 'child', '{}');
INSERT INTO relationships (source_key, target_key, relationship_type, details_json) VALUES ('character:harwin-strong', 'character:lucerys-velaryon', 'child', '{}');
INSERT INTO relationships (source_key, target_key, relationship_type, details_json) VALUES ('character:harwin-strong', 'character:joffrey-velaryon', 'child', '{}');
INSERT INTO relationships (source_key, target_key, relationship_type, details_json) VALUES ('character:harwin-strong', 'house:house-strong', 'allegiance', '{}');
INSERT INTO relationships (source_key, target_key, relationship_type, details_json) VALUES ('character:jacaerys-velaryon', 'character:rhaenyra-targaryen', 'parent', '{}');
INSERT INTO relationships (source_key, target_key, relationship_type, details_json) VALUES ('character:jacaerys-velaryon', 'character:harwin-strong', 'parent', '{}');
INSERT INTO relationships (source_key, target_key, relationship_type, details_json) VALUES ('character:jacaerys-velaryon', 'dragon:vermax', 'dragon_rider', '{}');
INSERT INTO relationships (source_key, target_key, relationship_type, details_json) VALUES ('character:jacaerys-velaryon', 'house:house-targaryen', 'allegiance', '{}');
INSERT INTO relationships (source_key, target_key, relationship_type, details_json) VALUES ('character:lucerys-velaryon', 'character:rhaenyra-targaryen', 'parent', '{}');
INSERT INTO relationships (source_key, target_key, relationship_type, details_json) VALUES ('character:lucerys-velaryon', 'character:harwin-strong', 'parent', '{}');
INSERT INTO relationships (source_key, target_key, relationship_type, details_json) VALUES ('character:lucerys-velaryon', 'dragon:arrax', 'dragon_rider', '{}');
INSERT INTO relationships (source_key, target_key, relationship_type, details_json) VALUES ('character:lucerys-velaryon', 'house:house-targaryen', 'allegiance', '{}');
INSERT INTO relationships (source_key, target_key, relationship_type, details_json) VALUES ('character:joffrey-velaryon', 'character:rhaenyra-targaryen', 'parent', '{}');
INSERT INTO relationships (source_key, target_key, relationship_type, details_json) VALUES ('character:joffrey-velaryon', 'character:harwin-strong', 'parent', '{}');
INSERT INTO relationships (source_key, target_key, relationship_type, details_json) VALUES ('character:joffrey-velaryon', 'dragon:tyraxes', 'dragon_rider', '{}');
INSERT INTO relationships (source_key, target_key, relationship_type, details_json) VALUES ('character:joffrey-velaryon', 'house:house-targaryen', 'allegiance', '{}');
INSERT INTO relationships (source_key, target_key, relationship_type, details_json) VALUES ('character:baela-targaryen', 'character:daemon-targaryen', 'parent', '{}');
INSERT INTO relationships (source_key, target_key, relationship_type, details_json) VALUES ('character:baela-targaryen', 'character:laena-velaryon', 'parent', '{}');
INSERT INTO relationships (source_key, target_key, relationship_type, details_json) VALUES ('character:baela-targaryen', 'character:alyn-of-hull', 'spouse', '{}');
INSERT INTO relationships (source_key, target_key, relationship_type, details_json) VALUES ('character:baela-targaryen', 'dragon:moondancer', 'dragon_rider', '{}');
INSERT INTO relationships (source_key, target_key, relationship_type, details_json) VALUES ('character:baela-targaryen', 'house:house-targaryen', 'allegiance', '{}');
INSERT INTO relationships (source_key, target_key, relationship_type, details_json) VALUES ('character:baela-targaryen', 'house:house-velaryon', 'allegiance', '{}');
INSERT INTO relationships (source_key, target_key, relationship_type, details_json) VALUES ('character:rhaena-targaryen', 'character:daemon-targaryen', 'parent', '{}');
INSERT INTO relationships (source_key, target_key, relationship_type, details_json) VALUES ('character:rhaena-targaryen', 'character:laena-velaryon', 'parent', '{}');
INSERT INTO relationships (source_key, target_key, relationship_type, details_json) VALUES ('character:rhaena-targaryen', 'house:house-targaryen', 'allegiance', '{}');
INSERT INTO relationships (source_key, target_key, relationship_type, details_json) VALUES ('character:aegon-ii', 'character:viserys-i', 'parent', '{}');
INSERT INTO relationships (source_key, target_key, relationship_type, details_json) VALUES ('character:aegon-ii', 'character:alicent-hightower', 'parent', '{}');
INSERT INTO relationships (source_key, target_key, relationship_type, details_json) VALUES ('character:aegon-ii', 'character:jaehaerys-targaryen', 'child', '{}');
INSERT INTO relationships (source_key, target_key, relationship_type, details_json) VALUES ('character:aegon-ii', 'character:jaehaera-targaryen', 'child', '{}');
INSERT INTO relationships (source_key, target_key, relationship_type, details_json) VALUES ('character:aegon-ii', 'character:helaena-targaryen', 'spouse', '{}');
INSERT INTO relationships (source_key, target_key, relationship_type, details_json) VALUES ('character:aegon-ii', 'character:alicent-hightower', 'mother', '{}');
INSERT INTO relationships (source_key, target_key, relationship_type, details_json) VALUES ('character:aegon-ii', 'dragon:sunfyre', 'dragon_rider', '{}');
INSERT INTO relationships (source_key, target_key, relationship_type, details_json) VALUES ('character:aegon-ii', 'house:house-targaryen', 'allegiance', '{}');
INSERT INTO relationships (source_key, target_key, relationship_type, details_json) VALUES ('character:helaena-targaryen', 'character:viserys-i', 'parent', '{}');
INSERT INTO relationships (source_key, target_key, relationship_type, details_json) VALUES ('character:helaena-targaryen', 'character:alicent-hightower', 'parent', '{}');
INSERT INTO relationships (source_key, target_key, relationship_type, details_json) VALUES ('character:helaena-targaryen', 'character:jaehaerys-targaryen', 'child', '{}');
INSERT INTO relationships (source_key, target_key, relationship_type, details_json) VALUES ('character:helaena-targaryen', 'character:jaehaera-targaryen', 'child', '{}');
INSERT INTO relationships (source_key, target_key, relationship_type, details_json) VALUES ('character:helaena-targaryen', 'character:aegon-ii', 'spouse', '{}');
INSERT INTO relationships (source_key, target_key, relationship_type, details_json) VALUES ('character:helaena-targaryen', 'dragon:dreamfyre', 'dragon_rider', '{}');
INSERT INTO relationships (source_key, target_key, relationship_type, details_json) VALUES ('character:helaena-targaryen', 'house:house-targaryen', 'allegiance', '{}');
INSERT INTO relationships (source_key, target_key, relationship_type, details_json) VALUES ('character:aemond-targaryen', 'character:viserys-i', 'parent', '{}');
INSERT INTO relationships (source_key, target_key, relationship_type, details_json) VALUES ('character:aemond-targaryen', 'character:alicent-hightower', 'parent', '{}');
INSERT INTO relationships (source_key, target_key, relationship_type, details_json) VALUES ('character:aemond-targaryen', 'dragon:vhagar', 'dragon_rider', '{}');
INSERT INTO relationships (source_key, target_key, relationship_type, details_json) VALUES ('character:aemond-targaryen', 'house:house-targaryen', 'allegiance', '{}');
INSERT INTO relationships (source_key, target_key, relationship_type, details_json) VALUES ('character:daeron-targaryen', 'character:viserys-i', 'parent', '{}');
INSERT INTO relationships (source_key, target_key, relationship_type, details_json) VALUES ('character:daeron-targaryen', 'character:alicent-hightower', 'parent', '{}');
INSERT INTO relationships (source_key, target_key, relationship_type, details_json) VALUES ('character:daeron-targaryen', 'dragon:tessarion', 'dragon_rider', '{}');
INSERT INTO relationships (source_key, target_key, relationship_type, details_json) VALUES ('character:daeron-targaryen', 'house:house-targaryen', 'allegiance', '{}');
INSERT INTO relationships (source_key, target_key, relationship_type, details_json) VALUES ('character:jaehaerys-targaryen', 'character:aegon-ii', 'parent', '{}');
INSERT INTO relationships (source_key, target_key, relationship_type, details_json) VALUES ('character:jaehaerys-targaryen', 'character:helaena-targaryen', 'parent', '{}');
INSERT INTO relationships (source_key, target_key, relationship_type, details_json) VALUES ('character:jaehaerys-targaryen', 'house:house-targaryen', 'allegiance', '{}');
INSERT INTO relationships (source_key, target_key, relationship_type, details_json) VALUES ('character:jaehaera-targaryen', 'character:aegon-ii', 'parent', '{}');
INSERT INTO relationships (source_key, target_key, relationship_type, details_json) VALUES ('character:jaehaera-targaryen', 'character:helaena-targaryen', 'parent', '{}');
INSERT INTO relationships (source_key, target_key, relationship_type, details_json) VALUES ('character:jaehaera-targaryen', 'character:aegon-iii', 'spouse', '{}');
INSERT INTO relationships (source_key, target_key, relationship_type, details_json) VALUES ('character:jaehaera-targaryen', 'house:house-targaryen', 'allegiance', '{}');
INSERT INTO relationships (source_key, target_key, relationship_type, details_json) VALUES ('character:aegon-iii', 'character:daemon-targaryen', 'parent', '{}');
INSERT INTO relationships (source_key, target_key, relationship_type, details_json) VALUES ('character:aegon-iii', 'character:rhaenyra-targaryen', 'parent', '{}');
INSERT INTO relationships (source_key, target_key, relationship_type, details_json) VALUES ('character:aegon-iii', 'character:daemon-targaryen', 'father', '{}');
INSERT INTO relationships (source_key, target_key, relationship_type, details_json) VALUES ('character:aegon-iii', 'character:rhaenyra-targaryen', 'mother', '{}');
INSERT INTO relationships (source_key, target_key, relationship_type, details_json) VALUES ('character:aegon-iii', 'character:jaehaera-targaryen', 'spouse', '{}');
INSERT INTO relationships (source_key, target_key, relationship_type, details_json) VALUES ('character:aegon-iii', 'dragon:stormcloud', 'dragon_rider', '{}');
INSERT INTO relationships (source_key, target_key, relationship_type, details_json) VALUES ('character:aegon-iii', 'house:house-targaryen', 'allegiance', '{}');
INSERT INTO relationships (source_key, target_key, relationship_type, details_json) VALUES ('character:viserys-ii', 'character:daemon-targaryen', 'parent', '{}');
INSERT INTO relationships (source_key, target_key, relationship_type, details_json) VALUES ('character:viserys-ii', 'character:rhaenyra-targaryen', 'parent', '{}');
INSERT INTO relationships (source_key, target_key, relationship_type, details_json) VALUES ('character:viserys-ii', 'character:aegon-iv', 'child', '{}');
INSERT INTO relationships (source_key, target_key, relationship_type, details_json) VALUES ('character:viserys-ii', 'character:naerys-targaryen', 'child', '{}');
INSERT INTO relationships (source_key, target_key, relationship_type, details_json) VALUES ('character:viserys-ii', 'house:house-targaryen', 'allegiance', '{}');
INSERT INTO relationships (source_key, target_key, relationship_type, details_json) VALUES ('character:aegon-iv', 'character:viserys-ii', 'parent', '{}');
INSERT INTO relationships (source_key, target_key, relationship_type, details_json) VALUES ('character:aegon-iv', 'character:daeron-ii', 'child', '{}');
INSERT INTO relationships (source_key, target_key, relationship_type, details_json) VALUES ('character:aegon-iv', 'character:daemon-blackfyre', 'child', '{}');
INSERT INTO relationships (source_key, target_key, relationship_type, details_json) VALUES ('character:aegon-iv', 'character:naerys-targaryen', 'spouse', '{}');
INSERT INTO relationships (source_key, target_key, relationship_type, details_json) VALUES ('character:aegon-iv', 'house:house-targaryen', 'allegiance', '{}');
INSERT INTO relationships (source_key, target_key, relationship_type, details_json) VALUES ('character:naerys-targaryen', 'character:viserys-ii', 'parent', '{}');
INSERT INTO relationships (source_key, target_key, relationship_type, details_json) VALUES ('character:naerys-targaryen', 'character:daeron-ii', 'child', '{}');
INSERT INTO relationships (source_key, target_key, relationship_type, details_json) VALUES ('character:naerys-targaryen', 'character:aegon-iv', 'spouse', '{}');
INSERT INTO relationships (source_key, target_key, relationship_type, details_json) VALUES ('character:naerys-targaryen', 'house:house-targaryen', 'allegiance', '{}');
INSERT INTO relationships (source_key, target_key, relationship_type, details_json) VALUES ('character:daemon-blackfyre', 'character:aegon-iv', 'parent', '{}');
INSERT INTO relationships (source_key, target_key, relationship_type, details_json) VALUES ('character:daemon-blackfyre', 'house:house-blackfyre', 'allegiance', '{}');
INSERT INTO relationships (source_key, target_key, relationship_type, details_json) VALUES ('character:daeron-ii', 'character:aegon-iv', 'parent', '{}');
INSERT INTO relationships (source_key, target_key, relationship_type, details_json) VALUES ('character:daeron-ii', 'character:naerys-targaryen', 'parent', '{}');
INSERT INTO relationships (source_key, target_key, relationship_type, details_json) VALUES ('character:daeron-ii', 'character:baelor-breakspear', 'child', '{}');
INSERT INTO relationships (source_key, target_key, relationship_type, details_json) VALUES ('character:daeron-ii', 'character:maekar-targaryen', 'child', '{}');
INSERT INTO relationships (source_key, target_key, relationship_type, details_json) VALUES ('character:daeron-ii', 'character:myriah-martell', 'spouse', '{}');
INSERT INTO relationships (source_key, target_key, relationship_type, details_json) VALUES ('character:daeron-ii', 'character:aegon-iv', 'father', '{}');
INSERT INTO relationships (source_key, target_key, relationship_type, details_json) VALUES ('character:daeron-ii', 'character:naerys-targaryen', 'mother', '{}');
INSERT INTO relationships (source_key, target_key, relationship_type, details_json) VALUES ('character:daeron-ii', 'house:house-targaryen', 'allegiance', '{}');
INSERT INTO relationships (source_key, target_key, relationship_type, details_json) VALUES ('character:myriah-martell', 'character:baelor-breakspear', 'child', '{}');
INSERT INTO relationships (source_key, target_key, relationship_type, details_json) VALUES ('character:myriah-martell', 'character:maekar-targaryen', 'child', '{}');
INSERT INTO relationships (source_key, target_key, relationship_type, details_json) VALUES ('character:myriah-martell', 'character:daeron-ii', 'spouse', '{}');
INSERT INTO relationships (source_key, target_key, relationship_type, details_json) VALUES ('character:myriah-martell', 'house:house-targaryen', 'allegiance', '{}');
INSERT INTO relationships (source_key, target_key, relationship_type, details_json) VALUES ('character:myriah-martell', 'house:house-martell', 'allegiance', '{}');
INSERT INTO relationships (source_key, target_key, relationship_type, details_json) VALUES ('character:baelor-breakspear', 'character:daeron-ii', 'parent', '{}');
INSERT INTO relationships (source_key, target_key, relationship_type, details_json) VALUES ('character:baelor-breakspear', 'character:myriah-martell', 'parent', '{}');
INSERT INTO relationships (source_key, target_key, relationship_type, details_json) VALUES ('character:baelor-breakspear', 'character:valarr-targaryen', 'child', '{}');
INSERT INTO relationships (source_key, target_key, relationship_type, details_json) VALUES ('character:baelor-breakspear', 'house:house-targaryen', 'allegiance', '{}');
INSERT INTO relationships (source_key, target_key, relationship_type, details_json) VALUES ('character:valarr-targaryen', 'character:baelor-breakspear', 'parent', '{}');
INSERT INTO relationships (source_key, target_key, relationship_type, details_json) VALUES ('character:valarr-targaryen', 'house:house-targaryen', 'allegiance', '{}');
INSERT INTO relationships (source_key, target_key, relationship_type, details_json) VALUES ('character:maekar-targaryen', 'character:daeron-ii', 'parent', '{}');
INSERT INTO relationships (source_key, target_key, relationship_type, details_json) VALUES ('character:maekar-targaryen', 'character:myriah-martell', 'parent', '{}');
INSERT INTO relationships (source_key, target_key, relationship_type, details_json) VALUES ('character:maekar-targaryen', 'character:daeron-the-drunken', 'child', '{}');
INSERT INTO relationships (source_key, target_key, relationship_type, details_json) VALUES ('character:maekar-targaryen', 'character:aerion-targaryen', 'child', '{}');
INSERT INTO relationships (source_key, target_key, relationship_type, details_json) VALUES ('character:maekar-targaryen', 'character:aegon-v', 'child', '{}');
INSERT INTO relationships (source_key, target_key, relationship_type, details_json) VALUES ('character:maekar-targaryen', 'character:daeron-ii', 'father', '{}');
INSERT INTO relationships (source_key, target_key, relationship_type, details_json) VALUES ('character:maekar-targaryen', 'character:myriah-martell', 'mother', '{}');
INSERT INTO relationships (source_key, target_key, relationship_type, details_json) VALUES ('character:maekar-targaryen', 'house:house-targaryen', 'allegiance', '{}');
INSERT INTO relationships (source_key, target_key, relationship_type, details_json) VALUES ('character:daeron-the-drunken', 'character:maekar-targaryen', 'parent', '{}');
INSERT INTO relationships (source_key, target_key, relationship_type, details_json) VALUES ('character:daeron-the-drunken', 'house:house-targaryen', 'allegiance', '{}');
INSERT INTO relationships (source_key, target_key, relationship_type, details_json) VALUES ('character:aerion-targaryen', 'character:maekar-targaryen', 'parent', '{}');
INSERT INTO relationships (source_key, target_key, relationship_type, details_json) VALUES ('character:aerion-targaryen', 'house:house-targaryen', 'allegiance', '{}');
INSERT INTO relationships (source_key, target_key, relationship_type, details_json) VALUES ('character:aegon-v', 'character:maekar-targaryen', 'parent', '{}');
INSERT INTO relationships (source_key, target_key, relationship_type, details_json) VALUES ('character:aegon-v', 'character:aerys-ii', 'child', '{}');
INSERT INTO relationships (source_key, target_key, relationship_type, details_json) VALUES ('character:aegon-v', 'character:rhaella-targaryen', 'child', '{}');
INSERT INTO relationships (source_key, target_key, relationship_type, details_json) VALUES ('character:aegon-v', 'character:maekar-targaryen', 'father', '{}');
INSERT INTO relationships (source_key, target_key, relationship_type, details_json) VALUES ('character:aegon-v', 'house:house-targaryen', 'allegiance', '{}');
INSERT INTO relationships (source_key, target_key, relationship_type, details_json) VALUES ('character:aerys-ii', 'character:aegon-v', 'parent', '{}');
INSERT INTO relationships (source_key, target_key, relationship_type, details_json) VALUES ('character:aerys-ii', 'character:rhaegar-targaryen', 'child', '{}');
INSERT INTO relationships (source_key, target_key, relationship_type, details_json) VALUES ('character:aerys-ii', 'character:viserys-iii', 'child', '{}');
INSERT INTO relationships (source_key, target_key, relationship_type, details_json) VALUES ('character:aerys-ii', 'character:daenerys-targaryen', 'child', '{}');
INSERT INTO relationships (source_key, target_key, relationship_type, details_json) VALUES ('character:aerys-ii', 'character:rhaella-targaryen', 'spouse', '{}');
INSERT INTO relationships (source_key, target_key, relationship_type, details_json) VALUES ('character:aerys-ii', 'house:house-targaryen', 'allegiance', '{}');
INSERT INTO relationships (source_key, target_key, relationship_type, details_json) VALUES ('character:rhaella-targaryen', 'character:aegon-v', 'parent', '{}');
INSERT INTO relationships (source_key, target_key, relationship_type, details_json) VALUES ('character:rhaella-targaryen', 'character:rhaegar-targaryen', 'child', '{}');
INSERT INTO relationships (source_key, target_key, relationship_type, details_json) VALUES ('character:rhaella-targaryen', 'character:viserys-iii', 'child', '{}');
INSERT INTO relationships (source_key, target_key, relationship_type, details_json) VALUES ('character:rhaella-targaryen', 'character:daenerys-targaryen', 'child', '{}');
INSERT INTO relationships (source_key, target_key, relationship_type, details_json) VALUES ('character:rhaella-targaryen', 'character:aerys-ii', 'spouse', '{}');
INSERT INTO relationships (source_key, target_key, relationship_type, details_json) VALUES ('character:rhaella-targaryen', 'house:house-targaryen', 'allegiance', '{}');
INSERT INTO relationships (source_key, target_key, relationship_type, details_json) VALUES ('character:rhaegar-targaryen', 'character:aerys-ii', 'parent', '{}');
INSERT INTO relationships (source_key, target_key, relationship_type, details_json) VALUES ('character:rhaegar-targaryen', 'character:rhaella-targaryen', 'parent', '{}');
INSERT INTO relationships (source_key, target_key, relationship_type, details_json) VALUES ('character:rhaegar-targaryen', 'character:jon-snow', 'child', '{}');
INSERT INTO relationships (source_key, target_key, relationship_type, details_json) VALUES ('character:rhaegar-targaryen', 'character:elia-martell', 'spouse', '{}');
INSERT INTO relationships (source_key, target_key, relationship_type, details_json) VALUES ('character:rhaegar-targaryen', 'character:lyanna-stark', 'spouse', '{}');
INSERT INTO relationships (source_key, target_key, relationship_type, details_json) VALUES ('character:rhaegar-targaryen', 'house:house-targaryen', 'allegiance', '{}');
INSERT INTO relationships (source_key, target_key, relationship_type, details_json) VALUES ('character:elia-martell', 'character:rhaegar-targaryen', 'spouse', '{}');
INSERT INTO relationships (source_key, target_key, relationship_type, details_json) VALUES ('character:elia-martell', 'house:house-targaryen', 'allegiance', '{}');
INSERT INTO relationships (source_key, target_key, relationship_type, details_json) VALUES ('character:elia-martell', 'house:house-martell', 'allegiance', '{}');
INSERT INTO relationships (source_key, target_key, relationship_type, details_json) VALUES ('character:lyanna-stark', 'character:jon-snow', 'child', '{}');
INSERT INTO relationships (source_key, target_key, relationship_type, details_json) VALUES ('character:lyanna-stark', 'character:rhaegar-targaryen', 'spouse', '{}');
INSERT INTO relationships (source_key, target_key, relationship_type, details_json) VALUES ('character:lyanna-stark', 'house:house-stark', 'allegiance', '{}');
INSERT INTO relationships (source_key, target_key, relationship_type, details_json) VALUES ('character:viserys-iii', 'character:aerys-ii', 'parent', '{}');
INSERT INTO relationships (source_key, target_key, relationship_type, details_json) VALUES ('character:viserys-iii', 'character:rhaella-targaryen', 'parent', '{}');
INSERT INTO relationships (source_key, target_key, relationship_type, details_json) VALUES ('character:viserys-iii', 'house:house-targaryen', 'allegiance', '{}');
INSERT INTO relationships (source_key, target_key, relationship_type, details_json) VALUES ('character:daenerys-targaryen', 'character:aerys-ii', 'parent', '{}');
INSERT INTO relationships (source_key, target_key, relationship_type, details_json) VALUES ('character:daenerys-targaryen', 'character:rhaella-targaryen', 'parent', '{}');
INSERT INTO relationships (source_key, target_key, relationship_type, details_json) VALUES ('character:daenerys-targaryen', 'character:api-character-1346', 'spouse', '{}');
INSERT INTO relationships (source_key, target_key, relationship_type, details_json) VALUES ('character:daenerys-targaryen', 'dragon:drogon', 'dragon_rider', '{}');
INSERT INTO relationships (source_key, target_key, relationship_type, details_json) VALUES ('character:daenerys-targaryen', 'house:house-targaryen', 'allegiance', '{}');
INSERT INTO relationships (source_key, target_key, relationship_type, details_json) VALUES ('character:jon-snow', 'character:rhaegar-targaryen', 'parent', '{}');
INSERT INTO relationships (source_key, target_key, relationship_type, details_json) VALUES ('character:jon-snow', 'character:lyanna-stark', 'parent', '{}');
INSERT INTO relationships (source_key, target_key, relationship_type, details_json) VALUES ('character:jon-snow', 'dragon:rhaegal', 'dragon_rider', '{}');
INSERT INTO relationships (source_key, target_key, relationship_type, details_json) VALUES ('character:jon-snow', 'house:house-stark', 'allegiance', '{}');
INSERT INTO relationships (source_key, target_key, relationship_type, details_json) VALUES ('character:maester-aemon', 'house:house-targaryen', 'allegiance', '{}');
INSERT INTO relationships (source_key, target_key, relationship_type, details_json) VALUES ('character:eddard-stark', 'character:robb-stark', 'child', '{}');
INSERT INTO relationships (source_key, target_key, relationship_type, details_json) VALUES ('character:eddard-stark', 'character:sansa-stark', 'child', '{}');
INSERT INTO relationships (source_key, target_key, relationship_type, details_json) VALUES ('character:eddard-stark', 'character:arya-stark', 'child', '{}');
INSERT INTO relationships (source_key, target_key, relationship_type, details_json) VALUES ('character:eddard-stark', 'character:bran-stark', 'child', '{}');
INSERT INTO relationships (source_key, target_key, relationship_type, details_json) VALUES ('character:eddard-stark', 'character:rickon-stark', 'child', '{}');
INSERT INTO relationships (source_key, target_key, relationship_type, details_json) VALUES ('character:eddard-stark', 'character:catelyn-stark', 'spouse', '{}');
INSERT INTO relationships (source_key, target_key, relationship_type, details_json) VALUES ('character:eddard-stark', 'house:house-stark', 'allegiance', '{}');
INSERT INTO relationships (source_key, target_key, relationship_type, details_json) VALUES ('character:catelyn-stark', 'character:robb-stark', 'child', '{}');
INSERT INTO relationships (source_key, target_key, relationship_type, details_json) VALUES ('character:catelyn-stark', 'character:sansa-stark', 'child', '{}');
INSERT INTO relationships (source_key, target_key, relationship_type, details_json) VALUES ('character:catelyn-stark', 'character:arya-stark', 'child', '{}');
INSERT INTO relationships (source_key, target_key, relationship_type, details_json) VALUES ('character:catelyn-stark', 'character:bran-stark', 'child', '{}');
INSERT INTO relationships (source_key, target_key, relationship_type, details_json) VALUES ('character:catelyn-stark', 'character:rickon-stark', 'child', '{}');
INSERT INTO relationships (source_key, target_key, relationship_type, details_json) VALUES ('character:catelyn-stark', 'character:eddard-stark', 'spouse', '{}');
INSERT INTO relationships (source_key, target_key, relationship_type, details_json) VALUES ('character:catelyn-stark', 'house:house-stark', 'allegiance', '{}');
INSERT INTO relationships (source_key, target_key, relationship_type, details_json) VALUES ('character:catelyn-stark', 'house:house-tully', 'allegiance', '{}');
INSERT INTO relationships (source_key, target_key, relationship_type, details_json) VALUES ('character:robb-stark', 'character:eddard-stark', 'parent', '{}');
INSERT INTO relationships (source_key, target_key, relationship_type, details_json) VALUES ('character:robb-stark', 'character:catelyn-stark', 'parent', '{}');
INSERT INTO relationships (source_key, target_key, relationship_type, details_json) VALUES ('character:robb-stark', 'character:talisa-stark', 'spouse', '{}');
INSERT INTO relationships (source_key, target_key, relationship_type, details_json) VALUES ('character:robb-stark', 'character:eddard-stark', 'father', '{}');
INSERT INTO relationships (source_key, target_key, relationship_type, details_json) VALUES ('character:robb-stark', 'character:catelyn-stark', 'mother', '{}');
INSERT INTO relationships (source_key, target_key, relationship_type, details_json) VALUES ('character:robb-stark', 'house:house-stark', 'allegiance', '{}');
INSERT INTO relationships (source_key, target_key, relationship_type, details_json) VALUES ('character:sansa-stark', 'character:eddard-stark', 'parent', '{}');
INSERT INTO relationships (source_key, target_key, relationship_type, details_json) VALUES ('character:sansa-stark', 'character:catelyn-stark', 'parent', '{}');
INSERT INTO relationships (source_key, target_key, relationship_type, details_json) VALUES ('character:sansa-stark', 'character:tyrion-lannister', 'spouse', '{}');
INSERT INTO relationships (source_key, target_key, relationship_type, details_json) VALUES ('character:sansa-stark', 'character:ramsay-bolton', 'spouse', '{}');
INSERT INTO relationships (source_key, target_key, relationship_type, details_json) VALUES ('character:sansa-stark', 'house:house-stark', 'allegiance', '{}');
INSERT INTO relationships (source_key, target_key, relationship_type, details_json) VALUES ('character:arya-stark', 'character:eddard-stark', 'parent', '{}');
INSERT INTO relationships (source_key, target_key, relationship_type, details_json) VALUES ('character:arya-stark', 'character:catelyn-stark', 'parent', '{}');
INSERT INTO relationships (source_key, target_key, relationship_type, details_json) VALUES ('character:arya-stark', 'house:house-stark', 'allegiance', '{}');
INSERT INTO relationships (source_key, target_key, relationship_type, details_json) VALUES ('character:bran-stark', 'character:eddard-stark', 'parent', '{}');
INSERT INTO relationships (source_key, target_key, relationship_type, details_json) VALUES ('character:bran-stark', 'character:catelyn-stark', 'parent', '{}');
INSERT INTO relationships (source_key, target_key, relationship_type, details_json) VALUES ('character:bran-stark', 'house:house-stark', 'allegiance', '{}');
INSERT INTO relationships (source_key, target_key, relationship_type, details_json) VALUES ('character:rickon-stark', 'character:eddard-stark', 'parent', '{}');
INSERT INTO relationships (source_key, target_key, relationship_type, details_json) VALUES ('character:rickon-stark', 'character:catelyn-stark', 'parent', '{}');
INSERT INTO relationships (source_key, target_key, relationship_type, details_json) VALUES ('character:rickon-stark', 'house:house-stark', 'allegiance', '{}');
INSERT INTO relationships (source_key, target_key, relationship_type, details_json) VALUES ('character:benjen-stark', 'house:house-stark', 'allegiance', '{}');
INSERT INTO relationships (source_key, target_key, relationship_type, details_json) VALUES ('character:tywin-lannister', 'character:cersei-lannister', 'child', '{}');
INSERT INTO relationships (source_key, target_key, relationship_type, details_json) VALUES ('character:tywin-lannister', 'character:jaime-lannister', 'child', '{}');
INSERT INTO relationships (source_key, target_key, relationship_type, details_json) VALUES ('character:tywin-lannister', 'character:tyrion-lannister', 'child', '{}');
INSERT INTO relationships (source_key, target_key, relationship_type, details_json) VALUES ('character:tywin-lannister', 'house:house-lannister', 'allegiance', '{}');
INSERT INTO relationships (source_key, target_key, relationship_type, details_json) VALUES ('character:cersei-lannister', 'character:tywin-lannister', 'parent', '{}');
INSERT INTO relationships (source_key, target_key, relationship_type, details_json) VALUES ('character:cersei-lannister', 'character:joffrey-baratheon', 'child', '{}');
INSERT INTO relationships (source_key, target_key, relationship_type, details_json) VALUES ('character:cersei-lannister', 'character:myrcella-baratheon', 'child', '{}');
INSERT INTO relationships (source_key, target_key, relationship_type, details_json) VALUES ('character:cersei-lannister', 'character:tommen-baratheon', 'child', '{}');
INSERT INTO relationships (source_key, target_key, relationship_type, details_json) VALUES ('character:cersei-lannister', 'character:robert-baratheon', 'spouse', '{}');
INSERT INTO relationships (source_key, target_key, relationship_type, details_json) VALUES ('character:cersei-lannister', 'house:house-lannister', 'allegiance', '{}');
INSERT INTO relationships (source_key, target_key, relationship_type, details_json) VALUES ('character:jaime-lannister', 'character:tywin-lannister', 'parent', '{}');
INSERT INTO relationships (source_key, target_key, relationship_type, details_json) VALUES ('character:jaime-lannister', 'character:joffrey-baratheon', 'child', '{}');
INSERT INTO relationships (source_key, target_key, relationship_type, details_json) VALUES ('character:jaime-lannister', 'character:myrcella-baratheon', 'child', '{}');
INSERT INTO relationships (source_key, target_key, relationship_type, details_json) VALUES ('character:jaime-lannister', 'character:tommen-baratheon', 'child', '{}');
INSERT INTO relationships (source_key, target_key, relationship_type, details_json) VALUES ('character:jaime-lannister', 'house:house-lannister', 'allegiance', '{}');
INSERT INTO relationships (source_key, target_key, relationship_type, details_json) VALUES ('character:tyrion-lannister', 'character:tywin-lannister', 'parent', '{}');
INSERT INTO relationships (source_key, target_key, relationship_type, details_json) VALUES ('character:tyrion-lannister', 'character:sansa-stark', 'spouse', '{}');
INSERT INTO relationships (source_key, target_key, relationship_type, details_json) VALUES ('character:tyrion-lannister', 'house:house-lannister', 'allegiance', '{}');
INSERT INTO relationships (source_key, target_key, relationship_type, details_json) VALUES ('character:joffrey-baratheon', 'character:jaime-lannister', 'parent', '{}');
INSERT INTO relationships (source_key, target_key, relationship_type, details_json) VALUES ('character:joffrey-baratheon', 'character:cersei-lannister', 'parent', '{}');
INSERT INTO relationships (source_key, target_key, relationship_type, details_json) VALUES ('character:joffrey-baratheon', 'character:margaery-tyrell', 'spouse', '{}');
INSERT INTO relationships (source_key, target_key, relationship_type, details_json) VALUES ('character:joffrey-baratheon', 'character:robert-baratheon', 'father', '{}');
INSERT INTO relationships (source_key, target_key, relationship_type, details_json) VALUES ('character:joffrey-baratheon', 'character:cersei-lannister', 'mother', '{}');
INSERT INTO relationships (source_key, target_key, relationship_type, details_json) VALUES ('character:joffrey-baratheon', 'house:house-lannister', 'allegiance', '{}');
INSERT INTO relationships (source_key, target_key, relationship_type, details_json) VALUES ('character:myrcella-baratheon', 'character:jaime-lannister', 'parent', '{}');
INSERT INTO relationships (source_key, target_key, relationship_type, details_json) VALUES ('character:myrcella-baratheon', 'character:cersei-lannister', 'parent', '{}');
INSERT INTO relationships (source_key, target_key, relationship_type, details_json) VALUES ('character:myrcella-baratheon', 'house:house-baratheon', 'allegiance', '{}');
INSERT INTO relationships (source_key, target_key, relationship_type, details_json) VALUES ('character:myrcella-baratheon', 'house:house-lannister', 'allegiance', '{}');
INSERT INTO relationships (source_key, target_key, relationship_type, details_json) VALUES ('character:tommen-baratheon', 'character:jaime-lannister', 'parent', '{}');
INSERT INTO relationships (source_key, target_key, relationship_type, details_json) VALUES ('character:tommen-baratheon', 'character:cersei-lannister', 'parent', '{}');
INSERT INTO relationships (source_key, target_key, relationship_type, details_json) VALUES ('character:tommen-baratheon', 'character:margaery-tyrell', 'spouse', '{}');
INSERT INTO relationships (source_key, target_key, relationship_type, details_json) VALUES ('character:tommen-baratheon', 'character:robert-baratheon', 'father', '{}');
INSERT INTO relationships (source_key, target_key, relationship_type, details_json) VALUES ('character:tommen-baratheon', 'character:cersei-lannister', 'mother', '{}');
INSERT INTO relationships (source_key, target_key, relationship_type, details_json) VALUES ('character:tommen-baratheon', 'house:house-lannister', 'allegiance', '{}');
INSERT INTO relationships (source_key, target_key, relationship_type, details_json) VALUES ('character:robert-baratheon', 'character:cersei-lannister', 'spouse', '{}');
INSERT INTO relationships (source_key, target_key, relationship_type, details_json) VALUES ('character:robert-baratheon', 'house:house-baratheon', 'allegiance', '{}');
INSERT INTO relationships (source_key, target_key, relationship_type, details_json) VALUES ('character:stannis-baratheon', 'character:shireen-baratheon', 'child', '{}');
INSERT INTO relationships (source_key, target_key, relationship_type, details_json) VALUES ('character:stannis-baratheon', 'character:selyse-baratheon', 'spouse', '{}');
INSERT INTO relationships (source_key, target_key, relationship_type, details_json) VALUES ('character:stannis-baratheon', 'house:house-baratheon', 'allegiance', '{}');
INSERT INTO relationships (source_key, target_key, relationship_type, details_json) VALUES ('character:renly-baratheon', 'character:margaery-tyrell', 'spouse', '{}');
INSERT INTO relationships (source_key, target_key, relationship_type, details_json) VALUES ('character:renly-baratheon', 'house:house-baratheon', 'allegiance', '{}');
INSERT INTO relationships (source_key, target_key, relationship_type, details_json) VALUES ('character:gendry', 'character:robert-baratheon', 'parent', '{}');
INSERT INTO relationships (source_key, target_key, relationship_type, details_json) VALUES ('character:gendry', 'house:house-baratheon', 'allegiance', '{}');
INSERT INTO relationships (source_key, target_key, relationship_type, details_json) VALUES ('character:theon-greyjoy', 'character:balon-greyjoy', 'parent', '{}');
INSERT INTO relationships (source_key, target_key, relationship_type, details_json) VALUES ('character:theon-greyjoy', 'house:house-bolton', 'allegiance', '{}');
INSERT INTO relationships (source_key, target_key, relationship_type, details_json) VALUES ('character:theon-greyjoy', 'house:house-greyjoy', 'allegiance', '{}');
INSERT INTO relationships (source_key, target_key, relationship_type, details_json) VALUES ('character:yara-greyjoy', 'character:balon-greyjoy', 'parent', '{}');
INSERT INTO relationships (source_key, target_key, relationship_type, details_json) VALUES ('character:yara-greyjoy', 'house:house-greyjoy', 'allegiance', '{}');
INSERT INTO relationships (source_key, target_key, relationship_type, details_json) VALUES ('character:balon-greyjoy', 'character:theon-greyjoy', 'child', '{}');
INSERT INTO relationships (source_key, target_key, relationship_type, details_json) VALUES ('character:balon-greyjoy', 'character:yara-greyjoy', 'child', '{}');
INSERT INTO relationships (source_key, target_key, relationship_type, details_json) VALUES ('character:balon-greyjoy', 'house:house-greyjoy', 'allegiance', '{}');
INSERT INTO relationships (source_key, target_key, relationship_type, details_json) VALUES ('character:euron-greyjoy', 'house:house-greyjoy', 'allegiance', '{}');
INSERT INTO relationships (source_key, target_key, relationship_type, details_json) VALUES ('character:olenna-tyrell', 'character:mace-tyrell', 'child', '{}');
INSERT INTO relationships (source_key, target_key, relationship_type, details_json) VALUES ('character:olenna-tyrell', 'house:house-tyrell', 'allegiance', '{}');
INSERT INTO relationships (source_key, target_key, relationship_type, details_json) VALUES ('character:olenna-tyrell', 'house:house-redwyne', 'allegiance', '{}');
INSERT INTO relationships (source_key, target_key, relationship_type, details_json) VALUES ('character:mace-tyrell', 'character:olenna-tyrell', 'parent', '{}');
INSERT INTO relationships (source_key, target_key, relationship_type, details_json) VALUES ('character:mace-tyrell', 'character:margaery-tyrell', 'child', '{}');
INSERT INTO relationships (source_key, target_key, relationship_type, details_json) VALUES ('character:mace-tyrell', 'character:loras-tyrell', 'child', '{}');
INSERT INTO relationships (source_key, target_key, relationship_type, details_json) VALUES ('character:mace-tyrell', 'house:house-tyrell', 'allegiance', '{}');
INSERT INTO relationships (source_key, target_key, relationship_type, details_json) VALUES ('character:margaery-tyrell', 'character:mace-tyrell', 'parent', '{}');
INSERT INTO relationships (source_key, target_key, relationship_type, details_json) VALUES ('character:margaery-tyrell', 'character:renly-baratheon', 'spouse', '{}');
INSERT INTO relationships (source_key, target_key, relationship_type, details_json) VALUES ('character:margaery-tyrell', 'character:joffrey-baratheon', 'spouse', '{}');
INSERT INTO relationships (source_key, target_key, relationship_type, details_json) VALUES ('character:margaery-tyrell', 'character:tommen-baratheon', 'spouse', '{}');
INSERT INTO relationships (source_key, target_key, relationship_type, details_json) VALUES ('character:margaery-tyrell', 'house:house-tyrell', 'allegiance', '{}');
INSERT INTO relationships (source_key, target_key, relationship_type, details_json) VALUES ('character:loras-tyrell', 'character:mace-tyrell', 'parent', '{}');
INSERT INTO relationships (source_key, target_key, relationship_type, details_json) VALUES ('character:loras-tyrell', 'house:house-tyrell', 'allegiance', '{}');
INSERT INTO relationships (source_key, target_key, relationship_type, details_json) VALUES ('character:roose-bolton', 'character:ramsay-bolton', 'child', '{}');
INSERT INTO relationships (source_key, target_key, relationship_type, details_json) VALUES ('character:roose-bolton', 'character:walda-bolton', 'spouse', '{}');
INSERT INTO relationships (source_key, target_key, relationship_type, details_json) VALUES ('character:roose-bolton', 'house:house-bolton', 'allegiance', '{}');
INSERT INTO relationships (source_key, target_key, relationship_type, details_json) VALUES ('character:ramsay-bolton', 'character:roose-bolton', 'parent', '{}');
INSERT INTO relationships (source_key, target_key, relationship_type, details_json) VALUES ('character:ramsay-bolton', 'character:sansa-stark', 'spouse', '{}');
INSERT INTO relationships (source_key, target_key, relationship_type, details_json) VALUES ('character:ramsay-bolton', 'house:house-bolton', 'allegiance', '{}');
INSERT INTO relationships (source_key, target_key, relationship_type, details_json) VALUES ('character:walda-bolton', 'character:roose-bolton', 'spouse', '{}');
INSERT INTO relationships (source_key, target_key, relationship_type, details_json) VALUES ('character:walda-bolton', 'house:house-bolton', 'allegiance', '{}');
INSERT INTO relationships (source_key, target_key, relationship_type, details_json) VALUES ('character:walda-bolton', 'house:house-frey', 'allegiance', '{}');
INSERT INTO relationships (source_key, target_key, relationship_type, details_json) VALUES ('character:walder-frey', 'house:house-frey', 'allegiance', '{}');
INSERT INTO relationships (source_key, target_key, relationship_type, details_json) VALUES ('character:sandor-clegane', 'house:house-clegane', 'allegiance', '{}');
INSERT INTO relationships (source_key, target_key, relationship_type, details_json) VALUES ('character:sandor-clegane', 'house:house-lannister', 'allegiance', '{}');
INSERT INTO relationships (source_key, target_key, relationship_type, details_json) VALUES ('character:gregor-clegane', 'house:house-clegane', 'allegiance', '{}');
INSERT INTO relationships (source_key, target_key, relationship_type, details_json) VALUES ('character:gregor-clegane', 'house:house-lannister', 'allegiance', '{}');
INSERT INTO relationships (source_key, target_key, relationship_type, details_json) VALUES ('character:jorah-mormont', 'character:jeor-mormont', 'parent', '{}');
INSERT INTO relationships (source_key, target_key, relationship_type, details_json) VALUES ('character:jorah-mormont', 'house:house-mormont', 'allegiance', '{}');
INSERT INTO relationships (source_key, target_key, relationship_type, details_json) VALUES ('character:jorah-mormont', 'house:house-targaryen', 'allegiance', '{}');
INSERT INTO relationships (source_key, target_key, relationship_type, details_json) VALUES ('character:jeor-mormont', 'character:jorah-mormont', 'child', '{}');
INSERT INTO relationships (source_key, target_key, relationship_type, details_json) VALUES ('character:jeor-mormont', 'house:house-mormont', 'allegiance', '{}');
INSERT INTO relationships (source_key, target_key, relationship_type, details_json) VALUES ('character:lyanna-mormont', 'house:house-mormont', 'allegiance', '{}');
INSERT INTO relationships (source_key, target_key, relationship_type, details_json) VALUES ('character:samwell-tarly', 'character:randyll-tarly', 'parent', '{}');
INSERT INTO relationships (source_key, target_key, relationship_type, details_json) VALUES ('character:samwell-tarly', 'house:house-tarly', 'allegiance', '{}');
INSERT INTO relationships (source_key, target_key, relationship_type, details_json) VALUES ('character:randyll-tarly', 'character:samwell-tarly', 'child', '{}');
INSERT INTO relationships (source_key, target_key, relationship_type, details_json) VALUES ('character:randyll-tarly', 'character:dickon-tarly', 'child', '{}');
INSERT INTO relationships (source_key, target_key, relationship_type, details_json) VALUES ('character:randyll-tarly', 'character:api-character-742', 'spouse', '{}');
INSERT INTO relationships (source_key, target_key, relationship_type, details_json) VALUES ('character:randyll-tarly', 'house:house-tarly', 'allegiance', '{}');
INSERT INTO relationships (source_key, target_key, relationship_type, details_json) VALUES ('character:dickon-tarly', 'character:randyll-tarly', 'parent', '{}');
INSERT INTO relationships (source_key, target_key, relationship_type, details_json) VALUES ('character:dickon-tarly', 'house:house-tarly', 'allegiance', '{}');
INSERT INTO relationships (source_key, target_key, relationship_type, details_json) VALUES ('character:talisa-stark', 'character:robb-stark', 'spouse', '{}');
INSERT INTO relationships (source_key, target_key, relationship_type, details_json) VALUES ('character:talisa-stark', 'house:house-stark', 'allegiance', '{}');
INSERT INTO relationships (source_key, target_key, relationship_type, details_json) VALUES ('character:selyse-baratheon', 'character:shireen-baratheon', 'child', '{}');
INSERT INTO relationships (source_key, target_key, relationship_type, details_json) VALUES ('character:selyse-baratheon', 'character:stannis-baratheon', 'spouse', '{}');
INSERT INTO relationships (source_key, target_key, relationship_type, details_json) VALUES ('character:selyse-baratheon', 'house:house-baratheon', 'allegiance', '{}');
INSERT INTO relationships (source_key, target_key, relationship_type, details_json) VALUES ('character:selyse-baratheon', 'house:house-florent', 'allegiance', '{}');
INSERT INTO relationships (source_key, target_key, relationship_type, details_json) VALUES ('character:shireen-baratheon', 'character:stannis-baratheon', 'parent', '{}');
INSERT INTO relationships (source_key, target_key, relationship_type, details_json) VALUES ('character:shireen-baratheon', 'character:selyse-baratheon', 'parent', '{}');
INSERT INTO relationships (source_key, target_key, relationship_type, details_json) VALUES ('character:shireen-baratheon', 'house:house-baratheon', 'allegiance', '{}');
INSERT INTO relationships (source_key, target_key, relationship_type, details_json) VALUES ('character:larys-strong', 'house:house-strong', 'allegiance', '{}');
INSERT INTO relationships (source_key, target_key, relationship_type, details_json) VALUES ('character:lyonel-strong', 'character:harwin-strong', 'child', '{}');
INSERT INTO relationships (source_key, target_key, relationship_type, details_json) VALUES ('character:lyonel-strong', 'character:larys-strong', 'child', '{}');
INSERT INTO relationships (source_key, target_key, relationship_type, details_json) VALUES ('character:lyonel-strong', 'house:house-strong', 'allegiance', '{}');
INSERT INTO relationships (source_key, target_key, relationship_type, details_json) VALUES ('character:addam-of-hull', 'dragon:seasmoke', 'dragon_rider', '{}');
INSERT INTO relationships (source_key, target_key, relationship_type, details_json) VALUES ('character:addam-of-hull', 'house:house-targaryen', 'allegiance', '{}');
INSERT INTO relationships (source_key, target_key, relationship_type, details_json) VALUES ('character:addam-of-hull', 'house:house-velaryon', 'allegiance', '{}');
INSERT INTO relationships (source_key, target_key, relationship_type, details_json) VALUES ('character:alyn-of-hull', 'character:baela-targaryen', 'spouse', '{}');
INSERT INTO relationships (source_key, target_key, relationship_type, details_json) VALUES ('character:alyn-of-hull', 'house:house-targaryen', 'allegiance', '{}');
INSERT INTO relationships (source_key, target_key, relationship_type, details_json) VALUES ('character:alyn-of-hull', 'house:house-velaryon', 'allegiance', '{}');
INSERT INTO relationships (source_key, target_key, relationship_type, details_json) VALUES ('character:hugh-hammer', 'dragon:vermithor', 'dragon_rider', '{}');
INSERT INTO relationships (source_key, target_key, relationship_type, details_json) VALUES ('character:ulf-white', 'dragon:silverwing', 'dragon_rider', '{}');
INSERT INTO relationships (source_key, target_key, relationship_type, details_json) VALUES ('character:tyland-lannister', 'house:house-lannister', 'allegiance', '{}');
INSERT INTO relationships (source_key, target_key, relationship_type, details_json) VALUES ('character:jason-lannister', 'house:house-lannister', 'allegiance', '{}');
INSERT INTO relationships (source_key, target_key, relationship_type, details_json) VALUES ('character:borros-baratheon', 'house:house-baratheon', 'allegiance', '{}');
INSERT INTO relationships (source_key, target_key, relationship_type, details_json) VALUES ('character:cregan-stark', 'house:house-stark', 'allegiance', '{}');
INSERT INTO relationships (source_key, target_key, relationship_type, details_json) VALUES ('character:jeyne-arryn', 'house:house-arryn', 'allegiance', '{}');
INSERT INTO relationships (source_key, target_key, relationship_type, details_json) VALUES ('character:gwayne-hightower', 'character:otto-hightower', 'parent', '{}');
INSERT INTO relationships (source_key, target_key, relationship_type, details_json) VALUES ('character:gwayne-hightower', 'house:house-hightower', 'allegiance', '{}');
INSERT INTO relationships (source_key, target_key, relationship_type, details_json) VALUES ('character:lyonel-baratheon', 'house:house-baratheon', 'allegiance', '{}');
INSERT INTO relationships (source_key, target_key, relationship_type, details_json) VALUES ('character:raymun-fossoway', 'house:house-fossoway', 'allegiance', '{}');
INSERT INTO relationships (source_key, target_key, relationship_type, details_json) VALUES ('character:steffon-fossoway', 'house:house-fossoway', 'allegiance', '{}');
INSERT INTO relationships (source_key, target_key, relationship_type, details_json) VALUES ('character:manfred-dondarrion', 'house:house-dondarrion', 'allegiance', '{}');
INSERT INTO relationships (source_key, target_key, relationship_type, details_json) VALUES ('character:humfrey-beesbury', 'house:house-beesbury', 'allegiance', '{}');
INSERT INTO relationships (source_key, target_key, relationship_type, details_json) VALUES ('character:api-character-2', 'house:house-stark', 'allegiance', '{}');
INSERT INTO relationships (source_key, target_key, relationship_type, details_json) VALUES ('character:api-character-20', 'house:house-stark', 'allegiance', '{}');
INSERT INTO relationships (source_key, target_key, relationship_type, details_json) VALUES ('character:api-character-42', 'house:house-targaryen', 'allegiance', '{}');
INSERT INTO relationships (source_key, target_key, relationship_type, details_json) VALUES ('character:api-character-60', 'house:house-greyjoy', 'allegiance', '{}');
INSERT INTO relationships (source_key, target_key, relationship_type, details_json) VALUES ('character:api-character-115', 'house:house-lannister', 'allegiance', '{}');
INSERT INTO relationships (source_key, target_key, relationship_type, details_json) VALUES ('character:api-character-142', 'house:house-dayne', 'allegiance', '{}');
INSERT INTO relationships (source_key, target_key, relationship_type, details_json) VALUES ('character:api-character-168', 'house:house-selmy', 'allegiance', '{}');
INSERT INTO relationships (source_key, target_key, relationship_type, details_json) VALUES ('character:api-character-168', 'house:house-targaryen', 'allegiance', '{}');
INSERT INTO relationships (source_key, target_key, relationship_type, details_json) VALUES ('character:api-character-190', 'house:house-dondarrion', 'allegiance', '{}');
INSERT INTO relationships (source_key, target_key, relationship_type, details_json) VALUES ('character:api-character-216', 'house:house-baratheon', 'allegiance', '{}');
INSERT INTO relationships (source_key, target_key, relationship_type, details_json) VALUES ('character:api-character-216', 'house:house-stark', 'allegiance', '{}');
INSERT INTO relationships (source_key, target_key, relationship_type, details_json) VALUES ('character:api-character-216', 'house:house-tarth', 'allegiance', '{}');
INSERT INTO relationships (source_key, target_key, relationship_type, details_json) VALUES ('character:api-character-223', 'house:house-arryn', 'allegiance', '{}');
INSERT INTO relationships (source_key, target_key, relationship_type, details_json) VALUES ('character:api-character-223', 'house:house-tully', 'allegiance', '{}');
INSERT INTO relationships (source_key, target_key, relationship_type, details_json) VALUES ('character:api-character-346', 'character:api-character-937', 'spouse', '{}');
INSERT INTO relationships (source_key, target_key, relationship_type, details_json) VALUES ('character:api-character-346', 'house:house-tully', 'allegiance', '{}');
INSERT INTO relationships (source_key, target_key, relationship_type, details_json) VALUES ('character:api-character-364', 'character:api-character-1770', 'spouse', '{}');
INSERT INTO relationships (source_key, target_key, relationship_type, details_json) VALUES ('character:api-character-397', 'house:house-glover', 'allegiance', '{}');
INSERT INTO relationships (source_key, target_key, relationship_type, details_json) VALUES ('character:api-character-421', 'house:house-hightower', 'allegiance', '{}');
INSERT INTO relationships (source_key, target_key, relationship_type, details_json) VALUES ('character:api-character-506', 'house:house-reed', 'allegiance', '{}');
INSERT INTO relationships (source_key, target_key, relationship_type, details_json) VALUES ('character:api-character-522', 'house:house-florent', 'allegiance', '{}');
INSERT INTO relationships (source_key, target_key, relationship_type, details_json) VALUES ('character:api-character-571', 'house:house-reed', 'allegiance', '{}');
INSERT INTO relationships (source_key, target_key, relationship_type, details_json) VALUES ('character:api-character-572', 'house:house-arryn', 'allegiance', '{}');
INSERT INTO relationships (source_key, target_key, relationship_type, details_json) VALUES ('character:api-character-585', 'house:house-umber', 'allegiance', '{}');
INSERT INTO relationships (source_key, target_key, relationship_type, details_json) VALUES ('character:api-character-586', 'house:house-umber', 'allegiance', '{}');
INSERT INTO relationships (source_key, target_key, relationship_type, details_json) VALUES ('character:api-character-600', 'character:walder-frey', 'spouse', '{}');
INSERT INTO relationships (source_key, target_key, relationship_type, details_json) VALUES ('character:api-character-600', 'house:house-frey', 'allegiance', '{}');
INSERT INTO relationships (source_key, target_key, relationship_type, details_json) VALUES ('character:api-character-605', 'house:house-lannister', 'allegiance', '{}');
INSERT INTO relationships (source_key, target_key, relationship_type, details_json) VALUES ('character:api-character-613', 'house:house-lannister', 'allegiance', '{}');
INSERT INTO relationships (source_key, target_key, relationship_type, details_json) VALUES ('character:api-character-649', 'house:house-frey', 'allegiance', '{}');
INSERT INTO relationships (source_key, target_key, relationship_type, details_json) VALUES ('character:api-character-688', 'character:api-character-572', 'spouse', '{}');
INSERT INTO relationships (source_key, target_key, relationship_type, details_json) VALUES ('character:api-character-688', 'house:house-arryn', 'allegiance', '{}');
INSERT INTO relationships (source_key, target_key, relationship_type, details_json) VALUES ('character:api-character-688', 'house:house-tully', 'allegiance', '{}');
INSERT INTO relationships (source_key, target_key, relationship_type, details_json) VALUES ('character:api-character-692', 'house:house-mormont', 'allegiance', '{}');
INSERT INTO relationships (source_key, target_key, relationship_type, details_json) VALUES ('character:api-character-725', 'house:house-lannister', 'allegiance', '{}');
INSERT INTO relationships (source_key, target_key, relationship_type, details_json) VALUES ('character:api-character-735', 'house:house-reed', 'allegiance', '{}');
INSERT INTO relationships (source_key, target_key, relationship_type, details_json) VALUES ('character:api-character-742', 'character:randyll-tarly', 'spouse', '{}');
INSERT INTO relationships (source_key, target_key, relationship_type, details_json) VALUES ('character:api-character-742', 'house:house-florent', 'allegiance', '{}');
INSERT INTO relationships (source_key, target_key, relationship_type, details_json) VALUES ('character:api-character-742', 'house:house-tarly', 'allegiance', '{}');
INSERT INTO relationships (source_key, target_key, relationship_type, details_json) VALUES ('character:api-character-823', 'character:api-character-688', 'spouse', '{}');
INSERT INTO relationships (source_key, target_key, relationship_type, details_json) VALUES ('character:api-character-884', 'house:house-karstark', 'allegiance', '{}');
INSERT INTO relationships (source_key, target_key, relationship_type, details_json) VALUES ('character:api-character-887', 'house:house-stark', 'allegiance', '{}');
INSERT INTO relationships (source_key, target_key, relationship_type, details_json) VALUES ('character:api-character-894', 'house:house-arryn', 'allegiance', '{}');
INSERT INTO relationships (source_key, target_key, relationship_type, details_json) VALUES ('character:api-character-903', 'house:house-glover', 'allegiance', '{}');
INSERT INTO relationships (source_key, target_key, relationship_type, details_json) VALUES ('character:api-character-912', 'house:house-stark', 'allegiance', '{}');
INSERT INTO relationships (source_key, target_key, relationship_type, details_json) VALUES ('character:api-character-937', 'character:api-character-346', 'spouse', '{}');
INSERT INTO relationships (source_key, target_key, relationship_type, details_json) VALUES ('character:api-character-937', 'house:house-frey', 'allegiance', '{}');
INSERT INTO relationships (source_key, target_key, relationship_type, details_json) VALUES ('character:api-character-937', 'house:house-tully', 'allegiance', '{}');
INSERT INTO relationships (source_key, target_key, relationship_type, details_json) VALUES ('character:api-character-994', 'house:house-frey', 'allegiance', '{}');
INSERT INTO relationships (source_key, target_key, relationship_type, details_json) VALUES ('character:api-character-1008', 'house:house-tarly', 'allegiance', '{}');
INSERT INTO relationships (source_key, target_key, relationship_type, details_json) VALUES ('character:api-character-1033', 'house:house-karstark', 'allegiance', '{}');
INSERT INTO relationships (source_key, target_key, relationship_type, details_json) VALUES ('character:api-character-1068', 'house:house-arryn', 'allegiance', '{}');
INSERT INTO relationships (source_key, target_key, relationship_type, details_json) VALUES ('character:api-character-1104', 'house:house-royce', 'allegiance', '{}');
INSERT INTO relationships (source_key, target_key, relationship_type, details_json) VALUES ('character:api-character-1106', 'house:house-manderly', 'allegiance', '{}');
INSERT INTO relationships (source_key, target_key, relationship_type, details_json) VALUES ('character:api-character-1131', 'house:house-royce', 'allegiance', '{}');
INSERT INTO relationships (source_key, target_key, relationship_type, details_json) VALUES ('character:api-character-1142', 'house:house-targaryen', 'allegiance', '{}');
INSERT INTO relationships (source_key, target_key, relationship_type, details_json) VALUES ('character:api-character-1242', 'house:house-targaryen', 'allegiance', '{}');
INSERT INTO relationships (source_key, target_key, relationship_type, details_json) VALUES ('character:api-character-1306', 'house:house-greyjoy', 'allegiance', '{}');
INSERT INTO relationships (source_key, target_key, relationship_type, details_json) VALUES ('character:api-character-1319', 'house:house-baratheon', 'allegiance', '{}');
INSERT INTO relationships (source_key, target_key, relationship_type, details_json) VALUES ('character:api-character-1319', 'house:house-seaworth', 'allegiance', '{}');
INSERT INTO relationships (source_key, target_key, relationship_type, details_json) VALUES ('character:api-character-1340', 'house:house-targaryen', 'allegiance', '{}');
INSERT INTO relationships (source_key, target_key, relationship_type, details_json) VALUES ('character:api-character-1345', 'house:house-greyjoy', 'allegiance', '{}');
INSERT INTO relationships (source_key, target_key, relationship_type, details_json) VALUES ('character:api-character-1346', 'character:daenerys-targaryen', 'spouse', '{}');
INSERT INTO relationships (source_key, target_key, relationship_type, details_json) VALUES ('character:api-character-1383', 'house:house-stark', 'allegiance', '{}');
INSERT INTO relationships (source_key, target_key, relationship_type, details_json) VALUES ('character:api-character-1427', 'character:api-character-1293', 'spouse', '{}');
INSERT INTO relationships (source_key, target_key, relationship_type, details_json) VALUES ('character:api-character-1445', 'house:house-targaryen', 'allegiance', '{}');
INSERT INTO relationships (source_key, target_key, relationship_type, details_json) VALUES ('character:api-character-1501', 'character:daenerys-targaryen', 'spouse', '{}');
INSERT INTO relationships (source_key, target_key, relationship_type, details_json) VALUES ('character:api-character-1520', 'house:house-targaryen', 'allegiance', '{}');
INSERT INTO relationships (source_key, target_key, relationship_type, details_json) VALUES ('character:api-character-1523', 'house:house-targaryen', 'allegiance', '{}');
INSERT INTO relationships (source_key, target_key, relationship_type, details_json) VALUES ('character:api-character-1548', 'house:house-targaryen', 'allegiance', '{}');
INSERT INTO relationships (source_key, target_key, relationship_type, details_json) VALUES ('character:api-character-1559', 'house:house-bracken', 'allegiance', '{}');
INSERT INTO relationships (source_key, target_key, relationship_type, details_json) VALUES ('character:api-character-1649', 'house:house-stark', 'allegiance', '{}');
INSERT INTO relationships (source_key, target_key, relationship_type, details_json) VALUES ('character:api-character-1683', 'house:house-seaworth', 'allegiance', '{}');
INSERT INTO relationships (source_key, target_key, relationship_type, details_json) VALUES ('character:api-character-1706', 'house:house-stark', 'allegiance', '{}');
INSERT INTO relationships (source_key, target_key, relationship_type, details_json) VALUES ('character:api-character-1709', 'house:house-targaryen', 'allegiance', '{}');
INSERT INTO relationships (source_key, target_key, relationship_type, details_json) VALUES ('character:api-character-1715', 'house:house-arryn', 'allegiance', '{}');
INSERT INTO relationships (source_key, target_key, relationship_type, details_json) VALUES ('character:api-character-1749', 'house:house-stark', 'allegiance', '{}');
INSERT INTO relationships (source_key, target_key, relationship_type, details_json) VALUES ('character:api-character-1787', 'house:house-stark', 'allegiance', '{}');
INSERT INTO relationships (source_key, target_key, relationship_type, details_json) VALUES ('character:api-character-1814', 'house:house-clegane', 'allegiance', '{}');
INSERT INTO relationships (source_key, target_key, relationship_type, details_json) VALUES ('character:api-character-1826', 'house:house-baratheon', 'allegiance', '{}');
INSERT INTO relationships (source_key, target_key, relationship_type, details_json) VALUES ('character:api-character-1826', 'house:house-lannister', 'allegiance', '{}');
INSERT INTO relationships (source_key, target_key, relationship_type, details_json) VALUES ('character:api-character-1826', 'house:house-targaryen', 'allegiance', '{}');
INSERT INTO relationships (source_key, target_key, relationship_type, details_json) VALUES ('character:api-character-1848', 'house:house-lannister', 'allegiance', '{}');
INSERT INTO relationships (source_key, target_key, relationship_type, details_json) VALUES ('character:api-character-1856', 'house:house-targaryen', 'allegiance', '{}');
INSERT INTO relationships (source_key, target_key, relationship_type, details_json) VALUES ('character:api-character-1916', 'house:house-frey', 'allegiance', '{}');
INSERT INTO relationships (source_key, target_key, relationship_type, details_json) VALUES ('character:api-character-1925', 'house:house-baratheon', 'allegiance', '{}');
INSERT INTO relationships (source_key, target_key, relationship_type, details_json) VALUES ('character:api-character-1979', 'house:house-stark', 'allegiance', '{}');
INSERT INTO relationships (source_key, target_key, relationship_type, details_json) VALUES ('character:api-character-1994', 'house:house-clegane', 'allegiance', '{}');
INSERT INTO relationships (source_key, target_key, relationship_type, details_json) VALUES ('character:api-character-2077', 'house:house-bolton', 'allegiance', '{}');
INSERT INTO relationships (source_key, target_key, relationship_type, details_json) VALUES ('character:night-king', 'dragon:viserion', 'dragon_rider', '{}');
INSERT INTO relationships (source_key, target_key, relationship_type, details_json) VALUES ('dragon:balerion', 'character:aegon-i', 'rider', '{}');
INSERT INTO relationships (source_key, target_key, relationship_type, details_json) VALUES ('dragon:balerion', 'character:maegor-i', 'rider', '{}');
INSERT INTO relationships (source_key, target_key, relationship_type, details_json) VALUES ('dragon:balerion', 'character:viserys-i', 'rider', '{}');
INSERT INTO relationships (source_key, target_key, relationship_type, details_json) VALUES ('dragon:meraxes', 'character:rhaenys-i', 'rider', '{}');
INSERT INTO relationships (source_key, target_key, relationship_type, details_json) VALUES ('dragon:vhagar', 'character:visenya', 'rider', '{}');
INSERT INTO relationships (source_key, target_key, relationship_type, details_json) VALUES ('dragon:vhagar', 'character:laena-velaryon', 'rider', '{}');
INSERT INTO relationships (source_key, target_key, relationship_type, details_json) VALUES ('dragon:vhagar', 'character:aemond-targaryen', 'rider', '{}');
INSERT INTO relationships (source_key, target_key, relationship_type, details_json) VALUES ('dragon:vermithor', 'character:jaehaerys-i', 'rider', '{}');
INSERT INTO relationships (source_key, target_key, relationship_type, details_json) VALUES ('dragon:vermithor', 'character:hugh-hammer', 'rider', '{}');
INSERT INTO relationships (source_key, target_key, relationship_type, details_json) VALUES ('dragon:silverwing', 'character:alysanne-targaryen', 'rider', '{}');
INSERT INTO relationships (source_key, target_key, relationship_type, details_json) VALUES ('dragon:silverwing', 'character:ulf-white', 'rider', '{}');
INSERT INTO relationships (source_key, target_key, relationship_type, details_json) VALUES ('dragon:meleys', 'character:alyssa-targaryen', 'rider', '{}');
INSERT INTO relationships (source_key, target_key, relationship_type, details_json) VALUES ('dragon:meleys', 'character:rhaenys-targaryen', 'rider', '{}');
INSERT INTO relationships (source_key, target_key, relationship_type, details_json) VALUES ('dragon:caraxes', 'character:daemon-targaryen', 'rider', '{}');
INSERT INTO relationships (source_key, target_key, relationship_type, details_json) VALUES ('dragon:syrax', 'character:rhaenyra-targaryen', 'rider', '{}');
INSERT INTO relationships (source_key, target_key, relationship_type, details_json) VALUES ('dragon:seasmoke', 'character:laenor-velaryon', 'rider', '{}');
INSERT INTO relationships (source_key, target_key, relationship_type, details_json) VALUES ('dragon:seasmoke', 'character:addam-of-hull', 'rider', '{}');
INSERT INTO relationships (source_key, target_key, relationship_type, details_json) VALUES ('dragon:sunfyre', 'character:aegon-ii', 'rider', '{}');
INSERT INTO relationships (source_key, target_key, relationship_type, details_json) VALUES ('dragon:dreamfyre', 'character:helaena-targaryen', 'rider', '{}');
INSERT INTO relationships (source_key, target_key, relationship_type, details_json) VALUES ('dragon:tessarion', 'character:daeron-targaryen', 'rider', '{}');
INSERT INTO relationships (source_key, target_key, relationship_type, details_json) VALUES ('dragon:arrax', 'character:lucerys-velaryon', 'rider', '{}');
INSERT INTO relationships (source_key, target_key, relationship_type, details_json) VALUES ('dragon:vermax', 'character:jacaerys-velaryon', 'rider', '{}');
INSERT INTO relationships (source_key, target_key, relationship_type, details_json) VALUES ('dragon:moondancer', 'character:baela-targaryen', 'rider', '{}');
INSERT INTO relationships (source_key, target_key, relationship_type, details_json) VALUES ('dragon:tyraxes', 'character:joffrey-velaryon', 'rider', '{}');
INSERT INTO relationships (source_key, target_key, relationship_type, details_json) VALUES ('dragon:stormcloud', 'character:aegon-iii', 'rider', '{}');
INSERT INTO relationships (source_key, target_key, relationship_type, details_json) VALUES ('dragon:drogon', 'character:daenerys-targaryen', 'rider', '{}');
INSERT INTO relationships (source_key, target_key, relationship_type, details_json) VALUES ('dragon:rhaegal', 'character:daenerys-targaryen', 'rider', '{}');
INSERT INTO relationships (source_key, target_key, relationship_type, details_json) VALUES ('dragon:rhaegal', 'character:jon-snow', 'rider', '{}');
INSERT INTO relationships (source_key, target_key, relationship_type, details_json) VALUES ('dragon:viserion', 'character:daenerys-targaryen', 'rider', '{}');
INSERT INTO relationships (source_key, target_key, relationship_type, details_json) VALUES ('dragon:viserion', 'character:night-king', 'rider', '{}');
INSERT INTO relationships (source_key, target_key, relationship_type, details_json) VALUES ('house:house-targaryen', 'character:daenerys-targaryen', 'current_lord', '{}');
INSERT INTO relationships (source_key, target_key, relationship_type, details_json) VALUES ('house:house-targaryen', 'house:house-blackfyre', 'cadet_branch', '{}');
INSERT INTO relationships (source_key, target_key, relationship_type, details_json) VALUES ('house:house-targaryen', 'character:addam-of-hull', 'sworn_member', '{}');
INSERT INTO relationships (source_key, target_key, relationship_type, details_json) VALUES ('house:house-targaryen', 'character:aegon-i', 'sworn_member', '{}');
INSERT INTO relationships (source_key, target_key, relationship_type, details_json) VALUES ('house:house-targaryen', 'character:aegon-ii', 'sworn_member', '{}');
INSERT INTO relationships (source_key, target_key, relationship_type, details_json) VALUES ('house:house-targaryen', 'character:aegon-iii', 'sworn_member', '{}');
INSERT INTO relationships (source_key, target_key, relationship_type, details_json) VALUES ('house:house-targaryen', 'character:aegon-iv', 'sworn_member', '{}');
INSERT INTO relationships (source_key, target_key, relationship_type, details_json) VALUES ('house:house-targaryen', 'character:aegon-v', 'sworn_member', '{}');
INSERT INTO relationships (source_key, target_key, relationship_type, details_json) VALUES ('house:house-targaryen', 'character:aemma-arryn', 'sworn_member', '{}');
INSERT INTO relationships (source_key, target_key, relationship_type, details_json) VALUES ('house:house-targaryen', 'character:aemond-targaryen', 'sworn_member', '{}');
INSERT INTO relationships (source_key, target_key, relationship_type, details_json) VALUES ('house:house-targaryen', 'character:aenys-i', 'sworn_member', '{}');
INSERT INTO relationships (source_key, target_key, relationship_type, details_json) VALUES ('house:house-targaryen', 'character:aerion-targaryen', 'sworn_member', '{}');
INSERT INTO relationships (source_key, target_key, relationship_type, details_json) VALUES ('house:house-targaryen', 'character:aerys-ii', 'sworn_member', '{}');
INSERT INTO relationships (source_key, target_key, relationship_type, details_json) VALUES ('house:house-targaryen', 'character:alicent-hightower', 'sworn_member', '{}');
INSERT INTO relationships (source_key, target_key, relationship_type, details_json) VALUES ('house:house-targaryen', 'character:alyn-of-hull', 'sworn_member', '{}');
INSERT INTO relationships (source_key, target_key, relationship_type, details_json) VALUES ('house:house-targaryen', 'character:alysanne-targaryen', 'sworn_member', '{}');
INSERT INTO relationships (source_key, target_key, relationship_type, details_json) VALUES ('house:house-targaryen', 'character:alyssa-targaryen', 'sworn_member', '{}');
INSERT INTO relationships (source_key, target_key, relationship_type, details_json) VALUES ('house:house-targaryen', 'character:api-character-1142', 'sworn_member', '{}');
INSERT INTO relationships (source_key, target_key, relationship_type, details_json) VALUES ('house:house-targaryen', 'character:api-character-1242', 'sworn_member', '{}');
INSERT INTO relationships (source_key, target_key, relationship_type, details_json) VALUES ('house:house-targaryen', 'character:api-character-1340', 'sworn_member', '{}');
INSERT INTO relationships (source_key, target_key, relationship_type, details_json) VALUES ('house:house-targaryen', 'character:api-character-1445', 'sworn_member', '{}');
INSERT INTO relationships (source_key, target_key, relationship_type, details_json) VALUES ('house:house-targaryen', 'character:api-character-1520', 'sworn_member', '{}');
INSERT INTO relationships (source_key, target_key, relationship_type, details_json) VALUES ('house:house-targaryen', 'character:api-character-1523', 'sworn_member', '{}');
INSERT INTO relationships (source_key, target_key, relationship_type, details_json) VALUES ('house:house-targaryen', 'character:api-character-1548', 'sworn_member', '{}');
INSERT INTO relationships (source_key, target_key, relationship_type, details_json) VALUES ('house:house-targaryen', 'character:api-character-168', 'sworn_member', '{}');
INSERT INTO relationships (source_key, target_key, relationship_type, details_json) VALUES ('house:house-targaryen', 'character:api-character-1709', 'sworn_member', '{}');
INSERT INTO relationships (source_key, target_key, relationship_type, details_json) VALUES ('house:house-targaryen', 'character:api-character-1826', 'sworn_member', '{}');
INSERT INTO relationships (source_key, target_key, relationship_type, details_json) VALUES ('house:house-targaryen', 'character:api-character-1856', 'sworn_member', '{}');
INSERT INTO relationships (source_key, target_key, relationship_type, details_json) VALUES ('house:house-targaryen', 'character:api-character-42', 'sworn_member', '{}');
INSERT INTO relationships (source_key, target_key, relationship_type, details_json) VALUES ('house:house-targaryen', 'character:baela-targaryen', 'sworn_member', '{}');
INSERT INTO relationships (source_key, target_key, relationship_type, details_json) VALUES ('house:house-targaryen', 'character:baelon-targaryen', 'sworn_member', '{}');
INSERT INTO relationships (source_key, target_key, relationship_type, details_json) VALUES ('house:house-targaryen', 'character:baelor-breakspear', 'sworn_member', '{}');
INSERT INTO relationships (source_key, target_key, relationship_type, details_json) VALUES ('house:house-targaryen', 'character:daemon-targaryen', 'sworn_member', '{}');
INSERT INTO relationships (source_key, target_key, relationship_type, details_json) VALUES ('house:house-targaryen', 'character:daenerys-targaryen', 'sworn_member', '{}');
INSERT INTO relationships (source_key, target_key, relationship_type, details_json) VALUES ('house:house-targaryen', 'character:daeron-ii', 'sworn_member', '{}');
INSERT INTO relationships (source_key, target_key, relationship_type, details_json) VALUES ('house:house-targaryen', 'character:daeron-targaryen', 'sworn_member', '{}');
INSERT INTO relationships (source_key, target_key, relationship_type, details_json) VALUES ('house:house-targaryen', 'character:daeron-the-drunken', 'sworn_member', '{}');
INSERT INTO relationships (source_key, target_key, relationship_type, details_json) VALUES ('house:house-targaryen', 'character:elia-martell', 'sworn_member', '{}');
INSERT INTO relationships (source_key, target_key, relationship_type, details_json) VALUES ('house:house-targaryen', 'character:helaena-targaryen', 'sworn_member', '{}');
INSERT INTO relationships (source_key, target_key, relationship_type, details_json) VALUES ('house:house-targaryen', 'character:jacaerys-velaryon', 'sworn_member', '{}');
INSERT INTO relationships (source_key, target_key, relationship_type, details_json) VALUES ('house:house-targaryen', 'character:jaehaera-targaryen', 'sworn_member', '{}');
INSERT INTO relationships (source_key, target_key, relationship_type, details_json) VALUES ('house:house-targaryen', 'character:jaehaerys-i', 'sworn_member', '{}');
INSERT INTO relationships (source_key, target_key, relationship_type, details_json) VALUES ('house:house-targaryen', 'character:jaehaerys-targaryen', 'sworn_member', '{}');
INSERT INTO relationships (source_key, target_key, relationship_type, details_json) VALUES ('house:house-targaryen', 'character:joffrey-velaryon', 'sworn_member', '{}');
INSERT INTO relationships (source_key, target_key, relationship_type, details_json) VALUES ('house:house-targaryen', 'character:jorah-mormont', 'sworn_member', '{}');
INSERT INTO relationships (source_key, target_key, relationship_type, details_json) VALUES ('house:house-targaryen', 'character:laena-velaryon', 'sworn_member', '{}');
INSERT INTO relationships (source_key, target_key, relationship_type, details_json) VALUES ('house:house-targaryen', 'character:laenor-velaryon', 'sworn_member', '{}');
INSERT INTO relationships (source_key, target_key, relationship_type, details_json) VALUES ('house:house-targaryen', 'character:lucerys-velaryon', 'sworn_member', '{}');
INSERT INTO relationships (source_key, target_key, relationship_type, details_json) VALUES ('house:house-targaryen', 'character:maegor-i', 'sworn_member', '{}');
INSERT INTO relationships (source_key, target_key, relationship_type, details_json) VALUES ('house:house-targaryen', 'character:maekar-targaryen', 'sworn_member', '{}');
INSERT INTO relationships (source_key, target_key, relationship_type, details_json) VALUES ('house:house-targaryen', 'character:maester-aemon', 'sworn_member', '{}');
INSERT INTO relationships (source_key, target_key, relationship_type, details_json) VALUES ('house:house-targaryen', 'character:myriah-martell', 'sworn_member', '{}');
INSERT INTO relationships (source_key, target_key, relationship_type, details_json) VALUES ('house:house-targaryen', 'character:naerys-targaryen', 'sworn_member', '{}');
INSERT INTO relationships (source_key, target_key, relationship_type, details_json) VALUES ('house:house-targaryen', 'character:rhaegar-targaryen', 'sworn_member', '{}');
INSERT INTO relationships (source_key, target_key, relationship_type, details_json) VALUES ('house:house-targaryen', 'character:rhaella-targaryen', 'sworn_member', '{}');
INSERT INTO relationships (source_key, target_key, relationship_type, details_json) VALUES ('house:house-targaryen', 'character:rhaena-targaryen', 'sworn_member', '{}');
INSERT INTO relationships (source_key, target_key, relationship_type, details_json) VALUES ('house:house-targaryen', 'character:rhaenyra-targaryen', 'sworn_member', '{}');
INSERT INTO relationships (source_key, target_key, relationship_type, details_json) VALUES ('house:house-targaryen', 'character:rhaenys-i', 'sworn_member', '{}');
INSERT INTO relationships (source_key, target_key, relationship_type, details_json) VALUES ('house:house-targaryen', 'character:rhaenys-targaryen', 'sworn_member', '{}');
INSERT INTO relationships (source_key, target_key, relationship_type, details_json) VALUES ('house:house-targaryen', 'character:valarr-targaryen', 'sworn_member', '{}');
INSERT INTO relationships (source_key, target_key, relationship_type, details_json) VALUES ('house:house-targaryen', 'character:visenya', 'sworn_member', '{}');
INSERT INTO relationships (source_key, target_key, relationship_type, details_json) VALUES ('house:house-targaryen', 'character:viserys-i', 'sworn_member', '{}');
INSERT INTO relationships (source_key, target_key, relationship_type, details_json) VALUES ('house:house-targaryen', 'character:viserys-ii', 'sworn_member', '{}');
INSERT INTO relationships (source_key, target_key, relationship_type, details_json) VALUES ('house:house-targaryen', 'character:viserys-iii', 'sworn_member', '{}');
INSERT INTO relationships (source_key, target_key, relationship_type, details_json) VALUES ('house:house-velaryon', 'house:house-baratheon', 'overlord', '{}');
INSERT INTO relationships (source_key, target_key, relationship_type, details_json) VALUES ('house:house-velaryon', 'character:addam-of-hull', 'sworn_member', '{}');
INSERT INTO relationships (source_key, target_key, relationship_type, details_json) VALUES ('house:house-velaryon', 'character:alyn-of-hull', 'sworn_member', '{}');
INSERT INTO relationships (source_key, target_key, relationship_type, details_json) VALUES ('house:house-velaryon', 'character:baela-targaryen', 'sworn_member', '{}');
INSERT INTO relationships (source_key, target_key, relationship_type, details_json) VALUES ('house:house-velaryon', 'character:corlys-velaryon', 'sworn_member', '{}');
INSERT INTO relationships (source_key, target_key, relationship_type, details_json) VALUES ('house:house-velaryon', 'character:laena-velaryon', 'sworn_member', '{}');
INSERT INTO relationships (source_key, target_key, relationship_type, details_json) VALUES ('house:house-velaryon', 'character:laenor-velaryon', 'sworn_member', '{}');
INSERT INTO relationships (source_key, target_key, relationship_type, details_json) VALUES ('house:house-velaryon', 'character:rhaenys-targaryen', 'sworn_member', '{}');
INSERT INTO relationships (source_key, target_key, relationship_type, details_json) VALUES ('house:house-hightower', 'house:house-tyrell', 'overlord', '{}');
INSERT INTO relationships (source_key, target_key, relationship_type, details_json) VALUES ('house:house-hightower', 'character:alicent-hightower', 'sworn_member', '{}');
INSERT INTO relationships (source_key, target_key, relationship_type, details_json) VALUES ('house:house-hightower', 'character:api-character-421', 'sworn_member', '{}');
INSERT INTO relationships (source_key, target_key, relationship_type, details_json) VALUES ('house:house-hightower', 'character:gwayne-hightower', 'sworn_member', '{}');
INSERT INTO relationships (source_key, target_key, relationship_type, details_json) VALUES ('house:house-hightower', 'character:otto-hightower', 'sworn_member', '{}');
INSERT INTO relationships (source_key, target_key, relationship_type, details_json) VALUES ('house:house-stark', 'house:house-baratheon', 'overlord', '{}');
INSERT INTO relationships (source_key, target_key, relationship_type, details_json) VALUES ('house:house-stark', 'house:house-karstark', 'cadet_branch', '{}');
INSERT INTO relationships (source_key, target_key, relationship_type, details_json) VALUES ('house:house-stark', 'character:api-character-1383', 'sworn_member', '{}');
INSERT INTO relationships (source_key, target_key, relationship_type, details_json) VALUES ('house:house-stark', 'character:api-character-1649', 'sworn_member', '{}');
INSERT INTO relationships (source_key, target_key, relationship_type, details_json) VALUES ('house:house-stark', 'character:api-character-1706', 'sworn_member', '{}');
INSERT INTO relationships (source_key, target_key, relationship_type, details_json) VALUES ('house:house-stark', 'character:api-character-1749', 'sworn_member', '{}');
INSERT INTO relationships (source_key, target_key, relationship_type, details_json) VALUES ('house:house-stark', 'character:api-character-1787', 'sworn_member', '{}');
INSERT INTO relationships (source_key, target_key, relationship_type, details_json) VALUES ('house:house-stark', 'character:api-character-1979', 'sworn_member', '{}');
INSERT INTO relationships (source_key, target_key, relationship_type, details_json) VALUES ('house:house-stark', 'character:api-character-2', 'sworn_member', '{}');
INSERT INTO relationships (source_key, target_key, relationship_type, details_json) VALUES ('house:house-stark', 'character:api-character-20', 'sworn_member', '{}');
INSERT INTO relationships (source_key, target_key, relationship_type, details_json) VALUES ('house:house-stark', 'character:api-character-216', 'sworn_member', '{}');
INSERT INTO relationships (source_key, target_key, relationship_type, details_json) VALUES ('house:house-stark', 'character:api-character-887', 'sworn_member', '{}');
INSERT INTO relationships (source_key, target_key, relationship_type, details_json) VALUES ('house:house-stark', 'character:api-character-912', 'sworn_member', '{}');
INSERT INTO relationships (source_key, target_key, relationship_type, details_json) VALUES ('house:house-stark', 'character:arya-stark', 'sworn_member', '{}');
INSERT INTO relationships (source_key, target_key, relationship_type, details_json) VALUES ('house:house-stark', 'character:benjen-stark', 'sworn_member', '{}');
INSERT INTO relationships (source_key, target_key, relationship_type, details_json) VALUES ('house:house-stark', 'character:bran-stark', 'sworn_member', '{}');
INSERT INTO relationships (source_key, target_key, relationship_type, details_json) VALUES ('house:house-stark', 'character:catelyn-stark', 'sworn_member', '{}');
INSERT INTO relationships (source_key, target_key, relationship_type, details_json) VALUES ('house:house-stark', 'character:cregan-stark', 'sworn_member', '{}');
INSERT INTO relationships (source_key, target_key, relationship_type, details_json) VALUES ('house:house-stark', 'character:eddard-stark', 'sworn_member', '{}');
INSERT INTO relationships (source_key, target_key, relationship_type, details_json) VALUES ('house:house-stark', 'character:jon-snow', 'sworn_member', '{}');
INSERT INTO relationships (source_key, target_key, relationship_type, details_json) VALUES ('house:house-stark', 'character:lyanna-stark', 'sworn_member', '{}');
INSERT INTO relationships (source_key, target_key, relationship_type, details_json) VALUES ('house:house-stark', 'character:rickon-stark', 'sworn_member', '{}');
INSERT INTO relationships (source_key, target_key, relationship_type, details_json) VALUES ('house:house-stark', 'character:robb-stark', 'sworn_member', '{}');
INSERT INTO relationships (source_key, target_key, relationship_type, details_json) VALUES ('house:house-stark', 'character:sansa-stark', 'sworn_member', '{}');
INSERT INTO relationships (source_key, target_key, relationship_type, details_json) VALUES ('house:house-stark', 'character:talisa-stark', 'sworn_member', '{}');
INSERT INTO relationships (source_key, target_key, relationship_type, details_json) VALUES ('house:house-baratheon', 'character:tommen-baratheon', 'current_lord', '{}');
INSERT INTO relationships (source_key, target_key, relationship_type, details_json) VALUES ('house:house-baratheon', 'character:myrcella-baratheon', 'heir', '{}');
INSERT INTO relationships (source_key, target_key, relationship_type, details_json) VALUES ('house:house-baratheon', 'character:api-character-1319', 'sworn_member', '{}');
INSERT INTO relationships (source_key, target_key, relationship_type, details_json) VALUES ('house:house-baratheon', 'character:api-character-1826', 'sworn_member', '{}');
INSERT INTO relationships (source_key, target_key, relationship_type, details_json) VALUES ('house:house-baratheon', 'character:api-character-1925', 'sworn_member', '{}');
INSERT INTO relationships (source_key, target_key, relationship_type, details_json) VALUES ('house:house-baratheon', 'character:api-character-216', 'sworn_member', '{}');
INSERT INTO relationships (source_key, target_key, relationship_type, details_json) VALUES ('house:house-baratheon', 'character:borros-baratheon', 'sworn_member', '{}');
INSERT INTO relationships (source_key, target_key, relationship_type, details_json) VALUES ('house:house-baratheon', 'character:gendry', 'sworn_member', '{}');
INSERT INTO relationships (source_key, target_key, relationship_type, details_json) VALUES ('house:house-baratheon', 'character:lyonel-baratheon', 'sworn_member', '{}');
INSERT INTO relationships (source_key, target_key, relationship_type, details_json) VALUES ('house:house-baratheon', 'character:myrcella-baratheon', 'sworn_member', '{}');
INSERT INTO relationships (source_key, target_key, relationship_type, details_json) VALUES ('house:house-baratheon', 'character:renly-baratheon', 'sworn_member', '{}');
INSERT INTO relationships (source_key, target_key, relationship_type, details_json) VALUES ('house:house-baratheon', 'character:robert-baratheon', 'sworn_member', '{}');
INSERT INTO relationships (source_key, target_key, relationship_type, details_json) VALUES ('house:house-baratheon', 'character:selyse-baratheon', 'sworn_member', '{}');
INSERT INTO relationships (source_key, target_key, relationship_type, details_json) VALUES ('house:house-baratheon', 'character:shireen-baratheon', 'sworn_member', '{}');
INSERT INTO relationships (source_key, target_key, relationship_type, details_json) VALUES ('house:house-baratheon', 'character:stannis-baratheon', 'sworn_member', '{}');
INSERT INTO relationships (source_key, target_key, relationship_type, details_json) VALUES ('house:house-baratheon', 'character:tommen-baratheon', 'sworn_member', '{}');
INSERT INTO relationships (source_key, target_key, relationship_type, details_json) VALUES ('house:house-martell', 'character:elia-martell', 'sworn_member', '{}');
INSERT INTO relationships (source_key, target_key, relationship_type, details_json) VALUES ('house:house-martell', 'character:myriah-martell', 'sworn_member', '{}');
INSERT INTO relationships (source_key, target_key, relationship_type, details_json) VALUES ('house:house-arryn', 'character:api-character-894', 'current_lord', '{}');
INSERT INTO relationships (source_key, target_key, relationship_type, details_json) VALUES ('house:house-arryn', 'house:house-baratheon', 'overlord', '{}');
INSERT INTO relationships (source_key, target_key, relationship_type, details_json) VALUES ('house:house-arryn', 'character:aemma-arryn', 'sworn_member', '{}');
INSERT INTO relationships (source_key, target_key, relationship_type, details_json) VALUES ('house:house-arryn', 'character:api-character-1068', 'sworn_member', '{}');
INSERT INTO relationships (source_key, target_key, relationship_type, details_json) VALUES ('house:house-arryn', 'character:api-character-1715', 'sworn_member', '{}');
INSERT INTO relationships (source_key, target_key, relationship_type, details_json) VALUES ('house:house-arryn', 'character:api-character-223', 'sworn_member', '{}');
INSERT INTO relationships (source_key, target_key, relationship_type, details_json) VALUES ('house:house-arryn', 'character:api-character-572', 'sworn_member', '{}');
INSERT INTO relationships (source_key, target_key, relationship_type, details_json) VALUES ('house:house-arryn', 'character:api-character-688', 'sworn_member', '{}');
INSERT INTO relationships (source_key, target_key, relationship_type, details_json) VALUES ('house:house-arryn', 'character:api-character-894', 'sworn_member', '{}');
INSERT INTO relationships (source_key, target_key, relationship_type, details_json) VALUES ('house:house-arryn', 'character:jeyne-arryn', 'sworn_member', '{}');
INSERT INTO relationships (source_key, target_key, relationship_type, details_json) VALUES ('house:house-strong', 'house:house-tully', 'overlord', '{}');
INSERT INTO relationships (source_key, target_key, relationship_type, details_json) VALUES ('house:house-strong', 'character:harwin-strong', 'sworn_member', '{}');
INSERT INTO relationships (source_key, target_key, relationship_type, details_json) VALUES ('house:house-strong', 'character:larys-strong', 'sworn_member', '{}');
INSERT INTO relationships (source_key, target_key, relationship_type, details_json) VALUES ('house:house-strong', 'character:lyonel-strong', 'sworn_member', '{}');
INSERT INTO relationships (source_key, target_key, relationship_type, details_json) VALUES ('house:house-blackfyre', 'house:house-targaryen', 'overlord', '{}');
INSERT INTO relationships (source_key, target_key, relationship_type, details_json) VALUES ('house:house-blackfyre', 'character:daemon-blackfyre', 'founder', '{}');
INSERT INTO relationships (source_key, target_key, relationship_type, details_json) VALUES ('house:house-blackfyre', 'character:daemon-blackfyre', 'sworn_member', '{}');
INSERT INTO relationships (source_key, target_key, relationship_type, details_json) VALUES ('house:house-lannister', 'character:cersei-lannister', 'current_lord', '{}');
INSERT INTO relationships (source_key, target_key, relationship_type, details_json) VALUES ('house:house-lannister', 'house:house-baratheon', 'overlord', '{}');
INSERT INTO relationships (source_key, target_key, relationship_type, details_json) VALUES ('house:house-lannister', 'character:api-character-115', 'sworn_member', '{}');
INSERT INTO relationships (source_key, target_key, relationship_type, details_json) VALUES ('house:house-lannister', 'character:api-character-1826', 'sworn_member', '{}');
INSERT INTO relationships (source_key, target_key, relationship_type, details_json) VALUES ('house:house-lannister', 'character:api-character-1848', 'sworn_member', '{}');
INSERT INTO relationships (source_key, target_key, relationship_type, details_json) VALUES ('house:house-lannister', 'character:api-character-605', 'sworn_member', '{}');
INSERT INTO relationships (source_key, target_key, relationship_type, details_json) VALUES ('house:house-lannister', 'character:api-character-613', 'sworn_member', '{}');
INSERT INTO relationships (source_key, target_key, relationship_type, details_json) VALUES ('house:house-lannister', 'character:api-character-725', 'sworn_member', '{}');
INSERT INTO relationships (source_key, target_key, relationship_type, details_json) VALUES ('house:house-lannister', 'character:cersei-lannister', 'sworn_member', '{}');
INSERT INTO relationships (source_key, target_key, relationship_type, details_json) VALUES ('house:house-lannister', 'character:gregor-clegane', 'sworn_member', '{}');
INSERT INTO relationships (source_key, target_key, relationship_type, details_json) VALUES ('house:house-lannister', 'character:jaime-lannister', 'sworn_member', '{}');
INSERT INTO relationships (source_key, target_key, relationship_type, details_json) VALUES ('house:house-lannister', 'character:jason-lannister', 'sworn_member', '{}');
INSERT INTO relationships (source_key, target_key, relationship_type, details_json) VALUES ('house:house-lannister', 'character:joffrey-baratheon', 'sworn_member', '{}');
INSERT INTO relationships (source_key, target_key, relationship_type, details_json) VALUES ('house:house-lannister', 'character:myrcella-baratheon', 'sworn_member', '{}');
INSERT INTO relationships (source_key, target_key, relationship_type, details_json) VALUES ('house:house-lannister', 'character:sandor-clegane', 'sworn_member', '{}');
INSERT INTO relationships (source_key, target_key, relationship_type, details_json) VALUES ('house:house-lannister', 'character:tommen-baratheon', 'sworn_member', '{}');
INSERT INTO relationships (source_key, target_key, relationship_type, details_json) VALUES ('house:house-lannister', 'character:tyland-lannister', 'sworn_member', '{}');
INSERT INTO relationships (source_key, target_key, relationship_type, details_json) VALUES ('house:house-lannister', 'character:tyrion-lannister', 'sworn_member', '{}');
INSERT INTO relationships (source_key, target_key, relationship_type, details_json) VALUES ('house:house-lannister', 'character:tywin-lannister', 'sworn_member', '{}');
INSERT INTO relationships (source_key, target_key, relationship_type, details_json) VALUES ('house:house-dayne', 'character:api-character-142', 'sworn_member', '{}');
INSERT INTO relationships (source_key, target_key, relationship_type, details_json) VALUES ('house:house-bolton', 'character:roose-bolton', 'current_lord', '{}');
INSERT INTO relationships (source_key, target_key, relationship_type, details_json) VALUES ('house:house-bolton', 'character:ramsay-bolton', 'heir', '{}');
INSERT INTO relationships (source_key, target_key, relationship_type, details_json) VALUES ('house:house-bolton', 'house:house-baratheon', 'overlord', '{}');
INSERT INTO relationships (source_key, target_key, relationship_type, details_json) VALUES ('house:house-bolton', 'character:api-character-2077', 'sworn_member', '{}');
INSERT INTO relationships (source_key, target_key, relationship_type, details_json) VALUES ('house:house-bolton', 'character:ramsay-bolton', 'sworn_member', '{}');
INSERT INTO relationships (source_key, target_key, relationship_type, details_json) VALUES ('house:house-bolton', 'character:roose-bolton', 'sworn_member', '{}');
INSERT INTO relationships (source_key, target_key, relationship_type, details_json) VALUES ('house:house-bolton', 'character:theon-greyjoy', 'sworn_member', '{}');
INSERT INTO relationships (source_key, target_key, relationship_type, details_json) VALUES ('house:house-bolton', 'character:walda-bolton', 'sworn_member', '{}');
INSERT INTO relationships (source_key, target_key, relationship_type, details_json) VALUES ('house:house-greyjoy', 'character:euron-greyjoy', 'current_lord', '{}');
INSERT INTO relationships (source_key, target_key, relationship_type, details_json) VALUES ('house:house-greyjoy', 'character:theon-greyjoy', 'heir', '{}');
INSERT INTO relationships (source_key, target_key, relationship_type, details_json) VALUES ('house:house-greyjoy', 'house:house-baratheon', 'overlord', '{}');
INSERT INTO relationships (source_key, target_key, relationship_type, details_json) VALUES ('house:house-greyjoy', 'character:api-character-1306', 'sworn_member', '{}');
INSERT INTO relationships (source_key, target_key, relationship_type, details_json) VALUES ('house:house-greyjoy', 'character:api-character-1345', 'sworn_member', '{}');
INSERT INTO relationships (source_key, target_key, relationship_type, details_json) VALUES ('house:house-greyjoy', 'character:api-character-60', 'sworn_member', '{}');
INSERT INTO relationships (source_key, target_key, relationship_type, details_json) VALUES ('house:house-greyjoy', 'character:balon-greyjoy', 'sworn_member', '{}');
INSERT INTO relationships (source_key, target_key, relationship_type, details_json) VALUES ('house:house-greyjoy', 'character:euron-greyjoy', 'sworn_member', '{}');
INSERT INTO relationships (source_key, target_key, relationship_type, details_json) VALUES ('house:house-greyjoy', 'character:theon-greyjoy', 'sworn_member', '{}');
INSERT INTO relationships (source_key, target_key, relationship_type, details_json) VALUES ('house:house-greyjoy', 'character:yara-greyjoy', 'sworn_member', '{}');
INSERT INTO relationships (source_key, target_key, relationship_type, details_json) VALUES ('house:house-tully', 'character:api-character-346', 'current_lord', '{}');
INSERT INTO relationships (source_key, target_key, relationship_type, details_json) VALUES ('house:house-tully', 'character:api-character-894', 'heir', '{}');
INSERT INTO relationships (source_key, target_key, relationship_type, details_json) VALUES ('house:house-tully', 'house:house-stark', 'overlord', '{}');
INSERT INTO relationships (source_key, target_key, relationship_type, details_json) VALUES ('house:house-tully', 'character:api-character-223', 'sworn_member', '{}');
INSERT INTO relationships (source_key, target_key, relationship_type, details_json) VALUES ('house:house-tully', 'character:api-character-346', 'sworn_member', '{}');
INSERT INTO relationships (source_key, target_key, relationship_type, details_json) VALUES ('house:house-tully', 'character:api-character-688', 'sworn_member', '{}');
INSERT INTO relationships (source_key, target_key, relationship_type, details_json) VALUES ('house:house-tully', 'character:api-character-894', 'sworn_member', '{}');
INSERT INTO relationships (source_key, target_key, relationship_type, details_json) VALUES ('house:house-tully', 'character:api-character-937', 'sworn_member', '{}');
INSERT INTO relationships (source_key, target_key, relationship_type, details_json) VALUES ('house:house-tully', 'character:catelyn-stark', 'sworn_member', '{}');
INSERT INTO relationships (source_key, target_key, relationship_type, details_json) VALUES ('house:house-tyrell', 'character:mace-tyrell', 'current_lord', '{}');
INSERT INTO relationships (source_key, target_key, relationship_type, details_json) VALUES ('house:house-tyrell', 'house:house-baratheon', 'overlord', '{}');
INSERT INTO relationships (source_key, target_key, relationship_type, details_json) VALUES ('house:house-tyrell', 'character:loras-tyrell', 'sworn_member', '{}');
INSERT INTO relationships (source_key, target_key, relationship_type, details_json) VALUES ('house:house-tyrell', 'character:mace-tyrell', 'sworn_member', '{}');
INSERT INTO relationships (source_key, target_key, relationship_type, details_json) VALUES ('house:house-tyrell', 'character:margaery-tyrell', 'sworn_member', '{}');
INSERT INTO relationships (source_key, target_key, relationship_type, details_json) VALUES ('house:house-tyrell', 'character:olenna-tyrell', 'sworn_member', '{}');
INSERT INTO relationships (source_key, target_key, relationship_type, details_json) VALUES ('house:house-frey', 'character:api-character-1916', 'sworn_member', '{}');
INSERT INTO relationships (source_key, target_key, relationship_type, details_json) VALUES ('house:house-frey', 'character:api-character-600', 'sworn_member', '{}');
INSERT INTO relationships (source_key, target_key, relationship_type, details_json) VALUES ('house:house-frey', 'character:api-character-649', 'sworn_member', '{}');
INSERT INTO relationships (source_key, target_key, relationship_type, details_json) VALUES ('house:house-frey', 'character:api-character-937', 'sworn_member', '{}');
INSERT INTO relationships (source_key, target_key, relationship_type, details_json) VALUES ('house:house-frey', 'character:api-character-994', 'sworn_member', '{}');
INSERT INTO relationships (source_key, target_key, relationship_type, details_json) VALUES ('house:house-frey', 'character:walda-bolton', 'sworn_member', '{}');
INSERT INTO relationships (source_key, target_key, relationship_type, details_json) VALUES ('house:house-frey', 'character:walder-frey', 'sworn_member', '{}');
INSERT INTO relationships (source_key, target_key, relationship_type, details_json) VALUES ('house:house-mormont', 'character:api-character-692', 'current_lord', '{}');
INSERT INTO relationships (source_key, target_key, relationship_type, details_json) VALUES ('house:house-mormont', 'house:house-stark', 'overlord', '{}');
INSERT INTO relationships (source_key, target_key, relationship_type, details_json) VALUES ('house:house-mormont', 'character:api-character-692', 'sworn_member', '{}');
INSERT INTO relationships (source_key, target_key, relationship_type, details_json) VALUES ('house:house-mormont', 'character:jeor-mormont', 'sworn_member', '{}');
INSERT INTO relationships (source_key, target_key, relationship_type, details_json) VALUES ('house:house-mormont', 'character:jorah-mormont', 'sworn_member', '{}');
INSERT INTO relationships (source_key, target_key, relationship_type, details_json) VALUES ('house:house-mormont', 'character:lyanna-mormont', 'sworn_member', '{}');
INSERT INTO relationships (source_key, target_key, relationship_type, details_json) VALUES ('house:house-tarly', 'character:randyll-tarly', 'current_lord', '{}');
INSERT INTO relationships (source_key, target_key, relationship_type, details_json) VALUES ('house:house-tarly', 'character:dickon-tarly', 'heir', '{}');
INSERT INTO relationships (source_key, target_key, relationship_type, details_json) VALUES ('house:house-tarly', 'house:house-tyrell', 'overlord', '{}');
INSERT INTO relationships (source_key, target_key, relationship_type, details_json) VALUES ('house:house-tarly', 'character:api-character-1008', 'sworn_member', '{}');
INSERT INTO relationships (source_key, target_key, relationship_type, details_json) VALUES ('house:house-tarly', 'character:api-character-742', 'sworn_member', '{}');
INSERT INTO relationships (source_key, target_key, relationship_type, details_json) VALUES ('house:house-tarly', 'character:dickon-tarly', 'sworn_member', '{}');
INSERT INTO relationships (source_key, target_key, relationship_type, details_json) VALUES ('house:house-tarly', 'character:randyll-tarly', 'sworn_member', '{}');
INSERT INTO relationships (source_key, target_key, relationship_type, details_json) VALUES ('house:house-tarly', 'character:samwell-tarly', 'sworn_member', '{}');
INSERT INTO relationships (source_key, target_key, relationship_type, details_json) VALUES ('house:house-reed', 'character:api-character-506', 'current_lord', '{}');
INSERT INTO relationships (source_key, target_key, relationship_type, details_json) VALUES ('house:house-reed', 'character:api-character-571', 'heir', '{}');
INSERT INTO relationships (source_key, target_key, relationship_type, details_json) VALUES ('house:house-reed', 'house:house-stark', 'overlord', '{}');
INSERT INTO relationships (source_key, target_key, relationship_type, details_json) VALUES ('house:house-reed', 'character:api-character-506', 'sworn_member', '{}');
INSERT INTO relationships (source_key, target_key, relationship_type, details_json) VALUES ('house:house-reed', 'character:api-character-571', 'sworn_member', '{}');
INSERT INTO relationships (source_key, target_key, relationship_type, details_json) VALUES ('house:house-reed', 'character:api-character-735', 'sworn_member', '{}');
INSERT INTO relationships (source_key, target_key, relationship_type, details_json) VALUES ('house:house-manderly', 'house:house-bolton', 'overlord', '{}');
INSERT INTO relationships (source_key, target_key, relationship_type, details_json) VALUES ('house:house-manderly', 'character:api-character-1106', 'sworn_member', '{}');
INSERT INTO relationships (source_key, target_key, relationship_type, details_json) VALUES ('house:house-karstark', 'house:house-bolton', 'overlord', '{}');
INSERT INTO relationships (source_key, target_key, relationship_type, details_json) VALUES ('house:house-karstark', 'character:api-character-1033', 'sworn_member', '{}');
INSERT INTO relationships (source_key, target_key, relationship_type, details_json) VALUES ('house:house-karstark', 'character:api-character-884', 'sworn_member', '{}');
INSERT INTO relationships (source_key, target_key, relationship_type, details_json) VALUES ('house:house-umber', 'character:api-character-585', 'current_lord', '{}');
INSERT INTO relationships (source_key, target_key, relationship_type, details_json) VALUES ('house:house-umber', 'house:house-stark', 'overlord', '{}');
INSERT INTO relationships (source_key, target_key, relationship_type, details_json) VALUES ('house:house-umber', 'character:api-character-585', 'sworn_member', '{}');
INSERT INTO relationships (source_key, target_key, relationship_type, details_json) VALUES ('house:house-umber', 'character:api-character-586', 'sworn_member', '{}');
INSERT INTO relationships (source_key, target_key, relationship_type, details_json) VALUES ('house:house-glover', 'character:api-character-397', 'current_lord', '{}');
INSERT INTO relationships (source_key, target_key, relationship_type, details_json) VALUES ('house:house-glover', 'character:api-character-903', 'heir', '{}');
INSERT INTO relationships (source_key, target_key, relationship_type, details_json) VALUES ('house:house-glover', 'house:house-stark', 'overlord', '{}');
INSERT INTO relationships (source_key, target_key, relationship_type, details_json) VALUES ('house:house-glover', 'character:api-character-397', 'sworn_member', '{}');
INSERT INTO relationships (source_key, target_key, relationship_type, details_json) VALUES ('house:house-glover', 'character:api-character-903', 'sworn_member', '{}');
INSERT INTO relationships (source_key, target_key, relationship_type, details_json) VALUES ('house:house-clegane', 'house:house-lannister', 'overlord', '{}');
INSERT INTO relationships (source_key, target_key, relationship_type, details_json) VALUES ('house:house-clegane', 'character:api-character-1814', 'sworn_member', '{}');
INSERT INTO relationships (source_key, target_key, relationship_type, details_json) VALUES ('house:house-clegane', 'character:api-character-1994', 'sworn_member', '{}');
INSERT INTO relationships (source_key, target_key, relationship_type, details_json) VALUES ('house:house-clegane', 'character:gregor-clegane', 'sworn_member', '{}');
INSERT INTO relationships (source_key, target_key, relationship_type, details_json) VALUES ('house:house-clegane', 'character:sandor-clegane', 'sworn_member', '{}');
INSERT INTO relationships (source_key, target_key, relationship_type, details_json) VALUES ('house:house-dondarrion', 'character:api-character-190', 'current_lord', '{}');
INSERT INTO relationships (source_key, target_key, relationship_type, details_json) VALUES ('house:house-dondarrion', 'house:house-baratheon', 'overlord', '{}');
INSERT INTO relationships (source_key, target_key, relationship_type, details_json) VALUES ('house:house-dondarrion', 'character:api-character-190', 'sworn_member', '{}');
INSERT INTO relationships (source_key, target_key, relationship_type, details_json) VALUES ('house:house-dondarrion', 'character:manfred-dondarrion', 'sworn_member', '{}');
INSERT INTO relationships (source_key, target_key, relationship_type, details_json) VALUES ('house:house-royce', 'character:api-character-1131', 'current_lord', '{}');
INSERT INTO relationships (source_key, target_key, relationship_type, details_json) VALUES ('house:house-royce', 'house:house-arryn', 'overlord', '{}');
INSERT INTO relationships (source_key, target_key, relationship_type, details_json) VALUES ('house:house-royce', 'character:api-character-1104', 'sworn_member', '{}');
INSERT INTO relationships (source_key, target_key, relationship_type, details_json) VALUES ('house:house-royce', 'character:api-character-1131', 'sworn_member', '{}');
INSERT INTO relationships (source_key, target_key, relationship_type, details_json) VALUES ('house:house-redwyne', 'house:house-tyrell', 'overlord', '{}');
INSERT INTO relationships (source_key, target_key, relationship_type, details_json) VALUES ('house:house-redwyne', 'character:olenna-tyrell', 'sworn_member', '{}');
INSERT INTO relationships (source_key, target_key, relationship_type, details_json) VALUES ('house:house-florent', 'character:api-character-742', 'heir', '{}');
INSERT INTO relationships (source_key, target_key, relationship_type, details_json) VALUES ('house:house-florent', 'house:house-baratheon', 'overlord', '{}');
INSERT INTO relationships (source_key, target_key, relationship_type, details_json) VALUES ('house:house-florent', 'character:api-character-522', 'sworn_member', '{}');
INSERT INTO relationships (source_key, target_key, relationship_type, details_json) VALUES ('house:house-florent', 'character:api-character-742', 'sworn_member', '{}');
INSERT INTO relationships (source_key, target_key, relationship_type, details_json) VALUES ('house:house-florent', 'character:selyse-baratheon', 'sworn_member', '{}');
INSERT INTO relationships (source_key, target_key, relationship_type, details_json) VALUES ('house:house-bracken', 'character:api-character-1559', 'current_lord', '{}');
INSERT INTO relationships (source_key, target_key, relationship_type, details_json) VALUES ('house:house-bracken', 'character:api-character-1559', 'sworn_member', '{}');
INSERT INTO relationships (source_key, target_key, relationship_type, details_json) VALUES ('house:house-beesbury', 'house:house-hightower', 'overlord', '{}');
INSERT INTO relationships (source_key, target_key, relationship_type, details_json) VALUES ('house:house-beesbury', 'character:humfrey-beesbury', 'sworn_member', '{}');
INSERT INTO relationships (source_key, target_key, relationship_type, details_json) VALUES ('house:house-caswell', 'house:house-tyrell', 'overlord', '{}');
INSERT INTO relationships (source_key, target_key, relationship_type, details_json) VALUES ('house:house-fossoway', 'house:house-tyrell', 'overlord', '{}');
INSERT INTO relationships (source_key, target_key, relationship_type, details_json) VALUES ('house:house-fossoway', 'character:raymun-fossoway', 'sworn_member', '{}');
INSERT INTO relationships (source_key, target_key, relationship_type, details_json) VALUES ('house:house-fossoway', 'character:steffon-fossoway', 'sworn_member', '{}');
INSERT INTO relationships (source_key, target_key, relationship_type, details_json) VALUES ('house:house-ashford', 'house:house-tyrell', 'overlord', '{}');
INSERT INTO relationships (source_key, target_key, relationship_type, details_json) VALUES ('house:house-peake', 'house:house-tyrell', 'overlord', '{}');
INSERT INTO relationships (source_key, target_key, relationship_type, details_json) VALUES ('house:house-darklyn', 'house:house-targaryen', 'overlord', '{}');
INSERT INTO relationships (source_key, target_key, relationship_type, details_json) VALUES ('house:house-celtigar', 'house:house-baratheon', 'overlord', '{}');
INSERT INTO relationships (source_key, target_key, relationship_type, details_json) VALUES ('house:house-staunton', 'house:house-baratheon', 'overlord', '{}');
INSERT INTO relationships (source_key, target_key, relationship_type, details_json) VALUES ('house:house-lefford', 'house:house-lannister', 'overlord', '{}');
INSERT INTO relationships (source_key, target_key, relationship_type, details_json) VALUES ('house:house-seaworth', 'character:api-character-1319', 'current_lord', '{}');
INSERT INTO relationships (source_key, target_key, relationship_type, details_json) VALUES ('house:house-seaworth', 'house:house-baratheon', 'overlord', '{}');
INSERT INTO relationships (source_key, target_key, relationship_type, details_json) VALUES ('house:house-seaworth', 'character:api-character-1319', 'founder', '{}');
INSERT INTO relationships (source_key, target_key, relationship_type, details_json) VALUES ('house:house-seaworth', 'character:api-character-1319', 'sworn_member', '{}');
INSERT INTO relationships (source_key, target_key, relationship_type, details_json) VALUES ('house:house-seaworth', 'character:api-character-1683', 'sworn_member', '{}');
INSERT INTO relationships (source_key, target_key, relationship_type, details_json) VALUES ('house:house-selmy', 'house:house-baratheon', 'overlord', '{}');
INSERT INTO relationships (source_key, target_key, relationship_type, details_json) VALUES ('house:house-selmy', 'character:api-character-168', 'sworn_member', '{}');
INSERT INTO relationships (source_key, target_key, relationship_type, details_json) VALUES ('house:house-tarth', 'character:api-character-216', 'heir', '{}');
INSERT INTO relationships (source_key, target_key, relationship_type, details_json) VALUES ('house:house-tarth', 'house:house-baratheon', 'overlord', '{}');
INSERT INTO relationships (source_key, target_key, relationship_type, details_json) VALUES ('house:house-tarth', 'character:api-character-216', 'sworn_member', '{}');
PRAGMA user_version = 2;
COMMIT;

